FilePath,FileName,ColumnName,DetailDataType,MasterType,FormatCnt,UniqueCnt,FormatTop10,FormatTopRate,Format,FormatMin,FormatMax,FormatMedian,FormatValue,Format(%),MatchNo
C:/projects/myproject/QDQM/DS_Input/Internal/CONTRACT.csv,CONTRACT.csv,ADDR,ADDRESS,Master,700.0,3491.0,"[""KKKKK KKK KKK"", ""KKK KKK KKK KKK"", ""KKKK KKK KKK KKK"", ""KKKKK KK KKK"", ""KKK KKK KKK"", ""KKKK KKK KKK KKK nnn"", ""KK KK KK"", ""KKK KKK KKK KKKK nnn"", ""KKK KKK KKK KKK nnn"", ""KKKKK KKK KKKK nnn""]","[8.2, 3.63, 3.35, 3.09, 2.93, 2.38, 1.76, 1.73, 1.66, 1.62]",KKKKK KKK KKK,광주광역시 광산구 서봉동,인천광역시 연수구 청학동,서울특별시 금천구 가산동,355.0,8.2,1
C:/projects/myproject/QDQM/DS_Input/Internal/CONTRACT.csv,CONTRACT.csv,ADDR,ADDRESS,Master,700.0,3491.0,"[""KKKKK KKK KKK"", ""KKK KKK KKK KKK"", ""KKKK KKK KKK KKK"", ""KKKKK KK KKK"", ""KKK KKK KKK"", ""KKKK KKK KKK KKK nnn"", ""KK KK KK"", ""KKK KKK KKK KKKK nnn"", ""KKK KKK KKK KKK nnn"", ""KKKKK KKK KKKK nnn""]","[8.2, 3.63, 3.35, 3.09, 2.93, 2.38, 1.76, 1.73, 1.66, 1.62]",KKK KKK KKK KKK,강원도 원주시 신림면 신림리,경기도 화성시 향남읍 행정리,경기도 안산시 단원구 원곡동,157.0,3.63,2
C:/projects/myproject/QDQM/DS_Input/Internal/CONTRACT.csv,CONTRACT.csv,ADDR,ADDRESS,Master,700.0,3491.0,"[""KKKKK KKK KKK"", ""KKK KKK KKK KKK"", ""KKKK KKK KKK KKK"", ""KKKKK KK KKK"", ""KKK KKK KKK"", ""KKKK KKK KKK KKK nnn"", ""KK KK KK"", ""KKK KKK KKK KKKK nnn"", ""KKK KKK KKK KKK nnn"", ""KKKKK KKK KKKK nnn""]","[8.2, 3.63, 3.35, 3.09, 2.93, 2.38, 1.76, 1.73, 1.66, 1.62]",KKKK KKK KKK KKK,경상남도 거제시 남부면 다대리,충청북도 충주시 동량면 조동리,전라남도 신안군 압해읍 복룡리,145.0,3.35,3
C:/projects/myproject/QDQM/DS_Input/Internal/CONTRACT.csv,CONTRACT.csv,COMMISION,,Master,3.0,4.0,"[""n"", ""nnn"", ""nnnn""]","[99.95, 0.03, 0.03]",n,0,0,0,7391.0,99.95,1
C:/projects/myproject/QDQM/DS_Input/Internal/CONTRACT.csv,CONTRACT.csv,COMMISION,,Master,3.0,4.0,"[""n"", ""nnn"", ""nnnn""]","[99.95, 0.03, 0.03]",nnn,500,500,500,2.0,0.03,2
C:/projects/myproject/QDQM/DS_Input/Internal/CONTRACT.csv,CONTRACT.csv,COMMISION,,Master,3.0,4.0,"[""n"", ""nnn"", ""nnnn""]","[99.95, 0.03, 0.03]",nnnn,1000,1500,1500,2.0,0.03,3
C:/projects/myproject/QDQM/DS_Input/Internal/CONTRACT.csv,CONTRACT.csv,CONTRACT_DATE,YYYYMMDD,Master,1.0,3827.0,"[""nnnnnnnn""]",[100.0],nnnnnnnn,19990101,20240101,20140203,7670.0,100.0,1
C:/projects/myproject/QDQM/DS_Input/Internal/CONTRACT.csv,CONTRACT.csv,CONTRACT_NO,UNIQUE,Master,7.0,7683.0,"[""nnnnnnn"", ""nnnnnn"", ""nnnnn"", ""nnnn"", ""nnn"", ""Annnnnn"", ""sK""]","[72.25, 26.12, 1.38, 0.21, 0.01, 0.01, 0.01]",nnnnnnn,1000006,9127849,6000451,5551.0,72.25,1
C:/projects/myproject/QDQM/DS_Input/Internal/CONTRACT.csv,CONTRACT.csv,CONTRACT_NO,UNIQUE,Master,7.0,7683.0,"[""nnnnnnn"", ""nnnnnn"", ""nnnnn"", ""nnnn"", ""nnn"", ""Annnnnn"", ""sK""]","[72.25, 26.12, 1.38, 0.21, 0.01, 0.01, 0.01]",nnnnnn,101363,146665,124141,2007.0,26.12,2
C:/projects/myproject/QDQM/DS_Input/Internal/CONTRACT.csv,CONTRACT.csv,CONTRACT_NO,UNIQUE,Master,7.0,7683.0,"[""nnnnnnn"", ""nnnnnn"", ""nnnnn"", ""nnnn"", ""nnn"", ""Annnnnn"", ""sK""]","[72.25, 26.12, 1.38, 0.21, 0.01, 0.01, 0.01]",nnnnn,10326,97209,45769,106.0,1.38,3
C:/projects/myproject/QDQM/DS_Input/Internal/CONTRACT.csv,CONTRACT.csv,CONTRACT_ORG_CD,,Master,4.0,89.0,"[""AAAAAAA"", ""AAAAA"", ""AAAAAA"", ""AA""]","[66.44, 31.13, 2.42, 0.01]",AAAAAAA,ANDOCHT,YONOCHT,KANOCHT,4615.0,66.44,1
C:/projects/myproject/QDQM/DS_Input/Internal/CONTRACT.csv,CONTRACT.csv,CONTRACT_ORG_CD,,Master,4.0,89.0,"[""AAAAAAA"", ""AAAAA"", ""AAAAAA"", ""AA""]","[66.44, 31.13, 2.42, 0.01]",AAAAA,BKKBR,ULSBR,KWJBR,2162.0,31.13,2
C:/projects/myproject/QDQM/DS_Input/Internal/CONTRACT.csv,CONTRACT.csv,CONTRACT_ORG_CD,,Master,4.0,89.0,"[""AAAAAAA"", ""AAAAA"", ""AAAAAA"", ""AA""]","[66.44, 31.13, 2.42, 0.01]",AAAAAA,HQREPT,SUWCHT,SUWCHT,168.0,2.42,3
C:/projects/myproject/QDQM/DS_Input/Internal/CONTRACT.csv,CONTRACT.csv,CORRECT_ORG,,Master,3.0,110.0,"[""AAAAA"", ""AAAAn"", ""AAAnn""]","[97.72, 2.12, 0.16]",AAAAA,ADGDD,YSNKE,PDGBR,7428.0,97.72,1
C:/projects/myproject/QDQM/DS_Input/Internal/CONTRACT.csv,CONTRACT.csv,CORRECT_ORG,,Master,3.0,110.0,"[""AAAAA"", ""AAAAn"", ""AAAnn""]","[97.72, 2.12, 0.16]",AAAAn,CJUB1,TAEB1,SEEB1,161.0,2.12,2
C:/projects/myproject/QDQM/DS_Input/Internal/CONTRACT.csv,CONTRACT.csv,CORRECT_ORG,,Master,3.0,110.0,"[""AAAAA"", ""AAAAn"", ""AAAnn""]","[97.72, 2.12, 0.16]",AAAnn,SEK13,TAE89,TAE89,12.0,0.16,3
C:/projects/myproject/QDQM/DS_Input/Internal/CONTRACT.csv,CONTRACT.csv,COST_ORG,,Master,1.0,96.0,"[""nnnn""]",[100.0],nnnn,1111,1613,1178,7600.0,100.0,1
C:/projects/myproject/QDQM/DS_Input/Internal/CONTRACT.csv,CONTRACT.csv,CUSTOMER,Text,Master,705.0,7016.0,"[""KKKK"", ""KKKKK"", ""KKK"", ""KKKKKK"", ""(K)KKKK"", ""(K)KKKKK"", ""KK"", ""KKKKKKK"", ""(K)KKKKKK"", ""(K)KKK""]","[15.61, 10.21, 7.35, 5.91, 4.59, 3.74, 3.18, 3.14, 2.63, 2.16]",KKKK,가구마트,후곡농원,씨오푸드,1197.0,15.61,1
C:/projects/myproject/QDQM/DS_Input/Internal/CONTRACT.csv,CONTRACT.csv,CUSTOMER,Text,Master,705.0,7016.0,"[""KKKK"", ""KKKKK"", ""KKK"", ""KKKKKK"", ""(K)KKKK"", ""(K)KKKKK"", ""KK"", ""KKKKKKK"", ""(K)KKKKKK"", ""(K)KKK""]","[15.61, 10.21, 7.35, 5.91, 4.59, 3.74, 3.18, 3.14, 2.63, 2.16]",KKKKK,가나다식품,힙스앤립스,아비시니아,783.0,10.21,2
C:/projects/myproject/QDQM/DS_Input/Internal/CONTRACT.csv,CONTRACT.csv,CUSTOMER,Text,Master,705.0,7016.0,"[""KKKK"", ""KKKKK"", ""KKK"", ""KKKKKK"", ""(K)KKKK"", ""(K)KKKKK"", ""KK"", ""KKKKKKK"", ""(K)KKKKKK"", ""(K)KKK""]","[15.61, 10.21, 7.35, 5.91, 4.59, 3.74, 3.18, 3.14, 2.63, 2.16]",KKK,가온몰,희망몰,야시시,564.0,7.35,3
C:/projects/myproject/QDQM/DS_Input/Internal/CONTRACT.csv,CONTRACT.csv,CUST_NO,,Master,4.0,6916.0,"[""nnnnnnnnnn"", ""nnnnnn"", ""nnnnn"", ""nnnn""]","[99.78, 0.14, 0.07, 0.01]",nnnnnnnnnn,1000000025,2001378148,1000495903,7604.0,99.78,1
C:/projects/myproject/QDQM/DS_Input/Internal/CONTRACT.csv,CONTRACT.csv,CUST_NO,,Master,4.0,6916.0,"[""nnnnnnnnnn"", ""nnnnnn"", ""nnnnn"", ""nnnn""]","[99.78, 0.14, 0.07, 0.01]",nnnnnn,101098,639815,447011,11.0,0.14,2
C:/projects/myproject/QDQM/DS_Input/Internal/CONTRACT.csv,CONTRACT.csv,CUST_NO,,Master,4.0,6916.0,"[""nnnnnnnnnn"", ""nnnnnn"", ""nnnnn"", ""nnnn""]","[99.78, 0.14, 0.07, 0.01]",nnnnn,22193,94429,42501,5.0,0.07,3
C:/projects/myproject/QDQM/DS_Input/Internal/CONTRACT.csv,CONTRACT.csv,DEVELOP_ORG,,Master,4.0,433.0,"[""nnnn"", ""nnn"", ""AAn"", ""n""]","[97.58, 1.78, 0.36, 0.29]",nnnn,1000,9981,4116,1369.0,97.58,1
C:/projects/myproject/QDQM/DS_Input/Internal/CONTRACT.csv,CONTRACT.csv,DEVELOP_ORG,,Master,4.0,433.0,"[""nnnn"", ""nnn"", ""AAn"", ""n""]","[97.58, 1.78, 0.36, 0.29]",nnn,160,980,809,25.0,1.78,2
C:/projects/myproject/QDQM/DS_Input/Internal/CONTRACT.csv,CONTRACT.csv,DEVELOP_ORG,,Master,4.0,433.0,"[""nnnn"", ""nnn"", ""AAn"", ""n""]","[97.58, 1.78, 0.36, 0.29]",AAn,AT1,AT1,AT1,5.0,0.36,3
C:/projects/myproject/QDQM/DS_Input/Internal/CONTRACT.csv,CONTRACT.csv,EMP_NO,,Master,3.0,728.0,"[""nnnnnnn"", ""nnnnnn"", ""nnnnn""]","[96.62, 3.27, 0.11]",nnnnnnn,1056020,9599354,2791854,886.0,96.62,1
C:/projects/myproject/QDQM/DS_Input/Internal/CONTRACT.csv,CONTRACT.csv,EMP_NO,,Master,3.0,728.0,"[""nnnnnnn"", ""nnnnnn"", ""nnnnn""]","[96.62, 3.27, 0.11]",nnnnnn,171334,689710,464682,30.0,3.27,2
C:/projects/myproject/QDQM/DS_Input/Internal/CONTRACT.csv,CONTRACT.csv,EMP_NO,,Master,3.0,728.0,"[""nnnnnnn"", ""nnnnnn"", ""nnnnn""]","[96.62, 3.27, 0.11]",nnnnn,55613,55613,55613,1.0,0.11,3
C:/projects/myproject/QDQM/DS_Input/Internal/CONTRACT.csv,CONTRACT.csv,END_DATE,YYYYMMDD,Master,2.0,3772.0,"[""nnnn-nn-nn"", ""//""]","[99.35, 0.65]",nnnn-nn-nn,1999-12-31,3021-12-31,2016-08-15,7633.0,99.35,1
C:/projects/myproject/QDQM/DS_Input/Internal/CONTRACT.csv,CONTRACT.csv,END_DATE,YYYYMMDD,Master,2.0,3772.0,"[""nnnn-nn-nn"", ""//""]","[99.35, 0.65]",//,//,//,//,50.0,0.65,2
C:/projects/myproject/QDQM/DS_Input/Internal/CONTRACT.csv,CONTRACT.csv,ENT_DATE,UNIQUE,Master,2.0,7683.0,"[""nnnn-nn-nn nn:nn"", ""nnnn-nn-nn n:nn""]","[58.17, 41.83]",nnnn-nn-nn nn:nn,2014-12-28 10:04,2015-10-23 23:16,2015-05-26 16:04,4469.0,58.17,1
C:/projects/myproject/QDQM/DS_Input/Internal/CONTRACT.csv,CONTRACT.csv,ENT_DATE,UNIQUE,Master,2.0,7683.0,"[""nnnn-nn-nn nn:nn"", ""nnnn-nn-nn n:nn""]","[58.17, 41.83]",nnnn-nn-nn n:nn,2014-12-28 0:43,2015-10-23 9:36,2015-05-27 5:45,3214.0,41.83,2
C:/projects/myproject/QDQM/DS_Input/Internal/CONTRACT.csv,CONTRACT.csv,ENT_EMP,,Master,7.0,273.0,"[""nnnnnnn"", ""nnnnnn"", ""AAAAAAA"", ""AAAAA"", ""nnnnn"", ""AAAAAA"", ""AAAnnnn""]","[56.38, 39.78, 1.9, 1.21, 0.65, 0.07, 0.01]",nnnnnnn,1010240,9900284,2462191,4134.0,56.38,1
C:/projects/myproject/QDQM/DS_Input/Internal/CONTRACT.csv,CONTRACT.csv,ENT_EMP,,Master,7.0,273.0,"[""nnnnnnn"", ""nnnnnn"", ""AAAAAAA"", ""AAAAA"", ""nnnnn"", ""AAAAAA"", ""AAAnnnn""]","[56.38, 39.78, 1.9, 1.21, 0.65, 0.07, 0.01]",nnnnnn,210630,980103,410454,2917.0,39.78,2
C:/projects/myproject/QDQM/DS_Input/Internal/CONTRACT.csv,CONTRACT.csv,ENT_EMP,,Master,7.0,273.0,"[""nnnnnnn"", ""nnnnnn"", ""AAAAAAA"", ""AAAAA"", ""nnnnn"", ""AAAAAA"", ""AAAnnnn""]","[56.38, 39.78, 1.9, 1.21, 0.65, 0.07, 0.01]",AAAAAAA,BUEBRHT,TJNBRHT,SCOBRHT,139.0,1.9,3
C:/projects/myproject/QDQM/DS_Input/Internal/CONTRACT.csv,CONTRACT.csv,GOOD_YN,YN_Flag,Master,1.0,2.0,"[""A""]",[100.0],A,N,Y,N,7683.0,100.0,1
C:/projects/myproject/QDQM/DS_Input/Internal/CONTRACT.csv,CONTRACT.csv,IMAGE,YN_Flag,Master,1.0,2.0,"[""A""]",[100.0],A,N,Y,N,7683.0,100.0,1
C:/projects/myproject/QDQM/DS_Input/Internal/CONTRACT.csv,CONTRACT.csv,ORG_CODE,,Master,5.0,1121.0,"[""nnnn"", ""nnn"", ""n"", ""nn"", ""AAn""]","[97.26, 2.13, 0.4, 0.16, 0.05]",nnnn,1000,9981,4580,7337.0,97.26,1
C:/projects/myproject/QDQM/DS_Input/Internal/CONTRACT.csv,CONTRACT.csv,ORG_CODE,,Master,5.0,1121.0,"[""nnnn"", ""nnn"", ""n"", ""nn"", ""AAn""]","[97.26, 2.13, 0.4, 0.16, 0.05]",nnn,120,985,810,161.0,2.13,2
C:/projects/myproject/QDQM/DS_Input/Internal/CONTRACT.csv,CONTRACT.csv,ORG_CODE,,Master,5.0,1121.0,"[""nnnn"", ""nnn"", ""n"", ""nn"", ""AAn""]","[97.26, 2.13, 0.4, 0.16, 0.05]",n,0,4,0,30.0,0.4,3
C:/projects/myproject/QDQM/DS_Input/Internal/CONTRACT.csv,CONTRACT.csv,PAY_TYPE,,Master,2.0,2.0,"[""AAAAAA"", ""AAAA""]","[57.8, 42.2]",AAAAAA,CREDIT,CREDIT,CREDIT,4393.0,57.8,1
C:/projects/myproject/QDQM/DS_Input/Internal/CONTRACT.csv,CONTRACT.csv,PAY_TYPE,,Master,2.0,2.0,"[""AAAAAA"", ""AAAA""]","[57.8, 42.2]",AAAA,CASH,CASH,CASH,3207.0,42.2,2
C:/projects/myproject/QDQM/DS_Input/Internal/CONTRACT.csv,CONTRACT.csv,PRICE,,Master,5.0,205.0,"[""nnnn"", ""n"", ""nnnnn"", ""nn"", ""nnn""]","[77.89, 20.93, 1.01, 0.09, 0.07]",nnnn,1000,8800,2500,5760.0,77.89,1
C:/projects/myproject/QDQM/DS_Input/Internal/CONTRACT.csv,CONTRACT.csv,PRICE,,Master,5.0,205.0,"[""nnnn"", ""n"", ""nnnnn"", ""nn"", ""nnn""]","[77.89, 20.93, 1.01, 0.09, 0.07]",n,0,2,0,1548.0,20.93,2
C:/projects/myproject/QDQM/DS_Input/Internal/CONTRACT.csv,CONTRACT.csv,PRICE,,Master,5.0,205.0,"[""nnnn"", ""n"", ""nnnnn"", ""nn"", ""nnn""]","[77.89, 20.93, 1.01, 0.09, 0.07]",nnnnn,10000,60500,18000,75.0,1.01,3
C:/projects/myproject/QDQM/DS_Input/Internal/CONTRACT.csv,CONTRACT.csv,REQUEST_ORG,,Master,4.0,110.0,"[""AAAAA"", ""AAAAn"", ""AAAnn"", ""A/A""]","[98.79, 1.04, 0.16, 0.01]",AAAAA,ADGDD,YSNKE,PDGBR,7509.0,98.79,1
C:/projects/myproject/QDQM/DS_Input/Internal/CONTRACT.csv,CONTRACT.csv,REQUEST_ORG,,Master,4.0,110.0,"[""AAAAA"", ""AAAAn"", ""AAAnn"", ""A/A""]","[98.79, 1.04, 0.16, 0.01]",AAAAn,SCOB1,TAEB1,SEEB1,79.0,1.04,2
C:/projects/myproject/QDQM/DS_Input/Internal/CONTRACT.csv,CONTRACT.csv,REQUEST_ORG,,Master,4.0,110.0,"[""AAAAA"", ""AAAAn"", ""AAAnn"", ""A/A""]","[98.79, 1.04, 0.16, 0.01]",AAAnn,SEK13,TAE89,TAE89,12.0,0.16,3
C:/projects/myproject/QDQM/DS_Input/Internal/CONTRACT.csv,CONTRACT.csv,RETURN_ADDR,ADDRESS,Master,636.0,3376.0,"[""KKKKK KKK KKK"", ""KKK KKK KKK KKK"", ""KKKK KKK KKK KKK"", ""KKKKK KK KKK"", ""KKK KKK KKK"", ""KKKK KKK KKK KKK nnn"", ""KK KK KK"", ""KKK KKK KKK KKK nnn"", ""KKKKK KKK KKKK nnn"", ""KKK KKK KKK KKKnnnKK""]","[8.68, 3.89, 3.53, 3.26, 3.09, 2.47, 1.81, 1.72, 1.62, 1.52]",KKKKK KKK KKK,광주광역시 광산구 서봉동,인천광역시 연수구 청학동,서울특별시 금천구 가산동,359.0,8.68,1
C:/projects/myproject/QDQM/DS_Input/Internal/CONTRACT.csv,CONTRACT.csv,RETURN_ADDR,ADDRESS,Master,636.0,3376.0,"[""KKKKK KKK KKK"", ""KKK KKK KKK KKK"", ""KKKK KKK KKK KKK"", ""KKKKK KK KKK"", ""KKK KKK KKK"", ""KKKK KKK KKK KKK nnn"", ""KK KK KK"", ""KKK KKK KKK KKK nnn"", ""KKKKK KKK KKKK nnn"", ""KKK KKK KKK KKKnnnKK""]","[8.68, 3.89, 3.53, 3.26, 3.09, 2.47, 1.81, 1.72, 1.62, 1.52]",KKK KKK KKK KKK,강원도 원주시 신림면 신림리,경기도 화성시 향남읍 행정리,경기도 안산시 단원구 신길동,161.0,3.89,2
C:/projects/myproject/QDQM/DS_Input/Internal/CONTRACT.csv,CONTRACT.csv,RETURN_ADDR,ADDRESS,Master,636.0,3376.0,"[""KKKKK KKK KKK"", ""KKK KKK KKK KKK"", ""KKKK KKK KKK KKK"", ""KKKKK KK KKK"", ""KKK KKK KKK"", ""KKKK KKK KKK KKK nnn"", ""KK KK KK"", ""KKK KKK KKK KKK nnn"", ""KKKKK KKK KKKK nnn"", ""KKK KKK KKK KKKnnnKK""]","[8.68, 3.89, 3.53, 3.26, 3.09, 2.47, 1.81, 1.72, 1.62, 1.52]",KKKK KKK KKK KKK,경상남도 거제시 남부면 다대리,충청북도 충주시 동량면 조동리,전라남도 여수시 돌산읍 율림리,146.0,3.53,3
C:/projects/myproject/QDQM/DS_Input/Internal/CONTRACT.csv,CONTRACT.csv,RETURN_ZIP,,Master,3.0,4489.0,"[""nnn-nnn"", ""nnnnn"", ""nnnn""]","[81.69, 14.82, 3.49]",nnn-nnn,100-011,799-821,413-840,6151.0,81.69,1
C:/projects/myproject/QDQM/DS_Input/Internal/CONTRACT.csv,CONTRACT.csv,RETURN_ZIP,,Master,3.0,4489.0,"[""nnn-nnn"", ""nnnnn"", ""nnnn""]","[81.69, 14.82, 3.49]",nnnnn,10001,63641,26401,1116.0,14.82,2
C:/projects/myproject/QDQM/DS_Input/Internal/CONTRACT.csv,CONTRACT.csv,RETURN_ZIP,,Master,3.0,4489.0,"[""nnn-nnn"", ""nnnnn"", ""nnnn""]","[81.69, 14.82, 3.49]",nnnn,1317,8858,6013,263.0,3.49,3
C:/projects/myproject/QDQM/DS_Input/Internal/CONTRACT.csv,CONTRACT.csv,SALES_EMP,,Master,4.0,994.0,"[""nnnnnnn"", ""nnnnnn"", ""nnnnn"", ""AAAnnnn""]","[61.97, 26.85, 11.14, 0.04]",nnnnnnn,1010542,9999999,9305332,4702.0,61.97,1
C:/projects/myproject/QDQM/DS_Input/Internal/CONTRACT.csv,CONTRACT.csv,SALES_EMP,,Master,4.0,994.0,"[""nnnnnnn"", ""nnnnnn"", ""nnnnn"", ""AAAnnnn""]","[61.97, 26.85, 11.14, 0.04]",nnnnnn,152806,980103,511910,2037.0,26.85,2
C:/projects/myproject/QDQM/DS_Input/Internal/CONTRACT.csv,CONTRACT.csv,SALES_EMP,,Master,4.0,994.0,"[""nnnnnnn"", ""nnnnnn"", ""nnnnn"", ""AAAnnnn""]","[61.97, 26.85, 11.14, 0.04]",nnnnn,10010,71374,11594,845.0,11.14,3
C:/projects/myproject/QDQM/DS_Input/Internal/CONTRACT.csv,CONTRACT.csv,START_DATE,YYYYMMDD,Master,2.0,3780.0,"[""nnnn-nn-nn"", ""--""]","[99.82, 0.18]",nnnn-nn-nn,1999-01-01,2024-01-01,2014-05-23,7669.0,99.82,1
C:/projects/myproject/QDQM/DS_Input/Internal/CONTRACT.csv,CONTRACT.csv,START_DATE,YYYYMMDD,Master,2.0,3780.0,"[""nnnn-nn-nn"", ""--""]","[99.82, 0.18]",--,--,--,--,14.0,0.18,2
C:/projects/myproject/QDQM/DS_Input/Internal/CONTRACT.csv,CONTRACT.csv,UPDATE_EMP,,Master,2.0,2.0,"[""nnnnnnn"", ""AaaaaaaAaa""]","[99.59, 0.41]",nnnnnnn,3256411,3256411,3256411,6608.0,99.59,1
C:/projects/myproject/QDQM/DS_Input/Internal/CONTRACT.csv,CONTRACT.csv,UPDATE_EMP,,Master,2.0,2.0,"[""nnnnnnn"", ""AaaaaaaAaa""]","[99.59, 0.41]",AaaaaaaAaa,CntractApi,CntractApi,CntractApi,27.0,0.41,2
C:/projects/myproject/QDQM/DS_Input/Internal/CONTRACT.csv,CONTRACT.csv,ZIP,,Master,3.0,4491.0,"[""nnnnnn"", ""nnnnn"", ""nnnn""]","[81.51, 14.99, 3.5]",nnnnnn,100011,799821,413832,6149.0,81.51,1
C:/projects/myproject/QDQM/DS_Input/Internal/CONTRACT.csv,CONTRACT.csv,ZIP,,Master,3.0,4491.0,"[""nnnnnn"", ""nnnnn"", ""nnnn""]","[81.51, 14.99, 3.5]",nnnnn,10001,63641,26356,1131.0,14.99,2
C:/projects/myproject/QDQM/DS_Input/Internal/CONTRACT.csv,CONTRACT.csv,ZIP,,Master,3.0,4491.0,"[""nnnnnn"", ""nnnnn"", ""nnnn""]","[81.51, 14.99, 3.5]",nnnn,1317,8858,6043,264.0,3.5,3
C:/projects/myproject/QDQM/DS_Input/Internal/CUSTOMER.csv,CUSTOMER.csv,1ST_STREET,,Master,188.0,205.0,"[""aaaaa aaaaaa"", ""nnn-nn AAAAAAA-AAAA"", ""nnn-n AAAAAA-AAAA"", ""nnn-n AAAAAAAA-AAAA"", ""AAAAAAA-AAAA"", ""AAAAAA-AAAA"", ""nn-n AAAAAAAAA-nAA"", ""nnnn AAAAAA AAA AAAA"", ""AAAAA-AAAA"", ""nAAs AAAAAAA AAAA.s""]","[4.63, 2.31, 1.85, 1.39, 0.93, 0.93, 0.93, 0.93, 0.93, 0.93]",aaaaa aaaaaa,first street,first street,first street,10.0,4.63,1
C:/projects/myproject/QDQM/DS_Input/Internal/CUSTOMER.csv,CUSTOMER.csv,1ST_STREET,,Master,188.0,205.0,"[""aaaaa aaaaaa"", ""nnn-nn AAAAAAA-AAAA"", ""nnn-n AAAAAA-AAAA"", ""nnn-n AAAAAAAA-AAAA"", ""AAAAAAA-AAAA"", ""AAAAAA-AAAA"", ""nn-n AAAAAAAAA-nAA"", ""nnnn AAAAAA AAA AAAA"", ""AAAAA-AAAA"", ""nAAs AAAAAAA AAAA.s""]","[4.63, 2.31, 1.85, 1.39, 0.93, 0.93, 0.93, 0.93, 0.93, 0.93]",nnn-nn AAAAAAA-AAAA,206-17 NONHYUN-DONG,647-23 JUNGGOK-DONG,230-13 JUNGGOK-DONG,5.0,2.31,2
C:/projects/myproject/QDQM/DS_Input/Internal/CUSTOMER.csv,CUSTOMER.csv,1ST_STREET,,Master,188.0,205.0,"[""aaaaa aaaaaa"", ""nnn-nn AAAAAAA-AAAA"", ""nnn-n AAAAAA-AAAA"", ""nnn-n AAAAAAAA-AAAA"", ""AAAAAAA-AAAA"", ""AAAAAA-AAAA"", ""nn-n AAAAAAAAA-nAA"", ""nnnn AAAAAA AAA AAAA"", ""AAAAA-AAAA"", ""nAAs AAAAAAA AAAA.s""]","[4.63, 2.31, 1.85, 1.39, 0.93, 0.93, 0.93, 0.93, 0.93, 0.93]",nnn-n AAAAAA-AAAA,199-6 ANYANG-DONG,619-8 JAKJUN-DONG,433-1 JANGAN-DONG,4.0,1.85,3
C:/projects/myproject/QDQM/DS_Input/Internal/CUSTOMER.csv,CUSTOMER.csv,계약기간종료일,YYYYMMDD,Master,1.0,3713.0,"[""nnnnnnnn""]",[100.0],nnnnnnnn,19991231,30170526,20161130,7694.0,100.0,1
C:/projects/myproject/QDQM/DS_Input/Internal/CUSTOMER.csv,CUSTOMER.csv,고객명,Text,Master,706.0,7124.0,"[""KKKK"", ""KKKKK"", ""KKK"", ""KKKKKK"", ""(K)KKKK"", ""KK"", ""KKKKKKK"", ""(K)KKKKK"", ""(K)KKKKKK"", ""KKKKKKKK""]","[16.74, 9.28, 6.95, 5.69, 3.71, 3.52, 3.32, 3.31, 2.56, 2.48]",KKKK,가공식품,힙합보이,씨앤통신,1289.0,16.74,1
C:/projects/myproject/QDQM/DS_Input/Internal/CUSTOMER.csv,CUSTOMER.csv,고객명,Text,Master,706.0,7124.0,"[""KKKK"", ""KKKKK"", ""KKK"", ""KKKKKK"", ""(K)KKKK"", ""KK"", ""KKKKKKK"", ""(K)KKKKK"", ""(K)KKKKKK"", ""KKKKKKKK""]","[16.74, 9.28, 6.95, 5.69, 3.71, 3.52, 3.32, 3.31, 2.56, 2.48]",KKKKK,가람삼업사,효수산유통,아리랑과학,715.0,9.28,2
C:/projects/myproject/QDQM/DS_Input/Internal/CUSTOMER.csv,CUSTOMER.csv,고객명,Text,Master,706.0,7124.0,"[""KKKK"", ""KKKKK"", ""KKK"", ""KKKKKK"", ""(K)KKKK"", ""KK"", ""KKKKKKK"", ""(K)KKKKK"", ""(K)KKKKKK"", ""KKKKKKKK""]","[16.74, 9.28, 6.95, 5.69, 3.71, 3.52, 3.32, 3.31, 2.56, 2.48]",KKK,가가몰,히트맨,아이본,535.0,6.95,3
C:/projects/myproject/QDQM/DS_Input/Internal/CUSTOMER.csv,CUSTOMER.csv,고객번호,UNIQUE,Master,2.0,7728.0,"[""nnnnnnn"", ""Annnnnn""]","[99.97, 0.03]",nnnnnnn,0000203,9127894,3007108,7726.0,99.97,1
C:/projects/myproject/QDQM/DS_Input/Internal/CUSTOMER.csv,CUSTOMER.csv,고객번호,UNIQUE,Master,2.0,7728.0,"[""nnnnnnn"", ""Annnnnn""]","[99.97, 0.03]",Annnnnn,J128416,S117160,S117160,2.0,0.03,2
C:/projects/myproject/QDQM/DS_Input/Internal/CUSTOMER.csv,CUSTOMER.csv,국가코드,,Master,1.0,2.0,"[""AA""]",[100.0],AA,KR,PT,KR,7034.0,100.0,1
C:/projects/myproject/QDQM/DS_Input/Internal/CUSTOMER.csv,CUSTOMER.csv,담당부서,Text,Master,112.0,795.0,"[""KK"", ""KKK"", ""."", ""KKKK"", ""KKKKK"", ""KKKKKK"", ""s"", ""KKKKKKK"", "".."", ""-""]","[48.24, 31.85, 5.66, 3.67, 3.48, 1.2, 0.77, 0.57, 0.43, 0.33]",KK,강동,회계,관리,3062.0,48.24,1
C:/projects/myproject/QDQM/DS_Input/Internal/CUSTOMER.csv,CUSTOMER.csv,담당부서,Text,Master,112.0,795.0,"[""KK"", ""KKK"", ""."", ""KKKK"", ""KKKKK"", ""KKKKKK"", ""s"", ""KKKKKKK"", "".."", ""-""]","[48.24, 31.85, 5.66, 3.67, 3.48, 1.2, 0.77, 0.57, 0.43, 0.33]",KKK,가가몰,희망몰,관리팀,2022.0,31.85,2
C:/projects/myproject/QDQM/DS_Input/Internal/CUSTOMER.csv,CUSTOMER.csv,담당부서,Text,Master,112.0,795.0,"[""KK"", ""KKK"", ""."", ""KKKK"", ""KKKKK"", ""KKKKKK"", ""s"", ""KKKKKKK"", "".."", ""-""]","[48.24, 31.85, 5.66, 3.67, 3.48, 1.2, 0.77, 0.57, 0.43, 0.33]",.,.,.,.,359.0,5.66,3
C:/projects/myproject/QDQM/DS_Input/Internal/CUSTOMER.csv,CUSTOMER.csv,법인번호,,Master,2.0,152.0,"[""n.nnnnnAsnn"", ""nnnnnnnnnnnnn""]","[99.46, 0.54]",n.nnnnnAsnn,1.01144E+12,2.85011E+12,1.10112E+12,1290.0,99.46,1
C:/projects/myproject/QDQM/DS_Input/Internal/CUSTOMER.csv,CUSTOMER.csv,법인번호,,Master,2.0,152.0,"[""n.nnnnnAsnn"", ""nnnnnnnnnnnnn""]","[99.46, 0.54]",nnnnnnnnnnnnn,0000000000000,0000000000000,0000000000000,7.0,0.54,2
C:/projects/myproject/QDQM/DS_Input/Internal/CUSTOMER.csv,CUSTOMER.csv,사업구분,Alpha_Flag,Master,1.0,2.0,"[""A""]",[100.0],A,D,I,D,7707.0,100.0,1
C:/projects/myproject/QDQM/DS_Input/Internal/CUSTOMER.csv,CUSTOMER.csv,수금점소,,Master,3.0,115.0,"[""AAAAA"", ""AAAAn"", ""AAAnn""]","[97.82, 1.98, 0.2]",AAAAA,ADGDD,YSNKE,PDGBR,7493.0,97.82,1
C:/projects/myproject/QDQM/DS_Input/Internal/CUSTOMER.csv,CUSTOMER.csv,수금점소,,Master,3.0,115.0,"[""AAAAA"", ""AAAAn"", ""AAAnn""]","[97.82, 1.98, 0.2]",AAAAn,CJUB1,TAEB1,SCOB1,152.0,1.98,2
C:/projects/myproject/QDQM/DS_Input/Internal/CUSTOMER.csv,CUSTOMER.csv,수금점소,,Master,3.0,115.0,"[""AAAAA"", ""AAAAn"", ""AAAnn""]","[97.82, 1.98, 0.2]",AAAnn,KPO72,TAE89,SEK13,15.0,0.2,3
C:/projects/myproject/QDQM/DS_Input/Internal/CUSTOMER.csv,CUSTOMER.csv,수입조직,,Master,1.0,97.0,"[""nnnn""]",[100.0],nnnn,1111,1613,1178,7656.0,100.0,1
C:/projects/myproject/QDQM/DS_Input/Internal/CUSTOMER.csv,CUSTOMER.csv,영문고객명,,Master,176.0,263.0,"[""A"", ""AAAAAAA"", ""AAAAAA"", ""AAAAA"", ""AAAA"", ""AAAAAAAA"", ""AAAAAA AAA"", ""AAAAA AAAAAAAAAAA"", ""AAAAA AAAAAA"", ""aaaaaa""]","[6.27, 3.32, 2.58, 2.21, 1.85, 1.85, 1.85, 1.48, 1.48, 1.48]",A,A,Y,I,17.0,6.27,1
C:/projects/myproject/QDQM/DS_Input/Internal/CUSTOMER.csv,CUSTOMER.csv,영문고객명,,Master,176.0,263.0,"[""A"", ""AAAAAAA"", ""AAAAAA"", ""AAAAA"", ""AAAA"", ""AAAAAAAA"", ""AAAAAA AAA"", ""AAAAA AAAAAAAAAAA"", ""AAAAA AAAAAA"", ""aaaaaa""]","[6.27, 3.32, 2.58, 2.21, 1.85, 1.85, 1.85, 1.48, 1.48, 1.48]",AAAAAAA,CHUNGOK,WOOSHIN,KUMKANG,9.0,3.32,2
C:/projects/myproject/QDQM/DS_Input/Internal/CUSTOMER.csv,CUSTOMER.csv,영문고객명,,Master,176.0,263.0,"[""A"", ""AAAAAAA"", ""AAAAAA"", ""AAAAA"", ""AAAA"", ""AAAAAAAA"", ""AAAAAA AAA"", ""AAAAA AAAAAAAAAAA"", ""AAAAA AAAAAA"", ""aaaaaa""]","[6.27, 3.32, 2.58, 2.21, 1.85, 1.85, 1.85, 1.48, 1.48, 1.48]",AAAAAA,BOGZON,ZERONE,PARSON,7.0,2.58,3
C:/projects/myproject/QDQM/DS_Input/Internal/CUSTOMER.csv,CUSTOMER.csv,우편번호,,Master,3.0,3215.0,"[""nnnnnn"", ""nnnnn"", ""nnn-n""]","[83.37, 16.62, 0.01]",nnnnnn,100011,791947,407040,5960.0,83.37,1
C:/projects/myproject/QDQM/DS_Input/Internal/CUSTOMER.csv,CUSTOMER.csv,우편번호,,Master,3.0,3215.0,"[""nnnnnn"", ""nnnnn"", ""nnn-n""]","[83.37, 16.62, 0.01]",nnnnn,01325,63635,12982,1188.0,16.62,2
C:/projects/myproject/QDQM/DS_Input/Internal/CUSTOMER.csv,CUSTOMER.csv,우편번호,,Master,3.0,3215.0,"[""nnnnnn"", ""nnnnn"", ""nnn-n""]","[83.37, 16.62, 0.01]",nnn-n,577-2,577-2,577-2,1.0,0.01,3
C:/projects/myproject/QDQM/DS_Input/Internal/CUSTOMER.csv,CUSTOMER.csv,주민_사업자등록번호,,Master,3.0,7000.0,"[""nnnnnnnnnn"", ""nnnnnnnnn"", ""nnnnnnnn""]","[99.97, 0.01, 0.01]",nnnnnnnnnn,1010135959,9999999999,2152113946,7703.0,99.97,1
C:/projects/myproject/QDQM/DS_Input/Internal/CUSTOMER.csv,CUSTOMER.csv,주민_사업자등록번호,,Master,3.0,7000.0,"[""nnnnnnnnnn"", ""nnnnnnnnn"", ""nnnnnnnn""]","[99.97, 0.01, 0.01]",nnnnnnnnn,901100003,901100003,901100003,1.0,0.01,2
C:/projects/myproject/QDQM/DS_Input/Internal/CUSTOMER.csv,CUSTOMER.csv,주민_사업자등록번호,,Master,3.0,7000.0,"[""nnnnnnnnnn"", ""nnnnnnnnn"", ""nnnnnnnn""]","[99.97, 0.01, 0.01]",nnnnnnnn,21881003,21881003,21881003,1.0,0.01,3
C:/projects/myproject/QDQM/DS_Input/Internal/CUSTOMER.csv,CUSTOMER.csv,주소,,Master,2280.0,5796.0,"[""nnn-n"", ""nnn-nn"", ""nnn"", ""."", ""(KKK)"", ""Aaa-nn"", ""nnnn-n"", ""nn"", ""nnK nnK"", ""nnnn nnnn""]","[8.96, 5.57, 5.2, 4.54, 2.2, 2.11, 1.4, 1.4, 1.33, 1.32]",nnn-n,103-3,995-1,405-1,619.0,8.96,1
C:/projects/myproject/QDQM/DS_Input/Internal/CUSTOMER.csv,CUSTOMER.csv,주소,,Master,2280.0,5796.0,"[""nnn-n"", ""nnn-nn"", ""nnn"", ""."", ""(KKK)"", ""Aaa-nn"", ""nnnn-n"", ""nn"", ""nnK nnK"", ""nnnn nnnn""]","[8.96, 5.57, 5.2, 4.54, 2.2, 2.11, 1.4, 1.4, 1.33, 1.32]",nnn-nn,100-12,998-17,381-69,385.0,5.57,2
C:/projects/myproject/QDQM/DS_Input/Internal/CUSTOMER.csv,CUSTOMER.csv,주소,,Master,2280.0,5796.0,"[""nnn-n"", ""nnn-nn"", ""nnn"", ""."", ""(KKK)"", ""Aaa-nn"", ""nnnn-n"", ""nn"", ""nnK nnK"", ""nnnn nnnn""]","[8.96, 5.57, 5.2, 4.54, 2.2, 2.11, 1.4, 1.4, 1.33, 1.32]",nnn,100,995,302,359.0,5.2,3
C:/projects/myproject/QDQM/DS_Input/Internal/CUSTOMER.csv,CUSTOMER.csv,집하점소,,Master,3.0,1128.0,"[""nnnn"", ""AAn"", ""nnn""]","[99.93, 0.05, 0.01]",nnnn,0000,9981,4505,7596.0,99.93,1
C:/projects/myproject/QDQM/DS_Input/Internal/CUSTOMER.csv,CUSTOMER.csv,집하점소,,Master,3.0,1128.0,"[""nnnn"", ""AAn"", ""nnn""]","[99.93, 0.05, 0.01]",AAn,AT1,NY1,AT1,4.0,0.05,2
C:/projects/myproject/QDQM/DS_Input/Internal/CUSTOMER.csv,CUSTOMER.csv,집하점소,,Master,3.0,1128.0,"[""nnnn"", ""AAn"", ""nnn""]","[99.93, 0.05, 0.01]",nnn,860,860,860,1.0,0.01,3
C:/projects/myproject/QDQM/DS_Input/Internal/CUSTOMER.csv,CUSTOMER.csv,집하지대번지,,Master,35.0,1384.0,"[""nnn"", ""nn"", ""nnnn"", ""n"", ""nnn-n"", ""nnn-nn"", ""KKK"", ""Aaa-nn"", ""."", ""nn-nn""]","[53.98, 15.4, 10.79, 6.38, 4.23, 2.53, 2.05, 0.68, 0.61, 0.61]",nnn,000,999,395,1581.0,53.98,1
C:/projects/myproject/QDQM/DS_Input/Internal/CUSTOMER.csv,CUSTOMER.csv,집하지대번지,,Master,35.0,1384.0,"[""nnn"", ""nn"", ""nnnn"", ""n"", ""nnn-n"", ""nnn-nn"", ""KKK"", ""Aaa-nn"", ""."", ""nn-nn""]","[53.98, 15.4, 10.79, 6.38, 4.23, 2.53, 2.05, 0.68, 0.61, 0.61]",nn,00,99,40,451.0,15.4,2
C:/projects/myproject/QDQM/DS_Input/Internal/CUSTOMER.csv,CUSTOMER.csv,집하지대번지,,Master,35.0,1384.0,"[""nnn"", ""nn"", ""nnnn"", ""n"", ""nnn-n"", ""nnn-nn"", ""KKK"", ""Aaa-nn"", ""."", ""nn-nn""]","[53.98, 15.4, 10.79, 6.38, 4.23, 2.53, 2.05, 0.68, 0.61, 0.61]",nnnn,1000,6814,1396,316.0,10.79,3
C:/projects/myproject/QDQM/DS_Input/Internal/CUSTOMER.csv,CUSTOMER.csv,집하지소번지,,Master,16.0,203.0,"[""n"", ""nn"", ""nnn"", ""KK"", ""nK"", ""nnnn"", ""nnn-"", ""K"", ""nnK nnK"", ""/""]","[57.73, 34.11, 5.41, 0.86, 0.7, 0.38, 0.16, 0.16, 0.11, 0.05]",n,0,9,3,1068.0,57.73,1
C:/projects/myproject/QDQM/DS_Input/Internal/CUSTOMER.csv,CUSTOMER.csv,집하지소번지,,Master,16.0,203.0,"[""n"", ""nn"", ""nnn"", ""KK"", ""nK"", ""nnnn"", ""nnn-"", ""K"", ""nnK nnK"", ""/""]","[57.73, 34.11, 5.41, 0.86, 0.7, 0.38, 0.16, 0.16, 0.11, 0.05]",nn,01,99,19,631.0,34.11,2
C:/projects/myproject/QDQM/DS_Input/Internal/CUSTOMER.csv,CUSTOMER.csv,집하지소번지,,Master,16.0,203.0,"[""n"", ""nn"", ""nnn"", ""KK"", ""nK"", ""nnnn"", ""nnn-"", ""K"", ""nnK nnK"", ""/""]","[57.73, 34.11, 5.41, 0.86, 0.7, 0.38, 0.16, 0.16, 0.11, 0.05]",nnn,032,999,250,100.0,5.41,3
C:/projects/myproject/QDQM/DS_Input/Internal/CUSTOMER.csv,CUSTOMER.csv,집하지우편번호,,Master,3.0,4473.0,"[""nnnnnn"", ""nnnnn"", ""nnnn""]","[81.12, 18.86, 0.01]",nnnnnn,100011,791910,415800,6145.0,81.12,1
C:/projects/myproject/QDQM/DS_Input/Internal/CUSTOMER.csv,CUSTOMER.csv,집하지우편번호,,Master,3.0,4473.0,"[""nnnnnn"", ""nnnnn"", ""nnnn""]","[81.12, 18.86, 0.01]",nnnnn,01002,63641,21645,1429.0,18.86,2
C:/projects/myproject/QDQM/DS_Input/Internal/CUSTOMER.csv,CUSTOMER.csv,집하지우편번호,,Master,3.0,4473.0,"[""nnnnnn"", ""nnnnn"", ""nnnn""]","[81.12, 18.86, 0.01]",nnnn,4051,4051,4051,1.0,0.01,3
C:/projects/myproject/QDQM/DS_Input/Internal/CUSTOMER.csv,CUSTOMER.csv,집하지주소,,Master,2418.0,5339.0,"[""(KKK)"", ""nK"", ""nnn-n"", ""KKKKK"", ""nnn"", ""nnn-nn"", ""KKK"", ""KKKK KKKKK"", ""."", ""KKKK""]","[4.79, 3.46, 3.06, 2.45, 1.99, 1.64, 1.56, 1.56, 1.54, 1.52]",(KKK),(가능동),(흑석동),(송정동),289.0,4.79,1
C:/projects/myproject/QDQM/DS_Input/Internal/CUSTOMER.csv,CUSTOMER.csv,집하지주소,,Master,2418.0,5339.0,"[""(KKK)"", ""nK"", ""nnn-n"", ""KKKKK"", ""nnn"", ""nnn-nn"", ""KKK"", ""KKKK KKKKK"", ""."", ""KKKK""]","[4.79, 3.46, 3.06, 2.45, 1.99, 1.64, 1.56, 1.56, 1.54, 1.52]",nK,1동,9층,2층,209.0,3.46,2
C:/projects/myproject/QDQM/DS_Input/Internal/CUSTOMER.csv,CUSTOMER.csv,집하지주소,,Master,2418.0,5339.0,"[""(KKK)"", ""nK"", ""nnn-n"", ""KKKKK"", ""nnn"", ""nnn-nn"", ""KKK"", ""KKKK KKKKK"", ""."", ""KKKK""]","[4.79, 3.46, 3.06, 2.45, 1.99, 1.64, 1.56, 1.56, 1.54, 1.52]",nnn-n,104-1,989-4,433-1,185.0,3.06,3
C:/projects/myproject/QDQM/DS_Input/Internal/CUSTOMER.csv,CUSTOMER.csv,청구부서,Text,Master,49.0,353.0,"[""KK"", ""KKK"", ""."", ""KKKKK"", ""KKKK"", ""s"", "".."", ""KKKKKK"", ""KKKKKKK"", ""-""]","[41.04, 35.06, 9.24, 3.91, 2.75, 1.41, 1.3, 1.01, 0.47, 0.47]",KK,경리,홍보,관리,1133.0,41.04,1
C:/projects/myproject/QDQM/DS_Input/Internal/CUSTOMER.csv,CUSTOMER.csv,청구부서,Text,Master,49.0,353.0,"[""KK"", ""KKK"", ""."", ""KKKKK"", ""KKKK"", ""s"", "".."", ""KKKKKK"", ""KKKKKKK"", ""-""]","[41.04, 35.06, 9.24, 3.91, 2.75, 1.41, 1.3, 1.01, 0.47, 0.47]",KKK,각매장,홍보팀,관리팀,968.0,35.06,2
C:/projects/myproject/QDQM/DS_Input/Internal/CUSTOMER.csv,CUSTOMER.csv,청구부서,Text,Master,49.0,353.0,"[""KK"", ""KKK"", ""."", ""KKKKK"", ""KKKK"", ""s"", "".."", ""KKKKKK"", ""KKKKKKK"", ""-""]","[41.04, 35.06, 9.24, 3.91, 2.75, 1.41, 1.3, 1.01, 0.47, 0.47]",.,.,.,.,255.0,9.24,3
C:/projects/myproject/QDQM/DS_Input/Internal/CUSTOMER.csv,CUSTOMER.csv,청구점소,,Master,3.0,109.0,"[""AAAAA"", ""AAAAn"", ""AAAnn""]","[98.9, 0.93, 0.17]",AAAAA,ADGDD,YSNKE,PGTBX,7576.0,98.9,1
C:/projects/myproject/QDQM/DS_Input/Internal/CUSTOMER.csv,CUSTOMER.csv,청구점소,,Master,3.0,109.0,"[""AAAAA"", ""AAAAn"", ""AAAnn""]","[98.9, 0.93, 0.17]",AAAAn,KWGB1,TAEB1,SEEB1,71.0,0.93,2
C:/projects/myproject/QDQM/DS_Input/Internal/CUSTOMER.csv,CUSTOMER.csv,청구점소,,Master,3.0,109.0,"[""AAAAA"", ""AAAAn"", ""AAAnn""]","[98.9, 0.93, 0.17]",AAAnn,QWJ20,TAE89,SEK13,13.0,0.17,3
C:/projects/myproject/QDQM/DS_Input/Internal/CUSTOMER.csv,CUSTOMER.csv,청구지우편번호,,Master,2.0,3611.0,"[""nnnnnn"", ""nnnnn""]","[84.16, 15.84]",nnnnnn,100011,791947,410315,6450.0,84.16,1
C:/projects/myproject/QDQM/DS_Input/Internal/CUSTOMER.csv,CUSTOMER.csv,청구지우편번호,,Master,2.0,3611.0,"[""nnnnnn"", ""nnnnn""]","[84.16, 15.84]",nnnnn,01070,63635,18387,1214.0,15.84,2
C:/projects/myproject/QDQM/DS_Input/Internal/CUSTOMER.csv,CUSTOMER.csv,청구지주소,,Master,2072.0,5432.0,"[""nnn-n"", ""nnn-nn"", ""nnn"", ""(KKK)"", ""."", ""Aaa-nn"", ""nnK nnK"", ""nn"", ""nnnn"", ""nn-nn""]","[8.75, 5.51, 4.61, 3.26, 2.8, 1.79, 1.5, 1.32, 1.27, 1.24]",nnn-n,103-3,995-1,405-6,543.0,8.75,1
C:/projects/myproject/QDQM/DS_Input/Internal/CUSTOMER.csv,CUSTOMER.csv,청구지주소,,Master,2072.0,5432.0,"[""nnn-n"", ""nnn-nn"", ""nnn"", ""(KKK)"", ""."", ""Aaa-nn"", ""nnK nnK"", ""nn"", ""nnnn"", ""nn-nn""]","[8.75, 5.51, 4.61, 3.26, 2.8, 1.79, 1.5, 1.32, 1.27, 1.24]",nnn-nn,100-11,998-17,386-23,342.0,5.51,2
C:/projects/myproject/QDQM/DS_Input/Internal/CUSTOMER.csv,CUSTOMER.csv,청구지주소,,Master,2072.0,5432.0,"[""nnn-n"", ""nnn-nn"", ""nnn"", ""(KKK)"", ""."", ""Aaa-nn"", ""nnK nnK"", ""nn"", ""nnnn"", ""nn-nn""]","[8.75, 5.51, 4.61, 3.26, 2.8, 1.79, 1.5, 1.32, 1.27, 1.24]",nnn,100,995,342,286.0,4.61,3
C:/projects/myproject/QDQM/DS_Input/Internal/CUSTOMER.csv,CUSTOMER.csv,최종변경자사번,,Master,5.0,466.0,"[""nnnnnnn"", ""AAAAAAA"", ""AAAAA"", ""AAAAAA"", ""AAAnnnn""]","[97.03, 1.99, 0.89, 0.08, 0.01]",nnnnnnn,0010393,9999999,1520061,7450.0,97.03,1
C:/projects/myproject/QDQM/DS_Input/Internal/CUSTOMER.csv,CUSTOMER.csv,최종변경자사번,,Master,5.0,466.0,"[""nnnnnnn"", ""AAAAAAA"", ""AAAAA"", ""AAAAAA"", ""AAAnnnn""]","[97.03, 1.99, 0.89, 0.08, 0.01]",AAAAAAA,BUEBRHT,TJNBRHT,KWJBRHT,153.0,1.99,2
C:/projects/myproject/QDQM/DS_Input/Internal/CUSTOMER.csv,CUSTOMER.csv,최종변경자사번,,Master,5.0,466.0,"[""nnnnnnn"", ""AAAAAAA"", ""AAAAA"", ""AAAAAA"", ""AAAnnnn""]","[97.03, 1.99, 0.89, 0.08, 0.01]",AAAAA,BUSAN,SEWSE,SENSE,68.0,0.89,3
C:/projects/myproject/QDQM/DS_Input/Internal/CUSTOMER.csv,CUSTOMER.csv,최종수정일시,,Master,1.0,1993.0,"[""nn:nn""]",[100.0],nn:nn,00:00.0,59:57.0,28:27.0,7678.0,100.0,1
C:/projects/myproject/QDQM/DS_Input/Internal/CUSTOMER.csv,CUSTOMER.csv,판매원사번,,Master,2.0,1002.0,"[""nnnnnnn"", ""AAAnnnn""]","[99.97, 0.03]",nnnnnnn,0010010,9999999,1477011,7642.0,99.97,1
C:/projects/myproject/QDQM/DS_Input/Internal/CUSTOMER.csv,CUSTOMER.csv,판매원사번,,Master,2.0,1002.0,"[""nnnnnnn"", ""AAAnnnn""]","[99.97, 0.03]",AAAnnnn,HJT0103,HJT0103,HJT0103,2.0,0.03,2
C:/projects/myproject/QDQM/DS_Input/Internal/CUSTOMER.csv,CUSTOMER.csv,판매일,YYYYMMDD,Master,1.0,3832.0,"[""nnnnnnnn""]",[100.0],nnnnnnnn,19981231,20240101,20140221,7702.0,100.0,1
C:/projects/myproject/QDQM/DS_Input/Internal/CUSTOMER.csv,CUSTOMER.csv,판매점소,,Master,4.0,93.0,"[""AAAAA"", ""AAAAAAA"", ""AAAAAA"", ""AA""]","[78.07, 18.56, 3.32, 0.05]",AAAAA,BKKBR,ULSBR,KWJBR,6001.0,78.07,1
C:/projects/myproject/QDQM/DS_Input/Internal/CUSTOMER.csv,CUSTOMER.csv,판매점소,,Master,4.0,93.0,"[""AAAAA"", ""AAAAAAA"", ""AAAAAA"", ""AA""]","[78.07, 18.56, 3.32, 0.05]",AAAAAAA,ANDOCHT,YSUDSHT,KBKOCHT,1427.0,18.56,2
C:/projects/myproject/QDQM/DS_Input/Internal/CUSTOMER.csv,CUSTOMER.csv,판매점소,,Master,4.0,93.0,"[""AAAAA"", ""AAAAAAA"", ""AAAAAA"", ""AA""]","[78.07, 18.56, 3.32, 0.05]",AAAAAA,HQREPT,SUWCHT,PDGBRG,255.0,3.32,3
C:/projects/myproject/QDQM/DS_Input/Internal/ORGNIZATION.csv,ORGNIZATION.csv,X좌표,,Master,5.0,758.0,"[""nnnnnn"", ""nnn.nnnnn"", ""nnn.nnnn"", ""nnn.nnn"", ""n""]","[56.61, 39.01, 3.97, 0.25, 0.17]",nnnnnn,236609,540042,321278,685.0,56.61,1
C:/projects/myproject/QDQM/DS_Input/Internal/ORGNIZATION.csv,ORGNIZATION.csv,X좌표,,Master,5.0,758.0,"[""nnnnnn"", ""nnn.nnnnn"", ""nnn.nnnn"", ""nnn.nnn"", ""n""]","[56.61, 39.01, 3.97, 0.25, 0.17]",nnn.nnnnn,126.25737,129.40107,127.26966,472.0,39.01,2
C:/projects/myproject/QDQM/DS_Input/Internal/ORGNIZATION.csv,ORGNIZATION.csv,X좌표,,Master,5.0,758.0,"[""nnnnnn"", ""nnn.nnnnn"", ""nnn.nnnn"", ""nnn.nnn"", ""n""]","[56.61, 39.01, 3.97, 0.25, 0.17]",nnn.nnnn,126.4007,129.4237,127.1057,48.0,3.97,3
C:/projects/myproject/QDQM/DS_Input/Internal/ORGNIZATION.csv,ORGNIZATION.csv,Y좌표,,Master,7.0,754.0,"[""nnnnnn"", ""nn.nnnnn"", ""nn.nnnn"", ""nn.nnn"", ""nnnnn"", ""nn.nn"", ""n""]","[56.28, 39.34, 2.89, 0.83, 0.33, 0.17, 0.17]",nnnnnn,101319,621659,509318,681.0,56.28,1
C:/projects/myproject/QDQM/DS_Input/Internal/ORGNIZATION.csv,ORGNIZATION.csv,Y좌표,,Master,7.0,754.0,"[""nnnnnn"", ""nn.nnnnn"", ""nn.nnnn"", ""nn.nnn"", ""nnnnn"", ""nn.nn"", ""n""]","[56.28, 39.34, 2.89, 0.83, 0.33, 0.17, 0.17]",nn.nnnnn,33.22623,38.20825,37.03753,476.0,39.34,2
C:/projects/myproject/QDQM/DS_Input/Internal/ORGNIZATION.csv,ORGNIZATION.csv,Y좌표,,Master,7.0,754.0,"[""nnnnnn"", ""nn.nnnnn"", ""nn.nnnn"", ""nn.nnn"", ""nnnnn"", ""nn.nn"", ""n""]","[56.28, 39.34, 2.89, 0.83, 0.33, 0.17, 0.17]",nn.nnnn,34.6768,38.1847,36.6713,35.0,2.89,3
C:/projects/myproject/QDQM/DS_Input/Internal/ORGNIZATION.csv,ORGNIZATION.csv,기본주소,Text,Master,326.0,1063.0,"[""KK KK KK"", ""KKKK KKK KKK KKK"", ""KK KKK  KKKK"", ""KKK KKK KKK KKK"", ""KK  KK"", ""KKKKK KKK KKK"", ""KK KK KKn"", ""KKKKK KK KKK"", ""KKKKK KKK KKKK"", ""KKKK KKK KKK KKKK""]","[7.53, 5.25, 4.9, 3.69, 3.43, 2.42, 2.02, 1.97, 1.77, 1.72]",KK KK KK,경기 광주 중대,청주 흥덕 비하,서울 마포 현석,149.0,7.53,1
C:/projects/myproject/QDQM/DS_Input/Internal/ORGNIZATION.csv,ORGNIZATION.csv,기본주소,Text,Master,326.0,1063.0,"[""KK KK KK"", ""KKKK KKK KKK KKK"", ""KK KKK  KKKK"", ""KKK KKK KKK KKK"", ""KK  KK"", ""KKKKK KKK KKK"", ""KK KK KKn"", ""KKKKK KK KKK"", ""KKKKK KKK KKKK"", ""KKKK KKK KKK KKKK""]","[7.53, 5.25, 4.9, 3.69, 3.43, 2.42, 2.02, 1.97, 1.77, 1.72]",KKKK KKK KKK KKK,경상남도 거창군 웅양면 웅양로,충청북도 진천군 덕산읍 덕금로,전라남도 강진군 도암면 해강로,104.0,5.25,2
C:/projects/myproject/QDQM/DS_Input/Internal/ORGNIZATION.csv,ORGNIZATION.csv,기본주소,Text,Master,326.0,1063.0,"[""KK KK KK"", ""KKKK KKK KKK KKK"", ""KK KKK  KKKK"", ""KKK KKK KKK KKK"", ""KK  KK"", ""KKKKK KKK KKK"", ""KK KK KKn"", ""KKKKK KK KKK"", ""KKKKK KKK KKKK"", ""KKKK KKK KKK KKKK""]","[7.53, 5.25, 4.9, 3.69, 3.43, 2.42, 2.02, 1.97, 1.77, 1.72]",KK KKK  KKKK,광주 광산구  무진대로,인천 부평구  부평북로,서울 송파구  송파대로,97.0,4.9,3
C:/projects/myproject/QDQM/DS_Input/Internal/ORGNIZATION.csv,ORGNIZATION.csv,사업자등록번호,,Master,1.0,1444.0,"[""nnnnnnnnnn""]",[100.0],nnnnnnnnnn,1010660133,8998802707,2891400293,1925.0,100.0,1
C:/projects/myproject/QDQM/DS_Input/Internal/ORGNIZATION.csv,ORGNIZATION.csv,상위조직코드,,Master,6.0,626.0,"[""nnn"", ""AAAAAAA"", ""AAAAA"", ""nnnn"", ""AAAAAA"", ""AAA""]","[80.04, 12.45, 6.2, 1.05, 0.24, 0.03]",nnn,000,999,439,3047.0,80.04,1
C:/projects/myproject/QDQM/DS_Input/Internal/ORGNIZATION.csv,ORGNIZATION.csv,상위조직코드,,Master,6.0,626.0,"[""nnn"", ""AAAAAAA"", ""AAAAA"", ""nnnn"", ""AAAAAA"", ""AAA""]","[80.04, 12.45, 6.2, 1.05, 0.24, 0.03]",AAAAAAA,ANDOCHT,YONOCHT,KANOCHT,474.0,12.45,2
C:/projects/myproject/QDQM/DS_Input/Internal/ORGNIZATION.csv,ORGNIZATION.csv,상위조직코드,,Master,6.0,626.0,"[""nnn"", ""AAAAAAA"", ""AAAAA"", ""nnnn"", ""AAAAAA"", ""AAA""]","[80.04, 12.45, 6.2, 1.05, 0.24, 0.03]",AAAAA,BAEKE,TJNHQ,JCNBR,236.0,6.2,3
C:/projects/myproject/QDQM/DS_Input/Internal/ORGNIZATION.csv,ORGNIZATION.csv,수입신규조직코드,,Master,1.0,84.0,"[""nnnn""]",[100.0],nnnn,1111,1613,1197,3000.0,100.0,1
C:/projects/myproject/QDQM/DS_Input/Internal/ORGNIZATION.csv,ORGNIZATION.csv,수입조직코드,,Master,1.0,84.0,"[""AAAAA""]",[100.0],AAAAA,ADGDD,YSNKE,MAPDD,3000.0,100.0,1
C:/projects/myproject/QDQM/DS_Input/Internal/ORGNIZATION.csv,ORGNIZATION.csv,영문조직명,,Master,481.0,2546.0,"[""AAAAAA AAAAA"", ""AAAAAAA AAAAA"", ""AnA AAAsAA"", ""AAAAA AAAAA"", ""AAAAAAAA AAAAA"", ""AnA AAA AAAsAA"", ""AAAAAAAAA AAAAA"", ""AAAA AAAAA"", ""AAAAAAAAAA AAAAA"", ""AAAAAAAAAAA AAAAA""]","[6.86, 6.29, 4.59, 4.43, 4.36, 3.07, 3.0, 2.5, 2.12, 2.06]",AAAAAA AAAAA,ABRANG AGENT,YONGIE AGENT,JUNGGU AGENT,217.0,6.86,1
C:/projects/myproject/QDQM/DS_Input/Internal/ORGNIZATION.csv,ORGNIZATION.csv,영문조직명,,Master,481.0,2546.0,"[""AAAAAA AAAAA"", ""AAAAAAA AAAAA"", ""AnA AAAsAA"", ""AAAAA AAAAA"", ""AAAAAAAA AAAAA"", ""AnA AAA AAAsAA"", ""AAAAAAAAA AAAAA"", ""AAAA AAAAA"", ""AAAAAAAAAA AAAAA"", ""AAAAAAAAAAA AAAAA""]","[6.86, 6.29, 4.59, 4.43, 4.36, 3.07, 3.0, 2.5, 2.12, 2.06]",AAAAAAA AAAAA,ANJOONG AGENT,YULCHUN AGENT,KYEYANG AGENT,199.0,6.29,2
C:/projects/myproject/QDQM/DS_Input/Internal/ORGNIZATION.csv,ORGNIZATION.csv,영문조직명,,Master,481.0,2546.0,"[""AAAAAA AAAAA"", ""AAAAAAA AAAAA"", ""AnA AAAsAA"", ""AAAAA AAAAA"", ""AAAAAAAA AAAAA"", ""AnA AAA AAAsAA"", ""AAAAAAAAA AAAAA"", ""AAAA AAAAA"", ""AAAAAAAAAA AAAAA"", ""AAAAAAAAAAA AAAAA""]","[6.86, 6.29, 4.59, 4.43, 4.36, 3.07, 3.0, 2.5, 2.12, 2.06]",AnA AAAsAA,B2B ENG_NM,B2B ENG_NM,B2B ENG_NM,145.0,4.59,3
C:/projects/myproject/QDQM/DS_Input/Internal/ORGNIZATION.csv,ORGNIZATION.csv,우편번호,,Master,2.0,1547.0,"[""nnnnnn"", ""nnnnn""]","[56.54, 43.46]",nnnnnn,100060,999002,427060,1968.0,56.54,1
C:/projects/myproject/QDQM/DS_Input/Internal/ORGNIZATION.csv,ORGNIZATION.csv,우편번호,,Master,2.0,1547.0,"[""nnnnnn"", ""nnnnn""]","[56.54, 43.46]",nnnnn,01611,63628,22853,1513.0,43.46,2
C:/projects/myproject/QDQM/DS_Input/Internal/ORGNIZATION.csv,ORGNIZATION.csv,조직계약시작일자,YYYYMMDD,Master,3.0,567.0,"[""nnnnnnnn"", ""nnnnnn"", ""nnnnnnn""]","[99.75, 0.15, 0.1]",nnnnnnnn,19960801,20221020,20141201,1998.0,99.75,1
C:/projects/myproject/QDQM/DS_Input/Internal/ORGNIZATION.csv,ORGNIZATION.csv,조직계약시작일자,YYYYMMDD,Master,3.0,567.0,"[""nnnnnnnn"", ""nnnnnn"", ""nnnnnnn""]","[99.75, 0.15, 0.1]",nnnnnn,930201,990701,990621,3.0,0.15,2
C:/projects/myproject/QDQM/DS_Input/Internal/ORGNIZATION.csv,ORGNIZATION.csv,조직계약시작일자,YYYYMMDD,Master,3.0,567.0,"[""nnnnnnnn"", ""nnnnnn"", ""nnnnnnn""]","[99.75, 0.15, 0.1]",nnnnnnn,2009121,2013011,2013011,2.0,0.1,3
C:/projects/myproject/QDQM/DS_Input/Internal/ORGNIZATION.csv,ORGNIZATION.csv,조직계약종료일자,YYYYMMDD,Master,1.0,110.0,"[""nnnnnnnn""]",[100.0],nnnnnnnn,19991231,20260228,20190331,938.0,100.0,1
C:/projects/myproject/QDQM/DS_Input/Internal/ORGNIZATION.csv,ORGNIZATION.csv,조직관리유형코드,,Master,2.0,2.0,"[""AAAsAAAAAA"", ""AAAAAA""]","[64.72, 35.28]",AAAsAAAAAA,NON_DIRECT,NON_DIRECT,NON_DIRECT,2482.0,64.72,1
C:/projects/myproject/QDQM/DS_Input/Internal/ORGNIZATION.csv,ORGNIZATION.csv,조직관리유형코드,,Master,2.0,2.0,"[""AAAsAAAAAA"", ""AAAAAA""]","[64.72, 35.28]",AAAAAA,DIRECT,DIRECT,DIRECT,1353.0,35.28,2
C:/projects/myproject/QDQM/DS_Input/Internal/ORGNIZATION.csv,ORGNIZATION.csv,조직구분코드,,Master,10.0,15.0,"[""AAAAAAA"", ""AAA"", ""AAAAAA"", ""AAAAsAAAA"", ""AAAsAAAA"", ""AAAA"", ""AA"", ""AAAAA"", ""AAAsAAAsAA"", ""AAAAAAAA""]","[60.04, 17.73, 12.17, 5.92, 1.51, 1.25, 0.91, 0.42, 0.03, 0.03]",AAAAAAA,PICKDLV,PICKDLV,PICKDLV,2303.0,60.04,1
C:/projects/myproject/QDQM/DS_Input/Internal/ORGNIZATION.csv,ORGNIZATION.csv,조직구분코드,,Master,10.0,15.0,"[""AAAAAAA"", ""AAA"", ""AAAAAA"", ""AAAAsAAAA"", ""AAAsAAAA"", ""AAAA"", ""AA"", ""AAAAA"", ""AAAsAAAsAA"", ""AAAAAAAA""]","[60.04, 17.73, 12.17, 5.92, 1.51, 1.25, 0.91, 0.42, 0.03, 0.03]",AAA,AIR,VCC,TML,680.0,17.73,2
C:/projects/myproject/QDQM/DS_Input/Internal/ORGNIZATION.csv,ORGNIZATION.csv,조직구분코드,,Master,10.0,15.0,"[""AAAAAAA"", ""AAA"", ""AAAAAA"", ""AAAAsAAAA"", ""AAAsAAAA"", ""AAAA"", ""AA"", ""AAAAA"", ""AAAsAAAsAA"", ""AAAAAAAA""]","[60.04, 17.73, 12.17, 5.92, 1.51, 1.25, 0.91, 0.42, 0.03, 0.03]",AAAAAA,CENTER,CENTER,CENTER,467.0,12.17,3
C:/projects/myproject/QDQM/DS_Input/Internal/ORGNIZATION.csv,ORGNIZATION.csv,조직권역구분코드,,Master,1.0,8.0,"[""AA""]",[100.0],AA,CC,WR,CP,3822.0,100.0,1
C:/projects/myproject/QDQM/DS_Input/Internal/ORGNIZATION.csv,ORGNIZATION.csv,조직명,Text,Master,270.0,3643.0,"[""KK(K)"", ""KKKK(K)"", ""KK"", ""KKK(K)"", ""KKKK[KK]"", ""KKKK"", ""KK[KK]"", ""KKKKKK"", ""KKK"", ""AKK""]","[23.15, 9.05, 6.65, 6.6, 6.15, 4.04, 2.63, 2.16, 2.06, 1.75]",KK(K),가경(집),흥해(집),송탄(집),888.0,23.15,1
C:/projects/myproject/QDQM/DS_Input/Internal/ORGNIZATION.csv,ORGNIZATION.csv,조직명,Text,Master,270.0,3643.0,"[""KK(K)"", ""KKKK(K)"", ""KK"", ""KKK(K)"", ""KKKK[KK]"", ""KKKK"", ""KK[KK]"", ""KKKKKK"", ""KKK"", ""AKK""]","[23.15, 9.05, 6.65, 6.6, 6.15, 4.04, 2.63, 2.16, 2.06, 1.75]",KKKK(K),가고집하(대),화양농산(대),시흥중앙(대),347.0,9.05,2
C:/projects/myproject/QDQM/DS_Input/Internal/ORGNIZATION.csv,ORGNIZATION.csv,조직명,Text,Master,270.0,3643.0,"[""KK(K)"", ""KKKK(K)"", ""KK"", ""KKK(K)"", ""KKKK[KK]"", ""KKKK"", ""KK[KK]"", ""KKKKKK"", ""KKK"", ""AKK""]","[23.15, 9.05, 6.65, 6.6, 6.15, 4.04, 2.63, 2.16, 2.06, 1.75]",KK,가평,횡성,수정,255.0,6.65,3
C:/projects/myproject/QDQM/DS_Input/Internal/ORGNIZATION.csv,ORGNIZATION.csv,조직코드,UNIQUE,Master,11.0,3836.0,"[""nnnn"", ""nnn"", ""AAAAA"", ""AAAAAAA"", ""nnnnnn"", ""AAAA"", ""AA"", ""nnnnnnn"", ""nnnnn"", ""AAA""]","[78.96, 14.52, 2.4, 2.4, 1.02, 0.42, 0.13, 0.05, 0.05, 0.03]",nnnn,0000,9999,4633,3029.0,78.96,1
C:/projects/myproject/QDQM/DS_Input/Internal/ORGNIZATION.csv,ORGNIZATION.csv,조직코드,UNIQUE,Master,11.0,3836.0,"[""nnnn"", ""nnn"", ""AAAAA"", ""AAAAAAA"", ""nnnnnn"", ""AAAA"", ""AA"", ""nnnnnnn"", ""nnnnn"", ""AAA""]","[78.96, 14.52, 2.4, 2.4, 1.02, 0.42, 0.13, 0.05, 0.05, 0.03]",nnn,000,999,590,557.0,14.52,2
C:/projects/myproject/QDQM/DS_Input/Internal/ORGNIZATION.csv,ORGNIZATION.csv,조직코드,UNIQUE,Master,11.0,3836.0,"[""nnnn"", ""nnn"", ""AAAAA"", ""AAAAAAA"", ""nnnnnn"", ""AAAA"", ""AA"", ""nnnnnnn"", ""nnnnn"", ""AAA""]","[78.96, 14.52, 2.4, 2.4, 1.02, 0.42, 0.13, 0.05, 0.05, 0.03]",AAAAA,ADGBR,YSNBR,MPOBR,92.0,2.4,3
C:/projects/myproject/QDQM/DS_Input/Internal/ORGNIZATION.csv,ORGNIZATION.csv,조직폐쇄일자,YYYYMMDD,Master,1.0,201.0,"[""nnnnnnnn""]",[100.0],nnnnnnnn,20000731,20231206,20131205,1068.0,100.0,1
C:/projects/myproject/QDQM/DS_Input/Internal/ORGNIZATION.csv,ORGNIZATION.csv,좌표구분코드,,Master,2.0,2.0,"[""AAAAAA"", ""AAAnn""]","[56.78, 43.22]",AAAAAA,KATECH,KATECH,KATECH,687.0,56.78,1
C:/projects/myproject/QDQM/DS_Input/Internal/ORGNIZATION.csv,ORGNIZATION.csv,좌표구분코드,,Master,2.0,2.0,"[""AAAAAA"", ""AAAnn""]","[56.78, 43.22]",AAAnn,WGS84,WGS84,WGS84,523.0,43.22,2
C:/projects/myproject/QDQM/DS_Input/Internal/ORGNIZATION.csv,ORGNIZATION.csv,최수정일시,,Master,1.0,914.0,"[""nn:nn""]",[100.0],nn:nn,00:00.0,59:58.0,00:00.0,3528.0,100.0,1
C:/projects/myproject/QDQM/DS_Input/Internal/ORGNIZATION.csv,ORGNIZATION.csv,최종수정자,,Master,1.0,311.0,"[""nnnnnnn""]",[100.0],nnnnnnn,0010021,9900284,1210952,3520.0,100.0,1
C:/projects/myproject/QDQM/DS_Input/Internal/ORGNIZATION.csv,ORGNIZATION.csv,팩스번호,,Master,23.0,680.0,"[""nnnnnnnnnn"", ""nnn-nnn-nnnn"", ""nnnnnnnnnnn"", ""nn-nnn-nnnn"", ""nnn)nnn-nnnn"", ""nn"", ""nnnnnnnnn"", ""nn-nnnn-nnnn"", ""nnn"", ""nnn-nnnn-nnnn""]","[53.65, 16.89, 6.25, 4.91, 4.46, 3.65, 3.42, 2.6, 1.71, 0.6]",nnnnnnnnnn,0000000000,0649008019,0416331013,721.0,53.65,1
C:/projects/myproject/QDQM/DS_Input/Internal/ORGNIZATION.csv,ORGNIZATION.csv,팩스번호,,Master,23.0,680.0,"[""nnnnnnnnnn"", ""nnn-nnn-nnnn"", ""nnnnnnnnnnn"", ""nn-nnn-nnnn"", ""nnn)nnn-nnnn"", ""nn"", ""nnnnnnnnn"", ""nn-nnnn-nnnn"", ""nnn"", ""nnn-nnnn-nnnn""]","[53.65, 16.89, 6.25, 4.91, 4.46, 3.65, 3.42, 2.6, 1.71, 0.6]",nnn-nnn-nnnn,011-607-3492,064-762-6700,051-502-6360,227.0,16.89,2
C:/projects/myproject/QDQM/DS_Input/Internal/ORGNIZATION.csv,ORGNIZATION.csv,팩스번호,,Master,23.0,680.0,"[""nnnnnnnnnn"", ""nnn-nnn-nnnn"", ""nnnnnnnnnnn"", ""nn-nnn-nnnn"", ""nnn)nnn-nnnn"", ""nn"", ""nnnnnnnnn"", ""nn-nnnn-nnnn"", ""nnn"", ""nnn-nnnn-nnnn""]","[53.65, 16.89, 6.25, 4.91, 4.46, 3.65, 3.42, 2.6, 1.71, 0.6]",nnnnnnnnnnn,01000000000,07088209133,03434612074,84.0,6.25,3
C:/projects/myproject/QDQM/DS_Input/Internal/PII샘플데이터.csv,PII샘플데이터.csv,ADID_GAID,UNIQUE,Master,17.0,30.0,"[""nananana-nana-nnan-a"", ""nananana-nana-nana-n"", ""nnnnnnnn-nnnn-nnnn-n"", ""anananan-anan-nana-n"", ""anananan-anan-nnan-a"", ""nananana-nana-nnna-n"", ""nananana-nana-nnan-n"", ""anananan-anan-nnan-n"", ""naannana-nnan-nana-n"", ""annaanna-nnaa-nnnn-a""]","[13.33, 10.0, 10.0, 10.0, 6.67, 6.67, 6.67, 6.67, 3.33, 3.33]",nananana-nana-nnan-a,0f1e2d3c-4b5a-49f8-e7d6-c5b4a3928107,5a6b7c8d-9e0f-41a2-b3c4-d5e6f7a8b9c0,3a4b5c6d-7e8f-49a0-b1c2-d3e4f5a6b7c8,4.0,13.33,1
C:/projects/myproject/QDQM/DS_Input/Internal/PII샘플데이터.csv,PII샘플데이터.csv,ADID_GAID,UNIQUE,Master,17.0,30.0,"[""nananana-nana-nnan-a"", ""nananana-nana-nana-n"", ""nnnnnnnn-nnnn-nnnn-n"", ""anananan-anan-nana-n"", ""anananan-anan-nnan-a"", ""nananana-nana-nnna-n"", ""nananana-nana-nnan-n"", ""anananan-anan-nnan-n"", ""naannana-nnan-nana-n"", ""annaanna-nnaa-nnnn-a""]","[13.33, 10.0, 10.0, 10.0, 6.67, 6.67, 6.67, 6.67, 3.33, 3.33]",nananana-nana-nana-n,1b2c3d4e-5f6a-4b7c-8d9e-0f1a2b3c4d5e,9a8b7c6d-5e4f-4a3b-2c1d-0e9f8a7b6c5d,8c9d0e1f-2a3b-4c5d-6e7f-8a9b0c1d2e3f,3.0,10.0,2
C:/projects/myproject/QDQM/DS_Input/Internal/PII샘플데이터.csv,PII샘플데이터.csv,ADID_GAID,UNIQUE,Master,17.0,30.0,"[""nananana-nana-nnan-a"", ""nananana-nana-nana-n"", ""nnnnnnnn-nnnn-nnnn-n"", ""anananan-anan-nana-n"", ""anananan-anan-nnan-a"", ""nananana-nana-nnna-n"", ""nananana-nana-nnan-n"", ""anananan-anan-nnan-n"", ""naannana-nnan-nana-n"", ""annaanna-nnaa-nnnn-a""]","[13.33, 10.0, 10.0, 10.0, 6.67, 6.67, 6.67, 6.67, 3.33, 3.33]",nnnnnnnn-nnnn-nnnn-n,00112233-4455-4667-8899-aabbccddeeff,99887766-5544-4332-2211-00aabbccdde3,22334455-6677-4889-9aa0-bbccddeeff11,3.0,10.0,3
C:/projects/myproject/QDQM/DS_Input/Internal/PII샘플데이터.csv,PII샘플데이터.csv,ADID_IDFA,UNIQUE,Master,20.0,29.0,"[""AnAnAnAn-AnAn-nAnA-n"", ""nnnnnnnn-nnnn-nnnn-n"", ""AnAnAnnn-nnnn-nnnn-n"", ""AAnAnAnn-nAnA-nnAn-A"", ""nnnnnnnn-nAAA-nAAA-A"", ""nAnAnAnA-nAnA-nnAn-n"", ""nAAnnAnA-nnAn-nAnA-n"", ""nAnnAnnA-nnAA-nnnn-A"", ""nnnAnnnn-AnnA-nnAn-A"", ""nnnnnnnn-nnAA-nAAA-A""]","[17.24, 17.24, 6.9, 3.45, 3.45, 3.45, 3.45, 3.45, 3.45, 3.45]",AnAnAnAn-AnAn-nAnA-n,A1B2C3D4-E5F6-4A7B-8C9D-E0F1A2B3C4D5,E4D3C2B1-A0F9-4E8D-7C6B-5A4f3E2D1C0B,B0C1D2E3-F4A5-4B6C-7D8E-9F0A1B2C3D4E,5.0,17.24,1
C:/projects/myproject/QDQM/DS_Input/Internal/PII샘플데이터.csv,PII샘플데이터.csv,ADID_IDFA,UNIQUE,Master,20.0,29.0,"[""AnAnAnAn-AnAn-nAnA-n"", ""nnnnnnnn-nnnn-nnnn-n"", ""AnAnAnnn-nnnn-nnnn-n"", ""AAnAnAnn-nAnA-nnAn-A"", ""nnnnnnnn-nAAA-nAAA-A"", ""nAnAnAnA-nAnA-nnAn-n"", ""nAAnnAnA-nnAn-nAnA-n"", ""nAnnAnnA-nnAA-nnnn-A"", ""nnnAnnnn-AnnA-nnAn-A"", ""nnnnnnnn-nnAA-nAAA-A""]","[17.24, 17.24, 6.9, 3.45, 3.45, 3.45, 3.45, 3.45, 3.45, 3.45]",nnnnnnnn-nnnn-nnnn-n,00112233-4455-4667-8899-AABBCCDDEEFF,99887766-5544-4332-2211-00AABBCCDDE3,77491023-5562-4710-3381-029485710293,5.0,17.24,2
C:/projects/myproject/QDQM/DS_Input/Internal/PII샘플데이터.csv,PII샘플데이터.csv,ADID_IDFA,UNIQUE,Master,20.0,29.0,"[""AnAnAnAn-AnAn-nAnA-n"", ""nnnnnnnn-nnnn-nnnn-n"", ""AnAnAnnn-nnnn-nnnn-n"", ""AAnAnAnn-nAnA-nnAn-A"", ""nnnnnnnn-nAAA-nAAA-A"", ""nAnAnAnA-nAnA-nnAn-n"", ""nAAnnAnA-nnAn-nAnA-n"", ""nAnnAnnA-nnAA-nnnn-A"", ""nnnAnnnn-AnnA-nnAn-A"", ""nnnnnnnn-nnAA-nAAA-A""]","[17.24, 17.24, 6.9, 3.45, 3.45, 3.45, 3.45, 3.45, 3.45, 3.45]",AnAnAnnn-nnnn-nnnn-n,A4E3F012-3456-4789-9102-837465192834,F4F5E811-2233-4455-6677-8899AABBCCDD,F4F5E811-2233-4455-6677-8899AABBCCDD,2.0,6.9,3
C:/projects/myproject/QDQM/DS_Input/Internal/PII샘플데이터.csv,PII샘플데이터.csv,Bank,,Master,6.0,16.0,"[""KK"", ""KK/KK"", ""KKKK"", ""KK(KK)"", ""KKKKK"", ""KKK""]","[53.85, 19.23, 15.38, 3.85, 3.85, 3.85]",KK,국민,하나,신한,14.0,53.85,1
C:/projects/myproject/QDQM/DS_Input/Internal/PII샘플데이터.csv,PII샘플데이터.csv,Bank,,Master,6.0,16.0,"[""KK"", ""KK/KK"", ""KKKK"", ""KK(KK)"", ""KKKKK"", ""KKK""]","[53.85, 19.23, 15.38, 3.85, 3.85, 3.85]",KK/KK,기업/우리,하나/외환,농협/특수,5.0,19.23,2
C:/projects/myproject/QDQM/DS_Input/Internal/PII샘플데이터.csv,PII샘플데이터.csv,Bank,,Master,6.0,16.0,"[""KK"", ""KK/KK"", ""KKKK"", ""KK(KK)"", ""KKKKK"", ""KKK""]","[53.85, 19.23, 15.38, 3.85, 3.85, 3.85]",KKKK,기업은행,토스뱅크,단위농협,4.0,15.38,3
C:/projects/myproject/QDQM/DS_Input/Internal/PII샘플데이터.csv,PII샘플데이터.csv,Driver_License,UNIQUE,Master,2.0,30.0,"[""nn-nn-nnnnnn-nn"", ""KK-nn-nnnnnn-nn""]","[50.0, 50.0]",nn-nn-nnnnnn-nn,11-26-123456-78,25-26-339201-88,18-26-123456-77,15.0,50.0,1
C:/projects/myproject/QDQM/DS_Input/Internal/PII샘플데이터.csv,PII샘플데이터.csv,Driver_License,UNIQUE,Master,2.0,30.0,"[""nn-nn-nnnnnn-nn"", ""KK-nn-nnnnnn-nn""]","[50.0, 50.0]",KK-nn-nnnnnn-nn,강원-26-112039-44,충북-26-445102-99,부산-26-619003-88,15.0,50.0,2
C:/projects/myproject/QDQM/DS_Input/Internal/PII샘플데이터.csv,PII샘플데이터.csv,Email,UNIQUE,Master,28.0,30.0,"[""aaaaaaasaaaa@aaaaaaa"", ""aaaaaasaaaaa@aaaaaaa"", ""aaaann@aaaaa.aaa"", ""aaaaaaa.aaaa@aaaaaaa"", ""aaaaasaaa@aaaa.aaa"", ""aaaaaaaasaaaa@aaaaaa"", ""aaaaaaaasaaa@aaaaaa."", ""aaaaaaasnnnn@aaaaaaa"", ""aaaaaaa@aaaaaaa.aa"", ""aaaaaaasnn@aaaaaaaaa""]","[6.67, 6.67, 3.33, 3.33, 3.33, 3.33, 3.33, 3.33, 3.33, 3.33]",aaaaaaasaaaa@aaaaaaa,billing_info@service.com,patient_care@hospital.org,patient_care@hospital.org,2.0,6.67,1
C:/projects/myproject/QDQM/DS_Input/Internal/PII샘플데이터.csv,PII샘플데이터.csv,Email,UNIQUE,Master,28.0,30.0,"[""aaaaaaasaaaa@aaaaaaa"", ""aaaaaasaaaaa@aaaaaaa"", ""aaaann@aaaaa.aaa"", ""aaaaaaa.aaaa@aaaaaaa"", ""aaaaasaaa@aaaa.aaa"", ""aaaaaaaasaaaa@aaaaaa"", ""aaaaaaaasaaa@aaaaaa."", ""aaaaaaasnnnn@aaaaaaa"", ""aaaaaaa@aaaaaaa.aa"", ""aaaaaaasnn@aaaaaaaaa""]","[6.67, 6.67, 3.33, 3.33, 3.33, 3.33, 3.33, 3.33, 3.33, 3.33]",aaaaaasaaaaa@aaaaaaa,secret_agent@protonmail.com,secure_login@security.io,secure_login@security.io,2.0,6.67,2
C:/projects/myproject/QDQM/DS_Input/Internal/PII샘플데이터.csv,PII샘플데이터.csv,Email,UNIQUE,Master,28.0,30.0,"[""aaaaaaasaaaa@aaaaaaa"", ""aaaaaasaaaaa@aaaaaaa"", ""aaaann@aaaaa.aaa"", ""aaaaaaa.aaaa@aaaaaaa"", ""aaaaasaaa@aaaa.aaa"", ""aaaaaaaasaaaa@aaaaaa"", ""aaaaaaaasaaa@aaaaaa."", ""aaaaaaasnnnn@aaaaaaa"", ""aaaaaaa@aaaaaaa.aa"", ""aaaaaaasnn@aaaaaaaaa""]","[6.67, 6.67, 3.33, 3.33, 3.33, 3.33, 3.33, 3.33, 3.33, 3.33]",aaaann@aaaaa.aaa,user01@gmail.com,user01@gmail.com,user01@gmail.com,1.0,3.33,3
C:/projects/myproject/QDQM/DS_Input/Internal/PII샘플데이터.csv,PII샘플데이터.csv,Gender,Num_Flag,Master,1.0,2.0,"[""n""]",[100.0],n,1,2,1,30.0,100.0,1
C:/projects/myproject/QDQM/DS_Input/Internal/PII샘플데이터.csv,PII샘플데이터.csv,IP 주소,,Master,14.0,17.0,"[""n.n.n.n"", ""nnnn:naan:nnan:nnnn:"", ""aann::naa:aann:nnnn:"", ""nnn.n.n.nn"", ""nnn.nnn.n.n"", ""nnn.nn.nnn.n"", ""nn.n.n.nn"", ""nnn.n.n.n"", ""nnn.nnn.nn.nn"", ""nn.nn.nn.nnn""]","[20.0, 10.0, 10.0, 10.0, 5.0, 5.0, 5.0, 5.0, 5.0, 5.0]",n.n.n.n,1.1.1.1,8.8.8.9,8.8.8.8,4.0,20.0,1
C:/projects/myproject/QDQM/DS_Input/Internal/PII샘플데이터.csv,PII샘플데이터.csv,IP 주소,,Master,14.0,17.0,"[""n.n.n.n"", ""nnnn:naan:nnan:nnnn:"", ""aann::naa:aann:nnnn:"", ""nnn.n.n.nn"", ""nnn.nnn.n.n"", ""nnn.nn.nnn.n"", ""nn.n.n.nn"", ""nnn.n.n.n"", ""nnn.nnn.nn.nn"", ""nn.nn.nn.nnn""]","[20.0, 10.0, 10.0, 10.0, 5.0, 5.0, 5.0, 5.0, 5.0, 5.0]",nnnn:naan:nnan:nnnn:,2001:0db8:85a3:0000:0000:8a2e:0370:7334,2001:0db8:85a3:0000:0000:8a2e:0370:7334,2001:0db8:85a3:0000:0000:8a2e:0370:7334,2.0,10.0,2
C:/projects/myproject/QDQM/DS_Input/Internal/PII샘플데이터.csv,PII샘플데이터.csv,IP 주소,,Master,14.0,17.0,"[""n.n.n.n"", ""nnnn:naan:nnan:nnnn:"", ""aann::naa:aann:nnnn:"", ""nnn.n.n.nn"", ""nnn.nnn.n.n"", ""nnn.nn.nnn.n"", ""nn.n.n.nn"", ""nnn.n.n.n"", ""nnn.nnn.nn.nn"", ""nn.nn.nn.nnn""]","[20.0, 10.0, 10.0, 10.0, 5.0, 5.0, 5.0, 5.0, 5.0, 5.0]",aann::naa:aann:nnnn:,fe80::1ff:fe23:4567:890a,fe80::1ff:fe23:4567:890a,fe80::1ff:fe23:4567:890a,2.0,10.0,3
C:/projects/myproject/QDQM/DS_Input/Internal/PII샘플데이터.csv,PII샘플데이터.csv,MAC 주소 (Sample),,Master,10.0,13.0,"[""nn:nA:nA:nA:nA:nA"", ""An:An:An:nn:nn:nn"", ""nn:nn:nn:nA:An:An"", ""AA-AA-AA-AA-AA-AA"", ""nn:nn:nn:nn:nn:nn"", ""nn-nn-nn-An-nn-nn"", ""nnnA.nAnA.nAnA"", ""nAnn.nnAn.AnAn"", ""nnnnnnnnnn"", ""an:an:an:nn:nn:nn""]","[10.0, 10.0, 10.0, 10.0, 10.0, 10.0, 10.0, 10.0, 10.0, 10.0]",nn:nA:nA:nA:nA:nA,00:1A:2B:3C:4D:5A,00:1A:2B:3C:4D:5E,00:1A:2B:3C:4D:5E,2.0,10.0,1
C:/projects/myproject/QDQM/DS_Input/Internal/PII샘플데이터.csv,PII샘플데이터.csv,MAC 주소 (Sample),,Master,10.0,13.0,"[""nn:nA:nA:nA:nA:nA"", ""An:An:An:nn:nn:nn"", ""nn:nn:nn:nA:An:An"", ""AA-AA-AA-AA-AA-AA"", ""nn:nn:nn:nn:nn:nn"", ""nn-nn-nn-An-nn-nn"", ""nnnA.nAnA.nAnA"", ""nAnn.nnAn.AnAn"", ""nnnnnnnnnn"", ""an:an:an:nn:nn:nn""]","[10.0, 10.0, 10.0, 10.0, 10.0, 10.0, 10.0, 10.0, 10.0, 10.0]",An:An:An:nn:nn:nn,A4:C3:F0:12:34:56,A4:C3:F0:12:34:57,A4:C3:F0:12:34:57,2.0,10.0,2
C:/projects/myproject/QDQM/DS_Input/Internal/PII샘플데이터.csv,PII샘플데이터.csv,MAC 주소 (Sample),,Master,10.0,13.0,"[""nn:nA:nA:nA:nA:nA"", ""An:An:An:nn:nn:nn"", ""nn:nn:nn:nA:An:An"", ""AA-AA-AA-AA-AA-AA"", ""nn:nn:nn:nn:nn:nn"", ""nn-nn-nn-An-nn-nn"", ""nnnA.nAnA.nAnA"", ""nAnn.nnAn.AnAn"", ""nnnnnnnnnn"", ""an:an:an:nn:nn:nn""]","[10.0, 10.0, 10.0, 10.0, 10.0, 10.0, 10.0, 10.0, 10.0, 10.0]",nn:nn:nn:nA:An:An,08:00:27:7A:B2:C1,08:00:27:7A:B2:C2,08:00:27:7A:B2:C2,2.0,10.0,3
C:/projects/myproject/QDQM/DS_Input/Internal/PII샘플데이터.csv,PII샘플데이터.csv,MOBILE,CELLPHONE,Master,4.0,30.0,"[""nnn-nnnn-nnnn"", ""nnnnnnnnnnn"", ""nnn.nnnn.nnnn"", ""nnn nnnn nnnn""]","[63.33, 16.67, 10.0, 10.0]",nnn-nnnn-nnnn,010-2233-4455,010-9876-5432,010-5502-9384,19.0,63.33,1
C:/projects/myproject/QDQM/DS_Input/Internal/PII샘플데이터.csv,PII샘플데이터.csv,MOBILE,CELLPHONE,Master,4.0,30.0,"[""nnn-nnnn-nnnn"", ""nnnnnnnnnnn"", ""nnn.nnnn.nnnn"", ""nnn nnnn nnnn""]","[63.33, 16.67, 10.0, 10.0]",nnnnnnnnnnn,01041223344,01081029384,01066710293,5.0,16.67,2
C:/projects/myproject/QDQM/DS_Input/Internal/PII샘플데이터.csv,PII샘플데이터.csv,MOBILE,CELLPHONE,Master,4.0,30.0,"[""nnn-nnnn-nnnn"", ""nnnnnnnnnnn"", ""nnn.nnnn.nnnn"", ""nnn nnnn nnnn""]","[63.33, 16.67, 10.0, 10.0]",nnn.nnnn.nnnn,010.4450.2918,010.9328.8471,010.5562.7103,3.0,10.0,3
C:/projects/myproject/QDQM/DS_Input/Internal/PII샘플데이터.csv,PII샘플데이터.csv,NetworkID,UNIQUE,Master,29.0,30.0,"[""n.n.n.n"", ""nnn.nnn.n.n"", ""nnnA.nAnA.nAnA"", ""AA-AAAAAA-AAAA-nn"", ""aaaaaa-aaaaaaa-aaa"", ""AsAaaasAaAasAaaa"", ""AAsAaAasAAAAsnAsnnA"", ""nnnannnn-anna-nnan-a"", ""annaanna-nnaa-nnnn-a"", ""nnn-nn-nnnnnnnnn""]","[6.67, 3.33, 3.33, 3.33, 3.33, 3.33, 3.33, 3.33, 3.33, 3.33]",n.n.n.n,1.1.1.1,8.8.8.8,8.8.8.8,2.0,6.67,1
C:/projects/myproject/QDQM/DS_Input/Internal/PII샘플데이터.csv,PII샘플데이터.csv,NetworkID,UNIQUE,Master,29.0,30.0,"[""n.n.n.n"", ""nnn.nnn.n.n"", ""nnnA.nAnA.nAnA"", ""AA-AAAAAA-AAAA-nn"", ""aaaaaa-aaaaaaa-aaa"", ""AsAaaasAaAasAaaa"", ""AAsAaAasAAAAsnAsnnA"", ""nnnannnn-anna-nnan-a"", ""annaanna-nnaa-nnnn-a"", ""nnn-nn-nnnnnnnnn""]","[6.67, 3.33, 3.33, 3.33, 3.33, 3.33, 3.33, 3.33, 3.33, 3.33]",nnn.nnn.n.n,192.168.0.1,192.168.0.1,192.168.0.1,1.0,3.33,2
C:/projects/myproject/QDQM/DS_Input/Internal/PII샘플데이터.csv,PII샘플데이터.csv,NetworkID,UNIQUE,Master,29.0,30.0,"[""n.n.n.n"", ""nnn.nnn.n.n"", ""nnnA.nAnA.nAnA"", ""AA-AAAAAA-AAAA-nn"", ""aaaaaa-aaaaaaa-aaa"", ""AsAaaasAaAasAaaa"", ""AAsAaAasAAAAsnAsnnA"", ""nnnannnn-anna-nnan-a"", ""annaanna-nnaa-nnnn-a"", ""nnn-nn-nnnnnnnnn""]","[6.67, 3.33, 3.33, 3.33, 3.33, 3.33, 3.33, 3.33, 3.33, 3.33]",nnnA.nAnA.nAnA,001A.2B3C.4D5E,001A.2B3C.4D5E,001A.2B3C.4D5E,1.0,3.33,3
C:/projects/myproject/QDQM/DS_Input/Internal/PII샘플데이터.csv,PII샘플데이터.csv,Tel,UNIQUE,Master,3.0,30.0,"[""nnn-nnn-nnnn"", ""nn-nnn-nnnn"", ""nn-nnnn-nnnn""]","[93.33, 3.33, 3.33]",nnn-nnn-nnnn,031-223-4491,064-290-5513,051-449-2203,28.0,93.33,1
C:/projects/myproject/QDQM/DS_Input/Internal/PII샘플데이터.csv,PII샘플데이터.csv,Tel,UNIQUE,Master,3.0,30.0,"[""nnn-nnn-nnnn"", ""nn-nnn-nnnn"", ""nn-nnnn-nnnn""]","[93.33, 3.33, 3.33]",nn-nnn-nnnn,02-123-4567,02-123-4567,02-123-4567,1.0,3.33,2
C:/projects/myproject/QDQM/DS_Input/Internal/PII샘플데이터.csv,PII샘플데이터.csv,Tel,UNIQUE,Master,3.0,30.0,"[""nnn-nnn-nnnn"", ""nn-nnn-nnnn"", ""nn-nnnn-nnnn""]","[93.33, 3.33, 3.33]",nn-nnnn-nnnn,02-9876-5432,02-9876-5432,02-9876-5432,1.0,3.33,3
C:/projects/myproject/QDQM/DS_Input/Internal/PII샘플데이터.csv,PII샘플데이터.csv,계좌번호 (Account),UNIQUE,Master,11.0,30.0,"[""nnn-nnnn-nnnn-nn"", ""nnn-nnn-nnnnnn"", ""nnn-nn-nnnnnnn"", ""nnnn-nnn-nnnnnn"", ""nnn-nn-nnnnnn"", ""nnn-nnnnnn-nnn"", ""nnnn-nn-nnnnnnn"", ""nnnn-nnnn-nnnn"", ""nnnnnn-nn-nnnnnn"", ""nnn-nnnnnn-nn-nnn""]","[23.33, 13.33, 13.33, 10.0, 10.0, 6.67, 6.67, 6.67, 3.33, 3.33]",nnn-nnnn-nnnn-nn,010-2293-4481-02,352-1102-3394-81,301-0012-3384-91,7.0,23.33,1
C:/projects/myproject/QDQM/DS_Input/Internal/PII샘플데이터.csv,PII샘플데이터.csv,계좌번호 (Account),UNIQUE,Master,11.0,30.0,"[""nnn-nnnn-nnnn-nn"", ""nnn-nnn-nnnnnn"", ""nnn-nn-nnnnnnn"", ""nnnn-nnn-nnnnnn"", ""nnn-nn-nnnnnn"", ""nnn-nnnnnn-nnn"", ""nnnn-nn-nnnnnnn"", ""nnnn-nnnn-nnnn"", ""nnnnnn-nn-nnnnnn"", ""nnn-nnnnnn-nn-nnn""]","[23.33, 13.33, 13.33, 10.0, 10.0, 6.67, 6.67, 6.67, 3.33, 3.33]",nnn-nnn-nnnnnn,100-020-339481,110-992-003841,110-339-448102,4.0,13.33,2
C:/projects/myproject/QDQM/DS_Input/Internal/PII샘플데이터.csv,PII샘플데이터.csv,계좌번호 (Account),UNIQUE,Master,11.0,30.0,"[""nnn-nnnn-nnnn-nn"", ""nnn-nnn-nnnnnn"", ""nnn-nn-nnnnnnn"", ""nnnn-nnn-nnnnnn"", ""nnn-nn-nnnnnn"", ""nnn-nnnnnn-nnn"", ""nnnn-nn-nnnnnnn"", ""nnnn-nnnn-nnnn"", ""nnnnnn-nn-nnnnnn"", ""nnn-nnnnnn-nn-nnn""]","[23.33, 13.33, 13.33, 10.0, 10.0, 6.67, 6.67, 6.67, 3.33, 3.33]",nnn-nn-nnnnnnn,011-22-3344556,043-99-1120394,043-11-0293841,4.0,13.33,3
C:/projects/myproject/QDQM/DS_Input/Internal/PII샘플데이터.csv,PII샘플데이터.csv,고객명,KOR_NAME,Master,1.0,30.0,"[""KKK""]",[100.0],KKK,강하제,황조어,이손임,30.0,100.0,1
C:/projects/myproject/QDQM/DS_Input/Internal/PII샘플데이터.csv,PII샘플데이터.csv,고객주소,ADDRESS,Master,21.0,30.0,"[""KK KKK KKK nnn-nKK"", ""KK KKK KKK nnn-nn"", ""KKK KKK KK nn"", ""KK KKK KKK nnn-n"", ""KK KKK KKKK KKK nn"", ""KK KKK KKKnnnn-n"", ""KK KKK KnK nnnnsnnnn"", ""KK KKK KKKnnnn-nnn"", ""KK KKK KKKnn-n"", ""KK KKK KKKnnn-nn""]","[10.0, 10.0, 10.0, 6.67, 6.67, 6.67, 3.33, 3.33, 3.33, 3.33]",KK KKK KKK nnn-nKK,강원 강릉시 노암동 266-4번지,강원 동해시 북평동 151-8번지,강원 강릉시 입암동 238-5번지,3.0,10.0,1
C:/projects/myproject/QDQM/DS_Input/Internal/PII샘플데이터.csv,PII샘플데이터.csv,고객주소,ADDRESS,Master,21.0,30.0,"[""KK KKK KKK nnn-nKK"", ""KK KKK KKK nnn-nn"", ""KKK KKK KK nn"", ""KK KKK KKK nnn-n"", ""KK KKK KKKK KKK nn"", ""KK KKK KKKnnnn-n"", ""KK KKK KnK nnnnsnnnn"", ""KK KKK KKKnnnn-nnn"", ""KK KKK KKKnn-n"", ""KK KKK KKKnnn-nn""]","[10.0, 10.0, 10.0, 6.67, 6.67, 6.67, 3.33, 3.33, 3.33, 3.33]",KK KKK KKK nnn-nn,강원 강릉시 임당동 103-18,강원 동해시 발한동 580-53,강원 동해시 발한동 216-37,3.0,10.0,2
C:/projects/myproject/QDQM/DS_Input/Internal/PII샘플데이터.csv,PII샘플데이터.csv,고객주소,ADDRESS,Master,21.0,30.0,"[""KK KKK KKK nnn-nKK"", ""KK KKK KKK nnn-nn"", ""KKK KKK KK nn"", ""KK KKK KKK nnn-n"", ""KK KKK KKKK KKK nn"", ""KK KKK KKKnnnn-n"", ""KK KKK KnK nnnnsnnnn"", ""KK KKK KKKnnnn-nnn"", ""KK KKK KKKnn-n"", ""KK KKK KKKnnn-nn""]","[10.0, 10.0, 10.0, 6.67, 6.67, 6.67, 3.33, 3.33, 3.33, 3.33]",KKK KKK KK nn,강원도 강릉시 교동 １８,강원도 강릉시 홍제 ９９,강원도 강릉시 교동 ７０,3.0,10.0,3
C:/projects/myproject/QDQM/DS_Input/Internal/PII샘플데이터.csv,PII샘플데이터.csv,구분,,Master,2.0,3.0,"[""KK/KK"", ""KKK""]","[70.0, 30.0]",KK/KK,신념/종교,신체/건강,신체/건강,21.0,70.0,1
C:/projects/myproject/QDQM/DS_Input/Internal/PII샘플데이터.csv,PII샘플데이터.csv,구분,,Master,2.0,3.0,"[""KK/KK"", ""KKK""]","[70.0, 30.0]",KKK,사회적,사회적,사회적,9.0,30.0,2
C:/projects/myproject/QDQM/DS_Input/Internal/PII샘플데이터.csv,PII샘플데이터.csv,기타샘플데이터,Text,Master,28.0,30.0,"[""KKKK KKKK KK"", ""KK KK KK KK (nnnn)"", ""KKK: Aas AAK"", ""KK: KKK (KKK)"", ""KKKK KK KK (nnKK)"", ""KK nnnaa / KK nnaa"", ""KK KK KKKK KK"", ""KKKK KK KK KK"", ""KK (KK KK KK)"", ""KKKK (KK KK KK)""]","[6.67, 6.67, 3.33, 3.33, 3.33, 3.33, 3.33, 3.33, 3.33, 3.33]",KKKK KKKK KK,성소수자 인권단체 후원,한국노총 공공연맹 소속,한국노총 공공연맹 소속,2.0,6.67,1
C:/projects/myproject/QDQM/DS_Input/Internal/PII샘플데이터.csv,PII샘플데이터.csv,기타샘플데이터,Text,Master,28.0,30.0,"[""KKKK KKKK KK"", ""KK KK KK KK (nnnn)"", ""KKK: Aas AAK"", ""KK: KKK (KKK)"", ""KKKK KK KK (nnKK)"", ""KK nnnaa / KK nnaa"", ""KK KK KKKK KK"", ""KKKK KK KK KK"", ""KK (KK KK KK)"", ""KKKK (KK KK KK)""]","[6.67, 6.67, 3.33, 3.33, 3.33, 3.33, 3.33, 3.33, 3.33, 3.33]",KK KK KK KK (nnnn),라식 수술 이력 있음 (2022),특정 정당 당원 가입 (2024),특정 정당 당원 가입 (2024),2.0,6.67,2
C:/projects/myproject/QDQM/DS_Input/Internal/PII샘플데이터.csv,PII샘플데이터.csv,기타샘플데이터,Text,Master,28.0,30.0,"[""KKKK KKKK KK"", ""KK KK KK KK (nnnn)"", ""KKK: Aas AAK"", ""KK: KKK (KKK)"", ""KKKK KK KK (nnKK)"", ""KK nnnaa / KK nnaa"", ""KK KK KKKK KK"", ""KKKK KK KK KK"", ""KK (KK KK KK)"", ""KKKK (KK KK KK)""]","[6.67, 6.67, 3.33, 3.33, 3.33, 3.33, 3.33, 3.33, 3.33, 3.33]",KKK: Aas AAK,혈액형: Rh+ AB형,혈액형: Rh+ AB형,혈액형: Rh+ AB형,1.0,3.33,3
C:/projects/myproject/QDQM/DS_Input/Internal/PII샘플데이터.csv,PII샘플데이터.csv,나이,,Master,1.0,17.0,"[""nn""]",[100.0],nn,30,83,51,30.0,100.0,1
C:/projects/myproject/QDQM/DS_Input/Internal/PII샘플데이터.csv,PII샘플데이터.csv,대상 정보 (생년월일 / 성별 구분),,Master,2.0,29.0,"[""nnnnKK KK (KKK)"", ""nnnnKK KK (KKK KKKK ""]","[86.67, 13.33]",nnnnKK KK (KKK),1974년생 여성 (내국인),2007년생 여성 (내국인),1995년생 남성 (내국인),26.0,86.67,1
C:/projects/myproject/QDQM/DS_Input/Internal/PII샘플데이터.csv,PII샘플데이터.csv,대상 정보 (생년월일 / 성별 구분),,Master,2.0,29.0,"[""nnnnKK KK (KKK)"", ""nnnnKK KK (KKK KKKK ""]","[86.67, 13.33]",nnnnKK KK (KKK KKKK,1979년생 남성 (외국인 등록번호 형식),2003년생 여성 (외국인 등록번호 형식),2001년생 남성 (외국인 등록번호 형식),4.0,13.33,2
C:/projects/myproject/QDQM/DS_Input/Internal/PII샘플데이터.csv,PII샘플데이터.csv,분류,,Master,3.0,7.0,"[""KK KK"", ""KK"", ""KKK""]","[53.33, 36.67, 10.0]",KK KK,보험 정보,정신 건강,신체 특징,16.0,53.33,1
C:/projects/myproject/QDQM/DS_Input/Internal/PII샘플데이터.csv,PII샘플데이터.csv,분류,,Master,3.0,7.0,"[""KK KK"", ""KK"", ""KKK""]","[53.33, 36.67, 10.0]",KK,병력,병력,병력,11.0,36.67,2
C:/projects/myproject/QDQM/DS_Input/Internal/PII샘플데이터.csv,PII샘플데이터.csv,분류,,Master,3.0,7.0,"[""KK KK"", ""KK"", ""KKK""]","[53.33, 36.67, 10.0]",KKK,혈액형,혈액형,혈액형,3.0,10.0,3
C:/projects/myproject/QDQM/DS_Input/Internal/PII샘플데이터.csv,PII샘플데이터.csv,성별/연대,,Master,2.0,6.0,"[""KK (nnnnKK)"", ""KK (KKKA)""]","[66.67, 33.33]",KK (nnnnKK),남성 (1900년대),여성 (2000년대),여성 (1900년대),20.0,66.67,1
C:/projects/myproject/QDQM/DS_Input/Internal/PII샘플데이터.csv,PII샘플데이터.csv,성별/연대,,Master,2.0,6.0,"[""KK (nnnnKK)"", ""KK (KKKA)""]","[66.67, 33.33]",KK (KKKA),남성 (하이픈X),여성 (하이픈X),여성 (하이픈X),10.0,33.33,2
C:/projects/myproject/QDQM/DS_Input/Internal/PII샘플데이터.csv,PII샘플데이터.csv,여권번호 (Passport No.),UNIQUE,Master,2.0,30.0,"[""Annnnnnnn"", ""AnnnAnnnn""]","[50.0, 50.0]",Annnnnnnn,M10293845,M91028374,M44920381,15.0,50.0,1
C:/projects/myproject/QDQM/DS_Input/Internal/PII샘플데이터.csv,PII샘플데이터.csv,여권번호 (Passport No.),UNIQUE,Master,2.0,30.0,"[""Annnnnnnn"", ""AnnnAnnnn""]","[50.0, 50.0]",AnnnAnnnn,M104H5521,M932P8847,M503G2294,15.0,50.0,2
C:/projects/myproject/QDQM/DS_Input/Internal/PII샘플데이터.csv,PII샘플데이터.csv,외국인등록번호 (ALRN),UNIQUE,Master,1.0,30.0,"[""nnnnnn-nnnnnnn""]",[100.0],nnnnnn-nnnnnnn,001102-7630192,990604-6234567,781105-5102938,30.0,100.0,1
C:/projects/myproject/QDQM/DS_Input/Internal/PII샘플데이터.csv,PII샘플데이터.csv,유선전화,TEL,Master,3.0,30.0,"[""nnn-nnn-nnnn"", ""nn-nnn-nnnn"", ""nn-nnnn-nnnn""]","[93.33, 3.33, 3.33]",nnn-nnn-nnnn,031-223-4491,064-290-5513,051-449-2203,28.0,93.33,1
C:/projects/myproject/QDQM/DS_Input/Internal/PII샘플데이터.csv,PII샘플데이터.csv,유선전화,TEL,Master,3.0,30.0,"[""nnn-nnn-nnnn"", ""nn-nnn-nnnn"", ""nn-nnnn-nnnn""]","[93.33, 3.33, 3.33]",nn-nnn-nnnn,02-323-4567,02-323-4567,02-323-4567,1.0,3.33,2
C:/projects/myproject/QDQM/DS_Input/Internal/PII샘플데이터.csv,PII샘플데이터.csv,유선전화,TEL,Master,3.0,30.0,"[""nnn-nnn-nnnn"", ""nn-nnn-nnnn"", ""nn-nnnn-nnnn""]","[93.33, 3.33, 3.33]",nn-nnnn-nnnn,02-9876-5432,02-9876-5432,02-9876-5432,1.0,3.33,3
C:/projects/myproject/QDQM/DS_Input/Internal/PII샘플데이터.csv,PII샘플데이터.csv,유형,,Master,1.0,2.0,"[""KK""]",[100.0],KK,구권,신권,신권,30.0,100.0,1
C:/projects/myproject/QDQM/DS_Input/Internal/PII샘플데이터.csv,PII샘플데이터.csv,유형.1,,Master,7.0,9.0,"[""KK(A)"", ""KK(AA)"", ""KKK"", ""Aaaaaa AAA"", ""AAan"", ""AAan Aaaa"", ""Aaaaaaaaaa""]","[30.0, 20.0, 10.0, 10.0, 10.0, 10.0, 10.0]",KK(A),사설(A),사설(C),사설(B),6.0,30.0,1
C:/projects/myproject/QDQM/DS_Input/Internal/PII샘플데이터.csv,PII샘플데이터.csv,유형.1,,Master,7.0,9.0,"[""KK(A)"", ""KK(AA)"", ""KKK"", ""Aaaaaa AAA"", ""AAan"", ""AAan Aaaa"", ""Aaaaaaaaaa""]","[30.0, 20.0, 10.0, 10.0, 10.0, 10.0, 10.0]",KK(AA),공인(KR),공인(KR),공인(KR),4.0,20.0,2
C:/projects/myproject/QDQM/DS_Input/Internal/PII샘플데이터.csv,PII샘플데이터.csv,유형.1,,Master,7.0,9.0,"[""KK(A)"", ""KK(AA)"", ""KKK"", ""Aaaaaa AAA"", ""AAan"", ""AAan Aaaa"", ""Aaaaaaaaaa""]","[30.0, 20.0, 10.0, 10.0, 10.0, 10.0, 10.0]",KKK,루프백,루프백,루프백,2.0,10.0,3
C:/projects/myproject/QDQM/DS_Input/Internal/PII샘플데이터.csv,PII샘플데이터.csv,의료/건강,UNIQUE,Master,30.0,30.0,"[""Aas AK"", ""Aa- AK"", ""KKK KK KKK (AAA)"", ""KK KK: KKKK nnnaa"", ""KKK: KKK KK KK"", ""KKK KK KK KK: KK"", ""KKK KK KK(AAA-n)"", ""KK KK KK (nnKK)"", ""KK KK KK (nnnn-nn)"", ""KKKK nKK KK""]","[3.33, 3.33, 3.33, 3.33, 3.33, 3.33, 3.33, 3.33, 3.33, 3.33]",Aas AK,Rh+ A형,Rh+ A형,Rh+ A형,1.0,3.33,1
C:/projects/myproject/QDQM/DS_Input/Internal/PII샘플데이터.csv,PII샘플데이터.csv,의료/건강,UNIQUE,Master,30.0,30.0,"[""Aas AK"", ""Aa- AK"", ""KKK KK KKK (AAA)"", ""KK KK: KKKK nnnaa"", ""KKK: KKK KK KK"", ""KKK KK KK KK: KK"", ""KKK KK KK(AAA-n)"", ""KK KK KK (nnKK)"", ""KK KK KK (nnnn-nn)"", ""KKKK nKK KK""]","[3.33, 3.33, 3.33, 3.33, 3.33, 3.33, 3.33, 3.33, 3.33, 3.33]",Aa- AK,Rh- O형,Rh- O형,Rh- O형,1.0,3.33,2
C:/projects/myproject/QDQM/DS_Input/Internal/PII샘플데이터.csv,PII샘플데이터.csv,의료/건강,UNIQUE,Master,30.0,30.0,"[""Aas AK"", ""Aa- AK"", ""KKK KK KKK (AAA)"", ""KK KK: KKKK nnnaa"", ""KKK: KKK KK KK"", ""KKK KK KK KK: KK"", ""KKK KK KK(AAA-n)"", ""KK KK KK (nnKK)"", ""KK KK KK (nnnn-nn)"", ""KKKK nKK KK""]","[3.33, 3.33, 3.33, 3.33, 3.33, 3.33, 3.33, 3.33, 3.33, 3.33]",KKK KK KKK (AAA),심박수 변동 데이터 (ECG),심박수 변동 데이터 (ECG),심박수 변동 데이터 (ECG),1.0,3.33,3
C:/projects/myproject/QDQM/DS_Input/Internal/PII샘플데이터.csv,PII샘플데이터.csv,주민등록번호 (노출),UNIQUE,Master,1.0,30.0,"[""nnnnnn-nnnnnnn""]",[100.0],nnnnnn-nnnnnnn,000711-3012345,990101-2233445,790915-5012345,30.0,100.0,1
C:/projects/myproject/QDQM/DS_Input/Internal/PII샘플데이터.csv,PII샘플데이터.csv,주민등록번호(마스킹),UNIQUE,Master,1.0,30.0,"[""nnnnnn-nssssss""]",[100.0],nnnnnn-nssssss,000711-3******,990101-2******,790915-5******,30.0,100.0,1
C:/projects/myproject/QDQM/DS_Input/Internal/PII샘플데이터.csv,PII샘플데이터.csv,지역,,Master,1.0,15.0,"[""KK""]",[100.0],KK,강원,충북,서울,30.0,100.0,1
C:/projects/myproject/QDQM/DS_Input/Internal/PII샘플데이터.csv,PII샘플데이터.csv,카드번호 (Card No.),UNIQUE,Master,2.0,30.0,"[""nnnn-nnnn-nnnn-nnnn"", ""nnnn-nnnnnn-nnnnn""]","[80.0, 20.0]",nnnn-nnnn-nnnn-nnnn,3521-8830-4491-2203,9410-2293-4481-0029,4901-2230-4491-0028,24.0,80.0,1
C:/projects/myproject/QDQM/DS_Input/Internal/PII샘플데이터.csv,PII샘플데이터.csv,카드번호 (Card No.),UNIQUE,Master,2.0,30.0,"[""nnnn-nnnn-nnnn-nnnn"", ""nnnn-nnnnnn-nnnnn""]","[80.0, 20.0]",nnnn-nnnnnn-nnnnn,3402-119384-77201,3791-440291-55832,3712-883049-11203,6.0,20.0,2
C:/projects/myproject/QDQM/DS_Input/Internal/PII샘플데이터.csv,PII샘플데이터.csv,카드브랜드,,Master,5.0,6.0,"[""Aaaa"", ""Aaaaaa"", ""AAA"", ""AA/Aaaaa"", ""Aaaaaaaa""]","[56.67, 23.33, 10.0, 6.67, 3.33]",Aaaa,Amex,Visa,Visa,17.0,56.67,1
C:/projects/myproject/QDQM/DS_Input/Internal/PII샘플데이터.csv,PII샘플데이터.csv,카드브랜드,,Master,5.0,6.0,"[""Aaaa"", ""Aaaaaa"", ""AAA"", ""AA/Aaaaa"", ""Aaaaaaaa""]","[56.67, 23.33, 10.0, 6.67, 3.33]",Aaaaaa,Master,Master,Master,7.0,23.33,2
C:/projects/myproject/QDQM/DS_Input/Internal/PII샘플데이터.csv,PII샘플데이터.csv,카드브랜드,,Master,5.0,6.0,"[""Aaaa"", ""Aaaaaa"", ""AAA"", ""AA/Aaaaa"", ""Aaaaaaaa""]","[56.67, 23.33, 10.0, 6.67, 3.33]",AAA,JCB,JCB,JCB,3.0,10.0,3
C:/projects/myproject/QDQM/DS_Input/Internal/PII샘플데이터.csv,PII샘플데이터.csv,표기법,,Master,4.0,5.0,"[""KKK/KK"", ""Aaaaa"", ""AaaaaaaAaa"", ""AAaaaa""]","[50.0, 30.0, 10.0, 10.0]",KKK/KK,하이픈/콜론,하이픈/콜론,하이픈/콜론,10.0,50.0,1
C:/projects/myproject/QDQM/DS_Input/Internal/PII샘플데이터.csv,PII샘플데이터.csv,표기법,,Master,4.0,5.0,"[""KKK/KK"", ""Aaaaa"", ""AaaaaaaAaa"", ""AAaaaa""]","[50.0, 30.0, 10.0, 10.0]",Aaaaa,Cisco,Plain,Cisco,6.0,30.0,2
C:/projects/myproject/QDQM/DS_Input/Internal/PII샘플데이터.csv,PII샘플데이터.csv,표기법,,Master,4.0,5.0,"[""KKK/KK"", ""Aaaaa"", ""AaaaaaaAaa"", ""AAaaaa""]","[50.0, 30.0, 10.0, 10.0]",AaaaaaaAaa,VirtualBox,VirtualBox,VirtualBox,2.0,10.0,3
C:/projects/myproject/QDQM/DS_Input/Internal/PII샘플데이터.csv,PII샘플데이터.csv,휴대전화번호,CELLPHONE,Master,4.0,30.0,"[""nnn-nnnn-nnnn"", ""nnnnnnnnnn"", ""nnn.nnnn.nnnn"", ""nnn nnnn nnnn""]","[63.33, 16.67, 10.0, 10.0]",nnn-nnnn-nnnn,010-2233-4455,010-9876-5432,010-5029-3845,19.0,63.33,1
C:/projects/myproject/QDQM/DS_Input/Internal/PII샘플데이터.csv,PII샘플데이터.csv,휴대전화번호,CELLPHONE,Master,4.0,30.0,"[""nnn-nnnn-nnnn"", ""nnnnnnnnnn"", ""nnn.nnnn.nnnn"", ""nnn nnnn nnnn""]","[63.33, 16.67, 10.0, 10.0]",nnnnnnnnnn,1031223344,1081029384,1066710293,5.0,16.67,2
C:/projects/myproject/QDQM/DS_Input/Internal/PII샘플데이터.csv,PII샘플데이터.csv,휴대전화번호,CELLPHONE,Master,4.0,30.0,"[""nnn-nnnn-nnnn"", ""nnnnnnnnnn"", ""nnn.nnnn.nnnn"", ""nnn nnnn nnnn""]","[63.33, 16.67, 10.0, 10.0]",nnn.nnnn.nnnn,010.4450.2918,010.9328.8471,010.5562.7103,3.0,10.0,3
C:/projects/myproject/QDQM/DS_Input/Internal/PRM계약.csv,PRM계약.csv,ETL일시,TIME,Master,1.0,1.0,"[""nn:nn.n""]",[100.0],nn:nn.n,02:24.2,02:24.2,02:24.2,3825.0,100.0,1
C:/projects/myproject/QDQM/DS_Input/Internal/PRM계약.csv,PRM계약.csv,PRM계약번호,UNIQUE,Master,1.0,3825.0,"[""AAnnnnnnnnn""]",[100.0],AAnnnnnnnnn,TA202000001,TA202300265,TA202100590,3825.0,100.0,1
C:/projects/myproject/QDQM/DS_Input/Internal/PRM계약.csv,PRM계약.csv,계약개시일,YYYYMMDD,Master,1.0,115.0,"[""nnnnnnnn""]",[100.0],nnnnnnnn,20180301,20240229,20200701,3825.0,100.0,1
C:/projects/myproject/QDQM/DS_Input/Internal/PRM계약.csv,PRM계약.csv,계약구분,SEQUENCE,Master,1.0,6.0,"[""nnn""]",[100.0],nnn,100,105,101,3825.0,100.0,1
C:/projects/myproject/QDQM/DS_Input/Internal/PRM계약.csv,PRM계약.csv,계약등록일,YYYYMMDD,Master,1.0,557.0,"[""nnnnnnnn""]",[100.0],nnnnnnnn,19990701,20231220,20200101,3825.0,100.0,1
C:/projects/myproject/QDQM/DS_Input/Internal/PRM계약.csv,PRM계약.csv,계약명,Text,Master,233.0,1796.0,"[""KK(K) KKK KK"", ""KKKK(K) KKK KK"", ""KKK(K) KKK KK"", ""AAAAA KKKK"", ""AAAAA KKKK KK"", ""AAAAAA KKKK"", ""KK KKK KK KK"", ""KKKKK KK KK"", ""KKKKK"", ""AAAAAA KKKK KK""]","[24.42, 8.18, 8.16, 5.75, 4.42, 4.31, 3.69, 2.9, 2.8, 2.46]",KK(K) KKK KK,가경(집) 집배점 계약,흥해(집) 집배점 계약,송촌(집) 집배점 계약,934.0,24.42,1
C:/projects/myproject/QDQM/DS_Input/Internal/PRM계약.csv,PRM계약.csv,계약명,Text,Master,233.0,1796.0,"[""KK(K) KKK KK"", ""KKKK(K) KKK KK"", ""KKK(K) KKK KK"", ""AAAAA KKKK"", ""AAAAA KKKK KK"", ""AAAAAA KKKK"", ""KK KKK KK KK"", ""KKKKK KK KK"", ""KKKKK"", ""AAAAAA KKKK KK""]","[24.42, 8.18, 8.16, 5.75, 4.42, 4.31, 3.69, 2.9, 2.8, 2.46]",KKKK(K) KKK KK,가산벤처(집) 집배점 계약,화성서신(집) 집배점 계약,송도국제(집) 집배점 계약,313.0,8.18,2
C:/projects/myproject/QDQM/DS_Input/Internal/PRM계약.csv,PRM계약.csv,계약명,Text,Master,233.0,1796.0,"[""KK(K) KKK KK"", ""KKKK(K) KKK KK"", ""KKK(K) KKK KK"", ""AAAAA KKKK"", ""AAAAA KKKK KK"", ""AAAAAA KKKK"", ""KK KKK KK KK"", ""KKKKK KK KK"", ""KKKKK"", ""AAAAAA KKKK KK""]","[24.42, 8.18, 8.16, 5.75, 4.42, 4.31, 3.69, 2.9, 2.8, 2.46]",KKK(K) KKK KK,거제남(집) 집배점 계약,함안동(집) 집배점 계약,송내본(집) 집배점 계약,312.0,8.16,3
C:/projects/myproject/QDQM/DS_Input/Internal/PRM계약.csv,PRM계약.csv,계약종료일,YYYYMMDD,Master,1.0,94.0,"[""nnnnnnnn""]",[100.0],nnnnnnnn,20200331,20251231,20220430,3825.0,100.0,1
C:/projects/myproject/QDQM/DS_Input/Internal/PRM계약.csv,PRM계약.csv,계약형태,Alpha_Flag,Master,1.0,3.0,"[""A""]",[100.0],A,A,C,A,3825.0,100.0,1
C:/projects/myproject/QDQM/DS_Input/Internal/PRM계약.csv,PRM계약.csv,사업자명,Text,Master,139.0,1484.0,"[""KKKK"", ""KKK"", ""KKKKK"", ""KKKKKK"", ""KKKKKKKKK"", ""KKKKKKK"", ""KKKKn"", ""KKKKKn"", ""KK"", ""KKKKKKKKKK""]","[17.96, 16.03, 11.92, 8.0, 5.96, 5.31, 5.23, 3.61, 3.37, 3.11]",KKKK,가산벤처,희백물류,안산고잔,687.0,17.96,1
C:/projects/myproject/QDQM/DS_Input/Internal/PRM계약.csv,PRM계약.csv,사업자명,Text,Master,139.0,1484.0,"[""KKKK"", ""KKK"", ""KKKKK"", ""KKKKKK"", ""KKKKKKKKK"", ""KKKKKKK"", ""KKKKn"", ""KKKKKn"", ""KK"", ""KKKKKKKKKK""]","[17.96, 16.03, 11.92, 8.0, 5.96, 5.31, 5.23, 3.61, 3.37, 3.11]",KKK,강순로,희물류,오외숙,613.0,16.03,2
C:/projects/myproject/QDQM/DS_Input/Internal/PRM계약.csv,PRM계약.csv,사업자명,Text,Master,139.0,1484.0,"[""KKKK"", ""KKK"", ""KKKKK"", ""KKKKKK"", ""KKKKKKKKK"", ""KKKKKKK"", ""KKKKn"", ""KKKKKn"", ""KK"", ""KKKKKKKKKK""]","[17.96, 16.03, 11.92, 8.0, 5.96, 5.31, 5.23, 3.61, 3.37, 3.11]",KKKKK,강동로지스,해정로직스,세민로지스,456.0,11.92,3
C:/projects/myproject/QDQM/DS_Input/Internal/PRM계약.csv,PRM계약.csv,사업자번호,,Master,1.0,1345.0,"[""nnnnnnnnnn""]",[100.0],nnnnnnnnnn,1011180792,8998802707,3920401435,3825.0,100.0,1
C:/projects/myproject/QDQM/DS_Input/Internal/PRM계약.csv,PRM계약.csv,업종,Text,Master,122.0,363.0,"[""KKK"", ""KK"", ""KKKK"", ""KKKKKK"", ""KKKKK"", ""KKKKKKKK"", ""KKKKKKK"", ""KKKKKKKKK"", ""KKKKKKKKK K"", ""KKKKKK K""]","[23.74, 21.12, 19.97, 5.18, 3.87, 2.8, 2.54, 2.43, 1.83, 1.59]",KKK,농산물,화물차,택배업,908.0,23.74,1
C:/projects/myproject/QDQM/DS_Input/Internal/PRM계약.csv,PRM계약.csv,업종,Text,Master,122.0,363.0,"[""KKK"", ""KK"", ""KKKK"", ""KKKKKK"", ""KKKKK"", ""KKKKKKKK"", ""KKKKKKK"", ""KKKKKKKKK"", ""KKKKKKKKK K"", ""KKKKKK K""]","[23.74, 21.12, 19.97, 5.18, 3.87, 2.8, 2.54, 2.43, 1.83, 1.59]",KK,가전,화물,택배,808.0,21.12,2
C:/projects/myproject/QDQM/DS_Input/Internal/PRM계약.csv,PRM계약.csv,업종,Text,Master,122.0,363.0,"[""KKK"", ""KK"", ""KKKK"", ""KKKKKK"", ""KKKKK"", ""KKKKKKKK"", ""KKKKKKK"", ""KKKKKKKKK"", ""KKKKKKKKK K"", ""KKKKKK K""]","[23.74, 21.12, 19.97, 5.18, 3.87, 2.8, 2.54, 2.43, 1.83, 1.59]",KKKK,개별용달,화물포장,트레일러,764.0,19.97,3
C:/projects/myproject/QDQM/DS_Input/Internal/PRM계약.csv,PRM계약.csv,업태,Text,Master,72.0,204.0,"[""KKK"", ""KK"", ""KKKK"", ""KKKKKK"", ""KK K KKK"", ""KKK K"", ""KKKKKKK"", ""KKKKKKKKKK"", ""KKKsKKK K"", ""KKKKK""]","[50.09, 20.92, 12.68, 2.75, 1.93, 1.93, 1.15, 1.1, 1.07, 0.94]",KKK,도매업,화물차,운수업,1916.0,50.09,1
C:/projects/myproject/QDQM/DS_Input/Internal/PRM계약.csv,PRM계약.csv,업태,Text,Master,72.0,204.0,"[""KKK"", ""KK"", ""KKKK"", ""KKKKKK"", ""KK K KKK"", ""KKK K"", ""KKKKKKK"", ""KKKKKKKKKK"", ""KKKsKKK K"", ""KKKKK""]","[50.09, 20.92, 12.68, 2.75, 1.93, 1.93, 1.15, 1.1, 1.07, 0.94]",KK,간선,화물,운수,800.0,20.92,2
C:/projects/myproject/QDQM/DS_Input/Internal/PRM계약.csv,PRM계약.csv,업태,Text,Master,72.0,204.0,"[""KKK"", ""KK"", ""KKKK"", ""KKKKKK"", ""KK K KKK"", ""KKK K"", ""KKKKKKK"", ""KKKKKKKKKK"", ""KKKsKKK K"", ""KKKKK""]","[50.09, 20.92, 12.68, 2.75, 1.93, 1.93, 1.15, 1.1, 1.07, 0.94]",KKKK,개별용달,화물포장,서비스업,485.0,12.68,3
C:/projects/myproject/QDQM/DS_Input/Internal/PRM계약.csv,PRM계약.csv,운영점소,,Master,3.0,79.0,"[""AAAAA"", ""AAAAAA"", ""AAAAAAA""]","[59.95, 36.1, 3.95]",AAAAA,ANSAN,YSNKE,KUROC,2293.0,59.95,1
C:/projects/myproject/QDQM/DS_Input/Internal/PRM계약.csv,PRM계약.csv,운영점소,,Master,3.0,79.0,"[""AAAAA"", ""AAAAAA"", ""AAAAAAA""]","[59.95, 36.1, 3.95]",AAAAAA,BUEBRO,YJOCHT,QWJBRO,1381.0,36.1,2
C:/projects/myproject/QDQM/DS_Input/Internal/PRM계약.csv,PRM계약.csv,운영점소,,Master,3.0,79.0,"[""AAAAA"", ""AAAAAA"", ""AAAAAAA""]","[59.95, 36.1, 3.95]",AAAAAAA,ANDOCHT,YONOCHT,JINOCHT,151.0,3.95,3
C:/projects/myproject/QDQM/DS_Input/Internal/PRM계약.csv,PRM계약.csv,운영점소대,,Master,3.0,8.0,"[""AAAAA"", ""AAA"", ""Ann""]","[52.89, 47.06, 0.05]",AAAAA,SELDE,SELDE,SELDE,2023.0,52.89,1
C:/projects/myproject/QDQM/DS_Input/Internal/PRM계약.csv,PRM계약.csv,운영점소대,,Master,3.0,8.0,"[""AAAAA"", ""AAA"", ""Ann""]","[52.89, 47.06, 0.05]",AAA,DPB,DPY,DPS,1800.0,47.06,2
C:/projects/myproject/QDQM/DS_Input/Internal/PRM계약.csv,PRM계약.csv,운영점소대,,Master,3.0,8.0,"[""AAAAA"", ""AAA"", ""Ann""]","[52.89, 47.06, 0.05]",Ann,A02,A02,A02,2.0,0.05,3
C:/projects/myproject/QDQM/DS_Input/Internal/PRM계약.csv,PRM계약.csv,운영점소중,,Master,2.0,21.0,"[""AAAAA"", ""AAAAAA""]","[95.84, 4.16]",AAAAA,BUEBR,TJNBR,SELEC,3666.0,95.84,1
C:/projects/myproject/QDQM/DS_Input/Internal/PRM계약.csv,PRM계약.csv,운영점소중,,Master,2.0,21.0,"[""AAAAA"", ""AAAAAA""]","[95.84, 4.16]",AAAAAA,JCNBRC,JCNBRC,JCNBRC,159.0,4.16,2
C:/projects/myproject/QDQM/DS_Input/Internal/PRM계약.csv,PRM계약.csv,최종변경일시,TIME,Master,1.0,1.0,"[""nn:nn.n""]",[100.0],nn:nn.n,02:24.2,02:24.2,02:24.2,3825.0,100.0,1
C:/projects/myproject/QDQM/DS_Input/Internal/PRM계약.csv,PRM계약.csv,최초계약일,YYYYMMDD,Master,1.0,286.0,"[""nnnnnnnn""]",[100.0],nnnnnnnn,19970626,20231101,20200101,3825.0,100.0,1
C:/projects/myproject/QDQM/DS_Input/Internal/Z코드변동성예제.csv,Z코드변동성예제.csv,GEN_TIMESTAMP,TIMESTAMP,Master,1.0,206.0,"[""nnnn-nn-nn nn:nn:nn.""]",[100.0],nnnn-nn-nn nn:nn:nn.,2026-02-04 17:04:52.839128,2026-02-04 17:04:52.839333,2026-02-04 17:04:52.839231,206.0,100.0,1
C:/projects/myproject/QDQM/DS_Input/Internal/Z코드변동성예제.csv,Z코드변동성예제.csv,사업자,Text,Master,62.0,205.0,"[""KKKK"", ""KKKKK"", ""KKK"", ""KKKKKK"", ""KKKKKKK"", ""(K)KKKK"", ""KKKK KKK"", ""(K)KKKKK"", ""KKKK KKKKK"", ""(K)KKKKKKK""]","[20.39, 10.19, 8.25, 6.8, 3.88, 3.88, 3.4, 2.91, 2.43, 2.43]",KKKK,군서물산,한일건기,셀럼세탁,42.0,20.39,1
C:/projects/myproject/QDQM/DS_Input/Internal/Z코드변동성예제.csv,Z코드변동성예제.csv,사업자,Text,Master,62.0,205.0,"[""KKKK"", ""KKKKK"", ""KKK"", ""KKKKKK"", ""KKKKKKK"", ""(K)KKKK"", ""KKKK KKK"", ""(K)KKKKK"", ""KKKK KKKKK"", ""(K)KKKKKKK""]","[20.39, 10.19, 8.25, 6.8, 3.88, 3.88, 3.4, 2.91, 2.43, 2.43]",KKKKK,경남천막사,한진위수탁,아이미스틱,21.0,10.19,2
C:/projects/myproject/QDQM/DS_Input/Internal/Z코드변동성예제.csv,Z코드변동성예제.csv,사업자,Text,Master,62.0,205.0,"[""KKKK"", ""KKKKK"", ""KKK"", ""KKKKKK"", ""KKKKKKK"", ""(K)KKKK"", ""KKKK KKK"", ""(K)KKKKK"", ""KKKK KKKKK"", ""(K)KKKKKKK""]","[20.39, 10.19, 8.25, 6.8, 3.88, 3.88, 3.4, 2.91, 2.43, 2.43]",KKK,곰블랑,헤쎄드,모카샵,17.0,8.25,3
C:/projects/myproject/QDQM/DS_Input/Internal/Z코드변동성예제.csv,Z코드변동성예제.csv,코드,,Master,3.0,202.0,"[""Annnnn"", ""AAnnnnn"", ""nnnnnn""]","[53.4, 38.83, 7.77]",Annnnn,A11100,A77112,A15200,110.0,53.4,1
C:/projects/myproject/QDQM/DS_Input/Internal/Z코드변동성예제.csv,Z코드변동성예제.csv,코드,,Master,3.0,202.0,"[""Annnnn"", ""AAnnnnn"", ""nnnnnn""]","[53.4, 38.83, 7.77]",AAnnnnn,BB10000,BB81910,BB41310,80.0,38.83,2
C:/projects/myproject/QDQM/DS_Input/Internal/Z코드변동성예제.csv,Z코드변동성예제.csv,코드,,Master,3.0,202.0,"[""Annnnn"", ""AAnnnnn"", ""nnnnnn""]","[53.4, 38.83, 7.77]",nnnnnn,411113,752000,515511,16.0,7.77,3
C:/projects/myproject/QDQM/DS_Input/Internal/test.csv,test.csv,Addr,ADDRESS,Master,10.0,26.0,"[""KKK KKKK KKK nn-nn"", ""KKKKK KKK KKK nn-nn"", ""KKK KKKK KKK nn-n"", ""KKK KKK KKK nnKK nn"", ""KK KKK KKK nnnn"", ""KKKKK KKK KKK nn-nnn"", ""KKK KKKK KKK nn-nnn"", ""KK KKK KKK nnn"", ""KKK KKK KKK nnKK nnn"", ""KKKKK KKK KKK nn-n""]","[25.0, 18.75, 18.75, 9.38, 6.25, 6.25, 6.25, 3.12, 3.12, 3.12]",KKK KKKK KKK nn-nn,경기도 남양주시 화도읍 24-10,경기도 남양주시 화도읍 24-19,경기도 남양주시 화도읍 24-16,8.0,25.0,1
C:/projects/myproject/QDQM/DS_Input/Internal/test.csv,test.csv,Addr,ADDRESS,Master,10.0,26.0,"[""KKK KKKK KKK nn-nn"", ""KKKKK KKK KKK nn-nn"", ""KKK KKKK KKK nn-n"", ""KKK KKK KKK nnKK nn"", ""KK KKK KKK nnnn"", ""KKKKK KKK KKK nn-nnn"", ""KKK KKKK KKK nn-nnn"", ""KK KKK KKK nnn"", ""KKK KKK KKK nnKK nnn"", ""KKKKK KKK KKK nn-n""]","[25.0, 18.75, 18.75, 9.38, 6.25, 6.25, 6.25, 3.12, 3.12, 3.12]",KKKKK KKK KKK nn-nn,서울특별시 서초구 서초로 54-11,서울특별시 성성후 서초로 54-12,서울특별시 서초구 서초로 54-18,6.0,18.75,2
C:/projects/myproject/QDQM/DS_Input/Internal/test.csv,test.csv,Addr,ADDRESS,Master,10.0,26.0,"[""KKK KKKK KKK nn-nn"", ""KKKKK KKK KKK nn-nn"", ""KKK KKKK KKK nn-n"", ""KKK KKK KKK nnKK nn"", ""KK KKK KKK nnnn"", ""KKKKK KKK KKK nn-nnn"", ""KKK KKKK KKK nn-nnn"", ""KK KKK KKK nnn"", ""KKK KKK KKK nnKK nnn"", ""KKKKK KKK KKK nn-n""]","[25.0, 18.75, 18.75, 9.38, 6.25, 6.25, 6.25, 3.12, 3.12, 3.12]",KKK KKKK KKK nn-n,경기도 남양주시 화도읍 24-1,경기도 남양주시 화도읍 24-5,경기도 남양주시 화도읍 24-1,6.0,18.75,3
C:/projects/myproject/QDQM/DS_Input/Internal/test.csv,test.csv,Address,,Master,18.0,31.0,"[""KKKKK KK KKK n-n"", ""KKK KKKK KKK n-n"", ""KKK KKK KKK n-n"", ""KKK KKK nnKK n"", ""KKK KKK KKK nn-n"", ""KK KKK KKK nnn"", ""KKK KKKK KKK nn-n"", ""KKK KKKK KKK nnn"", ""KKKKK KK KKK nn-n"", ""KKK KKK KKK nnn""]","[12.5, 9.38, 9.38, 6.25, 6.25, 6.25, 6.25, 6.25, 6.25, 6.25]",KKKKK KK KKK n-n,서울특별시 서초 서초로 1-1,서울특별시 서초 서초로 7-1,서울특별시 서초 서초로 5-1,4.0,12.5,1
C:/projects/myproject/QDQM/DS_Input/Internal/test.csv,test.csv,Address,,Master,18.0,31.0,"[""KKKKK KK KKK n-n"", ""KKK KKKK KKK n-n"", ""KKK KKK KKK n-n"", ""KKK KKK nnKK n"", ""KKK KKK KKK nn-n"", ""KK KKK KKK nnn"", ""KKK KKKK KKK nn-n"", ""KKK KKKK KKK nnn"", ""KKKKK KK KKK nn-n"", ""KKK KKK KKK nnn""]","[12.5, 9.38, 9.38, 6.25, 6.25, 6.25, 6.25, 6.25, 6.25, 6.25]",KKK KKKK KKK n-n,경기도 남양주시 화도읍 1-3,경기도 남양주시 화도읍 2-3,경기도 남양주시 화도읍 2-1,3.0,9.38,2
C:/projects/myproject/QDQM/DS_Input/Internal/test.csv,test.csv,Address,,Master,18.0,31.0,"[""KKKKK KK KKK n-n"", ""KKK KKKK KKK n-n"", ""KKK KKK KKK n-n"", ""KKK KKK nnKK n"", ""KKK KKK KKK nn-n"", ""KK KKK KKK nnn"", ""KKK KKKK KKK nn-n"", ""KKK KKKK KKK nnn"", ""KKKKK KK KKK nn-n"", ""KKK KKK KKK nnn""]","[12.5, 9.38, 9.38, 6.25, 6.25, 6.25, 6.25, 6.25, 6.25, 6.25]",KKK KKK KKK n-n,경기도 남양주 화도읍 1-2,경기도 남양주 화도읍 6-2,경기도 남양주 화도읍 3-1,3.0,9.38,3
C:/projects/myproject/QDQM/DS_Input/Internal/test.csv,test.csv,Age,,Master,1.0,5.0,"[""nn""]",[100.0],nn,15,65,22,32.0,100.0,1
C:/projects/myproject/QDQM/DS_Input/Internal/test.csv,test.csv,Cell Phone,CELLPHONE,Master,2.0,5.0,"[""nnn-nnnn-nnnn"", ""nnnnnnnnnn""]","[90.62, 9.38]",nnn-nnnn-nnnn,010-0011-2341,010-3211-2341,010-3134-2940,29.0,90.62,1
C:/projects/myproject/QDQM/DS_Input/Internal/test.csv,test.csv,Cell Phone,CELLPHONE,Master,2.0,5.0,"[""nnn-nnnn-nnnn"", ""nnnnnnnnnn""]","[90.62, 9.38]",nnnnnnnnnn,1037512345,1037512345,1037512345,3.0,9.38,2
C:/projects/myproject/QDQM/DS_Input/Internal/test.csv,test.csv,Country,,Master,1.0,4.0,"[""AAA""]",[100.0],AAA,CHN,USA,KOR,32.0,100.0,1
C:/projects/myproject/QDQM/DS_Input/Internal/test.csv,test.csv,Desc,,Master,4.0,4.0,"[""KK KK KKK "", ""KKK KK KKK KKK KKK K"", ""KK KKKK. K KKKKK KK."", ""KKK KKKK K KKK ""]","[50.0, 28.12, 12.5, 9.38]",KK KK KKK,나의 살던 고향은,나의 살던 고향은,나의 살던 고향은,16.0,50.0,1
C:/projects/myproject/QDQM/DS_Input/Internal/test.csv,test.csv,Desc,,Master,4.0,4.0,"[""KK KK KKK "", ""KKK KK KKK KKK KKK K"", ""KK KKKK. K KKKKK KK."", ""KKK KKKK K KKK ""]","[50.0, 28.12, 12.5, 9.38]",KKK KK KKK KKK KKK K,우리는 민족 중흥의 역사적 사명을 띠고,우리는 민족 중흥의 역사적 사명을 띠고,우리는 민족 중흥의 역사적 사명을 띠고,9.0,28.12,2
C:/projects/myproject/QDQM/DS_Input/Internal/test.csv,test.csv,Desc,,Master,4.0,4.0,"[""KK KK KKK "", ""KKK KK KKK KKK KKK K"", ""KK KKKK. K KKKKK KK."", ""KKK KKKK K KKK ""]","[50.0, 28.12, 12.5, 9.38]",KK KKKK. K KKKKK KK.,한글 설명이다. 잘 표현되어야 한다.,한글 설명이다. 잘 표현되어야 한다.,한글 설명이다. 잘 표현되어야 한다.,4.0,12.5,3
C:/projects/myproject/QDQM/DS_Input/Internal/test.csv,test.csv,Email,EMAIL,Master,4.0,4.0,"[""aaaaaa@aaaaa.aa.aa"", ""aa@aaaaa.aa.aa"", ""aaaaaa@aaaaa.aaa"", ""aaaaaaaaaaa.aaa""]","[46.88, 25.0, 21.88, 6.25]",aaaaaa@aaaaa.aa.aa,qliker@kakao.co.kr,qliker@kakao.co.kr,qliker@kakao.co.kr,15.0,46.88,1
C:/projects/myproject/QDQM/DS_Input/Internal/test.csv,test.csv,Email,EMAIL,Master,4.0,4.0,"[""aaaaaa@aaaaa.aa.aa"", ""aa@aaaaa.aa.aa"", ""aaaaaa@aaaaa.aaa"", ""aaaaaaaaaaa.aaa""]","[46.88, 25.0, 21.88, 6.25]",aa@aaaaa.aa.aa,jh@kakao.co.kr,jh@kakao.co.kr,jh@kakao.co.kr,8.0,25.0,2
C:/projects/myproject/QDQM/DS_Input/Internal/test.csv,test.csv,Email,EMAIL,Master,4.0,4.0,"[""aaaaaa@aaaaa.aa.aa"", ""aa@aaaaa.aa.aa"", ""aaaaaa@aaaaa.aaa"", ""aaaaaaaaaaa.aaa""]","[46.88, 25.0, 21.88, 6.25]",aaaaaa@aaaaa.aaa,qliker@kakao.com,qliker@kakao.com,qliker@kakao.com,7.0,21.88,3
C:/projects/myproject/QDQM/DS_Input/Internal/test.csv,test.csv,ID,UNIQUE,Master,2.0,32.0,"[""nn"", ""n""]","[71.88, 28.12]",nn,10,32,21,23.0,71.88,1
C:/projects/myproject/QDQM/DS_Input/Internal/test.csv,test.csv,ID,UNIQUE,Master,2.0,32.0,"[""nn"", ""n""]","[71.88, 28.12]",n,1,9,5,9.0,28.12,2
C:/projects/myproject/QDQM/DS_Input/Internal/test.csv,test.csv,Name,KOR_NAME,Master,2.0,16.0,"[""KKK"", ""KK""]","[96.88, 3.12]",KKK,강감찬,헐우석,박정희,31.0,96.88,1
C:/projects/myproject/QDQM/DS_Input/Internal/test.csv,test.csv,Name,KOR_NAME,Master,2.0,16.0,"[""KKK"", ""KK""]","[96.88, 3.12]",KK,영탁,영탁,영탁,1.0,3.12,2
C:/projects/myproject/QDQM/DS_Input/Internal/test.csv,test.csv,Name2,KOR_NAME,Master,2.0,14.0,"[""KKK"", ""KK""]","[96.88, 3.12]",KKK,강감찬,칵순신,박정희,31.0,96.88,1
C:/projects/myproject/QDQM/DS_Input/Internal/test.csv,test.csv,Name2,KOR_NAME,Master,2.0,14.0,"[""KKK"", ""KK""]","[96.88, 3.12]",KK,영탁,영탁,영탁,1.0,3.12,2
C:/projects/myproject/QDQM/DS_Input/Internal/test.csv,test.csv,Sex,Kor_Flag,Master,1.0,2.0,"[""K""]",[100.0],K,남,여,남,32.0,100.0,1
C:/projects/myproject/QDQM/DS_Input/Internal/test.csv,test.csv,SexE,Alpha_Flag,Master,1.0,2.0,"[""A""]",[100.0],A,F,M,F,32.0,100.0,1
C:/projects/myproject/QDQM/DS_Input/Internal/test.csv,test.csv,Tel,TEL,Master,3.0,22.0,"[""nnn-nnnn"", ""nn-nnnn-nnnn"", ""nnnn-nnnn""]","[62.5, 28.12, 9.38]",nnn-nnnn,125-2124,792-2821,378-2223,20.0,62.5,1
C:/projects/myproject/QDQM/DS_Input/Internal/test.csv,test.csv,Tel,TEL,Master,3.0,22.0,"[""nnn-nnnn"", ""nn-nnnn-nnnn"", ""nnnn-nnnn""]","[62.5, 28.12, 9.38]",nn-nnnn-nnnn,02-3245-1234,02-3245-1255,02-3245-1236,9.0,28.12,2
C:/projects/myproject/QDQM/DS_Input/Internal/test.csv,test.csv,Tel,TEL,Master,3.0,22.0,"[""nnn-nnnn"", ""nn-nnnn-nnnn"", ""nnnn-nnnn""]","[62.5, 28.12, 9.38]",nnnn-nnnn,2426-4521,2456-4521,2456-4521,3.0,9.38,3
C:/projects/myproject/QDQM/DS_Input/Internal/test.csv,test.csv,TimeStamp,,Master,1.0,17.0,"[""nnnn-nn-nn nn:nn""]",[100.0],nnnn-nn-nn nn:nn,2026-02-05 13:08,2026-02-05 13:24,2026-02-05 13:16,32.0,100.0,1
C:/projects/myproject/QDQM/DS_Input/Internal/test.csv,test.csv,YYMMDD,YYMMDD,Master,1.0,29.0,"[""nnnnnn""]",[100.0],nnnnnn,200401,971009,250402,32.0,100.0,1
C:/projects/myproject/QDQM/DS_Input/Internal/test.csv,test.csv,YYYYMMDD,YYYYMMDD,Master,1.0,29.0,"[""nnnnnnnn""]",[100.0],nnnnnnnn,19950809,20250702,20240217,32.0,100.0,1
C:/projects/myproject/QDQM/DS_Input/Internal/test.csv,test.csv,Year,YEAR,Master,2.0,4.0,"[""nnnn"", ""nnn""]","[96.88, 3.12]",nnnn,1991,2025,2025,31.0,96.88,1
C:/projects/myproject/QDQM/DS_Input/Internal/test.csv,test.csv,Year,YEAR,Master,2.0,4.0,"[""nnnn"", ""nnn""]","[96.88, 3.12]",nnn,202,202,202,1.0,3.12,2
C:/projects/myproject/QDQM/DS_Input/Internal/test.csv,test.csv,YearMonth,YEARMONTH,Master,1.0,3.0,"[""nnnnnn""]",[100.0],nnnnnn,202401,202413,202401,32.0,100.0,1
C:/projects/myproject/QDQM/DS_Input/Internal/test.csv,test.csv,시도,,Master,4.0,22.0,"[""KK"", ""KKKK"", ""KKK"", ""KKKKK""]","[40.62, 34.38, 12.5, 12.5]",KK,경남,충청,울산,13.0,40.62,1
C:/projects/myproject/QDQM/DS_Input/Internal/test.csv,test.csv,시도,,Master,4.0,22.0,"[""KK"", ""KKKK"", ""KKK"", ""KKKKK""]","[40.62, 34.38, 12.5, 12.5]",KKKK,경상남도,충청북도,전라남도,11.0,34.38,2
C:/projects/myproject/QDQM/DS_Input/Internal/test.csv,test.csv,시도,,Master,4.0,22.0,"[""KK"", ""KKKK"", ""KKK"", ""KKKKK""]","[40.62, 34.38, 12.5, 12.5]",KKK,강원도,경기도,경기도,4.0,12.5,3
C:/projects/myproject/QDQM/DS_Input/Internal/test.csv,test.csv,업체명,COMPANY,Master,10.0,21.0,"[""(K)KKKK"", ""(K)KKKKK"", ""(K)KKKKKK"", ""KKKK"", ""(K)KKK"", ""(K)KK (KKK)"", ""KKK"", ""(K)KKKK(KK)"", ""(K)KK"", ""(K)AAA""]","[28.12, 18.75, 18.75, 9.38, 6.25, 6.25, 3.12, 3.12, 3.12, 3.12]",(K)KKKK,(주)농협물류,(주)청연상운,(주)부부운수,9.0,28.12,1
C:/projects/myproject/QDQM/DS_Input/Internal/test.csv,test.csv,업체명,COMPANY,Master,10.0,21.0,"[""(K)KKKK"", ""(K)KKKKK"", ""(K)KKKKKK"", ""KKKK"", ""(K)KKK"", ""(K)KK (KKK)"", ""KKK"", ""(K)KKKK(KK)"", ""(K)KK"", ""(K)AAA""]","[28.12, 18.75, 18.75, 9.38, 6.25, 6.25, 3.12, 3.12, 3.12, 3.12]",(K)KKKKK,(주)신영로직스,(주)티에스물류,(주)케엔에이치,6.0,18.75,2
C:/projects/myproject/QDQM/DS_Input/Internal/test.csv,test.csv,업체명,COMPANY,Master,10.0,21.0,"[""(K)KKKK"", ""(K)KKKKK"", ""(K)KKKKKK"", ""KKKK"", ""(K)KKK"", ""(K)KK (KKK)"", ""KKK"", ""(K)KKKK(KK)"", ""(K)KK"", ""(K)AAA""]","[28.12, 18.75, 18.75, 9.38, 6.25, 6.25, 3.12, 3.12, 3.12, 3.12]",(K)KKKKKK,(주)녹색해운물류,(주)한백티엘에스,(주)천진로지스틱,6.0,18.75,3
C:/projects/myproject/QDQM/DS_Input/Internal/test.csv,test.csv,전화번호,TEL,Master,2.0,26.0,"[""nnnnnnnn"", ""nnnnnnn""]","[78.12, 21.88]",nnnnnnnn,12345678,84243198,32025024,25.0,78.12,1
C:/projects/myproject/QDQM/DS_Input/Internal/test.csv,test.csv,전화번호,TEL,Master,2.0,26.0,"[""nnnnnnnn"", ""nnnnnnn""]","[78.12, 21.88]",nnnnnnn,4526061,7560155,6433198,7.0,21.88,2
C:/projects/myproject/QDQM/DS_Input/Internal/test.csv,test.csv,주민등록번호,,Master,2.0,19.0,"[""nnnnnnnnnnnnn"", ""nnnnnn""]","[81.25, 18.75]",nnnnnnnnnnnnn,2402134210212,9511092210313,2504153210313,26.0,81.25,1
C:/projects/myproject/QDQM/DS_Input/Internal/test.csv,test.csv,주민등록번호,,Master,2.0,19.0,"[""nnnnnnnnnnnnn"", ""nnnnnn""]","[81.25, 18.75]",nnnnnn,240314,950809,250602,6.0,18.75,2
C:/projects/myproject/QDQM/DS_Input/Internal/test.csv,test.csv,차량번호,CAR_NUMBER,Master,1.0,18.0,"[""KKnnKnnnn""]",[100.0],KKnnKnnnn,경기80아6647,경기98자4125,경기98자4102,32.0,100.0,1
C:/projects/myproject/QDQM/DS_Input/Internal/university_code_2.csv,university_code_2.csv,경도,,Master,4.0,505.0,"[""nnn.nnnnnnnnnn"", ""nnn.nnnnnnn"", ""nnn.nnnnnnnnn"", ""nnn.nnnnnn""]","[99.57, 0.3, 0.1, 0.03]",nnn.nnnnnnnnnn,126.3658262464,129.4336111828,127.0811987908,3025.0,99.57,1
C:/projects/myproject/QDQM/DS_Input/Internal/university_code_2.csv,university_code_2.csv,경도,,Master,4.0,505.0,"[""nnn.nnnnnnnnnn"", ""nnn.nnnnnnn"", ""nnn.nnnnnnnnn"", ""nnn.nnnnnn""]","[99.57, 0.3, 0.1, 0.03]",nnn.nnnnnnn,126.6607124,127.0310425,126.9847828,9.0,0.3,2
C:/projects/myproject/QDQM/DS_Input/Internal/university_code_2.csv,university_code_2.csv,경도,,Master,4.0,505.0,"[""nnn.nnnnnnnnnn"", ""nnn.nnnnnnn"", ""nnn.nnnnnnnnn"", ""nnn.nnnnnn""]","[99.57, 0.3, 0.1, 0.03]",nnn.nnnnnnnnn,127.059988127,129.019414581,128.587739243,3.0,0.1,3
C:/projects/myproject/QDQM/DS_Input/Internal/university_code_2.csv,university_code_2.csv,대학원구분,,Master,1.0,2.0,"[""KKKKK""]",[100.0],KKKKK,대학원대학,부설대학원,부설대학원,3672.0,100.0,1
C:/projects/myproject/QDQM/DS_Input/Internal/university_code_2.csv,university_code_2.csv,본분교,,Master,4.0,10.0,"[""KK"", ""KK(KnKKK)"", ""KnKKK"", ""KKn""]","[54.0, 41.73, 2.87, 1.4]",KK,본교,본교,본교,2655.0,54.0,1
C:/projects/myproject/QDQM/DS_Input/Internal/university_code_2.csv,university_code_2.csv,본분교,,Master,4.0,10.0,"[""KK"", ""KK(KnKKK)"", ""KnKKK"", ""KKn""]","[54.0, 41.73, 2.87, 1.4]",KK(KnKKK),본교(제1캠퍼스),분교(제1캠퍼스),본교(제1캠퍼스),2052.0,41.73,2
C:/projects/myproject/QDQM/DS_Input/Internal/university_code_2.csv,university_code_2.csv,본분교,,Master,4.0,10.0,"[""KK"", ""KK(KnKKK)"", ""KnKKK"", ""KKn""]","[54.0, 41.73, 2.87, 1.4]",KnKKK,제2캠퍼스,제4캠퍼스,제2캠퍼스,141.0,2.87,3
C:/projects/myproject/QDQM/DS_Input/Internal/university_code_2.csv,university_code_2.csv,설립,,Master,2.0,7.0,"[""KK"", ""KKKKK""]","[97.88, 2.12]",KK,공립,사립,사립,4813.0,97.88,1
C:/projects/myproject/QDQM/DS_Input/Internal/university_code_2.csv,university_code_2.csv,설립,,Master,2.0,7.0,"[""KK"", ""KKKKK""]","[97.88, 2.12]",KKKKK,국립대법인,특별법법인,국립대법인,104.0,2.12,2
C:/projects/myproject/QDQM/DS_Input/Internal/university_code_2.csv,university_code_2.csv,시군구,,Master,4.0,177.0,"[""KK KKK"", ""KK KK"", ""KK KKKK"", ""KK""]","[79.62, 11.47, 8.18, 0.73]",KK KKK,강원 강릉시,충북 충주시,서울 강서구,3915.0,79.62,1
C:/projects/myproject/QDQM/DS_Input/Internal/university_code_2.csv,university_code_2.csv,시군구,,Master,4.0,177.0,"[""KK KKK"", ""KK KK"", ""KK KKKK"", ""KK""]","[79.62, 11.47, 8.18, 0.73]",KK KK,광주 남구,인천 중구,대전 동구,564.0,11.47,2
C:/projects/myproject/QDQM/DS_Input/Internal/university_code_2.csv,university_code_2.csv,시군구,,Master,4.0,177.0,"[""KK KKK"", ""KK KK"", ""KK KKKK"", ""KK""]","[79.62, 11.47, 8.18, 0.73]",KK KKKK,경기 남양주시,제주 서귀포시,서울 서대문구,402.0,8.18,3
C:/projects/myproject/QDQM/DS_Input/Internal/university_code_2.csv,university_code_2.csv,시도,,Master,1.0,17.0,"[""KK""]",[100.0],KK,강원,충북,부산,4917.0,100.0,1
C:/projects/myproject/QDQM/DS_Input/Internal/university_code_2.csv,university_code_2.csv,우편번호,,Master,2.0,1079.0,"[""nnnnn"", ""nnnnnn""]","[55.99, 44.01]",nnnnn,01025,63309,30019,2753.0,55.99,1
C:/projects/myproject/QDQM/DS_Input/Internal/university_code_2.csv,university_code_2.csv,우편번호,,Master,2.0,1079.0,"[""nnnnn"", ""nnnnnn""]","[55.99, 44.01]",nnnnnn,100032,791948,430742,2164.0,44.01,2
C:/projects/myproject/QDQM/DS_Input/Internal/university_code_2.csv,university_code_2.csv,위도,,Master,4.0,505.0,"[""nn.nnnnnnnnnn"", ""nn.nnnnnnnn"", ""nn.nnnnnnnnn"", ""nn.nnnnnnn""]","[99.47, 0.3, 0.2, 0.03]",nn.nnnnnnnnnn,33.4427732523,38.2515339090,37.2064534860,3022.0,99.47,1
C:/projects/myproject/QDQM/DS_Input/Internal/university_code_2.csv,university_code_2.csv,위도,,Master,4.0,505.0,"[""nn.nnnnnnnnnn"", ""nn.nnnnnnnn"", ""nn.nnnnnnnnn"", ""nn.nnnnnnn""]","[99.47, 0.3, 0.2, 0.03]",nn.nnnnnnnn,37.47176947,37.62984392,37.55985621,9.0,0.3,2
C:/projects/myproject/QDQM/DS_Input/Internal/university_code_2.csv,university_code_2.csv,위도,,Master,4.0,505.0,"[""nn.nnnnnnnnnn"", ""nn.nnnnnnnn"", ""nn.nnnnnnnnn"", ""nn.nnnnnnn""]","[99.47, 0.3, 0.2, 0.03]",nn.nnnnnnnnn,35.803944789,38.251533909,37.409182112,6.0,0.2,3
C:/projects/myproject/QDQM/DS_Input/Internal/university_code_2.csv,university_code_2.csv,전화번호,,Master,24.0,1759.0,"[""nnn-nnn-nnnn"", ""nn-nnn-nnnn"", ""nn-nnnn-nnnn"", ""nnnn-nnnn"", ""nnn-nnnn-nnnn"", ""nnn-nnn-nnnnsn"", ""nn-nnnn-nnnnsn"", ""nnn-nnnn-nnnnsn"", ""nn-nnnn-nnn"", ""nnnnnnnnnn""]","[67.62, 13.98, 11.47, 2.38, 1.5, 0.99, 0.51, 0.21, 0.19, 0.19]",nnn-nnn-nnnn,002-920-7721,092-970-0001,044-867-3602,3208.0,67.62,1
C:/projects/myproject/QDQM/DS_Input/Internal/university_code_2.csv,university_code_2.csv,전화번호,,Master,24.0,1759.0,"[""nnn-nnn-nnnn"", ""nn-nnn-nnnn"", ""nn-nnnn-nnnn"", ""nnnn-nnnn"", ""nnn-nnnn-nnnn"", ""nnn-nnn-nnnnsn"", ""nn-nnnn-nnnnsn"", ""nnn-nnnn-nnnnsn"", ""nn-nnnn-nnn"", ""nnnnnnnnnn""]","[67.62, 13.98, 11.47, 2.38, 1.5, 0.99, 0.51, 0.21, 0.19, 0.19]",nn-nnn-nnnn,02-300-0114,02-978-7931,02-760-4231,663.0,13.98,2
C:/projects/myproject/QDQM/DS_Input/Internal/university_code_2.csv,university_code_2.csv,전화번호,,Master,24.0,1759.0,"[""nnn-nnn-nnnn"", ""nn-nnn-nnnn"", ""nn-nnnn-nnnn"", ""nnnn-nnnn"", ""nnn-nnnn-nnnn"", ""nnn-nnn-nnnnsn"", ""nn-nnnn-nnnnsn"", ""nnn-nnnn-nnnnsn"", ""nn-nnnn-nnn"", ""nnnnnnnnnn""]","[67.62, 13.98, 11.47, 2.38, 1.5, 0.99, 0.51, 0.21, 0.19, 0.19]",nn-nnnn-nnnn,02-1599-1885,02-6986-6013,02-2610-4114,544.0,11.47,3
C:/projects/myproject/QDQM/DS_Input/Internal/university_code_2.csv,university_code_2.csv,주소,ADDRESS,Master,506.0,1391.0,"[""KKKKK KKK KKK nnn (K"", ""KKKKK KKK KKK nn (KK"", ""KKKK KKK KKK KKK nnn"", ""KKKKK KK KKK nn (KKK"", ""KKKKK KKK KKKK nnn ("", ""KKKK KKK KKK KKKK nn"", ""KKK KKK KKK KKKK nnn"", ""KKKK KKK KKK nnn (KK"", ""KKK KKK KKK KKKKK nn"", ""KKK KKK KKK nnn (KKK""]","[6.14, 3.93, 2.89, 2.54, 2.38, 2.28, 2.24, 2.16, 1.63, 1.48]",KKKKK KKK KKK nnn (K,"광주광역시 광산구 여대길 201 (산정동, 광주여자대학교)","인천광역시 남동구 석정로 543 (간석동, 성산효도대학원)","서울특별시 노원구 공릉로 232 (공릉동, 서울과학기술대학교)",302.0,6.14,1
C:/projects/myproject/QDQM/DS_Input/Internal/university_code_2.csv,university_code_2.csv,주소,ADDRESS,Master,506.0,1391.0,"[""KKKKK KKK KKK nnn (K"", ""KKKKK KKK KKK nn (KK"", ""KKKK KKK KKK KKK nnn"", ""KKKKK KK KKK nn (KKK"", ""KKKKK KKK KKKK nnn ("", ""KKKK KKK KKK KKKK nn"", ""KKK KKK KKK KKKK nnn"", ""KKKK KKK KKK nnn (KK"", ""KKK KKK KKK KKKKK nn"", ""KKK KKK KKK nnn (KKK""]","[6.14, 3.93, 2.89, 2.54, 2.38, 2.28, 2.24, 2.16, 1.63, 1.48]",KKKKK KKK KKK nn (KK,대전광역시 대덕구 한남로 41 (오정동),"인천광역시 연수구 해송로 12 (송도동, 인천가톨릭대학교)","서울특별시 동작구 흑석로 84 (흑석동, 중앙대학교)",193.0,3.93,2
C:/projects/myproject/QDQM/DS_Input/Internal/university_code_2.csv,university_code_2.csv,주소,ADDRESS,Master,506.0,1391.0,"[""KKKKK KKK KKK nnn (K"", ""KKKKK KKK KKK nn (KK"", ""KKKK KKK KKK KKK nnn"", ""KKKKK KK KKK nn (KKK"", ""KKKKK KKK KKKK nnn ("", ""KKKK KKK KKK KKKK nn"", ""KKK KKK KKK KKKK nnn"", ""KKKK KKK KKK nnn (KK"", ""KKK KKK KKK KKKKK nn"", ""KKK KKK KKK nnn (KKK""]","[6.14, 3.93, 2.89, 2.54, 2.38, 2.28, 2.24, 2.16, 1.63, 1.48]",KKKK KKK KKK KKK nnn,"경상남도 진주시 문산읍 동부로 965 (상문리, 한국국제대학교)","충청북도 청주시 흥덕구 청남로 2065 (수곡동, 청주교육대학교)","충청남도 금산군 추부면 대학로 201 (마전리, 중부대학교)",142.0,2.89,3
C:/projects/myproject/QDQM/DS_Input/Internal/university_code_2.csv,university_code_2.csv,주야구분,,Master,6.0,11.0,"[""KK"", ""KKK"", ""KKsKKK"", ""KKKsKK"", ""KKsKK"", ""KKKsKKK""]","[77.83, 20.7, 0.75, 0.31, 0.28, 0.12]",KK,야간,주간,야간,3827.0,77.83,1
C:/projects/myproject/QDQM/DS_Input/Internal/university_code_2.csv,university_code_2.csv,주야구분,,Master,6.0,11.0,"[""KK"", ""KKK"", ""KKsKKK"", ""KKKsKK"", ""KKsKK"", ""KKKsKKK""]","[77.83, 20.7, 0.75, 0.31, 0.28, 0.12]",KKK,계절제,주야간,주야간,1018.0,20.7,2
C:/projects/myproject/QDQM/DS_Input/Internal/university_code_2.csv,university_code_2.csv,주야구분,,Master,6.0,11.0,"[""KK"", ""KKK"", ""KKsKKK"", ""KKKsKK"", ""KKsKK"", ""KKKsKKK""]","[77.83, 20.7, 0.75, 0.31, 0.28, 0.12]",KKsKKK,야간+계절제,주간+계절제,야간+계절제,37.0,0.75,3
C:/projects/myproject/QDQM/DS_Input/Internal/university_code_2.csv,university_code_2.csv,지번주소,ADDRESS,Master,138.0,497.0,"[""KKKK KKK KKK KKK nnn"", ""KKKKK KKK KKK nnn"", ""KKKKK KKK KKK nnn-n"", ""KKKK KKK KKK nnn"", ""KKKKK KK KKK nnn"", ""KKKKK KKKK KKK nnn"", ""KKKKKKK KKK KKK KKK "", ""KKKK KKK KKK KKK nn"", ""KKKKK KKK KKK nnn-nn"", ""KKKKK KKK KKK nn""]","[7.27, 6.32, 4.11, 3.69, 3.06, 2.83, 2.8, 2.63, 2.6, 2.47]",KKKK KKK KKK KKK nnn,경상남도 거창군 거창읍 대평리 1396,충청북도 청주시 서원구 수곡동 135-1,충청남도 아산시 배방읍 세출리 165,221.0,7.27,1
C:/projects/myproject/QDQM/DS_Input/Internal/university_code_2.csv,university_code_2.csv,지번주소,ADDRESS,Master,138.0,497.0,"[""KKKK KKK KKK KKK nnn"", ""KKKKK KKK KKK nnn"", ""KKKKK KKK KKK nnn-n"", ""KKKK KKK KKK nnn"", ""KKKKK KK KKK nnn"", ""KKKKK KKKK KKK nnn"", ""KKKKKKK KKK KKK KKK "", ""KKKK KKK KKK KKK nn"", ""KKKKK KKK KKK nnn-nn"", ""KKKKK KKK KKK nn""]","[7.27, 6.32, 4.11, 3.69, 3.06, 2.83, 2.8, 2.63, 2.6, 2.47]",KKKKK KKK KKK nnn,대구광역시 달서구 신당동 700,서울특별시 중랑구 상봉동 500,서울특별시 동작구 흑석동 221,192.0,6.32,2
C:/projects/myproject/QDQM/DS_Input/Internal/university_code_2.csv,university_code_2.csv,지번주소,ADDRESS,Master,138.0,497.0,"[""KKKK KKK KKK KKK nnn"", ""KKKKK KKK KKK nnn"", ""KKKKK KKK KKK nnn-n"", ""KKKK KKK KKK nnn"", ""KKKKK KK KKK nnn"", ""KKKKK KKKK KKK nnn"", ""KKKKKKK KKK KKK KKK "", ""KKKK KKK KKK KKK nn"", ""KKKKK KKK KKK nnn-nn"", ""KKKKK KKK KKK nn""]","[7.27, 6.32, 4.11, 3.69, 3.06, 2.83, 2.8, 2.63, 2.6, 2.47]",KKKKK KKK KKK nnn-n,광주광역시 광산구 신창동 683-3,인천광역시 연수구 연수동 534-2,서울특별시 노원구 월계동 447-1,125.0,4.11,3
C:/projects/myproject/QDQM/DS_Input/Internal/university_code_2.csv,university_code_2.csv,총장명,,Master,20.0,1265.0,"[""KKK"", ""KK"", ""KKK/KKK"", ""KKK(KKKK)"", ""KKK(KKKK)/KKK"", ""K K K"", ""KKKKK"", ""KKKK"", ""s-"", ""Aaaa A. Aaaaa""]","[94.33, 2.7, 1.15, 0.49, 0.23, 0.13, 0.13, 0.13, 0.1, 0.07]",KKK,강경환,황호일,우병동,2860.0,94.33,1
C:/projects/myproject/QDQM/DS_Input/Internal/university_code_2.csv,university_code_2.csv,총장명,,Master,20.0,1265.0,"[""KKK"", ""KK"", ""KKK/KKK"", ""KKK(KKKK)"", ""KKK(KKKK)/KKK"", ""K K K"", ""KKKKK"", ""KKKK"", ""s-"", ""Aaaa A. Aaaaa""]","[94.33, 2.7, 1.15, 0.49, 0.23, 0.13, 0.13, 0.13, 0.1, 0.07]",KK,김강,황빈,윤진,82.0,2.7,2
C:/projects/myproject/QDQM/DS_Input/Internal/university_code_2.csv,university_code_2.csv,총장명,,Master,20.0,1265.0,"[""KKK"", ""KK"", ""KKK/KKK"", ""KKK(KKKK)"", ""KKK(KKKK)/KKK"", ""K K K"", ""KKKKK"", ""KKKK"", ""s-"", ""Aaaa A. Aaaaa""]","[94.33, 2.7, 1.15, 0.49, 0.23, 0.13, 0.13, 0.13, 0.1, 0.07]",KKK/KKK,김성혜/김정일,조성수/류창규,박성태/강형원,35.0,1.15,3
C:/projects/myproject/QDQM/DS_Input/Internal/university_code_2.csv,university_code_2.csv,팩스번호,TEL,Master,15.0,1402.0,"[""nnn-nnn-nnnn"", ""nn-nnn-nnnn"", ""nn-nnnn-nnnn"", ""nnn-nnnn-nnnn"", ""nnnnnnnnnn"", ""nnnn-nnn-nnnn"", ""nnnnnnnnnnn"", ""nnnnnnnnn"", ""nn-nnnn-nnn"", ""nnnn""]","[70.05, 16.42, 10.65, 1.99, 0.17, 0.15, 0.13, 0.11, 0.09, 0.07]",nnn-nnn-nnnn,031-201-2777,263-291-9312,044-860-1507,3204.0,70.05,1
C:/projects/myproject/QDQM/DS_Input/Internal/university_code_2.csv,university_code_2.csv,팩스번호,TEL,Master,15.0,1402.0,"[""nnn-nnn-nnnn"", ""nn-nnn-nnnn"", ""nn-nnnn-nnnn"", ""nnn-nnnn-nnnn"", ""nnnnnnnnnn"", ""nnnn-nnn-nnnn"", ""nnnnnnnnnnn"", ""nnnnnnnnn"", ""nn-nnnn-nnn"", ""nnnn""]","[70.05, 16.42, 10.65, 1.99, 0.17, 0.15, 0.13, 0.11, 0.09, 0.07]",nn-nnn-nnnn,02-300-1556,02-980-2222,02-760-5848,751.0,16.42,2
C:/projects/myproject/QDQM/DS_Input/Internal/university_code_2.csv,university_code_2.csv,팩스번호,TEL,Master,15.0,1402.0,"[""nnn-nnn-nnnn"", ""nn-nnn-nnnn"", ""nn-nnnn-nnnn"", ""nnn-nnnn-nnnn"", ""nnnnnnnnnn"", ""nnnn-nnn-nnnn"", ""nnnnnnnnnnn"", ""nnnnnnnnn"", ""nn-nnnn-nnn"", ""nnnn""]","[70.05, 16.42, 10.65, 1.99, 0.17, 0.15, 0.13, 0.11, 0.09, 0.07]",nn-nnnn-nnnn,02-2001-4119,02-6953-3089,02-2614-6398,487.0,10.65,3
C:/projects/myproject/QDQM/DS_Input/Internal/university_code_2.csv,university_code_2.csv,학교개교일,YYYYMMDD,Master,1.0,628.0,"[""nnnn-nn-nn""]",[100.0],nnnn-nn-nn,1887-09-29,2025-03-04,1999-11-02,3038.0,100.0,1
C:/projects/myproject/QDQM/DS_Input/Internal/university_code_2.csv,university_code_2.csv,학교명,Text,Master,192.0,3016.0,"[""KKKKK KKKKK"", ""KKKKK KKKKKKK"", ""KKKKK"", ""KKKKKKKKKK"", ""KKKKKKK"", ""KKKKKKKKKKKK"", ""KKKKKKKK"", ""KKKKKKK KKKKKKK"", ""KKKKK KKKKKKKKK"", ""KKKKKKK KKKKK""]","[12.24, 10.98, 9.05, 8.75, 6.2, 5.86, 4.01, 3.19, 3.03, 2.89]",KKKKK KKKKK,가야대학교 교육대학원,홍익대학교 패션대학원,서원대학교 일반대학원,602.0,12.24,1
C:/projects/myproject/QDQM/DS_Input/Internal/university_code_2.csv,university_code_2.csv,학교명,Text,Master,192.0,3016.0,"[""KKKKK KKKKK"", ""KKKKK KKKKKKK"", ""KKKKK"", ""KKKKKKKKKK"", ""KKKKKKK"", ""KKKKKKKKKKKK"", ""KKKKKKKK"", ""KKKKKKK KKKKKKK"", ""KKKKK KKKKKKKKK"", ""KKKKKKK KKKKK""]","[12.24, 10.98, 9.05, 8.75, 6.2, 5.86, 4.01, 3.19, 3.03, 2.89]",KKKKK KKKKKKK,가야대학교 도시개발대학원,홍익대학교 산업미술대학원,신라대학교 사회복지대학원,540.0,10.98,2
C:/projects/myproject/QDQM/DS_Input/Internal/university_code_2.csv,university_code_2.csv,학교명,Text,Master,192.0,3016.0,"[""KKKKK KKKKK"", ""KKKKK KKKKKKK"", ""KKKKK"", ""KKKKKKKKKK"", ""KKKKKKK"", ""KKKKKKKKKKKK"", ""KKKKKKKK"", ""KKKKKKK KKKKKKK"", ""KKKKK KKKKKKKKK"", ""KKKKKKK KKKKK""]","[12.24, 10.98, 9.05, 8.75, 6.2, 5.86, 4.01, 3.19, 3.03, 2.89]",KKKKK,가야대학교,홍익대학교,서정대학교,445.0,9.05,3
C:/projects/myproject/QDQM/DS_Input/Internal/university_code_2.csv,university_code_2.csv,학교명(영문),,Master,225.0,1506.0,"[""Aaaaaaaa Aaaaaa Aa A"", ""Aaaaaaaa Aaaaaa aa A"", ""Aaa Aaaaaaaa Aaaaaa "", ""Aaaaa Aaaaaaaa Aaaaa"", ""Aaaaaaa Aaaaaaaa Aaa"", ""Aaaaaaaaa Aaaaaaaaaa"", ""Aaaaaaa Aaaaaaaaaa"", ""Aaaaaa Aaaaaaaaaa"", ""Aaaaaaaa Aaaaaaaaaa"", ""Aaaaaaaaa Aaaaaaaa A""]","[27.78, 5.4, 4.05, 3.65, 3.42, 2.96, 2.27, 2.11, 2.07, 1.81]",Aaaaaaaa Aaaaaa Aa A,Business School Of Hoseo University,Suncheon Campus Of Korea Polytechnic V,Graduate School Of Human Resource Development For Women,844.0,27.78,1
C:/projects/myproject/QDQM/DS_Input/Internal/university_code_2.csv,university_code_2.csv,학교명(영문),,Master,225.0,1506.0,"[""Aaaaaaaa Aaaaaa Aa A"", ""Aaaaaaaa Aaaaaa aa A"", ""Aaa Aaaaaaaa Aaaaaa "", ""Aaaaa Aaaaaaaa Aaaaa"", ""Aaaaaaa Aaaaaaaa Aaa"", ""Aaaaaaaaa Aaaaaaaaaa"", ""Aaaaaaa Aaaaaaaaaa"", ""Aaaaaa Aaaaaaaaaa"", ""Aaaaaaaa Aaaaaaaaaa"", ""Aaaaaaaaa Aaaaaaaa A""]","[27.78, 5.4, 4.05, 3.65, 3.42, 2.96, 2.27, 2.11, 2.07, 1.81]",Aaaaaaaa Aaaaaa aa A,Graduate School of ACTS University,Hwaseong Campus of KOREA POLYTECHNIC,Graduate School of Integrative Psychotherapy,164.0,5.4,2
C:/projects/myproject/QDQM/DS_Input/Internal/university_code_2.csv,university_code_2.csv,학교명(영문),,Master,225.0,1506.0,"[""Aaaaaaaa Aaaaaa Aa A"", ""Aaaaaaaa Aaaaaa aa A"", ""Aaa Aaaaaaaa Aaaaaa "", ""Aaaaa Aaaaaaaa Aaaaa"", ""Aaaaaaa Aaaaaaaa Aaa"", ""Aaaaaaaaa Aaaaaaaaaa"", ""Aaaaaaa Aaaaaaaaaa"", ""Aaaaaa Aaaaaaaaaa"", ""Aaaaaaaa Aaaaaaaaaa"", ""Aaaaaaaaa Aaaaaaaa A""]","[27.78, 5.4, 4.05, 3.65, 3.42, 2.96, 2.27, 2.11, 2.07, 1.81]",Aaa Aaaaaaaa Aaaaaa,The Graduate School Ewha Womans University,The Grdauate School Of Industry Information And Journalism Mokwon University,The Graduate School Of Information & Industry Of Hanseo University,123.0,4.05,3
C:/projects/myproject/QDQM/DS_Input/Internal/university_code_2.csv,university_code_2.csv,학교명(한자),,Master,135.0,1577.0,"[""sssss"", ""sssss sssss"", ""sssssss"", ""sssss sssssss"", ""ssss"", ""ssssss"", ""ssss ssssssss"", ""ssss ssssss"", ""ssssssss"", ""ssss sssssss""]","[8.73, 8.44, 7.84, 7.22, 4.94, 4.35, 4.19, 3.99, 3.3, 3.03]",sssss,三育大学校,柳韓大学校,庆南大学校,265.0,8.73,1
C:/projects/myproject/QDQM/DS_Input/Internal/university_code_2.csv,university_code_2.csv,학교명(한자),,Master,135.0,1577.0,"[""sssss"", ""sssss sssss"", ""sssssss"", ""sssss sssssss"", ""ssss"", ""ssssss"", ""ssss ssssssss"", ""ssss ssssss"", ""ssssssss"", ""ssss sssssss""]","[8.73, 8.44, 7.84, 7.22, 4.94, 4.35, 4.19, 3.99, 3.3, 3.03]",sssss sssss,三育大学校 神学大学院,靈山大学校 观光大学院,庆熙大学校 公共大学院,256.0,8.44,2
C:/projects/myproject/QDQM/DS_Input/Internal/university_code_2.csv,university_code_2.csv,학교명(한자),,Master,135.0,1577.0,"[""sssss"", ""sssss sssss"", ""sssssss"", ""sssss sssssss"", ""ssss"", ""ssssss"", ""ssss ssssssss"", ""ssss ssssss"", ""ssssssss"", ""ssss sssssss""]","[8.73, 8.44, 7.84, 7.22, 4.94, 4.35, 4.19, 3.99, 3.3, 3.03]",sssssss,三育保健大学校,梨花女子大学校,春海保健大学校,238.0,7.84,3
C:/projects/myproject/QDQM/DS_Input/Internal/university_code_2.csv,university_code_2.csv,학교상태,,Master,4.0,7.0,"[""KK"", ""KKK KK"", ""KKKKK"", ""KK KK""]","[91.38, 6.83, 1.26, 0.53]",KK,기존,휴교,기존,4493.0,91.38,1
C:/projects/myproject/QDQM/DS_Input/Internal/university_code_2.csv,university_code_2.csv,학교상태,,Master,4.0,7.0,"[""KK"", ""KKK KK"", ""KKKKK"", ""KK KK""]","[91.38, 6.83, 1.26, 0.53]",KKK KK,학교명 변경,학교명 변경,학교명 변경,336.0,6.83,2
C:/projects/myproject/QDQM/DS_Input/Internal/university_code_2.csv,university_code_2.csv,학교상태,,Master,4.0,7.0,"[""KK"", ""KKK KK"", ""KKKKK"", ""KK KK""]","[91.38, 6.83, 1.26, 0.53]",KKKKK,학교명변경,학교명변경,학교명변경,62.0,1.26,3
C:/projects/myproject/QDQM/DS_Input/Internal/university_code_2.csv,university_code_2.csv,학교코드,TEL,Master,4.0,1683.0,"[""nnnnnnnn"", ""nnnnnAnn"", ""Annnnnnn"", ""AnnnnAnn""]","[76.23, 21.0, 2.61, 0.17]",nnnnnnnn,51001000,93050646,53073618,3623.0,76.23,1
C:/projects/myproject/QDQM/DS_Input/Internal/university_code_2.csv,university_code_2.csv,학교코드,TEL,Master,4.0,1683.0,"[""nnnnnnnn"", ""nnnnnAnn"", ""Annnnnnn"", ""AnnnnAnn""]","[76.23, 21.0, 2.61, 0.17]",nnnnnAnn,51002A11,83616G92,53062E48,998.0,21.0,2
C:/projects/myproject/QDQM/DS_Input/Internal/university_code_2.csv,university_code_2.csv,학교코드,TEL,Master,4.0,1683.0,"[""nnnnnnnn"", ""nnnnnAnn"", ""Annnnnnn"", ""AnnnnAnn""]","[76.23, 21.0, 2.61, 0.17]",Annnnnnn,S5101000,Z3210000,Z3132000,124.0,2.61,3
C:/projects/myproject/QDQM/DS_Input/Internal/university_code_2.csv,university_code_2.csv,학제,,Master,6.0,19.0,"[""KKKKK"", ""KKKK"", ""KKK"", ""KKKK(KK)"", ""KKKKK(KK)"", ""KKKKKKK""]","[74.68, 12.79, 10.94, 0.92, 0.63, 0.04]",KKKKK,일반대학원,특수대학원,특수대학원,3672.0,74.68,1
C:/projects/myproject/QDQM/DS_Input/Internal/university_code_2.csv,university_code_2.csv,학제,,Master,6.0,19.0,"[""KKKKK"", ""KKKK"", ""KKK"", ""KKKK(KK)"", ""KKKKK(KK)"", ""KKKKKKK""]","[74.68, 12.79, 10.94, 0.92, 0.63, 0.04]",KKKK,교육대학,전문대학,전문대학,629.0,12.79,2
C:/projects/myproject/QDQM/DS_Input/Internal/university_code_2.csv,university_code_2.csv,학제,,Master,6.0,19.0,"[""KKKKK"", ""KKKK"", ""KKK"", ""KKKK(KK)"", ""KKKKK(KK)"", ""KKKKKKK""]","[74.68, 12.79, 10.94, 0.92, 0.63, 0.04]",KKK,대학교,대학교,대학교,538.0,10.94,3
C:/projects/myproject/QDQM/DS_Input/Internal/university_code_2.csv,university_code_2.csv,홈페이지,,Master,377.0,2059.0,"[""aaa.aaa.aa.aa"", ""aaa.aaaa.aa.aa"", ""aaa.aaaaa.aa.aa"", ""aaa.aaaaaa.aa.aa"", ""aaa.aaaaaaa.aa.aa"", ""aaa.aa.aa.aa"", ""aaa.aaaaaaaa.aa.aa"", ""aaa.aaaaaaaaa.aa.aa"", ""aaa.aaaaaa.aa.aa/aaa"", ""aaa.aaaa.aa.aa/aaaaa""]","[14.59, 9.62, 6.77, 5.88, 4.66, 2.83, 2.29, 1.83, 1.79, 1.21]",aaa.aaa.aa.aa,afd.khu.ac.kr,www.ysu.ac.kr,www.kcc.ac.kr,702.0,14.59,1
C:/projects/myproject/QDQM/DS_Input/Internal/university_code_2.csv,university_code_2.csv,홈페이지,,Master,377.0,2059.0,"[""aaa.aaa.aa.aa"", ""aaa.aaaa.aa.aa"", ""aaa.aaaaa.aa.aa"", ""aaa.aaaaaa.aa.aa"", ""aaa.aaaaaaa.aa.aa"", ""aaa.aa.aa.aa"", ""aaa.aaaaaaaa.aa.aa"", ""aaa.aaaaaaaaa.aa.aa"", ""aaa.aaaaaa.aa.aa/aaa"", ""aaa.aaaa.aa.aa/aaaaa""]","[14.59, 9.62, 6.77, 5.88, 4.66, 2.83, 2.29, 1.83, 1.79, 1.21]",aaa.aaaa.aa.aa,biz.hufs.ac.kr,www.ytus.ac.kr,www.inje.ac.kr,463.0,9.62,2
C:/projects/myproject/QDQM/DS_Input/Internal/university_code_2.csv,university_code_2.csv,홈페이지,,Master,377.0,2059.0,"[""aaa.aaa.aa.aa"", ""aaa.aaaa.aa.aa"", ""aaa.aaaaa.aa.aa"", ""aaa.aaaaaa.aa.aa"", ""aaa.aaaaaaa.aa.aa"", ""aaa.aa.aa.aa"", ""aaa.aaaaaaaa.aa.aa"", ""aaa.aaaaaaaaa.aa.aa"", ""aaa.aaaaaa.aa.aa/aaa"", ""aaa.aaaa.aa.aa/aaaaa""]","[14.59, 9.62, 6.77, 5.88, 4.66, 2.83, 2.29, 1.83, 1.79, 1.21]",aaa.aaaaa.aa.aa,cam.kumoh.ac.kr,www.yuhan.ac.kr,www.kbtus.ac.kr,326.0,6.77,3
C:/projects/myproject/QDQM/DS_Input/Internal/계약마스터.csv,계약마스터.csv,ESB_STATUS,Alpha_Flag,Master,1.0,1.0,"[""A""]",[100.0],A,N,N,N,10000.0,100.0,1
C:/projects/myproject/QDQM/DS_Input/Internal/계약마스터.csv,계약마스터.csv,ETL일시,TIME,Master,1.0,1.0,"[""nn:nn.n""]",[100.0],nn:nn.n,35:22.2,35:22.2,35:22.2,10000.0,100.0,1
C:/projects/myproject/QDQM/DS_Input/Internal/계약마스터.csv,계약마스터.csv,계약개시일,YYYYMMDD,Master,1.0,742.0,"[""nnnnnnnn""]",[100.0],nnnnnnnn,20210701,20240301,20230101,10000.0,100.0,1
C:/projects/myproject/QDQM/DS_Input/Internal/계약마스터.csv,계약마스터.csv,계약관리번호,,Master,2.0,8580.0,"[""nnnnAAAnnnnn"", ""nnnnAAAnnnn""]","[56.34, 43.66]",nnnnAAAnnnnn,2205HDD03722,2401HDD00683,2305HDD01414,5634.0,56.34,1
C:/projects/myproject/QDQM/DS_Input/Internal/계약마스터.csv,계약마스터.csv,계약관리번호,,Master,2.0,8580.0,"[""nnnnAAAnnnnn"", ""nnnnAAAnnnn""]","[56.34, 43.66]",nnnnAAAnnnn,2107POS0020,2403DLS0001,2206HDD0974,4366.0,43.66,2
C:/projects/myproject/QDQM/DS_Input/Internal/계약마스터.csv,계약마스터.csv,계약구분,Alpha_Flag,Master,1.0,3.0,"[""A""]",[100.0],A,B,R,N,10000.0,100.0,1
C:/projects/myproject/QDQM/DS_Input/Internal/계약마스터.csv,계약마스터.csv,계약번호,,Master,4.0,8388.0,"[""nnnnnnn"", ""AAAAAnnnnnnn"", ""AAAnnnnn"", ""AAAAnnnnnnn""]","[95.34, 4.42, 0.23, 0.01]",nnnnnnn,0028609,9127896,2020439,9534.0,95.34,1
C:/projects/myproject/QDQM/DS_Input/Internal/계약마스터.csv,계약마스터.csv,계약번호,,Master,4.0,8388.0,"[""nnnnnnn"", ""AAAAAnnnnnnn"", ""AAAnnnnn"", ""AAAAnnnnnnn""]","[95.34, 4.42, 0.23, 0.01]",AAAAAnnnnnnn,DWBKK1501095,DWUSN2312854,DWKPO2205280,442.0,4.42,2
C:/projects/myproject/QDQM/DS_Input/Internal/계약마스터.csv,계약마스터.csv,계약번호,,Master,4.0,8388.0,"[""nnnnnnn"", ""AAAAAnnnnnnn"", ""AAAnnnnn"", ""AAAAnnnnnnn""]","[95.34, 4.42, 0.23, 0.01]",AAAnnnnn,OTS21140,OTS23298,OTS23228,23.0,0.23,3
C:/projects/myproject/QDQM/DS_Input/Internal/계약마스터.csv,계약마스터.csv,계약적용월,YEARMONTH,Master,1.0,56.0,"[""nnnnnn""]",[100.0],nnnnnn,202111,203706,202306,10000.0,100.0,1
C:/projects/myproject/QDQM/DS_Input/Internal/계약마스터.csv,계약마스터.csv,계약종료일,YYYYMMDD,Master,1.0,781.0,"[""nnnnnnnn""]",[100.0],nnnnnnnn,20220131,20390228,20231231,10000.0,100.0,1
C:/projects/myproject/QDQM/DS_Input/Internal/계약마스터.csv,계약마스터.csv,고객명,Text,Master,375.0,7827.0,"[""KKKK"", ""KKKKK"", ""(K)KKKK"", ""KKK"", ""KKKKKK"", ""(K)KKKKK"", ""(K)KKK"", ""KKKKKKK"", ""(K)KKKKKK"", ""KK""]","[18.07, 10.97, 10.28, 7.39, 6.9, 6.2, 4.02, 3.82, 3.63, 3.48]",KKKK,가가수수,힐링센트,씨드뱅크,1807.0,18.07,1
C:/projects/myproject/QDQM/DS_Input/Internal/계약마스터.csv,계약마스터.csv,고객명,Text,Master,375.0,7827.0,"[""KKKK"", ""KKKKK"", ""(K)KKKK"", ""KKK"", ""KKKKKK"", ""(K)KKKKK"", ""(K)KKK"", ""KKKKKKK"", ""(K)KKKKKK"", ""KK""]","[18.07, 10.97, 10.28, 7.39, 6.9, 6.2, 4.02, 3.82, 3.63, 3.48]",KKKKK,가가컴퍼니,힘찬씨푸드,씨오코리아,1097.0,10.97,2
C:/projects/myproject/QDQM/DS_Input/Internal/계약마스터.csv,계약마스터.csv,고객명,Text,Master,375.0,7827.0,"[""KKKK"", ""KKKKK"", ""(K)KKKK"", ""KKK"", ""KKKKKK"", ""(K)KKKKK"", ""(K)KKK"", ""KKKKKKK"", ""(K)KKKKKK"", ""KK""]","[18.07, 10.97, 10.28, 7.39, 6.9, 6.2, 4.02, 3.82, 3.63, 3.48]",(K)KKKK,(유)맛동유통,(학)삼육식품,(주)루아르모,1028.0,10.28,3
C:/projects/myproject/QDQM/DS_Input/Internal/계약마스터.csv,계약마스터.csv,물량단위,,Master,4.0,11.0,"[""AAA"", ""K"", ""a"", ""Aaaaaa""]","[98.44, 1.24, 0.25, 0.07]",AAA,BOX,TON,BOX,9844.0,98.44,1
C:/projects/myproject/QDQM/DS_Input/Internal/계약마스터.csv,계약마스터.csv,물량단위,,Master,4.0,11.0,"[""AAA"", ""K"", ""a"", ""Aaaaaa""]","[98.44, 1.24, 0.25, 0.07]",K,건,평,대,124.0,1.24,2
C:/projects/myproject/QDQM/DS_Input/Internal/계약마스터.csv,계약마스터.csv,물량단위,,Master,4.0,11.0,"[""AAA"", ""K"", ""a"", ""Aaaaaa""]","[98.44, 1.24, 0.25, 0.07]",a,ℓ,ℓ,ℓ,25.0,0.25,3
C:/projects/myproject/QDQM/DS_Input/Internal/계약마스터.csv,계약마스터.csv,사업자번호,,Master,1.0,7854.0,"[""nnnnnnnnnn""]",[100.0],nnnnnnnnnn,1010269228,9731776140,3528702007,10000.0,100.0,1
C:/projects/myproject/QDQM/DS_Input/Internal/계약마스터.csv,계약마스터.csv,소사업명,,Master,18.0,59.0,"[""AnAKK"", ""KKKKKKK"", ""KKKKKK(KK)"", ""KKKKKKKKKK"", ""KKKK"", ""KKKKKKKK"", ""AnA"", ""KKKKKK"", ""KKKKKKKK(KK)"", ""KKKKK""]","[94.48, 0.97, 0.84, 0.73, 0.71, 0.64, 0.48, 0.34, 0.3, 0.16]",AnAKK,B2B공통,B2C집하,B2C공통,9443.0,94.48,1
C:/projects/myproject/QDQM/DS_Input/Internal/계약마스터.csv,계약마스터.csv,소사업명,,Master,18.0,59.0,"[""AnAKK"", ""KKKKKKK"", ""KKKKKK(KK)"", ""KKKKKKKKKK"", ""KKKK"", ""KKKKKKKK"", ""AnA"", ""KKKKKK"", ""KKKKKKKK(KK)"", ""KKKKK""]","[94.48, 0.97, 0.84, 0.73, 0.71, 0.64, 0.48, 0.34, 0.3, 0.16]",KKKKKKK,주유소사업공통,해상포워딩수출,해상포워딩공통,97.0,0.97,2
C:/projects/myproject/QDQM/DS_Input/Internal/계약마스터.csv,계약마스터.csv,소사업명,,Master,18.0,59.0,"[""AnAKK"", ""KKKKKKK"", ""KKKKKK(KK)"", ""KKKKKKKKKK"", ""KKKK"", ""KKKKKKKK"", ""AnA"", ""KKKKKK"", ""KKKKKKKK(KK)"", ""KKKKK""]","[94.48, 0.97, 0.84, 0.73, 0.71, 0.64, 0.48, 0.34, 0.3, 0.16]",KKKKKK(KK),컨테이너운송(용차),컨테이너운송(자차),컨테이너운송(용차),84.0,0.84,3
C:/projects/myproject/QDQM/DS_Input/Internal/계약마스터.csv,계약마스터.csv,소사업코드,,Master,1.0,60.0,"[""nnn""]",[100.0],nnn,101,435,422,10000.0,100.0,1
C:/projects/myproject/QDQM/DS_Input/Internal/계약마스터.csv,계약마스터.csv,예상물량년,,Master,9.0,1188.0,"[""nnnn"", ""nnnnn"", ""nnn"", ""nnnnnn"", ""nn"", ""nnnnnnn"", ""n"", ""nnnnnnnn"", ""nnnnnnnnn""]","[53.26, 30.25, 8.61, 6.11, 1.03, 0.5, 0.14, 0.09, 0.01]",nnnn,1000,9948,3600,5326.0,53.26,1
C:/projects/myproject/QDQM/DS_Input/Internal/계약마스터.csv,계약마스터.csv,예상물량년,,Master,9.0,1188.0,"[""nnnn"", ""nnnnn"", ""nnn"", ""nnnnnn"", ""nn"", ""nnnnnnn"", ""n"", ""nnnnnnnn"", ""nnnnnnnnn""]","[53.26, 30.25, 8.61, 6.11, 1.03, 0.5, 0.14, 0.09, 0.01]",nnnnn,10000,98160,24000,3025.0,30.25,2
C:/projects/myproject/QDQM/DS_Input/Internal/계약마스터.csv,계약마스터.csv,예상물량년,,Master,9.0,1188.0,"[""nnnn"", ""nnnnn"", ""nnn"", ""nnnnnn"", ""nn"", ""nnnnnnn"", ""n"", ""nnnnnnnn"", ""nnnnnnnnn""]","[53.26, 30.25, 8.61, 6.11, 1.03, 0.5, 0.14, 0.09, 0.01]",nnn,100,996,600,861.0,8.61,3
C:/projects/myproject/QDQM/DS_Input/Internal/계약마스터.csv,계약마스터.csv,최종변경일시,SINGLE VALUE,Master,1.0,1.0,"[""nn:nn""]",[100.0],nn:nn,34:57.0,34:57.0,34:57.0,10000.0,100.0,1
C:/projects/myproject/QDQM/DS_Input/Internal/계약마스터.csv,계약마스터.csv,최초생성일시,,Master,2.0,218.0,"[""nn:nn.n"", ""nn:nn""]","[90.2, 9.8]",nn:nn.n,00:00.4,00:51.2,00:37.5,9020.0,90.2,1
C:/projects/myproject/QDQM/DS_Input/Internal/계약마스터.csv,계약마스터.csv,최초생성일시,,Master,2.0,218.0,"[""nn:nn.n"", ""nn:nn""]","[90.2, 9.8]",nn:nn,00:19.0,00:51.0,00:38.0,980.0,9.8,2
C:/projects/myproject/QDQM/DS_Input/Internal/계약마스터.csv,계약마스터.csv,최초생성자ID,SINGLE VALUE,Master,1.0,1.0,"[""aaa""]",[100.0],aaa,cnt,cnt,cnt,10000.0,100.0,1
C:/projects/myproject/QDQM/DS_Input/Internal/계약마스터.csv,계약마스터.csv,팀명,,Master,15.0,90.0,"[""KKKKKK"", ""KKKK KKKKK"", ""KKKKKKK"", ""KKKK"", ""KKKKK"", ""KKKKKKKK"", ""KKKKKKKKKK"", ""KKAAAK"", ""AnAKK"", ""KKKKKKKKK""]","[89.14, 3.29, 3.22, 2.08, 1.51, 0.48, 0.11, 0.05, 0.03, 0.02]",KKKKKK,강릉택배지점,하남택배지점,부산택배지점,8914.0,89.14,1
C:/projects/myproject/QDQM/DS_Input/Internal/계약마스터.csv,계약마스터.csv,팀명,,Master,15.0,90.0,"[""KKKKKK"", ""KKKK KKKKK"", ""KKKKKKK"", ""KKKK"", ""KKKKK"", ""KKKKKKKK"", ""KKKKKKKKKK"", ""KKAAAK"", ""AnAKK"", ""KKKKKKKKK""]","[89.14, 3.29, 3.22, 2.08, 1.51, 0.48, 0.11, 0.05, 0.03, 0.02]",KKKK KKKKK,경인지점 물류영업팀,중부지점 물류영업팀,세종지점 물류영업팀,329.0,3.29,2
C:/projects/myproject/QDQM/DS_Input/Internal/계약마스터.csv,계약마스터.csv,팀명,,Master,15.0,90.0,"[""KKKKKK"", ""KKKK KKKKK"", ""KKKKKKK"", ""KKKK"", ""KKKKK"", ""KKKKKKKK"", ""KKKKKKKKKK"", ""KKAAAK"", ""AnAKK"", ""KKKKKKKKK""]","[89.14, 3.29, 3.22, 2.08, 1.51, 0.48, 0.11, 0.05, 0.03, 0.02]",KKKKKKK,남양주택배지점,항동주유영업소,동대문택배지점,322.0,3.22,3
C:/projects/myproject/QDQM/DS_Input/Internal/계약마스터.csv,계약마스터.csv,팀코드,,Master,3.0,95.0,"[""AAAAA"", ""AAAAAA"", ""AAAAAAA""]","[94.06, 5.8, 0.14]",AAAAA,ASNKE,YSNKE,KPOKE,9406.0,94.06,1
C:/projects/myproject/QDQM/DS_Input/Internal/계약마스터.csv,계약마스터.csv,팀코드,,Master,3.0,95.0,"[""AAAAA"", ""AAAAAA"", ""AAAAAAA""]","[94.06, 5.8, 0.14]",AAAAAA,BUGSLS,USNSDS,PUSSLS,580.0,5.8,2
C:/projects/myproject/QDQM/DS_Input/Internal/계약마스터.csv,계약마스터.csv,팀코드,,Master,3.0,95.0,"[""AAAAA"", ""AAAAAA"", ""AAAAAAA""]","[94.06, 5.8, 0.14]",AAAAAAA,SELESAC,SELGSES,SELGEPS,14.0,0.14,3
C:/projects/myproject/QDQM/DS_Input/Internal/계정과목코드.csv,계정과목코드.csv,ETL일시,TIME,Master,1.0,1.0,"[""nn:nn.n""]",[100.0],nn:nn.n,08:04.1,08:04.1,08:04.1,410.0,100.0,1
C:/projects/myproject/QDQM/DS_Input/Internal/계정과목코드.csv,계정과목코드.csv,계정과목명,Text,Master,52.0,392.0,"[""KKKKK"", ""KKKKKKK"", ""KKK"", ""KKKK"", ""KKKKKK"", ""KKKKKKKK"", ""KKKKKKKKKK"", ""KKKKKKKKK"", ""KK"", ""KKKKK KKK""]","[21.95, 10.24, 9.76, 9.02, 8.78, 6.59, 6.34, 5.37, 1.71, 1.22]",KKKKK,감가상각비,화재보험료,수입인지대,90.0,21.95,1
C:/projects/myproject/QDQM/DS_Input/Internal/계정과목코드.csv,계정과목코드.csv,계정과목명,Text,Master,52.0,392.0,"[""KKKKK"", ""KKKKKKK"", ""KKK"", ""KKKK"", ""KKKKKK"", ""KKKKKKKK"", ""KKKKKKKKKK"", ""KKKKKKKKK"", ""KK"", ""KKKKK KKK""]","[21.95, 10.24, 9.76, 9.02, 8.78, 6.59, 6.34, 5.37, 1.71, 1.22]",KKKKKKK,건물수선유지비,회계세무용역비,시설장비리스료,42.0,10.24,2
C:/projects/myproject/QDQM/DS_Input/Internal/계정과목코드.csv,계정과목코드.csv,계정과목명,Text,Master,52.0,392.0,"[""KKKKK"", ""KKKKKKK"", ""KKK"", ""KKKK"", ""KKKKKK"", ""KKKKKKKK"", ""KKKKKKKKKK"", ""KKKKKKKKK"", ""KK"", ""KKKKK KKK""]","[21.95, 10.24, 9.76, 9.02, 8.78, 6.59, 6.34, 5.37, 1.71, 1.22]",KKK,강사료,휘발유,임차료,40.0,9.76,3
C:/projects/myproject/QDQM/DS_Input/Internal/계정과목코드.csv,계정과목코드.csv,계정과목코드,UNIQUE,Master,1.0,410.0,"[""nnnnnn""]",[100.0],nnnnnn,400000,758000,514400,410.0,100.0,1
C:/projects/myproject/QDQM/DS_Input/Internal/계정과목코드.csv,계정과목코드.csv,계정속성값1,SINGLE VALUE,Master,1.0,1.0,"[""KK""]",[100.0],KK,원가,원가,원가,11.0,100.0,1
C:/projects/myproject/QDQM/DS_Input/Internal/계정과목코드.csv,계정과목코드.csv,계정속성값2,UNIQUE,Master,8.0,15.0,"[""snnnnnns-nnnnnn"", ""snnnnnnssnnnnnn"", ""snnnnnnssnnnnnnssnnn"", ""snnnnssnnnnssnnnn"", ""snnnnnns-nnnnnns-nnn"", ""snnnnssnnnnssnnnnssn"", ""sAAAAs"", ""snnnnnnssnnnnnns-nnn""]","[26.67, 20.0, 13.33, 13.33, 6.67, 6.67, 6.67, 6.67]",snnnnnns-nnnnnn,"+410000,-510000","+410000,-751000","+410000,-602000",4.0,26.67,1
C:/projects/myproject/QDQM/DS_Input/Internal/계정과목코드.csv,계정과목코드.csv,계정속성값2,UNIQUE,Master,8.0,15.0,"[""snnnnnns-nnnnnn"", ""snnnnnnssnnnnnn"", ""snnnnnnssnnnnnnssnnn"", ""snnnnssnnnnssnnnn"", ""snnnnnns-nnnnnns-nnn"", ""snnnnssnnnnssnnnnssn"", ""sAAAAs"", ""snnnnnnssnnnnnns-nnn""]","[26.67, 20.0, 13.33, 13.33, 6.67, 6.67, 6.67, 6.67]",snnnnnnssnnnnnn,"+421100,+421200","+754000,+757000","+521100,+521200",3.0,20.0,2
C:/projects/myproject/QDQM/DS_Input/Internal/계정과목코드.csv,계정과목코드.csv,계정속성값2,UNIQUE,Master,8.0,15.0,"[""snnnnnns-nnnnnn"", ""snnnnnnssnnnnnn"", ""snnnnnnssnnnnnnssnnn"", ""snnnnssnnnnssnnnn"", ""snnnnnns-nnnnnns-nnn"", ""snnnnssnnnnssnnnnssn"", ""sAAAAs"", ""snnnnnnssnnnnnns-nnn""]","[26.67, 20.0, 13.33, 13.33, 6.67, 6.67, 6.67, 6.67]",snnnnnnssnnnnnnssnnn,"+422100,+423100,+425100","+522100,+523100,+524100,+525100,+528100","+522100,+523100,+524100,+525100,+528100",2.0,13.33,3
C:/projects/myproject/QDQM/DS_Input/Internal/계정과목코드.csv,계정과목코드.csv,계정유형코드,,Master,4.0,16.0,"[""KKKK"", ""KKKKnn"", ""KKK"", ""AAsAnnn""]","[53.57, 26.79, 12.5, 7.14]",KKKK,투자활동,투자활동,투자활동,30.0,53.57,1
C:/projects/myproject/QDQM/DS_Input/Internal/계정과목코드.csv,계정과목코드.csv,계정유형코드,,Master,4.0,16.0,"[""KKKK"", ""KKKKnn"", ""KKK"", ""AAsAnnn""]","[53.57, 26.79, 12.5, 7.14]",KKKKnn,계산계정01,계산계정19,계산계정12,15.0,26.79,2
C:/projects/myproject/QDQM/DS_Input/Internal/계정과목코드.csv,계정과목코드.csv,계정유형코드,,Master,4.0,16.0,"[""KKKK"", ""KKKKnn"", ""KKK"", ""AAsAnnn""]","[53.57, 26.79, 12.5, 7.14]",KKK,인건비,인건비,인건비,7.0,12.5,3
C:/projects/myproject/QDQM/DS_Input/Internal/계정과목코드.csv,계정과목코드.csv,상위계정과목코드,,Master,1.0,63.0,"[""nnnnnn""]",[100.0],nnnnnn,000000,577100,512600,410.0,100.0,1
C:/projects/myproject/QDQM/DS_Input/Internal/계정과목코드.csv,계정과목코드.csv,최종갱신자ID,SINGLE VALUE,Master,1.0,1.0,"[""aaaaa""]",[100.0],aaaaa,epark,epark,epark,410.0,100.0,1
C:/projects/myproject/QDQM/DS_Input/Internal/계정과목코드.csv,계정과목코드.csv,최종변경일시,,Master,2.0,5.0,"[""nn:nn.n"", ""nn:nn""]","[75.12, 24.88]",nn:nn.n,04:02.7,04:03.1,04:02.8,308.0,75.12,1
C:/projects/myproject/QDQM/DS_Input/Internal/계정과목코드.csv,계정과목코드.csv,최종변경일시,,Master,2.0,5.0,"[""nn:nn.n"", ""nn:nn""]","[75.12, 24.88]",nn:nn,04:03.0,04:03.0,04:03.0,102.0,24.88,2
C:/projects/myproject/QDQM/DS_Input/Internal/계정과목코드.csv,계정과목코드.csv,최초생성일시,,Master,2.0,5.0,"[""nn:nn.n"", ""nn:nn""]","[75.12, 24.88]",nn:nn.n,04:02.7,04:03.1,04:02.8,308.0,75.12,1
C:/projects/myproject/QDQM/DS_Input/Internal/계정과목코드.csv,계정과목코드.csv,최초생성일시,,Master,2.0,5.0,"[""nn:nn.n"", ""nn:nn""]","[75.12, 24.88]",nn:nn,04:03.0,04:03.0,04:03.0,102.0,24.88,2
C:/projects/myproject/QDQM/DS_Input/Internal/계정과목코드.csv,계정과목코드.csv,최초생성자ID,SINGLE VALUE,Master,1.0,1.0,"[""aaaaa""]",[100.0],aaaaa,epark,epark,epark,410.0,100.0,1
C:/projects/myproject/QDQM/DS_Input/Internal/계정코드관리.csv,계정코드관리.csv,etl_dtm,TIMESTAMP,Master,1.0,1.0,"[""nnnn-nn-nn nn:nn:nn.""]",[100.0],nnnn-nn-nn nn:nn:nn.,2023-12-26 01:05:21.036000,2023-12-26 01:05:21.036000,2023-12-26 01:05:21.036000,330.0,100.0,1
C:/projects/myproject/QDQM/DS_Input/Internal/계정코드관리.csv,계정코드관리.csv,last_update_dtm,TIMESTAMP,Master,1.0,1.0,"[""nnnn-nn-nn nn:nn:nn.""]",[100.0],nnnn-nn-nn nn:nn:nn.,2023-12-26 01:05:21.036000,2023-12-26 01:05:21.036000,2023-12-26 01:05:21.036000,330.0,100.0,1
C:/projects/myproject/QDQM/DS_Input/Internal/계정코드관리.csv,계정코드관리.csv,계정과목명,,Master,9.0,55.0,"[""KKKKK"", ""KKK"", ""KKKK"", ""KKKKKKKKK"", ""KKKKKK"", ""KKKKKKK"", ""KK"", ""KKKKKKKKKK"", ""KKKKKsKK""]","[41.21, 16.67, 15.45, 13.64, 7.27, 3.94, 0.91, 0.61, 0.3]",KKKKK,감가상각비,판매촉진비,연료유류비,136.0,41.21,1
C:/projects/myproject/QDQM/DS_Input/Internal/계정코드관리.csv,계정코드관리.csv,계정과목명,,Master,9.0,55.0,"[""KKKKK"", ""KKK"", ""KKKK"", ""KKKKKKKKK"", ""KKKKKK"", ""KKKKKKK"", ""KK"", ""KKKKKKKKKK"", ""KKKKKsKK""]","[41.21, 16.67, 15.45, 13.64, 7.27, 3.94, 0.91, 0.61, 0.3]",KKK,기부금,제수당,임차료,55.0,16.67,2
C:/projects/myproject/QDQM/DS_Input/Internal/계정코드관리.csv,계정코드관리.csv,계정과목명,,Master,9.0,55.0,"[""KKKKK"", ""KKK"", ""KKKK"", ""KKKKKKKKK"", ""KKKKKK"", ""KKKKKKK"", ""KK"", ""KKKKKKKKKK"", ""KKKKKsKK""]","[41.21, 16.67, 15.45, 13.64, 7.27, 3.94, 0.91, 0.61, 0.3]",KKKK,금융수익,퇴직급여,영업수익,51.0,15.45,3
C:/projects/myproject/QDQM/DS_Input/Internal/계정코드관리.csv,계정코드관리.csv,계정과목코드,,Master,1.0,55.0,"[""nnnnnn""]",[100.0],nnnnnn,411100,577100,514200,330.0,100.0,1
C:/projects/myproject/QDQM/DS_Input/Internal/계정코드관리.csv,계정코드관리.csv,상위계정과목명,,Master,2.0,5.0,"[""KKKK"", ""KKKKK""]","[73.64, 26.36]",KKKK,영업비용,영업수익,영업비용,243.0,73.64,1
C:/projects/myproject/QDQM/DS_Input/Internal/계정코드관리.csv,계정코드관리.csv,상위계정과목명,,Master,2.0,5.0,"[""KKKK"", ""KKKKK""]","[73.64, 26.36]",KKKKK,법인세비용,영업외수익,영업외비용,87.0,26.36,2
C:/projects/myproject/QDQM/DS_Input/Internal/계정코드관리.csv,계정코드관리.csv,상위계정과목코드,,Master,1.0,5.0,"[""nnnnnn""]",[100.0],nnnnnn,410000,570000,510000,330.0,100.0,1
C:/projects/myproject/QDQM/DS_Input/Internal/계정코드관리.csv,계정코드관리.csv,수익비용구분명,,Master,1.0,2.0,"[""KK""]",[100.0],KK,비용,수익,비용,330.0,100.0,1
C:/projects/myproject/QDQM/DS_Input/Internal/계정코드관리.csv,계정코드관리.csv,수익비용구분코드,,Master,1.0,2.0,"[""nnnnnn""]",[100.0],nnnnnn,400000,500000,500000,330.0,100.0,1
C:/projects/myproject/QDQM/DS_Input/Internal/계정코드관리.csv,계정코드관리.csv,정렬순서,UNIQUE,Master,3.0,330.0,"[""nnnn"", ""nnn"", ""nn""]","[69.7, 27.58, 2.73]",nnnn,1000,3280,2140,230.0,69.7,1
C:/projects/myproject/QDQM/DS_Input/Internal/계정코드관리.csv,계정코드관리.csv,정렬순서,UNIQUE,Master,3.0,330.0,"[""nnnn"", ""nnn"", ""nn""]","[69.7, 27.58, 2.73]",nnn,100,990,540,91.0,27.58,2
C:/projects/myproject/QDQM/DS_Input/Internal/계정코드관리.csv,계정코드관리.csv,정렬순서,UNIQUE,Master,3.0,330.0,"[""nnnn"", ""nnn"", ""nn""]","[69.7, 27.58, 2.73]",nn,10,90,50,9.0,2.73,3
C:/projects/myproject/QDQM/DS_Input/Internal/계정코드관리.csv,계정코드관리.csv,최초생성일시,TIMESTAMP,Master,1.0,310.0,"[""nnnn-nn-nn nn:nn:nn.""]",[100.0],nnnn-nn-nn nn:nn:nn.,2023-12-12 21:42:24.439000,2023-12-12 21:42:24.758000,2023-12-12 21:42:24.605000,330.0,100.0,1
C:/projects/myproject/QDQM/DS_Input/Internal/계정코드관리.csv,계정코드관리.csv,최초생성자ID,SINGLE VALUE,Master,1.0,1.0,"[""aaaaa""]",[100.0],aaaaa,epark,epark,epark,330.0,100.0,1
C:/projects/myproject/QDQM/DS_Input/Internal/계정코드관리.csv,계정코드관리.csv,하위계정과목명,Text,Master,50.0,330.0,"[""KKKKK"", ""KKKKKKK"", ""KKKKKK"", ""KKKKKKKK"", ""KKK"", ""KKKKKKKKKK"", ""KKKK"", ""KKKKKKKKK"", ""KKKKK KKK"", ""KKKK KKK""]","[19.09, 10.91, 10.0, 8.18, 8.18, 7.58, 5.76, 4.85, 1.52, 1.52]",KKKKK,고시관리비,화재보험료,수입인지대,63.0,19.09,1
C:/projects/myproject/QDQM/DS_Input/Internal/계정코드관리.csv,계정코드관리.csv,하위계정과목명,Text,Master,50.0,330.0,"[""KKKKK"", ""KKKKKKK"", ""KKKKKK"", ""KKKKKKKK"", ""KKK"", ""KKKKKKKKKK"", ""KKKK"", ""KKKKKKKKK"", ""KKKKK KKK"", ""KKKK KKK""]","[19.09, 10.91, 10.0, 8.18, 8.18, 7.58, 5.76, 4.85, 1.52, 1.52]",KKKKKKK,건물수선유지비,회계세무용역비,안전보건수수료,36.0,10.91,2
C:/projects/myproject/QDQM/DS_Input/Internal/계정코드관리.csv,계정코드관리.csv,하위계정과목명,Text,Master,50.0,330.0,"[""KKKKK"", ""KKKKKKK"", ""KKKKKK"", ""KKKKKKKK"", ""KKK"", ""KKKKKKKKKK"", ""KKKK"", ""KKKKKKKKK"", ""KKKKK KKK"", ""KKKK KKK""]","[19.09, 10.91, 10.0, 8.18, 8.18, 7.58, 5.76, 4.85, 1.52, 1.52]",KKKKKK,국제사업수익,해운사업수익,외국납부세액,33.0,10.0,3
C:/projects/myproject/QDQM/DS_Input/Internal/계정코드관리.csv,계정코드관리.csv,하위계정과목코드,UNIQUE,Master,1.0,330.0,"[""nnnnnn""]",[100.0],nnnnnn,411111,577114,514251,330.0,100.0,1
C:/projects/myproject/QDQM/DS_Input/Internal/고객마스터.csv,고객마스터.csv,SFDC고객ID,UNIQUE,Master,429.0,9248.0,"[""nnnnnnnnnnAaaAAAAA"", ""nnnnnnnnnnAaaAaAAA"", ""nnnnnnnnnnAaaaAAAA"", ""nnnnnnnnnnAaaaaAAA"", ""nnnnnnnnnnAaAaAAAA"", ""nnnnnnnnnnAaAAAAAn"", ""nnnnnnnnnnAaAaaAAA"", ""nnnnnnnnnnAaAAaAAA"", ""nnnnnnnnnnAAaaAAAA"", ""nnnnnnnnnnAaanAAAA""]","[5.79, 5.54, 5.24, 4.92, 2.75, 2.7, 2.56, 2.52, 2.42, 2.28]",nnnnnnnnnnAaaAAAAA,0012000000TzmTPAAZ,0012000000YhiCJAAZ,0012000000YeyUNAAZ,535.0,5.79,1
C:/projects/myproject/QDQM/DS_Input/Internal/고객마스터.csv,고객마스터.csv,SFDC고객ID,UNIQUE,Master,429.0,9248.0,"[""nnnnnnnnnnAaaAAAAA"", ""nnnnnnnnnnAaaAaAAA"", ""nnnnnnnnnnAaaaAAAA"", ""nnnnnnnnnnAaaaaAAA"", ""nnnnnnnnnnAaAaAAAA"", ""nnnnnnnnnnAaAAAAAn"", ""nnnnnnnnnnAaAaaAAA"", ""nnnnnnnnnnAaAAaAAA"", ""nnnnnnnnnnAAaaAAAA"", ""nnnnnnnnnnAaanAAAA""]","[5.79, 5.54, 5.24, 4.92, 2.75, 2.7, 2.56, 2.52, 2.42, 2.28]",nnnnnnnnnnAaaAaAAA,0012000000MqqTtAAJ,0012000000YfzRkAAJ,0012000000YeyRuAAJ,512.0,5.54,2
C:/projects/myproject/QDQM/DS_Input/Internal/고객마스터.csv,고객마스터.csv,SFDC고객ID,UNIQUE,Master,429.0,9248.0,"[""nnnnnnnnnnAaaAAAAA"", ""nnnnnnnnnnAaaAaAAA"", ""nnnnnnnnnnAaaaAAAA"", ""nnnnnnnnnnAaaaaAAA"", ""nnnnnnnnnnAaAaAAAA"", ""nnnnnnnnnnAaAAAAAn"", ""nnnnnnnnnnAaAaaAAA"", ""nnnnnnnnnnAaAAaAAA"", ""nnnnnnnnnnAAaaAAAA"", ""nnnnnnnnnnAaanAAAA""]","[5.79, 5.54, 5.24, 4.92, 2.75, 2.7, 2.56, 2.52, 2.42, 2.28]",nnnnnnnnnnAaaaAAAA,0012000000MpcxDAAR,0012000000YfzxNAAR,0012000000YeysFAAR,485.0,5.24,3
C:/projects/myproject/QDQM/DS_Input/Internal/고객마스터.csv,고객마스터.csv,거래중지사유,,Master,5.0,9.0,"[""KK"", ""KKKKK"", ""KKKKKK"", ""KKKK(nnKKK)-nK"", ""KKKKKKKK""]","[85.19, 5.82, 5.29, 3.17, 0.53]",KK,기타,폐업,정상,161.0,85.19,1
C:/projects/myproject/QDQM/DS_Input/Internal/고객마스터.csv,고객마스터.csv,거래중지사유,,Master,5.0,9.0,"[""KK"", ""KKKKK"", ""KKKKKK"", ""KKKK(nnKKK)-nK"", ""KKKKKKKK""]","[85.19, 5.82, 5.29, 3.17, 0.53]",KKKKK,계약일종료,담보미확보,계약일종료,11.0,5.82,2
C:/projects/myproject/QDQM/DS_Input/Internal/고객마스터.csv,고객마스터.csv,거래중지사유,,Master,5.0,9.0,"[""KK"", ""KKKKK"", ""KKKKKK"", ""KKKK(nnKKK)-nK"", ""KKKKKKKK""]","[85.19, 5.82, 5.29, 3.17, 0.53]",KKKKKK,계약서미작성,계약서미작성,계약서미작성,10.0,5.29,3
C:/projects/myproject/QDQM/DS_Input/Internal/고객마스터.csv,고객마스터.csv,거래중지여부,YN_Flag,Master,1.0,2.0,"[""A""]",[100.0],A,N,Y,Y,1772.0,100.0,1
C:/projects/myproject/QDQM/DS_Input/Internal/고객마스터.csv,고객마스터.csv,고객구분코드,SINGLE VALUE,Master,1.0,1.0,"[""AAAAAAA""]",[100.0],AAAAAAA,GENERAL,GENERAL,GENERAL,9252.0,100.0,1
C:/projects/myproject/QDQM/DS_Input/Internal/고객마스터.csv,고객마스터.csv,고객명,Text,Master,475.0,9137.0,"[""KKKK"", ""(K)KKKK"", ""KKKKK"", ""(K)KKKKK"", ""KKKKKK"", ""KKKK(K)"", ""(K)KKKKKK"", ""KKK"", ""KKKKKKK"", ""(K)KKKKKKK""]","[16.97, 9.26, 6.92, 6.47, 5.77, 5.36, 5.18, 3.78, 3.63, 3.2]",KKKK,가가상사,히트산업,스마일넷,1570.0,16.97,1
C:/projects/myproject/QDQM/DS_Input/Internal/고객마스터.csv,고객마스터.csv,고객명,Text,Master,475.0,9137.0,"[""KKKK"", ""(K)KKKK"", ""KKKKK"", ""(K)KKKKK"", ""KKKKKK"", ""KKKK(K)"", ""(K)KKKKKK"", ""KKK"", ""KKKKKKK"", ""(K)KKKKKKK""]","[16.97, 9.26, 6.92, 6.47, 5.77, 5.36, 5.18, 3.78, 3.63, 3.2]",(K)KKKK,(복)은빛재단,(학)동남학원,(주)송원화공,857.0,9.26,2
C:/projects/myproject/QDQM/DS_Input/Internal/고객마스터.csv,고객마스터.csv,고객명,Text,Master,475.0,9137.0,"[""KKKK"", ""(K)KKKK"", ""KKKKK"", ""(K)KKKKK"", ""KKKKKK"", ""KKKK(K)"", ""(K)KKKKKK"", ""KKK"", ""KKKKKKK"", ""(K)KKKKKKK""]","[16.97, 9.26, 6.92, 6.47, 5.77, 5.36, 5.18, 3.78, 3.63, 3.2]",KKKKK,가고파무역,희망농기구,실로암주단,640.0,6.92,3
C:/projects/myproject/QDQM/DS_Input/Internal/고객마스터.csv,고객마스터.csv,고객번호,UNIQUE,Master,1.0,9252.0,"[""nnnnnnnnnn""]",[100.0],nnnnnnnnnn,1000000066,2001378160,1000328219,9252.0,100.0,1
C:/projects/myproject/QDQM/DS_Input/Internal/고객마스터.csv,고객마스터.csv,등록일시,,Master,1.0,3198.0,"[""nn:nn""]",[100.0],nn:nn,00:00.0,59:59.0,31:19.0,9252.0,100.0,1
C:/projects/myproject/QDQM/DS_Input/Internal/고객마스터.csv,고객마스터.csv,법인등록번호,,Master,2.0,110.0,"[""n.nnnnnAsnn"", ""nnnnnnnnnnnnn""]","[99.01, 0.99]",n.nnnnnAsnn,1.10111E+12,9.40203E+12,1.31111E+12,502.0,99.01,1
C:/projects/myproject/QDQM/DS_Input/Internal/고객마스터.csv,고객마스터.csv,법인등록번호,,Master,2.0,110.0,"[""n.nnnnnAsnn"", ""nnnnnnnnnnnnn""]","[99.01, 0.99]",nnnnnnnnnnnnn,0000000000000,0000000000000,0000000000000,5.0,0.99,2
C:/projects/myproject/QDQM/DS_Input/Internal/고객마스터.csv,고객마스터.csv,사업자등록번호,,Master,3.0,8636.0,"[""nnn-nn-nnnnn"", ""AAA-AA-nnnnn"", ""--""]","[79.18, 14.15, 6.67]",nnn-nn-nnnnn,000-00-00052,999-99-99446,215-86-44579,7326.0,79.18,1
C:/projects/myproject/QDQM/DS_Input/Internal/고객마스터.csv,고객마스터.csv,사업자등록번호,,Master,3.0,8636.0,"[""nnn-nn-nnnnn"", ""AAA-AA-nnnnn"", ""--""]","[79.18, 14.15, 6.67]",AAA-AA-nnnnn,HAN-JI-00332,HAN-JI-90598,HAN-JI-44057,1309.0,14.15,2
C:/projects/myproject/QDQM/DS_Input/Internal/고객마스터.csv,고객마스터.csv,사업자등록번호,,Master,3.0,8636.0,"[""nnn-nn-nnnnn"", ""AAA-AA-nnnnn"", ""--""]","[79.18, 14.15, 6.67]",--,--,--,--,617.0,6.67,3
C:/projects/myproject/QDQM/DS_Input/Internal/고객마스터.csv,고객마스터.csv,업종명,Text,Master,400.0,1987.0,"[""KK"", ""KKKK"", ""KKKKK"", ""KKK"", ""KK KKK"", ""KK KKK KKK(nnsnn)"", ""KKKKKK"", ""KK KKKK KKK"", ""KKKK KKK"", ""KKKKK KKK""]","[8.31, 7.38, 6.41, 5.48, 3.71, 3.67, 3.57, 2.59, 2.22, 2.19]",KK,가구,화물,서적,719.0,8.31,1
C:/projects/myproject/QDQM/DS_Input/Internal/고객마스터.csv,고객마스터.csv,업종명,Text,Master,400.0,1987.0,"[""KK"", ""KKKK"", ""KKKKK"", ""KKK"", ""KK KKK"", ""KK KKK KKK(nnsnn)"", ""KKKKKK"", ""KK KKKK KKK"", ""KKKK KKK"", ""KKKKK KKK""]","[8.31, 7.38, 6.41, 5.48, 3.71, 3.67, 3.57, 2.59, 2.22, 2.19]",KKKK,가공식품,히트펌프,위생용품,638.0,7.38,2
C:/projects/myproject/QDQM/DS_Input/Internal/고객마스터.csv,고객마스터.csv,업종명,Text,Master,400.0,1987.0,"[""KK"", ""KKKK"", ""KKKKK"", ""KKK"", ""KK KKK"", ""KK KKK KKK(nnsnn)"", ""KKKKKK"", ""KK KKKK KKK"", ""KKKK KKK"", ""KKKKK KKK""]","[8.31, 7.38, 6.41, 5.48, 3.71, 3.67, 3.57, 2.59, 2.22, 2.19]",KKKKK,가공식품외,화장품원료,전자상거래,554.0,6.41,3
C:/projects/myproject/QDQM/DS_Input/Internal/고객마스터.csv,고객마스터.csv,업태,Text,Master,114.0,472.0,"[""KKK"", ""KK"", ""KKKK"", ""KKKKK"", ""KKsKK"", ""KK K KKK"", ""KKKKKK"", ""KKsKKK"", ""KsKK"", ""KKKsKK""]","[46.56, 26.95, 6.72, 2.27, 2.02, 1.78, 1.53, 1.45, 1.01, 0.9]",KKK,건설업,휴대폰,서비스,1703.0,46.56,1
C:/projects/myproject/QDQM/DS_Input/Internal/고객마스터.csv,고객마스터.csv,업태,Text,Master,114.0,472.0,"[""KKK"", ""KK"", ""KKKK"", ""KKKKK"", ""KKsKK"", ""KK K KKK"", ""KKKKKK"", ""KKsKKK"", ""KsKK"", ""KKKsKK""]","[46.56, 26.95, 6.72, 2.27, 2.02, 1.78, 1.53, 1.45, 1.01, 0.9]",KK,가방,화물,소매,986.0,26.95,2
C:/projects/myproject/QDQM/DS_Input/Internal/고객마스터.csv,고객마스터.csv,업태,Text,Master,114.0,472.0,"[""KKK"", ""KK"", ""KKKK"", ""KKKKK"", ""KKsKK"", ""KK K KKK"", ""KKKKKK"", ""KKsKKK"", ""KsKK"", ""KKKsKK""]","[46.56, 26.95, 6.72, 2.27, 2.02, 1.78, 1.53, 1.45, 1.01, 0.9]",KKKK,건설업외,화물주선,물류대행,246.0,6.72,3
C:/projects/myproject/QDQM/DS_Input/Internal/고객마스터.csv,고객마스터.csv,우편번호,,Master,2.0,780.0,"[""nnnnn"", ""nnnnnn""]","[69.69, 30.31]",nnnnn,01058,63634,18119,584.0,69.69,1
C:/projects/myproject/QDQM/DS_Input/Internal/고객마스터.csv,고객마스터.csv,우편번호,,Master,2.0,780.0,"[""nnnnn"", ""nnnnnn""]","[69.69, 30.31]",nnnnnn,100013,791851,441819,254.0,30.31,2
C:/projects/myproject/QDQM/DS_Input/Internal/고객마스터.csv,고객마스터.csv,주소,ADDRESS,Master,527.0,860.0,"[""KKKK KKK KKK KKK nnn"", ""KKK KKK KKK KKKK nnn"", ""KKKKK KKK KKKK nnn"", ""KKK KKK KKK KKK nnn"", ""KKKK KKK KKK KKnK nn"", ""KKK KKK KKK KKKnnnKK"", ""KKK KKK KKKK KKK nnn"", ""KKKKK KKK KKK nnn"", ""KKKK KKK KKK KKK nn"", ""KKKK KKK KKK KKKK nn""]","[1.95, 1.61, 1.49, 1.26, 1.26, 1.15, 1.03, 1.03, 0.92, 0.8]",KKKK KKK KKK KKK nnn,경상남도 양산시 원동면 원동로 596,"충청북도 청주시 흥덕구 월명로 136, 102동 605호",경상북도 의성군 비안면 용재길 158,17.0,1.95,1
C:/projects/myproject/QDQM/DS_Input/Internal/고객마스터.csv,고객마스터.csv,주소,ADDRESS,Master,527.0,860.0,"[""KKKK KKK KKK KKK nnn"", ""KKK KKK KKK KKKK nnn"", ""KKKKK KKK KKKK nnn"", ""KKK KKK KKK KKK nnn"", ""KKKK KKK KKK KKnK nn"", ""KKK KKK KKK KKKnnnKK"", ""KKK KKK KKKK KKK nnn"", ""KKKKK KKK KKK nnn"", ""KKKK KKK KKK KKK nn"", ""KKKK KKK KKK KKKK nn""]","[1.95, 1.61, 1.49, 1.26, 1.26, 1.15, 1.03, 1.03, 0.92, 0.8]",KKK KKK KKK KKKK nnn,경기도 광주시 도척면 도척윗로 604,경기도 파주시 월롱면 다래울길 137-4,경기도 성남시 중원구 둔촌대로 531 쌍용IT B동 705호,14.0,1.61,2
C:/projects/myproject/QDQM/DS_Input/Internal/고객마스터.csv,고객마스터.csv,주소,ADDRESS,Master,527.0,860.0,"[""KKKK KKK KKK KKK nnn"", ""KKK KKK KKK KKKK nnn"", ""KKKKK KKK KKKK nnn"", ""KKK KKK KKK KKK nnn"", ""KKKK KKK KKK KKnK nn"", ""KKK KKK KKK KKKnnnKK"", ""KKK KKK KKKK KKK nnn"", ""KKKKK KKK KKK nnn"", ""KKKK KKK KKK KKK nn"", ""KKKK KKK KKK KKKK nn""]","[1.95, 1.61, 1.49, 1.26, 1.26, 1.15, 1.03, 1.03, 0.92, 0.8]",KKKKK KKK KKKK nnn,부산광역시 사하구 낙동대로 565,인천광역시 부평구 주부토로 236,서울특별시 서초구 강남대로 309,13.0,1.49,3
C:/projects/myproject/QDQM/DS_Input/Internal/고객마스터.csv,고객마스터.csv,최종사원업데이트일시,,Master,1.0,2726.0,"[""nn:nn""]",[100.0],nn:nn,00:00.0,59:59.0,34:57.0,9233.0,100.0,1
C:/projects/myproject/QDQM/DS_Input/Internal/고객유형.csv,고객유형.csv,ETL일시,,Master,1.0,1.0,"[""nnnn-nn-nn nn:nn:nn.""]",[100.0],nnnn-nn-nn nn:nn:nn.,2023-12-23 01:15:49.311000,2023-12-23 01:15:49.311000,2023-12-23 01:15:49.311000,5.0,100.0,1
C:/projects/myproject/QDQM/DS_Input/Internal/고객유형.csv,고객유형.csv,고객유형명,,Master,4.0,5.0,"[""aAAAAA"", ""AA AAA"", ""KKKKK"", ""KK""]","[40.0, 20.0, 20.0, 20.0]",aAAAAA,nFOCUS,sFOCUS,sFOCUS,2.0,40.0,1
C:/projects/myproject/QDQM/DS_Input/Internal/고객유형.csv,고객유형.csv,고객유형명,,Master,4.0,5.0,"[""aAAAAA"", ""AA AAA"", ""KKKKK"", ""KK""]","[40.0, 20.0, 20.0, 20.0]",AA AAA,ES MAN,ES MAN,ES MAN,1.0,20.0,2
C:/projects/myproject/QDQM/DS_Input/Internal/고객유형.csv,고객유형.csv,고객유형명,,Master,4.0,5.0,"[""aAAAAA"", ""AA AAA"", ""KKKKK"", ""KK""]","[40.0, 20.0, 20.0, 20.0]",KKKKK,한진임직원,한진임직원,한진임직원,1.0,20.0,3
C:/projects/myproject/QDQM/DS_Input/Internal/고객유형.csv,고객유형.csv,고객유형코드,,Master,1.0,5.0,"[""AAA""]",[100.0],AAA,ESM,SFS,NFS,5.0,100.0,1
C:/projects/myproject/QDQM/DS_Input/Internal/고객유형.csv,고객유형.csv,등록사용자ID,,Master,1.0,1.0,"[""nnnnnnn""]",[100.0],nnnnnnn,9117160,9117160,9117160,5.0,100.0,1
C:/projects/myproject/QDQM/DS_Input/Internal/고객유형.csv,고객유형.csv,등록일시,,Master,1.0,5.0,"[""nnnn-nn-nn nn:nn:nn.""]",[100.0],nnnn-nn-nn nn:nn:nn.,2021-12-08 12:37:21.000000,2021-12-17 10:19:18.000000,2021-12-08 12:39:07.000000,5.0,100.0,1
C:/projects/myproject/QDQM/DS_Input/Internal/고객유형.csv,고객유형.csv,변경사용자ID,,Master,1.0,1.0,"[""nnnnnnn""]",[100.0],nnnnnnn,9117160,9117160,9117160,5.0,100.0,1
C:/projects/myproject/QDQM/DS_Input/Internal/고객유형.csv,고객유형.csv,사용여부,,Master,1.0,1.0,"[""A""]",[100.0],A,Y,Y,Y,5.0,100.0,1
C:/projects/myproject/QDQM/DS_Input/Internal/고객유형.csv,고객유형.csv,최종변경일시,,Master,1.0,5.0,"[""nnnn-nn-nn nn:nn:nn.""]",[100.0],nnnn-nn-nn nn:nn:nn.,2021-12-08 12:37:21.000000,2021-12-17 10:19:28.000000,2021-12-08 12:39:07.000000,5.0,100.0,1
C:/projects/myproject/QDQM/DS_Input/Internal/관리회계_계정그룹.csv,관리회계_계정그룹.csv,ETL일시,,Master,1.0,1.0,"[""nnnn-nn-nn nn:nn:nn.""]",[100.0],nnnn-nn-nn nn:nn:nn.,2023-12-23 01:04:37.105000,2023-12-23 01:04:37.105000,2023-12-23 01:04:37.105000,3.0,100.0,1
C:/projects/myproject/QDQM/DS_Input/Internal/관리회계_계정그룹.csv,관리회계_계정그룹.csv,배부계정GROUP명,,Master,2.0,3.0,"[""KKKKK"", ""KKK""]","[66.67, 33.33]",KKKKK,영업외비용,영업외수익,영업외수익,2.0,66.67,1
C:/projects/myproject/QDQM/DS_Input/Internal/관리회계_계정그룹.csv,관리회계_계정그룹.csv,배부계정GROUP명,,Master,2.0,3.0,"[""KKKKK"", ""KKK""]","[66.67, 33.33]",KKK,전산비,전산비,전산비,1.0,33.33,2
C:/projects/myproject/QDQM/DS_Input/Internal/관리회계_계정그룹.csv,관리회계_계정그룹.csv,배부계정GROUP코드,,Master,1.0,3.0,"[""AAsnnnn""]",[100.0],AAsnnnn,AG_4200,AG_5200,AG_5130,3.0,100.0,1
C:/projects/myproject/QDQM/DS_Input/Internal/관리회계_계정그룹.csv,관리회계_계정그룹.csv,사용여부,,Master,1.0,1.0,"[""A""]",[100.0],A,Y,Y,Y,3.0,100.0,1
C:/projects/myproject/QDQM/DS_Input/Internal/관리회계_계정그룹.csv,관리회계_계정그룹.csv,정렬순서,,Master,1.0,3.0,"[""nn""]",[100.0],nn,10,30,20,3.0,100.0,1
C:/projects/myproject/QDQM/DS_Input/Internal/관리회계_계정그룹.csv,관리회계_계정그룹.csv,최종갱신자ID,,Master,2.0,2.0,"[""aaaaa"", ""aaaaaa""]","[66.67, 33.33]",aaaaa,kimin,kimin,kimin,2.0,66.67,1
C:/projects/myproject/QDQM/DS_Input/Internal/관리회계_계정그룹.csv,관리회계_계정그룹.csv,최종갱신자ID,,Master,2.0,2.0,"[""aaaaa"", ""aaaaaa""]","[66.67, 33.33]",aaaaaa,hanjin,hanjin,hanjin,1.0,33.33,2
C:/projects/myproject/QDQM/DS_Input/Internal/관리회계_계정그룹.csv,관리회계_계정그룹.csv,최종변경일시,,Master,1.0,3.0,"[""nnnn-nn-nn nn:nn:nn.""]",[100.0],nnnn-nn-nn nn:nn:nn.,2020-12-30 12:33:11.366000,2021-02-09 17:58:42.825000,2021-02-09 17:40:55.402000,3.0,100.0,1
C:/projects/myproject/QDQM/DS_Input/Internal/관리회계_계정그룹.csv,관리회계_계정그룹.csv,최초생성일시,,Master,1.0,3.0,"[""nnnn-nn-nn nn:nn:nn.""]",[100.0],nnnn-nn-nn nn:nn:nn.,2020-12-08 18:29:16.574000,2021-02-09 17:58:42.825000,2021-02-09 17:40:55.402000,3.0,100.0,1
C:/projects/myproject/QDQM/DS_Input/Internal/관리회계_계정그룹.csv,관리회계_계정그룹.csv,최초생성자ID,,Master,2.0,2.0,"[""aaaaa"", ""aaaaaa""]","[66.67, 33.33]",aaaaa,kimin,kimin,kimin,2.0,66.67,1
C:/projects/myproject/QDQM/DS_Input/Internal/관리회계_계정그룹.csv,관리회계_계정그룹.csv,최초생성자ID,,Master,2.0,2.0,"[""aaaaa"", ""aaaaaa""]","[66.67, 33.33]",aaaaaa,hanjin,hanjin,hanjin,1.0,33.33,2
C:/projects/myproject/QDQM/DS_Input/Internal/관리회계_계정그룹상세.csv,관리회계_계정그룹상세.csv,ETL일시,TIMESTAMP,Master,1.0,1.0,"[""nnnn-nn-nn nn:nn:nn.""]",[100.0],nnnn-nn-nn nn:nn:nn.,2023-12-23 01:07:21.443000,2023-12-23 01:07:21.443000,2023-12-23 01:07:21.443000,93.0,100.0,1
C:/projects/myproject/QDQM/DS_Input/Internal/관리회계_계정그룹상세.csv,관리회계_계정그룹상세.csv,계정코드,UNIQUE,Master,1.0,93.0,"[""nnnnnn""]",[100.0],nnnnnn,421111,577114,521191,93.0,100.0,1
C:/projects/myproject/QDQM/DS_Input/Internal/관리회계_계정그룹상세.csv,관리회계_계정그룹상세.csv,배부계정GROUP코드,,Master,1.0,3.0,"[""AAsnnnn""]",[100.0],AAsnnnn,AG_4200,AG_5200,AG_5200,93.0,100.0,1
C:/projects/myproject/QDQM/DS_Input/Internal/관리회계_계정그룹상세.csv,관리회계_계정그룹상세.csv,사용여부,Alpha_Flag,Master,1.0,1.0,"[""A""]",[100.0],A,Y,Y,Y,93.0,100.0,1
C:/projects/myproject/QDQM/DS_Input/Internal/관리회계_계정그룹상세.csv,관리회계_계정그룹상세.csv,정렬순서,UNIQUE,Master,2.0,92.0,"[""nnn"", ""nn""]","[90.22, 9.78]",nnn,100,900,510,83.0,90.22,1
C:/projects/myproject/QDQM/DS_Input/Internal/관리회계_계정그룹상세.csv,관리회계_계정그룹상세.csv,정렬순서,UNIQUE,Master,2.0,92.0,"[""nnn"", ""nn""]","[90.22, 9.78]",nn,10,90,50,9.0,9.78,2
C:/projects/myproject/QDQM/DS_Input/Internal/관리회계_계정그룹상세.csv,관리회계_계정그룹상세.csv,최종갱신자ID,,Master,1.0,2.0,"[""aaaaa""]",[100.0],aaaaa,epark,kimin,kimin,93.0,100.0,1
C:/projects/myproject/QDQM/DS_Input/Internal/관리회계_계정그룹상세.csv,관리회계_계정그룹상세.csv,최종변경일시,TIMESTAMP,Master,1.0,93.0,"[""nnnn-nn-nn nn:nn:nn.""]",[100.0],nnnn-nn-nn nn:nn:nn.,2021-02-09 17:59:22.170000,2021-06-14 19:57:20.170000,2021-02-09 17:59:22.358000,93.0,100.0,1
C:/projects/myproject/QDQM/DS_Input/Internal/관리회계_계정그룹상세.csv,관리회계_계정그룹상세.csv,최초생성일시,TIMESTAMP,Master,1.0,93.0,"[""nnnn-nn-nn nn:nn:nn.""]",[100.0],nnnn-nn-nn nn:nn:nn.,2021-02-09 17:59:22.170000,2021-06-14 19:57:20.170000,2021-02-09 17:59:22.358000,93.0,100.0,1
C:/projects/myproject/QDQM/DS_Input/Internal/관리회계_계정그룹상세.csv,관리회계_계정그룹상세.csv,최초생성자ID,,Master,1.0,2.0,"[""aaaaa""]",[100.0],aaaaa,epark,kimin,kimin,93.0,100.0,1
C:/projects/myproject/QDQM/DS_Input/Internal/관리회계_고객.csv,관리회계_고객.csv,ETL일시,TIME,Master,1.0,1.0,"[""nn:nn.n""]",[100.0],nn:nn.n,03:22.3,03:22.3,03:22.3,10000.0,100.0,1
C:/projects/myproject/QDQM/DS_Input/Internal/관리회계_고객.csv,관리회계_고객.csv,고객구분코드,Num_Flag,Master,1.0,1.0,"[""n""]",[100.0],n,1,1,1,10000.0,100.0,1
C:/projects/myproject/QDQM/DS_Input/Internal/관리회계_고객.csv,관리회계_고객.csv,고객명,Text,Master,730.0,10000.0,"[""KKKK"", ""KKKKK"", ""KKK"", ""KKKKKK"", ""KKKKKKK"", ""KK"", ""KKKKKKKK"", ""KKKKn"", ""KKKKKKKKK"", ""KKKKKKKKKK""]","[21.69, 15.14, 10.79, 10.64, 5.89, 3.87, 3.82, 3.26, 2.44, 1.78]",KKKK,가겐투안,희현화물,씨크하트,2169.0,21.69,1
C:/projects/myproject/QDQM/DS_Input/Internal/관리회계_고객.csv,관리회계_고객.csv,고객명,Text,Master,730.0,10000.0,"[""KKKK"", ""KKKKK"", ""KKK"", ""KKKKKK"", ""KKKKKKK"", ""KK"", ""KKKKKKKK"", ""KKKKn"", ""KKKKKKKKK"", ""KKKKKKKKKK""]","[21.69, 15.14, 10.79, 10.64, 5.89, 3.87, 3.82, 3.26, 2.44, 1.78]",KKKKK,가람로직스,흰구름농원,아쿠아재즈,1514.0,15.14,2
C:/projects/myproject/QDQM/DS_Input/Internal/관리회계_고객.csv,관리회계_고객.csv,고객명,Text,Master,730.0,10000.0,"[""KKKK"", ""KKKKK"", ""KKK"", ""KKKKKK"", ""KKKKKKK"", ""KK"", ""KKKKKKKK"", ""KKKKn"", ""KKKKKKKKK"", ""KKKKKKKKKK""]","[21.69, 15.14, 10.79, 10.64, 5.89, 3.87, 3.82, 3.26, 2.44, 1.78]",KKK,가나안,히즈핏,아비티,1079.0,10.79,3
C:/projects/myproject/QDQM/DS_Input/Internal/관리회계_고객.csv,관리회계_고객.csv,법인번호,,Master,3.0,283.0,"[""nnnnnnnnnnnnn"", ""nnnnnnsssssss"", ""nnnnnnnnnnnnnn""]","[99.92, 0.04, 0.04]",nnnnnnnnnnnnn,0549325811921,9996070000000,1311110000000,2642.0,99.92,1
C:/projects/myproject/QDQM/DS_Input/Internal/관리회계_고객.csv,관리회계_고객.csv,법인번호,,Master,3.0,283.0,"[""nnnnnnnnnnnnn"", ""nnnnnnsssssss"", ""nnnnnnnnnnnnnn""]","[99.92, 0.04, 0.04]",nnnnnnsssssss,285011*******,285011*******,285011*******,1.0,0.04,2
C:/projects/myproject/QDQM/DS_Input/Internal/관리회계_고객.csv,관리회계_고객.csv,법인번호,,Master,3.0,283.0,"[""nnnnnnnnnnnnn"", ""nnnnnnsssssss"", ""nnnnnnnnnnnnnn""]","[99.92, 0.04, 0.04]",nnnnnnnnnnnnnn,10000000000000,10000000000000,10000000000000,1.0,0.04,3
C:/projects/myproject/QDQM/DS_Input/Internal/관리회계_고객.csv,관리회계_고객.csv,사업자등록번호,UNIQUE,Master,10.0,10000.0,"[""nnnnnnnnnn"", ""nnn-nn-nnnnn"", ""nnn"", ""nnnnnn-nnnnnnn"", ""n.nnnnnAsnn"", ""nnnnnnnnn"", ""nnnnnnnnnnnnnnnnnn"", ""AAnnnnnnnnnn"", ""nnnnnnA"", ""nnnnnn""]","[99.78, 0.07, 0.03, 0.03, 0.03, 0.02, 0.01, 0.01, 0.01, 0.01]",nnnnnnnnnn,1010168159,9999998848,3854900405,9978.0,99.78,1
C:/projects/myproject/QDQM/DS_Input/Internal/관리회계_고객.csv,관리회계_고객.csv,사업자등록번호,UNIQUE,Master,10.0,10000.0,"[""nnnnnnnnnn"", ""nnn-nn-nnnnn"", ""nnn"", ""nnnnnn-nnnnnnn"", ""n.nnnnnAsnn"", ""nnnnnnnnn"", ""nnnnnnnnnnnnnnnnnn"", ""AAnnnnnnnnnn"", ""nnnnnnA"", ""nnnnnn""]","[99.78, 0.07, 0.03, 0.03, 0.03, 0.02, 0.01, 0.01, 0.01, 0.01]",nnn-nn-nnnnn,104-81-58690,768-06-00165,114-86-64291,7.0,0.07,2
C:/projects/myproject/QDQM/DS_Input/Internal/관리회계_고객.csv,관리회계_고객.csv,사업자등록번호,UNIQUE,Master,10.0,10000.0,"[""nnnnnnnnnn"", ""nnn-nn-nnnnn"", ""nnn"", ""nnnnnn-nnnnnnn"", ""n.nnnnnAsnn"", ""nnnnnnnnn"", ""nnnnnnnnnnnnnnnnnn"", ""AAnnnnnnnnnn"", ""nnnnnnA"", ""nnnnnn""]","[99.78, 0.07, 0.03, 0.03, 0.03, 0.02, 0.01, 0.01, 0.01, 0.01]",nnn,001,672,111,3.0,0.03,3
C:/projects/myproject/QDQM/DS_Input/Internal/관리회계_고객.csv,관리회계_고객.csv,최종갱신자ID,,Master,5.0,8.0,"[""AAAAA"", ""aaaaaaa"", ""aaaa"", ""aaaaa"", ""aaaaaa""]","[45.78, 28.94, 10.87, 7.64, 6.77]",AAAAA,ADMIN,ADMIN,ADMIN,4575.0,45.78,1
C:/projects/myproject/QDQM/DS_Input/Internal/관리회계_고객.csv,관리회계_고객.csv,최종갱신자ID,,Master,5.0,8.0,"[""AAAAA"", ""aaaaaaa"", ""aaaa"", ""aaaaa"", ""aaaaaa""]","[45.78, 28.94, 10.87, 7.64, 6.77]",aaaaaaa,bumskim,kyehkim,bumskim,2892.0,28.94,2
C:/projects/myproject/QDQM/DS_Input/Internal/관리회계_고객.csv,관리회계_고객.csv,최종갱신자ID,,Master,5.0,8.0,"[""AAAAA"", ""aaaaaaa"", ""aaaa"", ""aaaaa"", ""aaaaaa""]","[45.78, 28.94, 10.87, 7.64, 6.77]",aaaa,test,test,test,1086.0,10.87,3
C:/projects/myproject/QDQM/DS_Input/Internal/관리회계_고객.csv,관리회계_고객.csv,최종변경일시,,Master,2.0,256.0,"[""nn:nn.n"", ""nn:nn""]","[82.32, 17.68]",nn:nn.n,00:25.6,59:49.6,40:03.7,8226.0,82.32,1
C:/projects/myproject/QDQM/DS_Input/Internal/관리회계_고객.csv,관리회계_고객.csv,최종변경일시,,Master,2.0,256.0,"[""nn:nn.n"", ""nn:nn""]","[82.32, 17.68]",nn:nn,03:11.0,59:49.0,40:04.0,1767.0,17.68,2
C:/projects/myproject/QDQM/DS_Input/Internal/관리회계_고객.csv,관리회계_고객.csv,최초생성일시,,Master,2.0,257.0,"[""nn:nn.n"", ""nn:nn""]","[80.24, 19.76]",nn:nn.n,00:25.6,59:49.6,40:03.8,8014.0,80.24,1
C:/projects/myproject/QDQM/DS_Input/Internal/관리회계_고객.csv,관리회계_고객.csv,최초생성일시,,Master,2.0,257.0,"[""nn:nn.n"", ""nn:nn""]","[80.24, 19.76]",nn:nn,03:11.0,58:00.0,40:04.0,1973.0,19.76,2
C:/projects/myproject/QDQM/DS_Input/Internal/관리회계_고객.csv,관리회계_고객.csv,최초생성자ID,,Master,5.0,8.0,"[""AAAAA"", ""aaaaaaa"", ""aaaaa"", ""aaaaaa"", ""aaaa""]","[52.01, 28.37, 7.65, 6.66, 5.32]",AAAAA,ADMIN,ADMIN,ADMIN,5194.0,52.01,1
C:/projects/myproject/QDQM/DS_Input/Internal/관리회계_고객.csv,관리회계_고객.csv,최초생성자ID,,Master,5.0,8.0,"[""AAAAA"", ""aaaaaaa"", ""aaaaa"", ""aaaaaa"", ""aaaa""]","[52.01, 28.37, 7.65, 6.66, 5.32]",aaaaaaa,bumskim,kyehkim,bumskim,2833.0,28.37,2
C:/projects/myproject/QDQM/DS_Input/Internal/관리회계_고객.csv,관리회계_고객.csv,최초생성자ID,,Master,5.0,8.0,"[""AAAAA"", ""aaaaaaa"", ""aaaaa"", ""aaaaaa"", ""aaaa""]","[52.01, 28.37, 7.65, 6.66, 5.32]",aaaaa,epark,kimin,kimin,764.0,7.65,3
C:/projects/myproject/QDQM/DS_Input/Internal/관리회계_사업.csv,관리회계_사업.csv,ETL일시,TIME,Master,1.0,1.0,"[""nn:nn.n""]",[100.0],nn:nn.n,03:53.3,03:53.3,03:53.3,412.0,100.0,1
C:/projects/myproject/QDQM/DS_Input/Internal/관리회계_사업.csv,관리회계_사업.csv,사업LEVEL코드,Num_Flag,Master,1.0,4.0,"[""n""]",[100.0],n,0,3,3,313.0,100.0,1
C:/projects/myproject/QDQM/DS_Input/Internal/관리회계_사업.csv,관리회계_사업.csv,사업명,Text,Master,35.0,184.0,"[""KKKKKK"", ""KKKK"", ""KKKKKKK"", ""KKKKK"", ""KKKKKKKK"", ""KKKKKKKK(KK)"", ""KKK"", ""KKKKK(KK)"", ""KKnnnnK"", ""AnAKK""]","[22.09, 17.72, 12.14, 8.5, 4.37, 3.4, 2.91, 2.91, 2.91, 2.43]",KKKKKK,건화물선공통,화물운송부대,인천저온창고,91.0,22.09,1
C:/projects/myproject/QDQM/DS_Input/Internal/관리회계_사업.csv,관리회계_사업.csv,사업명,Text,Master,35.0,184.0,"[""KKKKKK"", ""KKKK"", ""KKKKKKK"", ""KKKKK"", ""KKKKKKKK"", ""KKKKKKKK(KK)"", ""KKK"", ""KKKKK(KK)"", ""KKnnnnK"", ""AnAKK""]","[22.09, 17.72, 12.14, 8.5, 4.37, 3.4, 2.91, 2.91, 2.91, 2.43]",KKKK,골프택배,해운사업,외부정비,73.0,17.72,2
C:/projects/myproject/QDQM/DS_Input/Internal/관리회계_사업.csv,관리회계_사업.csv,사업명,Text,Master,35.0,184.0,"[""KKKKKK"", ""KKKK"", ""KKKKKKK"", ""KKKKK"", ""KKKKKKKK"", ""KKKKKKKK(KK)"", ""KKK"", ""KKKKK(KK)"", ""KKnnnnK"", ""AnAKK""]","[22.09, 17.72, 12.14, 8.5, 4.37, 3.4, 2.91, 2.91, 2.91, 2.43]",KKKKKKK,글로벌사업본부,해운에너지사업,터미널경영위탁,50.0,12.14,3
C:/projects/myproject/QDQM/DS_Input/Internal/관리회계_사업.csv,관리회계_사업.csv,사업유형코드,,Master,1.0,2.0,"[""AAAAn""]",[100.0],AAAAn,TYPE1,TYPE2,TYPE1,412.0,100.0,1
C:/projects/myproject/QDQM/DS_Input/Internal/관리회계_사업.csv,관리회계_사업.csv,사업코드,,Master,2.0,238.0,"[""nnn"", ""nnnA""]","[86.89, 13.11]",nnn,000,903,190,358.0,86.89,1
C:/projects/myproject/QDQM/DS_Input/Internal/관리회계_사업.csv,관리회계_사업.csv,사업코드,,Master,2.0,238.0,"[""nnn"", ""nnnA""]","[86.89, 13.11]",nnnA,101D,187T,124T,54.0,13.11,2
C:/projects/myproject/QDQM/DS_Input/Internal/관리회계_사업.csv,관리회계_사업.csv,상위사업코드,,Master,1.0,80.0,"[""nnn""]",[100.0],nnn,301,903,435,408.0,100.0,1
C:/projects/myproject/QDQM/DS_Input/Internal/관리회계_사업.csv,관리회계_사업.csv,유효시작일자V,YYYYMMDD,Master,1.0,2.0,"[""nnnnnnnn""]",[100.0],nnnnnnnn,20000101,20210217,20000101,412.0,100.0,1
C:/projects/myproject/QDQM/DS_Input/Internal/관리회계_사업.csv,관리회계_사업.csv,유효종료일자V,YYYYMMDD,Master,1.0,1.0,"[""nnnnnnnn""]",[100.0],nnnnnnnn,99991231,99991231,99991231,412.0,100.0,1
C:/projects/myproject/QDQM/DS_Input/Internal/관리회계_사업.csv,관리회계_사업.csv,정렬순서,UNIQUE,Master,3.0,412.0,"[""nnnn"", ""nnn"", ""nn""]","[75.97, 21.84, 2.18]",nnnn,1000,4120,2560,313.0,75.97,1
C:/projects/myproject/QDQM/DS_Input/Internal/관리회계_사업.csv,관리회계_사업.csv,정렬순서,UNIQUE,Master,3.0,412.0,"[""nnnn"", ""nnn"", ""nn""]","[75.97, 21.84, 2.18]",nnn,100,990,550,90.0,21.84,2
C:/projects/myproject/QDQM/DS_Input/Internal/관리회계_사업.csv,관리회계_사업.csv,정렬순서,UNIQUE,Master,3.0,412.0,"[""nnnn"", ""nnn"", ""nn""]","[75.97, 21.84, 2.18]",nn,10,90,50,9.0,2.18,3
C:/projects/myproject/QDQM/DS_Input/Internal/관리회계_사업.csv,관리회계_사업.csv,최종갱신자ID,SINGLE VALUE,Master,1.0,1.0,"[""aaaaa""]",[100.0],aaaaa,epark,epark,epark,412.0,100.0,1
C:/projects/myproject/QDQM/DS_Input/Internal/관리회계_사업.csv,관리회계_사업.csv,최종변경일시,TIME,Master,1.0,4.0,"[""nn:nn.n""]",[100.0],nn:nn.n,18:22.3,18:22.6,18:22.5,412.0,100.0,1
C:/projects/myproject/QDQM/DS_Input/Internal/관리회계_사업.csv,관리회계_사업.csv,최초생성일시,TIME,Master,1.0,4.0,"[""nn:nn.n""]",[100.0],nn:nn.n,18:22.3,18:22.6,18:22.5,412.0,100.0,1
C:/projects/myproject/QDQM/DS_Input/Internal/관리회계_사업.csv,관리회계_사업.csv,최초생성자ID,SINGLE VALUE,Master,1.0,1.0,"[""aaaaa""]",[100.0],aaaaa,epark,epark,epark,412.0,100.0,1
C:/projects/myproject/QDQM/DS_Input/Internal/관리회계_조직그룹.csv,관리회계_조직그룹.csv,ETL일시,,Master,1.0,1.0,"[""nnnn-nn-nn nn:nn:nn.""]",[100.0],nnnn-nn-nn nn:nn:nn.,2023-12-23 01:05:26.379000,2023-12-23 01:05:26.379000,2023-12-23 01:05:26.379000,10.0,100.0,1
C:/projects/myproject/QDQM/DS_Input/Internal/관리회계_조직그룹.csv,관리회계_조직그룹.csv,귀속부서조직GROUP명,,Master,9.0,10.0,"[""KKKKK"", ""KKKK"", ""AAsAAA KK KK"", ""KKKKK(KKKKKK)"", ""KKKK KKK KKsAAAsAAA"", ""AnA KK KKKK"", ""KKKKKsKKKKK"", ""KKKKKK"", ""AnAKKKKK""]","[20.0, 10.0, 10.0, 10.0, 10.0, 10.0, 10.0, 10.0, 10.0]",KKKKK,본사직접비,일반관리비,일반관리비,2.0,20.0,1
C:/projects/myproject/QDQM/DS_Input/Internal/관리회계_조직그룹.csv,관리회계_조직그룹.csv,귀속부서조직GROUP명,,Master,9.0,10.0,"[""KKKKK"", ""KKKK"", ""AAsAAA KK KK"", ""KKKKK(KKKKKK)"", ""KKKK KKK KKsAAAsAAA"", ""AnA KK KKKK"", ""KKKKKsKKKKK"", ""KKKKKK"", ""AnAKKKKK""]","[20.0, 10.0, 10.0, 10.0, 10.0, 10.0, 10.0, 10.0, 10.0]",KKKK,부산지점,부산지점,부산지점,1.0,10.0,2
C:/projects/myproject/QDQM/DS_Input/Internal/관리회계_조직그룹.csv,관리회계_조직그룹.csv,귀속부서조직GROUP명,,Master,9.0,10.0,"[""KKKKK"", ""KKKK"", ""AAsAAA KK KK"", ""KKKKK(KKKKKK)"", ""KKKK KKK KKsAAAsAAA"", ""AnA KK KKKK"", ""KKKKKsKKKKK"", ""KKKKKK"", ""AnAKKKKK""]","[20.0, 10.0, 10.0, 10.0, 10.0, 10.0, 10.0, 10.0, 10.0]",AAsAAA KK KK,NO_ORG 가능 점소,NO_ORG 가능 점소,NO_ORG 가능 점소,1.0,10.0,3
C:/projects/myproject/QDQM/DS_Input/Internal/관리회계_조직그룹.csv,관리회계_조직그룹.csv,귀속부서조직GROUP코드,,Master,4.0,10.0,"[""AAsAAAAA"", ""AAsAAAAAAA"", ""AAsAA"", ""AAsAAsnnnn""]","[60.0, 20.0, 10.0, 10.0]",AAsAAAAA,OG_PUSSL,OG_SELXW,OG_SELIP,6.0,60.0,1
C:/projects/myproject/QDQM/DS_Input/Internal/관리회계_조직그룹.csv,관리회계_조직그룹.csv,귀속부서조직GROUP코드,,Master,4.0,10.0,"[""AAsAAAAA"", ""AAsAAAAAAA"", ""AAsAA"", ""AAsAAsnnnn""]","[60.0, 20.0, 10.0, 10.0]",AAsAAAAAAA,OG_EXPRESS,OG_SELALLQ,OG_SELALLQ,2.0,20.0,2
C:/projects/myproject/QDQM/DS_Input/Internal/관리회계_조직그룹.csv,관리회계_조직그룹.csv,귀속부서조직GROUP코드,,Master,4.0,10.0,"[""AAsAAAAA"", ""AAsAAAAAAA"", ""AAsAA"", ""AAsAAsnnnn""]","[60.0, 20.0, 10.0, 10.0]",AAsAA,OG_HQ,OG_HQ,OG_HQ,1.0,10.0,3
C:/projects/myproject/QDQM/DS_Input/Internal/관리회계_조직그룹.csv,관리회계_조직그룹.csv,사용여부,,Master,1.0,2.0,"[""A""]",[100.0],A,N,Y,Y,10.0,100.0,1
C:/projects/myproject/QDQM/DS_Input/Internal/관리회계_조직그룹.csv,관리회계_조직그룹.csv,정렬순서,,Master,2.0,10.0,"[""nn"", ""nnn""]","[90.0, 10.0]",nn,10,90,50,9.0,90.0,1
C:/projects/myproject/QDQM/DS_Input/Internal/관리회계_조직그룹.csv,관리회계_조직그룹.csv,정렬순서,,Master,2.0,10.0,"[""nn"", ""nnn""]","[90.0, 10.0]",nnn,100,100,100,1.0,10.0,2
C:/projects/myproject/QDQM/DS_Input/Internal/관리회계_조직그룹.csv,관리회계_조직그룹.csv,최종갱신자ID,,Master,1.0,1.0,"[""aaaaa""]",[100.0],aaaaa,epark,epark,epark,10.0,100.0,1
C:/projects/myproject/QDQM/DS_Input/Internal/관리회계_조직그룹.csv,관리회계_조직그룹.csv,최종변경일시,,Master,1.0,10.0,"[""nnnn-nn-nn nn:nn:nn.""]",[100.0],nnnn-nn-nn nn:nn:nn.,2023-10-11 15:35:02.231000,2023-10-11 15:35:02.241000,2023-10-11 15:35:02.236000,10.0,100.0,1
C:/projects/myproject/QDQM/DS_Input/Internal/관리회계_조직그룹.csv,관리회계_조직그룹.csv,최초생성일시,,Master,1.0,10.0,"[""nnnn-nn-nn nn:nn:nn.""]",[100.0],nnnn-nn-nn nn:nn:nn.,2023-10-11 15:35:02.231000,2023-10-11 15:35:02.241000,2023-10-11 15:35:02.236000,10.0,100.0,1
C:/projects/myproject/QDQM/DS_Input/Internal/관리회계_조직그룹.csv,관리회계_조직그룹.csv,최초생성자ID,,Master,1.0,1.0,"[""aaaaa""]",[100.0],aaaaa,epark,epark,epark,10.0,100.0,1
C:/projects/myproject/QDQM/DS_Input/Internal/관리회계_조직그룹상세.csv,관리회계_조직그룹상세.csv,ETL일시,TIMESTAMP,Master,1.0,1.0,"[""nnnn-nn-nn nn:nn:nn.""]",[100.0],nnnn-nn-nn nn:nn:nn.,2023-12-23 01:07:18.846000,2023-12-23 01:07:18.846000,2023-12-23 01:07:18.846000,349.0,100.0,1
C:/projects/myproject/QDQM/DS_Input/Internal/관리회계_조직그룹상세.csv,관리회계_조직그룹상세.csv,귀속부서조직GROUP코드,,Master,4.0,9.0,"[""AAsAA"", ""AAsAAAAA"", ""AAsAAAAAAA"", ""AAsAAsnnnn""]","[42.41, 40.97, 14.9, 1.72]",AAsAA,OG_HQ,OG_HQ,OG_HQ,148.0,42.41,1
C:/projects/myproject/QDQM/DS_Input/Internal/관리회계_조직그룹상세.csv,관리회계_조직그룹상세.csv,귀속부서조직GROUP코드,,Master,4.0,9.0,"[""AAsAA"", ""AAsAAAAA"", ""AAsAAAAAAA"", ""AAsAAsnnnn""]","[42.41, 40.97, 14.9, 1.72]",AAsAAAAA,OG_PUSSL,OG_SELXW,OG_SELHQ,143.0,40.97,2
C:/projects/myproject/QDQM/DS_Input/Internal/관리회계_조직그룹상세.csv,관리회계_조직그룹상세.csv,귀속부서조직GROUP코드,,Master,4.0,9.0,"[""AAsAA"", ""AAsAAAAA"", ""AAsAAAAAAA"", ""AAsAAsnnnn""]","[42.41, 40.97, 14.9, 1.72]",AAsAAAAAAA,OG_EXPRESS,OG_EXPRESS,OG_EXPRESS,52.0,14.9,3
C:/projects/myproject/QDQM/DS_Input/Internal/관리회계_조직그룹상세.csv,관리회계_조직그룹상세.csv,귀속부서조직코드,,Master,4.0,282.0,"[""AAAAAA"", ""AAAAA"", ""AAAAAAA"", ""AAAnnn""]","[48.71, 35.53, 15.19, 0.57]",AAAAAA,CHCSEH,SEWSET,SELEXF,170.0,48.71,1
C:/projects/myproject/QDQM/DS_Input/Internal/관리회계_조직그룹상세.csv,관리회계_조직그룹상세.csv,귀속부서조직코드,,Master,4.0,282.0,"[""AAAAAA"", ""AAAAA"", ""AAAAAAA"", ""AAAnnn""]","[48.71, 35.53, 15.19, 0.57]",AAAAA,ASNKE,YSNKE,SELDE,124.0,35.53,2
C:/projects/myproject/QDQM/DS_Input/Internal/관리회계_조직그룹상세.csv,관리회계_조직그룹상세.csv,귀속부서조직코드,,Master,4.0,282.0,"[""AAAAAA"", ""AAAAA"", ""AAAAAAA"", ""AAAnnn""]","[48.71, 35.53, 15.19, 0.57]",AAAAAAA,SELABFI,SELXWDF,SELEPPO,53.0,15.19,3
C:/projects/myproject/QDQM/DS_Input/Internal/관리회계_조직그룹상세.csv,관리회계_조직그룹상세.csv,사용여부,YN_Flag,Master,1.0,2.0,"[""A""]",[100.0],A,N,Y,Y,349.0,100.0,1
C:/projects/myproject/QDQM/DS_Input/Internal/관리회계_조직그룹상세.csv,관리회계_조직그룹상세.csv,정렬순서,UNIQUE,Master,3.0,349.0,"[""nnnn"", ""nnn"", ""nn""]","[71.63, 25.79, 2.58]",nnnn,1000,3490,2250,250.0,71.63,1
C:/projects/myproject/QDQM/DS_Input/Internal/관리회계_조직그룹상세.csv,관리회계_조직그룹상세.csv,정렬순서,UNIQUE,Master,3.0,349.0,"[""nnnn"", ""nnn"", ""nn""]","[71.63, 25.79, 2.58]",nnn,100,990,550,90.0,25.79,2
C:/projects/myproject/QDQM/DS_Input/Internal/관리회계_조직그룹상세.csv,관리회계_조직그룹상세.csv,정렬순서,UNIQUE,Master,3.0,349.0,"[""nnnn"", ""nnn"", ""nn""]","[71.63, 25.79, 2.58]",nn,10,90,50,9.0,2.58,3
C:/projects/myproject/QDQM/DS_Input/Internal/관리회계_조직그룹상세.csv,관리회계_조직그룹상세.csv,최종갱신자ID,SINGLE VALUE,Master,1.0,1.0,"[""aaaaa""]",[100.0],aaaaa,epark,epark,epark,349.0,100.0,1
C:/projects/myproject/QDQM/DS_Input/Internal/관리회계_조직그룹상세.csv,관리회계_조직그룹상세.csv,최종변경일시,TIMESTAMP,Master,1.0,295.0,"[""nnnn-nn-nn nn:nn:nn.""]",[100.0],nnnn-nn-nn nn:nn:nn.,2023-11-27 17:26:02.342000,2023-11-27 17:26:02.640000,2023-11-27 17:26:02.489000,349.0,100.0,1
C:/projects/myproject/QDQM/DS_Input/Internal/관리회계_조직그룹상세.csv,관리회계_조직그룹상세.csv,최초생성일시,TIMESTAMP,Master,1.0,295.0,"[""nnnn-nn-nn nn:nn:nn.""]",[100.0],nnnn-nn-nn nn:nn:nn.,2023-11-27 17:26:02.342000,2023-11-27 17:26:02.640000,2023-11-27 17:26:02.489000,349.0,100.0,1
C:/projects/myproject/QDQM/DS_Input/Internal/관리회계_조직그룹상세.csv,관리회계_조직그룹상세.csv,최초생성자ID,SINGLE VALUE,Master,1.0,1.0,"[""aaaaa""]",[100.0],aaaaa,epark,epark,epark,349.0,100.0,1
C:/projects/myproject/QDQM/DS_Input/Internal/관리회계계정.csv,관리회계계정.csv,ETL일시,TIME,Master,1.0,1.0,"[""nn:nn.n""]",[100.0],nn:nn.n,08:04.1,08:04.1,08:04.1,410.0,100.0,1
C:/projects/myproject/QDQM/DS_Input/Internal/관리회계계정.csv,관리회계계정.csv,create_time,UNIQUE,Master,2.0,410.0,"[""nn:nn.n"", ""nn:nn""]","[91.95, 8.05]",nn:nn.n,00:01.1,59:58.2,29:43.8,377.0,91.95,1
C:/projects/myproject/QDQM/DS_Input/Internal/관리회계계정.csv,관리회계계정.csv,create_time,UNIQUE,Master,2.0,410.0,"[""nn:nn.n"", ""nn:nn""]","[91.95, 8.05]",nn:nn,10:52.0,58:03.0,34:52.0,33.0,8.05,2
C:/projects/myproject/QDQM/DS_Input/Internal/관리회계계정.csv,관리회계계정.csv,계정명,Text,Master,52.0,392.0,"[""KKKKK"", ""KKKKKKK"", ""KKK"", ""KKKK"", ""KKKKKK"", ""KKKKKKKK"", ""KKKKKKKKKK"", ""KKKKKKKKK"", ""KK"", ""KKKKK KKK""]","[21.95, 10.24, 9.76, 9.02, 8.78, 6.59, 6.34, 5.37, 1.71, 1.22]",KKKKK,감가상각비,화재보험료,수입인지대,90.0,21.95,1
C:/projects/myproject/QDQM/DS_Input/Internal/관리회계계정.csv,관리회계계정.csv,계정명,Text,Master,52.0,392.0,"[""KKKKK"", ""KKKKKKK"", ""KKK"", ""KKKK"", ""KKKKKK"", ""KKKKKKKK"", ""KKKKKKKKKK"", ""KKKKKKKKK"", ""KK"", ""KKKKK KKK""]","[21.95, 10.24, 9.76, 9.02, 8.78, 6.59, 6.34, 5.37, 1.71, 1.22]",KKKKKKK,건물수선유지비,회계세무용역비,시설장비리스료,42.0,10.24,2
C:/projects/myproject/QDQM/DS_Input/Internal/관리회계계정.csv,관리회계계정.csv,계정명,Text,Master,52.0,392.0,"[""KKKKK"", ""KKKKKKK"", ""KKK"", ""KKKK"", ""KKKKKK"", ""KKKKKKKK"", ""KKKKKKKKKK"", ""KKKKKKKKK"", ""KK"", ""KKKKK KKK""]","[21.95, 10.24, 9.76, 9.02, 8.78, 6.59, 6.34, 5.37, 1.71, 1.22]",KKK,강사료,휘발유,임차료,40.0,9.76,3
C:/projects/myproject/QDQM/DS_Input/Internal/관리회계계정.csv,관리회계계정.csv,관리회계계정속성값1,SINGLE VALUE,Master,1.0,1.0,"[""KK""]",[100.0],KK,원가,원가,원가,11.0,100.0,1
C:/projects/myproject/QDQM/DS_Input/Internal/관리회계계정.csv,관리회계계정.csv,관리회계계정속성값2,UNIQUE,Master,8.0,15.0,"[""snnnnnns-nnnnnn"", ""snnnnnnssnnnnnn"", ""snnnnnnssnnnnnnssnnn"", ""snnnnssnnnnssnnnn"", ""snnnnnns-nnnnnns-nnn"", ""snnnnssnnnnssnnnnssn"", ""sAAAAs"", ""snnnnnnssnnnnnns-nnn""]","[26.67, 20.0, 13.33, 13.33, 6.67, 6.67, 6.67, 6.67]",snnnnnns-nnnnnn,"+410000,-510000","+410000,-751000","+410000,-602000",4.0,26.67,1
C:/projects/myproject/QDQM/DS_Input/Internal/관리회계계정.csv,관리회계계정.csv,관리회계계정속성값2,UNIQUE,Master,8.0,15.0,"[""snnnnnns-nnnnnn"", ""snnnnnnssnnnnnn"", ""snnnnnnssnnnnnnssnnn"", ""snnnnssnnnnssnnnn"", ""snnnnnns-nnnnnns-nnn"", ""snnnnssnnnnssnnnnssn"", ""sAAAAs"", ""snnnnnnssnnnnnns-nnn""]","[26.67, 20.0, 13.33, 13.33, 6.67, 6.67, 6.67, 6.67]",snnnnnnssnnnnnn,"+421100,+421200","+754000,+757000","+521100,+521200",3.0,20.0,2
C:/projects/myproject/QDQM/DS_Input/Internal/관리회계계정.csv,관리회계계정.csv,관리회계계정속성값2,UNIQUE,Master,8.0,15.0,"[""snnnnnns-nnnnnn"", ""snnnnnnssnnnnnn"", ""snnnnnnssnnnnnnssnnn"", ""snnnnssnnnnssnnnn"", ""snnnnnns-nnnnnns-nnn"", ""snnnnssnnnnssnnnnssn"", ""sAAAAs"", ""snnnnnnssnnnnnns-nnn""]","[26.67, 20.0, 13.33, 13.33, 6.67, 6.67, 6.67, 6.67]",snnnnnnssnnnnnnssnnn,"+422100,+423100,+425100","+522100,+523100,+524100,+525100,+528100","+522100,+523100,+524100,+525100,+528100",2.0,13.33,3
C:/projects/myproject/QDQM/DS_Input/Internal/관리회계계정.csv,관리회계계정.csv,관리회계계정유형코드,,Master,4.0,16.0,"[""KKKK"", ""KKKKnn"", ""KKK"", ""AAsAnnn""]","[53.57, 26.79, 12.5, 7.14]",KKKK,투자활동,투자활동,투자활동,30.0,53.57,1
C:/projects/myproject/QDQM/DS_Input/Internal/관리회계계정.csv,관리회계계정.csv,관리회계계정유형코드,,Master,4.0,16.0,"[""KKKK"", ""KKKKnn"", ""KKK"", ""AAsAnnn""]","[53.57, 26.79, 12.5, 7.14]",KKKKnn,계산계정01,계산계정19,계산계정12,15.0,26.79,2
C:/projects/myproject/QDQM/DS_Input/Internal/관리회계계정.csv,관리회계계정.csv,관리회계계정유형코드,,Master,4.0,16.0,"[""KKKK"", ""KKKKnn"", ""KKK"", ""AAsAnnn""]","[53.57, 26.79, 12.5, 7.14]",KKK,인건비,인건비,인건비,7.0,12.5,3
C:/projects/myproject/QDQM/DS_Input/Internal/관리회계계정.csv,관리회계계정.csv,관리회계계정코드,UNIQUE,Master,1.0,410.0,"[""nnnnnn""]",[100.0],nnnnnn,400000,758000,514400,410.0,100.0,1
C:/projects/myproject/QDQM/DS_Input/Internal/관리회계계정.csv,관리회계계정.csv,관리회계상위계정코드,,Master,1.0,63.0,"[""nnnnnn""]",[100.0],nnnnnn,000000,577100,512600,410.0,100.0,1
C:/projects/myproject/QDQM/DS_Input/Internal/관리회계계정.csv,관리회계계정.csv,정렬순서,UNIQUE,Master,3.0,410.0,"[""nnnn"", ""nnn"", ""nn""]","[75.85, 21.95, 2.2]",nnnn,1000,4090,2540,311.0,75.85,1
C:/projects/myproject/QDQM/DS_Input/Internal/관리회계계정.csv,관리회계계정.csv,정렬순서,UNIQUE,Master,3.0,410.0,"[""nnnn"", ""nnn"", ""nn""]","[75.85, 21.95, 2.2]",nnn,100,990,550,90.0,21.95,2
C:/projects/myproject/QDQM/DS_Input/Internal/관리회계계정.csv,관리회계계정.csv,정렬순서,UNIQUE,Master,3.0,410.0,"[""nnnn"", ""nnn"", ""nn""]","[75.85, 21.95, 2.2]",nn,10,90,50,9.0,2.2,3
C:/projects/myproject/QDQM/DS_Input/Internal/관리회계계정.csv,관리회계계정.csv,최종갱신자ID,SINGLE VALUE,Master,1.0,1.0,"[""aaaaa""]",[100.0],aaaaa,epark,epark,epark,410.0,100.0,1
C:/projects/myproject/QDQM/DS_Input/Internal/관리회계계정.csv,관리회계계정.csv,최종변경일시,,Master,2.0,5.0,"[""nn:nn.n"", ""nn:nn""]","[75.12, 24.88]",nn:nn.n,04:02.7,04:03.1,04:02.8,308.0,75.12,1
C:/projects/myproject/QDQM/DS_Input/Internal/관리회계계정.csv,관리회계계정.csv,최종변경일시,,Master,2.0,5.0,"[""nn:nn.n"", ""nn:nn""]","[75.12, 24.88]",nn:nn,04:03.0,04:03.0,04:03.0,102.0,24.88,2
C:/projects/myproject/QDQM/DS_Input/Internal/관리회계계정.csv,관리회계계정.csv,최초생성일시,,Master,2.0,5.0,"[""nn:nn.n"", ""nn:nn""]","[75.12, 24.88]",nn:nn.n,04:02.7,04:03.1,04:02.8,308.0,75.12,1
C:/projects/myproject/QDQM/DS_Input/Internal/관리회계계정.csv,관리회계계정.csv,최초생성일시,,Master,2.0,5.0,"[""nn:nn.n"", ""nn:nn""]","[75.12, 24.88]",nn:nn,04:03.0,04:03.0,04:03.0,102.0,24.88,2
C:/projects/myproject/QDQM/DS_Input/Internal/관리회계계정.csv,관리회계계정.csv,최초생성자ID,SINGLE VALUE,Master,1.0,1.0,"[""aaaaa""]",[100.0],aaaaa,epark,epark,epark,410.0,100.0,1
C:/projects/myproject/QDQM/DS_Input/Internal/기업고객.csv,기업고객.csv,1ST_STREET,,Master,188.0,205.0,"[""aaaaa aaaaaa"", ""nnn-nn AAAAAAA-AAAA"", ""nnn-n AAAAAA-AAAA"", ""nnn-n AAAAAAAA-AAAA"", ""AAAAAAA-AAAA"", ""AAAAAA-AAAA"", ""nn-n AAAAAAAAA-nAA"", ""nnnn AAAAAA AAA AAAA"", ""AAAAA-AAAA"", ""nAAs AAAAAAA AAAA.s""]","[4.63, 2.31, 1.85, 1.39, 0.93, 0.93, 0.93, 0.93, 0.93, 0.93]",aaaaa aaaaaa,first street,first street,first street,10.0,4.63,1
C:/projects/myproject/QDQM/DS_Input/Internal/기업고객.csv,기업고객.csv,1ST_STREET,,Master,188.0,205.0,"[""aaaaa aaaaaa"", ""nnn-nn AAAAAAA-AAAA"", ""nnn-n AAAAAA-AAAA"", ""nnn-n AAAAAAAA-AAAA"", ""AAAAAAA-AAAA"", ""AAAAAA-AAAA"", ""nn-n AAAAAAAAA-nAA"", ""nnnn AAAAAA AAA AAAA"", ""AAAAA-AAAA"", ""nAAs AAAAAAA AAAA.s""]","[4.63, 2.31, 1.85, 1.39, 0.93, 0.93, 0.93, 0.93, 0.93, 0.93]",nnn-nn AAAAAAA-AAAA,206-17 NONHYUN-DONG,647-23 JUNGGOK-DONG,230-13 JUNGGOK-DONG,5.0,2.31,2
C:/projects/myproject/QDQM/DS_Input/Internal/기업고객.csv,기업고객.csv,1ST_STREET,,Master,188.0,205.0,"[""aaaaa aaaaaa"", ""nnn-nn AAAAAAA-AAAA"", ""nnn-n AAAAAA-AAAA"", ""nnn-n AAAAAAAA-AAAA"", ""AAAAAAA-AAAA"", ""AAAAAA-AAAA"", ""nn-n AAAAAAAAA-nAA"", ""nnnn AAAAAA AAA AAAA"", ""AAAAA-AAAA"", ""nAAs AAAAAAA AAAA.s""]","[4.63, 2.31, 1.85, 1.39, 0.93, 0.93, 0.93, 0.93, 0.93, 0.93]",nnn-n AAAAAA-AAAA,199-6 ANYANG-DONG,619-8 JAKJUN-DONG,433-1 JANGAN-DONG,4.0,1.85,3
C:/projects/myproject/QDQM/DS_Input/Internal/기업고객.csv,기업고객.csv,ETL일시,TIME,Master,1.0,1.0,"[""nn:nn.n""]",[100.0],nn:nn.n,12:08.1,12:08.1,12:08.1,7392.0,100.0,1
C:/projects/myproject/QDQM/DS_Input/Internal/기업고객.csv,기업고객.csv,개인기업고객구분,Alpha_Flag,Master,1.0,1.0,"[""A""]",[100.0],A,C,C,C,7392.0,100.0,1
C:/projects/myproject/QDQM/DS_Input/Internal/기업고객.csv,기업고객.csv,계약기간종료일,YYYYMMDD,Master,1.0,3677.0,"[""nnnnnnnn""]",[100.0],nnnnnnnn,19991231,30170526,20160527,7379.0,100.0,1
C:/projects/myproject/QDQM/DS_Input/Internal/기업고객.csv,기업고객.csv,국가코드,,Master,1.0,2.0,"[""AA""]",[100.0],AA,KR,PT,KR,6720.0,100.0,1
C:/projects/myproject/QDQM/DS_Input/Internal/기업고객.csv,기업고객.csv,기업고객명,Text,Master,681.0,6836.0,"[""KKKK"", ""KKKKK"", ""KKK"", ""KKKKKK"", ""(K)KKKK"", ""KK"", ""(K)KKKKK"", ""KKKKKKK"", ""(K)KKKKKK"", ""KKKKKKKK""]","[16.57, 9.23, 6.86, 5.73, 3.83, 3.55, 3.37, 3.29, 2.59, 2.56]",KKKK,가공식품,힙합보이,씨앤에스,1224.0,16.57,1
C:/projects/myproject/QDQM/DS_Input/Internal/기업고객.csv,기업고객.csv,기업고객명,Text,Master,681.0,6836.0,"[""KKKK"", ""KKKKK"", ""KKK"", ""KKKKKK"", ""(K)KKKK"", ""KK"", ""(K)KKKKK"", ""KKKKKKK"", ""(K)KKKKKK"", ""KKKKKKKK""]","[16.57, 9.23, 6.86, 5.73, 3.83, 3.55, 3.37, 3.29, 2.59, 2.56]",KKKKK,가람삼업사,효수산유통,아리랑과학,682.0,9.23,2
C:/projects/myproject/QDQM/DS_Input/Internal/기업고객.csv,기업고객.csv,기업고객명,Text,Master,681.0,6836.0,"[""KKKK"", ""KKKKK"", ""KKK"", ""KKKKKK"", ""(K)KKKK"", ""KK"", ""(K)KKKKK"", ""KKKKKKK"", ""(K)KKKKKK"", ""KKKKKKKK""]","[16.57, 9.23, 6.86, 5.73, 3.83, 3.55, 3.37, 3.29, 2.59, 2.56]",KKK,가가몰,히트맨,아이다,507.0,6.86,3
C:/projects/myproject/QDQM/DS_Input/Internal/기업고객.csv,기업고객.csv,기업고객번호,TEL,Master,6.0,7392.0,"[""nnnnnnn"", ""nnnnnn"", ""nnnnn"", ""nnnn"", ""nnn"", ""Annnnnn""]","[71.5, 26.79, 1.41, 0.24, 0.04, 0.03]",nnnnnnn,1000014,9127894,6004179,5285.0,71.5,1
C:/projects/myproject/QDQM/DS_Input/Internal/기업고객.csv,기업고객.csv,기업고객번호,TEL,Master,6.0,7392.0,"[""nnnnnnn"", ""nnnnnn"", ""nnnnn"", ""nnnn"", ""nnn"", ""Annnnnn""]","[71.5, 26.79, 1.41, 0.24, 0.04, 0.03]",nnnnnn,101359,146703,123604,1980.0,26.79,2
C:/projects/myproject/QDQM/DS_Input/Internal/기업고객.csv,기업고객.csv,기업고객번호,TEL,Master,6.0,7392.0,"[""nnnnnnn"", ""nnnnnn"", ""nnnnn"", ""nnnn"", ""nnn"", ""Annnnnn""]","[71.5, 26.79, 1.41, 0.24, 0.04, 0.03]",nnnnn,10069,96749,44249,104.0,1.41,3
C:/projects/myproject/QDQM/DS_Input/Internal/기업고객.csv,기업고객.csv,기업법인번호,,Master,2.0,152.0,"[""n.nnnnnAsnn"", ""n""]","[99.46, 0.54]",n.nnnnnAsnn,1.01144E+12,2.85011E+12,1.10112E+12,1290.0,99.46,1
C:/projects/myproject/QDQM/DS_Input/Internal/기업고객.csv,기업고객.csv,기업법인번호,,Master,2.0,152.0,"[""n.nnnnnAsnn"", ""n""]","[99.46, 0.54]",n,0,0,0,7.0,0.54,2
C:/projects/myproject/QDQM/DS_Input/Internal/기업고객.csv,기업고객.csv,기업사업자등록번호,,Master,3.0,6722.0,"[""nnnnnnnnnn"", ""nnnnnnnnn"", ""nnnnnnnn""]","[99.97, 0.01, 0.01]",nnnnnnnnnn,1010135959,9999999999,2148712256,7389.0,99.97,1
C:/projects/myproject/QDQM/DS_Input/Internal/기업고객.csv,기업고객.csv,기업사업자등록번호,,Master,3.0,6722.0,"[""nnnnnnnnnn"", ""nnnnnnnnn"", ""nnnnnnnn""]","[99.97, 0.01, 0.01]",nnnnnnnnn,901100003,901100003,901100003,1.0,0.01,2
C:/projects/myproject/QDQM/DS_Input/Internal/기업고객.csv,기업고객.csv,기업사업자등록번호,,Master,3.0,6722.0,"[""nnnnnnnnnn"", ""nnnnnnnnn"", ""nnnnnnnn""]","[99.97, 0.01, 0.01]",nnnnnnnn,21881003,21881003,21881003,1.0,0.01,3
C:/projects/myproject/QDQM/DS_Input/Internal/기업고객.csv,기업고객.csv,기업우편번호,,Master,4.0,3215.0,"[""nnnnnn"", ""nnnnn"", ""nnnn"", ""nnn-n""]","[83.37, 9.95, 6.67, 0.01]",nnnnnn,100011,791947,407040,5960.0,83.37,1
C:/projects/myproject/QDQM/DS_Input/Internal/기업고객.csv,기업고객.csv,기업우편번호,,Master,4.0,3215.0,"[""nnnnnn"", ""nnnnn"", ""nnnn"", ""nnn-n""]","[83.37, 9.95, 6.67, 0.01]",nnnnn,10012,63635,25141,711.0,9.95,2
C:/projects/myproject/QDQM/DS_Input/Internal/기업고객.csv,기업고객.csv,기업우편번호,,Master,4.0,3215.0,"[""nnnnnn"", ""nnnnn"", ""nnnn"", ""nnn-n""]","[83.37, 9.95, 6.67, 0.01]",nnnn,1325,8797,5699,477.0,6.67,3
C:/projects/myproject/QDQM/DS_Input/Internal/기업고객.csv,기업고객.csv,담당부서,Text,Master,111.0,794.0,"[""KK"", ""KKK"", ""."", ""KKKK"", ""KKKKK"", ""KKKKKK"", ""s"", ""KKKKKKK"", "".."", ""-""]","[48.24, 31.85, 5.66, 3.67, 3.48, 1.2, 0.77, 0.57, 0.43, 0.33]",KK,강동,회계,관리,3062.0,48.24,1
C:/projects/myproject/QDQM/DS_Input/Internal/기업고객.csv,기업고객.csv,담당부서,Text,Master,111.0,794.0,"[""KK"", ""KKK"", ""."", ""KKKK"", ""KKKKK"", ""KKKKKK"", ""s"", ""KKKKKKK"", "".."", ""-""]","[48.24, 31.85, 5.66, 3.67, 3.48, 1.2, 0.77, 0.57, 0.43, 0.33]",KKK,가가몰,희망몰,관리팀,2022.0,31.85,2
C:/projects/myproject/QDQM/DS_Input/Internal/기업고객.csv,기업고객.csv,담당부서,Text,Master,111.0,794.0,"[""KK"", ""KKK"", ""."", ""KKKK"", ""KKKKK"", ""KKKKKK"", ""s"", ""KKKKKKK"", "".."", ""-""]","[48.24, 31.85, 5.66, 3.67, 3.48, 1.2, 0.77, 0.57, 0.43, 0.33]",.,.,.,.,359.0,5.66,3
C:/projects/myproject/QDQM/DS_Input/Internal/기업고객.csv,기업고객.csv,사업구분,Alpha_Flag,Master,1.0,2.0,"[""A""]",[100.0],A,D,I,D,7390.0,100.0,1
C:/projects/myproject/QDQM/DS_Input/Internal/기업고객.csv,기업고객.csv,수금점소,,Master,3.0,114.0,"[""AAAAA"", ""AAAAn"", ""AAAnn""]","[97.73, 2.07, 0.2]",AAAAA,ADGDD,YSNKE,PDGBR,7176.0,97.73,1
C:/projects/myproject/QDQM/DS_Input/Internal/기업고객.csv,기업고객.csv,수금점소,,Master,3.0,114.0,"[""AAAAA"", ""AAAAn"", ""AAAnn""]","[97.73, 2.07, 0.2]",AAAAn,CJUB1,TAEB1,SCOB1,152.0,2.07,2
C:/projects/myproject/QDQM/DS_Input/Internal/기업고객.csv,기업고객.csv,수금점소,,Master,3.0,114.0,"[""AAAAA"", ""AAAAn"", ""AAAnn""]","[97.73, 2.07, 0.2]",AAAnn,KPO72,TAE89,SEK13,15.0,0.2,3
C:/projects/myproject/QDQM/DS_Input/Internal/기업고객.csv,기업고객.csv,수입조직,,Master,1.0,96.0,"[""nnnn""]",[100.0],nnnn,1111,1612,1178,7339.0,100.0,1
C:/projects/myproject/QDQM/DS_Input/Internal/기업고객.csv,기업고객.csv,영문고객명,,Master,176.0,263.0,"[""A"", ""AAAAAAA"", ""AAAAAA"", ""AAAAA"", ""AAAA"", ""AAAAAAAA"", ""AAAAAA AAA"", ""AAAAA AAAAAAAAAAA"", ""AAAAA AAAAAA"", ""aaaaaa""]","[6.27, 3.32, 2.58, 2.21, 1.85, 1.85, 1.85, 1.48, 1.48, 1.48]",A,A,Y,I,17.0,6.27,1
C:/projects/myproject/QDQM/DS_Input/Internal/기업고객.csv,기업고객.csv,영문고객명,,Master,176.0,263.0,"[""A"", ""AAAAAAA"", ""AAAAAA"", ""AAAAA"", ""AAAA"", ""AAAAAAAA"", ""AAAAAA AAA"", ""AAAAA AAAAAAAAAAA"", ""AAAAA AAAAAA"", ""aaaaaa""]","[6.27, 3.32, 2.58, 2.21, 1.85, 1.85, 1.85, 1.48, 1.48, 1.48]",AAAAAAA,CHUNGOK,WOOSHIN,KUMKANG,9.0,3.32,2
C:/projects/myproject/QDQM/DS_Input/Internal/기업고객.csv,기업고객.csv,영문고객명,,Master,176.0,263.0,"[""A"", ""AAAAAAA"", ""AAAAAA"", ""AAAAA"", ""AAAA"", ""AAAAAAAA"", ""AAAAAA AAA"", ""AAAAA AAAAAAAAAAA"", ""AAAAA AAAAAA"", ""aaaaaa""]","[6.27, 3.32, 2.58, 2.21, 1.85, 1.85, 1.85, 1.48, 1.48, 1.48]",AAAAAA,BOGZON,ZERONE,PARSON,7.0,2.58,3
C:/projects/myproject/QDQM/DS_Input/Internal/기업고객.csv,기업고객.csv,주소,,Master,2280.0,5796.0,"[""nnn-n"", ""nnn-nn"", ""nnn"", ""."", ""(KKK)"", ""Aaa-nn"", ""nnnn-n"", ""nn"", ""nnK nnK"", ""nnnn nnnn""]","[8.96, 5.57, 5.2, 4.54, 2.2, 2.11, 1.4, 1.4, 1.33, 1.32]",nnn-n,103-3,995-1,405-1,619.0,8.96,1
C:/projects/myproject/QDQM/DS_Input/Internal/기업고객.csv,기업고객.csv,주소,,Master,2280.0,5796.0,"[""nnn-n"", ""nnn-nn"", ""nnn"", ""."", ""(KKK)"", ""Aaa-nn"", ""nnnn-n"", ""nn"", ""nnK nnK"", ""nnnn nnnn""]","[8.96, 5.57, 5.2, 4.54, 2.2, 2.11, 1.4, 1.4, 1.33, 1.32]",nnn-nn,100-12,998-17,381-69,385.0,5.57,2
C:/projects/myproject/QDQM/DS_Input/Internal/기업고객.csv,기업고객.csv,주소,,Master,2280.0,5796.0,"[""nnn-n"", ""nnn-nn"", ""nnn"", ""."", ""(KKK)"", ""Aaa-nn"", ""nnnn-n"", ""nn"", ""nnK nnK"", ""nnnn nnnn""]","[8.96, 5.57, 5.2, 4.54, 2.2, 2.11, 1.4, 1.4, 1.33, 1.32]",nnn,100,995,302,359.0,5.2,3
C:/projects/myproject/QDQM/DS_Input/Internal/기업고객.csv,기업고객.csv,집하점소,,Master,5.0,1118.0,"[""nnnn"", ""nnn"", ""n"", ""nn"", ""AAn""]","[97.68, 1.98, 0.19, 0.1, 0.05]",nnnn,1000,9981,4540,7115.0,97.68,1
C:/projects/myproject/QDQM/DS_Input/Internal/기업고객.csv,기업고객.csv,집하점소,,Master,5.0,1118.0,"[""nnnn"", ""nnn"", ""n"", ""nn"", ""AAn""]","[97.68, 1.98, 0.19, 0.1, 0.05]",nnn,120,985,810,144.0,1.98,2
C:/projects/myproject/QDQM/DS_Input/Internal/기업고객.csv,기업고객.csv,집하점소,,Master,5.0,1118.0,"[""nnnn"", ""nnn"", ""n"", ""nn"", ""AAn""]","[97.68, 1.98, 0.19, 0.1, 0.05]",n,0,4,0,14.0,0.19,3
C:/projects/myproject/QDQM/DS_Input/Internal/기업고객.csv,기업고객.csv,집하지우편번호,,Master,3.0,4245.0,"[""nnnnnn"", ""nnnnn"", ""nnnn""]","[84.62, 12.7, 2.67]",nnnnnn,100011,791910,415800,6142.0,84.62,1
C:/projects/myproject/QDQM/DS_Input/Internal/기업고객.csv,기업고객.csv,집하지우편번호,,Master,3.0,4245.0,"[""nnnnnn"", ""nnnnn"", ""nnnn""]","[84.62, 12.7, 2.67]",nnnnn,10020,63641,26408,922.0,12.7,2
C:/projects/myproject/QDQM/DS_Input/Internal/기업고객.csv,기업고객.csv,집하지우편번호,,Master,3.0,4245.0,"[""nnnnnn"", ""nnnnn"", ""nnnn""]","[84.62, 12.7, 2.67]",nnnn,1002,8835,5838,194.0,2.67,3
C:/projects/myproject/QDQM/DS_Input/Internal/기업고객.csv,기업고객.csv,집하지주소,,Master,2321.0,5097.0,"[""(KKK)"", ""nK"", ""nnn-n"", ""KKKKK"", ""nnn"", ""nnn-nn"", ""KKKK KKKKK"", ""KKK"", ""KKKK"", ""KKKK nK""]","[4.49, 3.48, 3.23, 2.48, 2.1, 1.73, 1.64, 1.57, 1.45, 1.31]",(KKK),(가능동),(흑석동),(성사동),257.0,4.49,1
C:/projects/myproject/QDQM/DS_Input/Internal/기업고객.csv,기업고객.csv,집하지주소,,Master,2321.0,5097.0,"[""(KKK)"", ""nK"", ""nnn-n"", ""KKKKK"", ""nnn"", ""nnn-nn"", ""KKKK KKKKK"", ""KKK"", ""KKKK"", ""KKKK nK""]","[4.49, 3.48, 3.23, 2.48, 2.1, 1.73, 1.64, 1.57, 1.45, 1.31]",nK,1동,9층,2층,199.0,3.48,2
C:/projects/myproject/QDQM/DS_Input/Internal/기업고객.csv,기업고객.csv,집하지주소,,Master,2321.0,5097.0,"[""(KKK)"", ""nK"", ""nnn-n"", ""KKKKK"", ""nnn"", ""nnn-nn"", ""KKKK KKKKK"", ""KKK"", ""KKKK"", ""KKKK nK""]","[4.49, 3.48, 3.23, 2.48, 2.1, 1.73, 1.64, 1.57, 1.45, 1.31]",nnn-n,104-1,989-4,433-1,185.0,3.23,3
C:/projects/myproject/QDQM/DS_Input/Internal/기업고객.csv,기업고객.csv,청구부서,Text,Master,48.0,352.0,"[""KK"", ""KKK"", ""."", ""KKKKK"", ""KKKK"", ""s"", "".."", ""KKKKKK"", ""KKKKKKK"", ""-""]","[41.04, 35.06, 9.24, 3.91, 2.75, 1.41, 1.3, 1.01, 0.47, 0.47]",KK,경리,홍보,관리,1133.0,41.04,1
C:/projects/myproject/QDQM/DS_Input/Internal/기업고객.csv,기업고객.csv,청구부서,Text,Master,48.0,352.0,"[""KK"", ""KKK"", ""."", ""KKKKK"", ""KKKK"", ""s"", "".."", ""KKKKKK"", ""KKKKKKK"", ""-""]","[41.04, 35.06, 9.24, 3.91, 2.75, 1.41, 1.3, 1.01, 0.47, 0.47]",KKK,각매장,홍보팀,관리팀,968.0,35.06,2
C:/projects/myproject/QDQM/DS_Input/Internal/기업고객.csv,기업고객.csv,청구부서,Text,Master,48.0,352.0,"[""KK"", ""KKK"", ""."", ""KKKKK"", ""KKKK"", ""s"", "".."", ""KKKKKK"", ""KKKKKKK"", ""-""]","[41.04, 35.06, 9.24, 3.91, 2.75, 1.41, 1.3, 1.01, 0.47, 0.47]",.,.,.,.,255.0,9.24,3
C:/projects/myproject/QDQM/DS_Input/Internal/기업고객.csv,기업고객.csv,청구점소,,Master,3.0,109.0,"[""AAAAA"", ""AAAAn"", ""AAAnn""]","[98.86, 0.97, 0.18]",AAAAA,ADGDD,YSNKE,PGTBX,7259.0,98.86,1
C:/projects/myproject/QDQM/DS_Input/Internal/기업고객.csv,기업고객.csv,청구점소,,Master,3.0,109.0,"[""AAAAA"", ""AAAAn"", ""AAAnn""]","[98.86, 0.97, 0.18]",AAAAn,KWGB1,TAEB1,SEEB1,71.0,0.97,2
C:/projects/myproject/QDQM/DS_Input/Internal/기업고객.csv,기업고객.csv,청구점소,,Master,3.0,109.0,"[""AAAAA"", ""AAAAn"", ""AAAnn""]","[98.86, 0.97, 0.18]",AAAnn,QWJ20,TAE89,SEK13,13.0,0.18,3
C:/projects/myproject/QDQM/DS_Input/Internal/기업고객.csv,기업고객.csv,청구지우편번호,,Master,3.0,3368.0,"[""nnnnnn"", ""nnnnn"", ""nnnn""]","[87.71, 9.48, 2.8]",nnnnnn,100011,791947,410315,6447.0,87.71,1
C:/projects/myproject/QDQM/DS_Input/Internal/기업고객.csv,기업고객.csv,청구지우편번호,,Master,3.0,3368.0,"[""nnnnnn"", ""nnnnn"", ""nnnn""]","[87.71, 9.48, 2.8]",nnnnn,10020,63635,25533,697.0,9.48,2
C:/projects/myproject/QDQM/DS_Input/Internal/기업고객.csv,기업고객.csv,청구지우편번호,,Master,3.0,3368.0,"[""nnnnnn"", ""nnnnn"", ""nnnn""]","[87.71, 9.48, 2.8]",nnnn,1325,8797,5753,206.0,2.8,3
C:/projects/myproject/QDQM/DS_Input/Internal/기업고객.csv,기업고객.csv,청구지주소,,Master,1960.0,5185.0,"[""nnn-n"", ""nnn-nn"", ""nnn"", ""(KKK)"", ""."", ""Aaa-nn"", ""nnK nnK"", ""nn"", ""nnnn"", ""nn-nn""]","[9.21, 5.8, 4.85, 2.82, 2.56, 1.88, 1.58, 1.37, 1.34, 1.31]",nnn-n,103-3,995-1,405-6,543.0,9.21,1
C:/projects/myproject/QDQM/DS_Input/Internal/기업고객.csv,기업고객.csv,청구지주소,,Master,1960.0,5185.0,"[""nnn-n"", ""nnn-nn"", ""nnn"", ""(KKK)"", ""."", ""Aaa-nn"", ""nnK nnK"", ""nn"", ""nnnn"", ""nn-nn""]","[9.21, 5.8, 4.85, 2.82, 2.56, 1.88, 1.58, 1.37, 1.34, 1.31]",nnn-nn,100-11,998-17,386-23,342.0,5.8,2
C:/projects/myproject/QDQM/DS_Input/Internal/기업고객.csv,기업고객.csv,청구지주소,,Master,1960.0,5185.0,"[""nnn-n"", ""nnn-nn"", ""nnn"", ""(KKK)"", ""."", ""Aaa-nn"", ""nnK nnK"", ""nn"", ""nnnn"", ""nn-nn""]","[9.21, 5.8, 4.85, 2.82, 2.56, 1.88, 1.58, 1.37, 1.34, 1.31]",nnn,100,995,342,286.0,4.85,3
C:/projects/myproject/QDQM/DS_Input/Internal/기업고객.csv,기업고객.csv,최종변경일시,TIME,Master,1.0,1.0,"[""nn:nn.n""]",[100.0],nn:nn.n,12:08.1,12:08.1,12:08.1,7392.0,100.0,1
C:/projects/myproject/QDQM/DS_Input/Internal/기업고객.csv,기업고객.csv,최종변경자사번,,Master,7.0,446.0,"[""nnnnnnn"", ""nnnnnn"", ""AAAAAAA"", ""AAAAA"", ""nnnnn"", ""AAAAAA"", ""AAAnnnn""]","[58.19, 38.21, 2.05, 0.92, 0.53, 0.08, 0.01]",nnnnnnn,1010240,9999999,2462191,4283.0,58.19,1
C:/projects/myproject/QDQM/DS_Input/Internal/기업고객.csv,기업고객.csv,최종변경자사번,,Master,7.0,446.0,"[""nnnnnnn"", ""nnnnnn"", ""AAAAAAA"", ""AAAAA"", ""nnnnn"", ""AAAAAA"", ""AAAnnnn""]","[58.19, 38.21, 2.05, 0.92, 0.53, 0.08, 0.01]",nnnnnn,158631,980103,410454,2812.0,38.21,2
C:/projects/myproject/QDQM/DS_Input/Internal/기업고객.csv,기업고객.csv,최종변경자사번,,Master,7.0,446.0,"[""nnnnnnn"", ""nnnnnn"", ""AAAAAAA"", ""AAAAA"", ""nnnnn"", ""AAAAAA"", ""AAAnnnn""]","[58.19, 38.21, 2.05, 0.92, 0.53, 0.08, 0.01]",AAAAAAA,BUEBRHT,TJNBRHT,KWJBRHT,151.0,2.05,3
C:/projects/myproject/QDQM/DS_Input/Internal/기업고객.csv,기업고객.csv,최종수정일시,,Master,1.0,1845.0,"[""nn:nn""]",[100.0],nn:nn,00:00.0,59:57.0,28:41.0,7361.0,100.0,1
C:/projects/myproject/QDQM/DS_Input/Internal/기업고객.csv,기업고객.csv,판매원사번,,Master,4.0,936.0,"[""nnnnnnn"", ""nnnnnn"", ""nnnnn"", ""AAAnnnn""]","[60.04, 27.83, 12.1, 0.03]",nnnnnnn,1012443,9999999,9305391,4401.0,60.04,1
C:/projects/myproject/QDQM/DS_Input/Internal/기업고객.csv,기업고객.csv,판매원사번,,Master,4.0,936.0,"[""nnnnnnn"", ""nnnnnn"", ""nnnnn"", ""AAAnnnn""]","[60.04, 27.83, 12.1, 0.03]",nnnnnn,158631,980103,511840,2040.0,27.83,2
C:/projects/myproject/QDQM/DS_Input/Internal/기업고객.csv,기업고객.csv,판매원사번,,Master,4.0,936.0,"[""nnnnnnn"", ""nnnnnn"", ""nnnnn"", ""AAAnnnn""]","[60.04, 27.83, 12.1, 0.03]",nnnnn,10010,71061,11804,887.0,12.1,3
C:/projects/myproject/QDQM/DS_Input/Internal/기업고객.csv,기업고객.csv,판매일,YYYYMMDD,Master,1.0,3700.0,"[""nnnnnnnn""]",[100.0],nnnnnnnn,19981231,20230808,20130827,7388.0,100.0,1
C:/projects/myproject/QDQM/DS_Input/Internal/기업고객.csv,기업고객.csv,판매점소,,Master,4.0,90.0,"[""AAAAA"", ""AAAAAAA"", ""AAAAAA"", ""AA""]","[81.38, 15.27, 3.3, 0.05]",AAAAA,BKKBR,ULSBR,KWJBR,6000.0,81.38,1
C:/projects/myproject/QDQM/DS_Input/Internal/기업고객.csv,기업고객.csv,판매점소,,Master,4.0,90.0,"[""AAAAA"", ""AAAAAAA"", ""AAAAAA"", ""AA""]","[81.38, 15.27, 3.3, 0.05]",AAAAAAA,ANDOCHT,YSUDSHT,KSOOCHT,1126.0,15.27,2
C:/projects/myproject/QDQM/DS_Input/Internal/기업고객.csv,기업고객.csv,판매점소,,Master,4.0,90.0,"[""AAAAA"", ""AAAAAAA"", ""AAAAAA"", ""AA""]","[81.38, 15.27, 3.3, 0.05]",AAAAAA,HQREPT,SUWCHT,PDGBRG,243.0,3.3,3
C:/projects/myproject/QDQM/DS_Input/Internal/미배송사유코드.csv,미배송사유코드.csv,ETL일시,TIMESTAMP,Master,1.0,1.0,"[""nnnn-nn-nn nn:nn:nn.""]",[100.0],nnnn-nn-nn nn:nn:nn.,2023-12-26 01:04:37.901000,2023-12-26 01:04:37.901000,2023-12-26 01:04:37.901000,104.0,100.0,1
C:/projects/myproject/QDQM/DS_Input/Internal/미배송사유코드.csv,미배송사유코드.csv,사유명,Text,Master,32.0,81.0,"[""KKKK"", ""KKK KK"", ""KKKKKK"", ""KK KK"", ""KKK"", ""KKKK KK"", ""KK(KKKK)"", ""KKKKKKK"", ""KKKKK"", ""KKK KKKK""]","[16.35, 14.42, 10.58, 8.65, 6.73, 5.77, 4.81, 2.88, 2.88, 1.92]",KKKK,고객분실,파손화물,이중예약,17.0,16.35,1
C:/projects/myproject/QDQM/DS_Input/Internal/미배송사유코드.csv,미배송사유코드.csv,사유명,Text,Master,32.0,81.0,"[""KKKK"", ""KKK KK"", ""KKKKKK"", ""KK KK"", ""KKK"", ""KKKK KK"", ""KK(KKKK)"", ""KKKKKKK"", ""KKKKK"", ""KKK KKKK""]","[16.35, 14.42, 10.58, 8.65, 6.73, 5.77, 4.81, 2.88, 2.88, 1.92]",KKK KK,기업체 휴무,합포장 발송,수하인 이사,15.0,14.42,2
C:/projects/myproject/QDQM/DS_Input/Internal/미배송사유코드.csv,미배송사유코드.csv,사유명,Text,Master,32.0,81.0,"[""KKKK"", ""KKK KK"", ""KKKKKK"", ""KK KK"", ""KKK"", ""KKKK KK"", ""KK(KKKK)"", ""KKKKKKK"", ""KKKKK"", ""KKK KKKK""]","[16.35, 14.42, 10.58, 8.65, 6.73, 5.77, 4.81, 2.88, 2.88, 1.92]",KKKKKK,고객주소불명,타운송사집하,요청일미방문,11.0,10.58,3
C:/projects/myproject/QDQM/DS_Input/Internal/미배송사유코드.csv,미배송사유코드.csv,사유명(영문),,Master,53.0,63.0,"[""A"", ""Aaaaaaaaaa Aaaa"", ""Aaaaaaaaa Aaaaa"", ""Aaaaaaaaa Aaaaaaa"", ""Aaaaaaa Aaaaaaaa"", ""Aaaa Aaaaaaaa"", ""Aaaa Aaaa Aaaaaaaa"", ""Aaaaaaaaa Aaa Aaaa"", ""Aaaaaaa Aaaaaa"", ""Aaaaaaaa Aaa Aaaaa""]","[22.12, 4.81, 3.85, 3.85, 3.85, 2.88, 2.88, 2.88, 1.92, 1.92]",A,A,F,A,23.0,22.12,1
C:/projects/myproject/QDQM/DS_Input/Internal/미배송사유코드.csv,미배송사유코드.csv,사유명(영문),,Master,53.0,63.0,"[""A"", ""Aaaaaaaaaa Aaaa"", ""Aaaaaaaaa Aaaaa"", ""Aaaaaaaaa Aaaaaaa"", ""Aaaaaaa Aaaaaaaa"", ""Aaaa Aaaaaaaa"", ""Aaaa Aaaa Aaaaaaaa"", ""Aaaaaaaaa Aaa Aaaa"", ""Aaaaaaa Aaaaaa"", ""Aaaaaaaa Aaa Aaaaa""]","[22.12, 4.81, 3.85, 3.85, 3.85, 2.88, 2.88, 2.88, 1.92, 1.92]",Aaaaaaaaaa Aaaa,Restricted Item,Restricted Item,Restricted Item,5.0,4.81,2
C:/projects/myproject/QDQM/DS_Input/Internal/미배송사유코드.csv,미배송사유코드.csv,사유명(영문),,Master,53.0,63.0,"[""A"", ""Aaaaaaaaaa Aaaa"", ""Aaaaaaaaa Aaaaa"", ""Aaaaaaaaa Aaaaaaa"", ""Aaaaaaa Aaaaaaaa"", ""Aaaa Aaaaaaaa"", ""Aaaa Aaaa Aaaaaaaa"", ""Aaaaaaaaa Aaa Aaaa"", ""Aaaaaaa Aaaaaa"", ""Aaaaaaaa Aaa Aaaaa""]","[22.12, 4.81, 3.85, 3.85, 3.85, 2.88, 2.88, 2.88, 1.92, 1.92]",Aaaaaaaaa Aaaaa,Consignee Moved,Pollution Goods,Incorrect Order,4.0,3.85,3
C:/projects/myproject/QDQM/DS_Input/Internal/미배송사유코드.csv,미배송사유코드.csv,사유코드,,Master,2.0,40.0,"[""nn"", ""n""]","[52.88, 47.12]",nn,01,30,13,55.0,52.88,1
C:/projects/myproject/QDQM/DS_Input/Internal/미배송사유코드.csv,미배송사유코드.csv,사유코드,,Master,2.0,40.0,"[""nn"", ""n""]","[52.88, 47.12]",n,0,9,4,49.0,47.12,2
C:/projects/myproject/QDQM/DS_Input/Internal/미배송사유코드.csv,미배송사유코드.csv,작업코드,,Master,2.0,12.0,"[""nn"", ""AA""]","[98.08, 1.92]",nn,03,99,84,102.0,98.08,1
C:/projects/myproject/QDQM/DS_Input/Internal/미배송사유코드.csv,미배송사유코드.csv,작업코드,,Master,2.0,12.0,"[""nn"", ""AA""]","[98.08, 1.92]",AA,IR,IR,IR,2.0,1.92,2
C:/projects/myproject/QDQM/DS_Input/Internal/미배송사유코드.csv,미배송사유코드.csv,최종변경일시,TIMESTAMP,Master,1.0,1.0,"[""nnnn-nn-nn nn:nn:nn.""]",[100.0],nnnn-nn-nn nn:nn:nn.,2023-12-26 01:04:37.901000,2023-12-26 01:04:37.901000,2023-12-26 01:04:37.901000,104.0,100.0,1
C:/projects/myproject/QDQM/DS_Input/Internal/배송점.csv,배송점.csv,기본주소,Text,Master,242.0,767.0,"[""KK KK KK"", ""KKKK KKK KKK KKK"", ""KK KKK  KKKK"", ""KKK KKK KKK KKK"", ""KK KK KKn"", ""KKKKK KKK KKK"", ""KK  KK"", ""KKKKK KK KKK"", ""KKKKK KKK KKKK"", ""KK KK""]","[9.03, 4.43, 4.2, 3.72, 3.17, 3.09, 3.01, 2.53, 2.53, 2.3]",KK KK KK,경기 광주 초월,청주 흥덕 비하,서울 송파 가락,114.0,9.03,1
C:/projects/myproject/QDQM/DS_Input/Internal/배송점.csv,배송점.csv,기본주소,Text,Master,242.0,767.0,"[""KK KK KK"", ""KKKK KKK KKK KKK"", ""KK KKK  KKKK"", ""KKK KKK KKK KKK"", ""KK KK KKn"", ""KKKKK KKK KKK"", ""KK  KK"", ""KKKKK KK KKK"", ""KKKKK KKK KKKK"", ""KK KK""]","[9.03, 4.43, 4.2, 3.72, 3.17, 3.09, 3.01, 2.53, 2.53, 2.3]",KKKK KKK KKK KKK,경상남도 거창군 웅양면 웅양로,충청북도 진천군 덕산읍 덕금로,전라남도 담양군 담양읍 추성로,56.0,4.43,2
C:/projects/myproject/QDQM/DS_Input/Internal/배송점.csv,배송점.csv,기본주소,Text,Master,242.0,767.0,"[""KK KK KK"", ""KKKK KKK KKK KKK"", ""KK KKK  KKKK"", ""KKK KKK KKK KKK"", ""KK KK KKn"", ""KKKKK KKK KKK"", ""KK  KK"", ""KKKKK KK KKK"", ""KKKKK KKK KKKK"", ""KK KK""]","[9.03, 4.43, 4.2, 3.72, 3.17, 3.09, 3.01, 2.53, 2.53, 2.3]",KK KKK  KKKK,광주 광산구  무진대로,인천 부평구  부평북로,서울 송파구  송파대로,53.0,4.2,3
C:/projects/myproject/QDQM/DS_Input/Internal/배송점.csv,배송점.csv,배송점명,Text,Master,199.0,2463.0,"[""KK(K)"", ""KKKK(K)"", ""KKKK[KK]"", ""KKK(K)"", ""KK[KK]"", ""AKK"", ""KKAAKK"", ""KK KKK"", ""KKn(K)"", ""AAKK""]","[26.64, 11.94, 9.17, 8.22, 3.99, 2.65, 2.29, 1.7, 1.58, 1.46]",KK(K),가경(집),흥해(집),송천(집),674.0,26.64,1
C:/projects/myproject/QDQM/DS_Input/Internal/배송점.csv,배송점.csv,배송점명,Text,Master,199.0,2463.0,"[""KK(K)"", ""KKKK(K)"", ""KKKK[KK]"", ""KKK(K)"", ""KK[KK]"", ""AKK"", ""KKAAKK"", ""KK KKK"", ""KKn(K)"", ""AAKK""]","[26.64, 11.94, 9.17, 8.22, 3.99, 2.65, 2.29, 1.7, 1.58, 1.46]",KKKK(K),가고집하(대),화양농산(대),순천동부(대),302.0,11.94,2
C:/projects/myproject/QDQM/DS_Input/Internal/배송점.csv,배송점.csv,배송점명,Text,Master,199.0,2463.0,"[""KK(K)"", ""KKKK(K)"", ""KKKK[KK]"", ""KKK(K)"", ""KK[KK]"", ""AKK"", ""KKAAKK"", ""KK KKK"", ""KKn(K)"", ""AAKK""]","[26.64, 11.94, 9.17, 8.22, 3.99, 2.65, 2.29, 1.7, 1.58, 1.46]",KKKK[KK],강남직영[정기],화성향남[정기],서울강북[정기],232.0,9.17,3
C:/projects/myproject/QDQM/DS_Input/Internal/배송점.csv,배송점.csv,배송점코드,UNIQUE,Master,4.0,2530.0,"[""nnnn"", ""nnnnnn"", ""nnnnn"", ""nnnnnnn""]","[98.85, 1.03, 0.08, 0.04]",nnnn,0012,9999,4669,2501.0,98.85,1
C:/projects/myproject/QDQM/DS_Input/Internal/배송점.csv,배송점.csv,배송점코드,UNIQUE,Master,4.0,2530.0,"[""nnnn"", ""nnnnnn"", ""nnnnn"", ""nnnnnnn""]","[98.85, 1.03, 0.08, 0.04]",nnnnnn,074401,960001,401901,26.0,1.03,2
C:/projects/myproject/QDQM/DS_Input/Internal/배송점.csv,배송점.csv,배송점코드,UNIQUE,Master,4.0,2530.0,"[""nnnn"", ""nnnnnn"", ""nnnnn"", ""nnnnnnn""]","[98.85, 1.03, 0.08, 0.04]",nnnnn,61847,64456,64456,2.0,0.08,3
C:/projects/myproject/QDQM/DS_Input/Internal/배송점.csv,배송점.csv,사업자등록번호,,Master,1.0,1364.0,"[""nnnnnnnnnn""]",[100.0],nnnnnnnnnn,1010660133,8998802707,3080535975,1687.0,100.0,1
C:/projects/myproject/QDQM/DS_Input/Internal/배송점.csv,배송점.csv,상세주소,,Master,424.0,1221.0,"[""nnn-n"", ""nnn"", ""nn"", ""nn (KKK)"", ""nnn-nn"", ""nnn (KKK)"", ""KKK nnn-n"", ""Aaa-nn"", ""nnK nnK"", ""s""]","[9.75, 9.16, 8.58, 5.72, 3.87, 3.34, 2.44, 2.12, 1.96, 1.96]",nnn-n,100-2,983-1,573-9,184.0,9.75,1
C:/projects/myproject/QDQM/DS_Input/Internal/배송점.csv,배송점.csv,상세주소,,Master,424.0,1221.0,"[""nnn-n"", ""nnn"", ""nn"", ""nn (KKK)"", ""nnn-nn"", ""nnn (KKK)"", ""KKK nnn-n"", ""Aaa-nn"", ""nnK nnK"", ""s""]","[9.75, 9.16, 8.58, 5.72, 3.87, 3.34, 2.44, 2.12, 1.96, 1.96]",nnn,102,994,325,173.0,9.16,2
C:/projects/myproject/QDQM/DS_Input/Internal/배송점.csv,배송점.csv,상세주소,,Master,424.0,1221.0,"[""nnn-n"", ""nnn"", ""nn"", ""nn (KKK)"", ""nnn-nn"", ""nnn (KKK)"", ""KKK nnn-n"", ""Aaa-nn"", ""nnK nnK"", ""s""]","[9.75, 9.16, 8.58, 5.72, 3.87, 3.34, 2.44, 2.12, 1.96, 1.96]",nn,10,99,39,162.0,8.58,3
C:/projects/myproject/QDQM/DS_Input/Internal/배송점.csv,배송점.csv,상위조직코드,,Master,2.0,455.0,"[""nnn"", ""nnnn""]","[98.97, 1.03]",nnn,000,967,439,2503.0,98.97,1
C:/projects/myproject/QDQM/DS_Input/Internal/배송점.csv,배송점.csv,상위조직코드,,Master,2.0,455.0,"[""nnn"", ""nnnn""]","[98.97, 1.03]",nnnn,0744,9600,4019,26.0,1.03,2
C:/projects/myproject/QDQM/DS_Input/Internal/배송점.csv,배송점.csv,영문조직명,,Master,330.0,1742.0,"[""AAAAAA AAAAA"", ""AAAAAAA AAAAA"", ""AnA AAAsAA"", ""AAAAA AAAAA"", ""AAAAAAAA AAAAA"", ""AAAAAAAAA AAAAA"", ""AAAA AAAAA"", ""AAAAAAAAAAA AAAAA"", ""AA AAAAA"", ""AAAAAAAAAA AAAAA""]","[9.13, 8.73, 7.11, 6.13, 5.5, 4.07, 3.29, 3.04, 2.65, 2.6]",AAAAAA AAAAA,ABRANG AGENT,YONGIE AGENT,KONGJU AGENT,186.0,9.13,1
C:/projects/myproject/QDQM/DS_Input/Internal/배송점.csv,배송점.csv,영문조직명,,Master,330.0,1742.0,"[""AAAAAA AAAAA"", ""AAAAAAA AAAAA"", ""AnA AAAsAA"", ""AAAAA AAAAA"", ""AAAAAAAA AAAAA"", ""AAAAAAAAA AAAAA"", ""AAAA AAAAA"", ""AAAAAAAAAAA AAAAA"", ""AA AAAAA"", ""AAAAAAAAAA AAAAA""]","[9.13, 8.73, 7.11, 6.13, 5.5, 4.07, 3.29, 3.04, 2.65, 2.6]",AAAAAAA AAAAA,ANJOONG AGENT,YULCHUN AGENT,LIVERON AGENT,178.0,8.73,2
C:/projects/myproject/QDQM/DS_Input/Internal/배송점.csv,배송점.csv,영문조직명,,Master,330.0,1742.0,"[""AAAAAA AAAAA"", ""AAAAAAA AAAAA"", ""AnA AAAsAA"", ""AAAAA AAAAA"", ""AAAAAAAA AAAAA"", ""AAAAAAAAA AAAAA"", ""AAAA AAAAA"", ""AAAAAAAAAAA AAAAA"", ""AA AAAAA"", ""AAAAAAAAAA AAAAA""]","[9.13, 8.73, 7.11, 6.13, 5.5, 4.07, 3.29, 3.04, 2.65, 2.6]",AnA AAAsAA,B2B ENG_NM,B2B ENG_NM,B2B ENG_NM,145.0,7.11,3
C:/projects/myproject/QDQM/DS_Input/Internal/배송점.csv,배송점.csv,우편번호,,Master,2.0,1341.0,"[""nnnnnn"", ""nnnnn""]","[60.82, 39.18]",nnnnnn,100060,791812,431060,1433.0,60.82,1
C:/projects/myproject/QDQM/DS_Input/Internal/배송점.csv,배송점.csv,우편번호,,Master,2.0,1341.0,"[""nnnnnn"", ""nnnnn""]","[60.82, 39.18]",nnnnn,01611,63628,24114,923.0,39.18,2
C:/projects/myproject/QDQM/DS_Input/Internal/배송점.csv,배송점.csv,조직계약시작일자,YYYYMMDD,Master,1.0,394.0,"[""nnnnnnnn""]",[100.0],nnnnnnnn,19990101,20221005,20150701,1225.0,100.0,1
C:/projects/myproject/QDQM/DS_Input/Internal/배송점.csv,배송점.csv,조직계약종료일자,YYYYMMDD,Master,1.0,101.0,"[""nnnnnnnn""]",[100.0],nnnnnnnn,19991231,20230825,20190331,871.0,100.0,1
C:/projects/myproject/QDQM/DS_Input/Internal/배송점.csv,배송점.csv,조직관리유형코드,,Master,2.0,2.0,"[""AAAsAAAAAA"", ""AAAAAA""]","[91.58, 8.42]",AAAsAAAAAA,NON_DIRECT,NON_DIRECT,NON_DIRECT,2317.0,91.58,1
C:/projects/myproject/QDQM/DS_Input/Internal/배송점.csv,배송점.csv,조직관리유형코드,,Master,2.0,2.0,"[""AAAsAAAAAA"", ""AAAAAA""]","[91.58, 8.42]",AAAAAA,DIRECT,DIRECT,DIRECT,213.0,8.42,2
C:/projects/myproject/QDQM/DS_Input/Internal/배송점.csv,배송점.csv,조직구분코드,,Master,2.0,2.0,"[""AAAAAAA"", ""AAAAsAAAA""]","[91.03, 8.97]",AAAAAAA,PICKDLV,PICKDLV,PICKDLV,2303.0,91.03,1
C:/projects/myproject/QDQM/DS_Input/Internal/배송점.csv,배송점.csv,조직구분코드,,Master,2.0,2.0,"[""AAAAAAA"", ""AAAAsAAAA""]","[91.03, 8.97]",AAAAsAAAA,PICK_ONLY,PICK_ONLY,PICK_ONLY,227.0,8.97,2
C:/projects/myproject/QDQM/DS_Input/Internal/배송점.csv,배송점.csv,조직권역구분코드,,Master,1.0,7.0,"[""AA""]",[100.0],AA,CC,JJ,CP,2530.0,100.0,1
C:/projects/myproject/QDQM/DS_Input/Internal/배송점.csv,배송점.csv,조직폐쇄일자,YYYYMMDD,Master,1.0,165.0,"[""nnnnnnnn""]",[100.0],nnnnnnnn,20000731,20231206,20131205,917.0,100.0,1
C:/projects/myproject/QDQM/DS_Input/Internal/배송점.csv,배송점.csv,최수정일시,,Master,1.0,502.0,"[""nn:nn""]",[100.0],nn:nn,00:00.0,59:50.0,00:00.0,2388.0,100.0,1
C:/projects/myproject/QDQM/DS_Input/Internal/배송점.csv,배송점.csv,최종수정자,,Master,1.0,251.0,"[""nnnnnnn""]",[100.0],nnnnnnn,0010021,9900284,1112204,2388.0,100.0,1
C:/projects/myproject/QDQM/DS_Input/Internal/배송점.csv,배송점.csv,팩스번호,,Master,19.0,518.0,"[""nnnnnnnnnn"", ""nnn-nnn-nnnn"", ""nnn)nnn-nnnn"", ""nn-nnn-nnnn"", ""nn"", ""nnnnnnnnnnn"", ""nnnnnnnnn"", ""nnn"", ""nn-nnnn-nnnn"", ""nnn-nnnn-nnnn""]","[45.51, 20.7, 7.48, 5.49, 5.49, 4.61, 2.87, 2.37, 2.0, 1.0]",nnnnnnnnnn,0000000000,0647964457,0419534449,365.0,45.51,1
C:/projects/myproject/QDQM/DS_Input/Internal/배송점.csv,배송점.csv,팩스번호,,Master,19.0,518.0,"[""nnnnnnnnnn"", ""nnn-nnn-nnnn"", ""nnn)nnn-nnnn"", ""nn-nnn-nnnn"", ""nn"", ""nnnnnnnnnnn"", ""nnnnnnnnn"", ""nnn"", ""nn-nnnn-nnnn"", ""nnn-nnnn-nnnn""]","[45.51, 20.7, 7.48, 5.49, 5.49, 4.61, 2.87, 2.37, 2.0, 1.0]",nnn-nnn-nnnn,011-607-3492,064-762-6700,043-833-1202,166.0,20.7,2
C:/projects/myproject/QDQM/DS_Input/Internal/배송점.csv,배송점.csv,팩스번호,,Master,19.0,518.0,"[""nnnnnnnnnn"", ""nnn-nnn-nnnn"", ""nnn)nnn-nnnn"", ""nn-nnn-nnnn"", ""nn"", ""nnnnnnnnnnn"", ""nnnnnnnnn"", ""nnn"", ""nn-nnnn-nnnn"", ""nnn-nnnn-nnnn""]","[45.51, 20.7, 7.48, 5.49, 5.49, 4.61, 2.87, 2.37, 2.0, 1.0]",nnn)nnn-nnnn,000)000-0000,054)975-1303,000)000-0000,60.0,7.48,3
C:/projects/myproject/QDQM/DS_Input/Internal/법인정보.csv,법인정보.csv,ETL일시,TIMESTAMP,Master,1.0,1.0,"[""nnnn-nn-nn nn:nn:nn.""]",[100.0],nnnn-nn-nn nn:nn:nn.,2023-12-23 01:07:28.047000,2023-12-23 01:07:28.047000,2023-12-23 01:07:28.047000,10000.0,100.0,1
C:/projects/myproject/QDQM/DS_Input/Internal/법인정보.csv,법인정보.csv,법인명,Text,Master,156.0,9917.0,"[""KKKK"", ""KKKKK"", ""KKKKKK"", ""KKK"", ""KKKKKKK"", ""KK"", ""KKKKKKKK"", ""KKKKKKKKK"", ""KKKKKKKKKK"", ""KKKKKKKKKKK""]","[22.2, 18.09, 14.9, 10.44, 9.62, 6.88, 5.69, 3.52, 2.84, 1.36]",KKKK,가구느낌,힘찬한우,아인전자,2220.0,22.2,1
C:/projects/myproject/QDQM/DS_Input/Internal/법인정보.csv,법인정보.csv,법인명,Text,Master,156.0,9917.0,"[""KKKK"", ""KKKKK"", ""KKKKKK"", ""KKK"", ""KKKKKKK"", ""KK"", ""KKKKKKKK"", ""KKKKKKKKK"", ""KKKKKKKKKK"", ""KKKKKKKKKKK""]","[22.2, 18.09, 14.9, 10.44, 9.62, 6.88, 5.69, 3.52, 2.84, 1.36]",KKKKK,가나다관광,힐링로하스,에스비엠티,1809.0,18.09,2
C:/projects/myproject/QDQM/DS_Input/Internal/법인정보.csv,법인정보.csv,법인명,Text,Master,156.0,9917.0,"[""KKKK"", ""KKKKK"", ""KKKKKK"", ""KKK"", ""KKKKKKK"", ""KK"", ""KKKKKKKK"", ""KKKKKKKKK"", ""KKKKKKKKKK"", ""KKKKKKKKKKK""]","[22.2, 18.09, 14.9, 10.44, 9.62, 6.88, 5.69, 3.52, 2.84, 1.36]",KKKKKK,가나안커머스,히트메이커스,에코생활건강,1490.0,14.9,3
C:/projects/myproject/QDQM/DS_Input/Internal/법인정보.csv,법인정보.csv,법인번호,UNIQUE,Master,4.0,10000.0,"[""nnnnnnnnnnnnn"", ""nnnnnnsssssss"", ""Annnnnnnnnnnn"", ""       ""]","[99.95, 0.03, 0.01, 0.01]",nnnnnnnnnnnnn,1024702088179,9999999999999,1341110000880,9995.0,99.95,1
C:/projects/myproject/QDQM/DS_Input/Internal/법인정보.csv,법인정보.csv,법인번호,UNIQUE,Master,4.0,10000.0,"[""nnnnnnnnnnnnn"", ""nnnnnnsssssss"", ""Annnnnnnnnnnn"", ""       ""]","[99.95, 0.03, 0.01, 0.01]",nnnnnnsssssss,134211*******,285011*******,214871*******,3.0,0.03,2
C:/projects/myproject/QDQM/DS_Input/Internal/법인정보.csv,법인정보.csv,법인번호,UNIQUE,Master,4.0,10000.0,"[""nnnnnnnnnnnnn"", ""nnnnnnsssssss"", ""Annnnnnnnnnnn"", ""       ""]","[99.95, 0.03, 0.01, 0.01]",Annnnnnnnnnnn,Z999999999999,Z999999999999,Z999999999999,1.0,0.01,3
C:/projects/myproject/QDQM/DS_Input/Internal/법인정보.csv,법인정보.csv,최종갱신자ID,,Master,6.0,7.0,"[""AAAAA"", ""aaaaaaaaa"", ""aaaa"", ""aaaaa"", ""aaaaaa"", ""aaaaaaa""]","[56.18, 35.96, 3.72, 2.23, 1.44, 0.47]",AAAAA,ADMIN,ADMIN,ADMIN,5618.0,56.18,1
C:/projects/myproject/QDQM/DS_Input/Internal/법인정보.csv,법인정보.csv,최종갱신자ID,,Master,6.0,7.0,"[""AAAAA"", ""aaaaaaaaa"", ""aaaa"", ""aaaaa"", ""aaaaaa"", ""aaaaaaa""]","[56.18, 35.96, 3.72, 2.23, 1.44, 0.47]",aaaaaaaaa,hanjinrpa,hanjinrpa,hanjinrpa,3596.0,35.96,2
C:/projects/myproject/QDQM/DS_Input/Internal/법인정보.csv,법인정보.csv,최종갱신자ID,,Master,6.0,7.0,"[""AAAAA"", ""aaaaaaaaa"", ""aaaa"", ""aaaaa"", ""aaaaaa"", ""aaaaaaa""]","[56.18, 35.96, 3.72, 2.23, 1.44, 0.47]",aaaa,test,test,test,372.0,3.72,3
C:/projects/myproject/QDQM/DS_Input/Internal/법인정보.csv,법인정보.csv,최종변경일시,TIMESTAMP,Master,1.0,3809.0,"[""nnnn-nn-nn nn:nn:nn.""]",[100.0],nnnn-nn-nn nn:nn:nn.,2020-12-03 10:54:00.000000,2023-12-13 04:53:33.766000,2020-12-03 10:54:00.000000,10000.0,100.0,1
C:/projects/myproject/QDQM/DS_Input/Internal/법인정보.csv,법인정보.csv,최초생성일시,TIMESTAMP,Master,1.0,1734.0,"[""nnnn-nn-nn nn:nn:nn.""]",[100.0],nnnn-nn-nn nn:nn:nn.,2020-12-03 10:54:00.000000,2023-12-12 08:06:39.571000,2020-12-03 10:54:00.000000,10000.0,100.0,1
C:/projects/myproject/QDQM/DS_Input/Internal/법인정보.csv,법인정보.csv,최초생성자ID,,Master,5.0,8.0,"[""AAAAA"", ""aaaaaaa"", ""aaaaa"", ""aaaaaa"", ""aaaa""]","[56.64, 27.42, 6.7, 5.4, 3.84]",AAAAA,ADMIN,ADMIN,ADMIN,5664.0,56.64,1
C:/projects/myproject/QDQM/DS_Input/Internal/법인정보.csv,법인정보.csv,최초생성자ID,,Master,5.0,8.0,"[""AAAAA"", ""aaaaaaa"", ""aaaaa"", ""aaaaaa"", ""aaaa""]","[56.64, 27.42, 6.7, 5.4, 3.84]",aaaaaaa,bumskim,kyehkim,bumskim,2742.0,27.42,2
C:/projects/myproject/QDQM/DS_Input/Internal/법인정보.csv,법인정보.csv,최초생성자ID,,Master,5.0,8.0,"[""AAAAA"", ""aaaaaaa"", ""aaaaa"", ""aaaaaa"", ""aaaa""]","[56.64, 27.42, 6.7, 5.4, 3.84]",aaaaa,epark,kimin,kimin,670.0,6.7,3
C:/projects/myproject/QDQM/DS_Input/Internal/사업구분.csv,사업구분.csv,ERP_COA_ACCOUNT,,Master,1.0,38.0,"[""nnnnnn""]",[100.0],nnnnnn,113122,911131,411114,192.0,100.0,1
C:/projects/myproject/QDQM/DS_Input/Internal/사업구분.csv,사업구분.csv,ERP_COA_DIVS,,Master,1.0,75.0,"[""nnn""]",[100.0],nnn,000,901,139,190.0,100.0,1
C:/projects/myproject/QDQM/DS_Input/Internal/사업구분.csv,사업구분.csv,ETL일시,TIMESTAMP,Master,1.0,1.0,"[""nnnn-nn-nn nn:nn:nn.""]",[100.0],nnnn-nn-nn nn:nn:nn.,2023-12-26 03:28:52.972000,2023-12-26 03:28:52.972000,2023-12-26 03:28:52.972000,357.0,100.0,1
C:/projects/myproject/QDQM/DS_Input/Internal/사업구분.csv,사업구분.csv,계정코드,,Master,2.0,146.0,"[""nnnnnn"", ""n""]","[92.11, 7.89]",nnnnnn,111081,999999,411721,245.0,92.11,1
C:/projects/myproject/QDQM/DS_Input/Internal/사업구분.csv,사업구분.csv,계정코드,,Master,2.0,146.0,"[""nnnnnn"", ""n""]","[92.11, 7.89]",n,0,0,0,21.0,7.89,2
C:/projects/myproject/QDQM/DS_Input/Internal/사업구분.csv,사업구분.csv,기타미수금여부,YN_Flag,Master,1.0,2.0,"[""A""]",[100.0],A,N,Y,N,357.0,100.0,1
C:/projects/myproject/QDQM/DS_Input/Internal/사업구분.csv,사업구분.csv,등록일자,YYYYMMDD,Master,1.0,86.0,"[""nnnnnnnn""]",[100.0],nnnnnnnn,20011201,20230116,20050930,357.0,100.0,1
C:/projects/myproject/QDQM/DS_Input/Internal/사업구분.csv,사업구분.csv,면세청구대상여부,YN_Flag,Master,1.0,2.0,"[""A""]",[100.0],A,N,Y,N,357.0,100.0,1
C:/projects/myproject/QDQM/DS_Input/Internal/사업구분.csv,사업구분.csv,부대청구대상여부,YN_Flag,Master,1.0,2.0,"[""A""]",[100.0],A,N,Y,N,357.0,100.0,1
C:/projects/myproject/QDQM/DS_Input/Internal/사업구분.csv,사업구분.csv,사업구분영문명,,Master,111.0,173.0,"[""AAAAAAA AAAAA AAAAAA"", ""AAAAAAAAA AAAAAAAAAA"", ""AAAA AAAAA AAAAAAAAA"", ""AAAAAAAAAA s AAAAAAA"", ""AAAAA AAAAAAA AAAAA-"", ""AAA-AA"", ""AAAAAAAAA AAAAAAAAA"", ""AAA AAA"", ""AAAAA AAAAA AAAAAAAA"", ""A A A AAAAAAAAA""]","[5.31, 4.08, 4.08, 2.86, 2.45, 2.04, 2.04, 2.04, 2.04, 1.63]",AAAAAAA AAAAA AAAAAA,EXPRESS CARGO TRANSPORTATION,GENERAL CARGO STEVEDORING,EXPRESS CARGO TRANSPORTATION-GENERAL,13.0,5.31,1
C:/projects/myproject/QDQM/DS_Input/Internal/사업구분.csv,사업구분.csv,사업구분영문명,,Master,111.0,173.0,"[""AAAAAAA AAAAA AAAAAA"", ""AAAAAAAAA AAAAAAAAAA"", ""AAAA AAAAA AAAAAAAAA"", ""AAAAAAAAAA s AAAAAAA"", ""AAAAA AAAAAAA AAAAA-"", ""AAA-AA"", ""AAAAAAAAA AAAAAAAAA"", ""AAA AAA"", ""AAAAA AAAAA AAAAAAAA"", ""A A A AAAAAAAAA""]","[5.31, 4.08, 4.08, 2.86, 2.45, 2.04, 2.04, 2.04, 2.04, 1.63]",AAAAAAAAA AAAAAAAAAA,CONTAINER STEVEDORING,PASSENGER TRANSPORTATION,CONTAINER TRANSPORTATION-OWNERSHIP,10.0,4.08,2
C:/projects/myproject/QDQM/DS_Input/Internal/사업구분.csv,사업구분.csv,사업구분영문명,,Master,111.0,173.0,"[""AAAAAAA AAAAA AAAAAA"", ""AAAAAAAAA AAAAAAAAAA"", ""AAAA AAAAA AAAAAAAAA"", ""AAAAAAAAAA s AAAAAAA"", ""AAAAA AAAAAAA AAAAA-"", ""AAA-AA"", ""AAAAAAAAA AAAAAAAAA"", ""AAA AAA"", ""AAAAA AAAAA AAAAAAAA"", ""A A A AAAAAAAAA""]","[5.31, 4.08, 4.08, 2.86, 2.45, 2.04, 2.04, 2.04, 2.04, 1.63]",AAAA AAAAA AAAAAAAAA,BULK CARGO STEVEDORING,IRON CARGO TRANSPORTATION-OWNERSHIP,IRON CARGO STEVEDORING,10.0,4.08,3
C:/projects/myproject/QDQM/DS_Input/Internal/사업구분.csv,사업구분.csv,사업구분코드,UNIQUE,Master,3.0,357.0,"[""AAA"", ""AA"", ""A""]","[67.23, 27.17, 5.6]",AAA,AAA,ZZZ,JDI,240.0,67.23,1
C:/projects/myproject/QDQM/DS_Input/Internal/사업구분.csv,사업구분.csv,사업구분코드,UNIQUE,Master,3.0,357.0,"[""AAA"", ""AA"", ""A""]","[67.23, 27.17, 5.6]",AA,AA,ZZ,HB,97.0,27.17,2
C:/projects/myproject/QDQM/DS_Input/Internal/사업구분.csv,사업구분.csv,사업구분코드,UNIQUE,Master,3.0,357.0,"[""AAA"", ""AA"", ""A""]","[67.23, 27.17, 5.6]",A,A,Z,K,20.0,5.6,3
C:/projects/myproject/QDQM/DS_Input/Internal/사업구분.csv,사업구분.csv,사업구분한글명,Text,Master,82.0,269.0,"[""KKKKKK"", ""KKKK"", ""KKKKK"", ""KKK"", ""KKKK KKKK"", ""KKKK KKKKKK"", ""KKK KKKK"", ""KKKKKKKK"", ""KKKKKKK"", ""KKKKK(KK)""]","[9.8, 9.8, 8.4, 6.44, 5.6, 4.2, 3.36, 3.08, 2.8, 2.52]",KKKKKK,국내택배사업,현대오일뱅크,책임텍컨설팅,35.0,9.8,1
C:/projects/myproject/QDQM/DS_Input/Internal/사업구분.csv,사업구분.csv,사업구분한글명,Text,Master,82.0,269.0,"[""KKKKKK"", ""KKKK"", ""KKKKK"", ""KKK"", ""KKKK KKKK"", ""KKKK KKKKKK"", ""KKK KKKK"", ""KKKKKKKK"", ""KKKKKKK"", ""KKKKK(KK)""]","[9.8, 9.8, 8.4, 6.44, 5.6, 4.2, 3.36, 3.08, 2.8, 2.52]",KKKK,구내협력,해외사업,운송사업,35.0,9.8,2
C:/projects/myproject/QDQM/DS_Input/Internal/사업구분.csv,사업구분.csv,사업구분한글명,Text,Master,82.0,269.0,"[""KKKKKK"", ""KKKK"", ""KKKKK"", ""KKK"", ""KKKK KKKK"", ""KKKK KKKKKK"", ""KKK KKKK"", ""KKKKKKKK"", ""KKKKKKK"", ""KKKKK(KK)""]","[9.8, 9.8, 8.4, 6.44, 5.6, 4.2, 3.36, 3.08, 2.8, 2.52]",KKKKK,넥슨타이어,화물조합비,이력관리비,30.0,8.4,3
C:/projects/myproject/QDQM/DS_Input/Internal/사업구분.csv,사업구분.csv,사업입체구분,Num_Flag,Master,1.0,3.0,"[""n""]",[100.0],n,1,3,1,202.0,100.0,1
C:/projects/myproject/QDQM/DS_Input/Internal/사업구분.csv,사업구분.csv,수정일자,YYYYMMDD,Master,1.0,55.0,"[""nnnnnnnn""]",[100.0],nnnnnnnn,20070214,20230116,20120608,261.0,100.0,1
C:/projects/myproject/QDQM/DS_Input/Internal/사업구분.csv,사업구분.csv,영문CHARCE명,,Master,94.0,124.0,"[""AAAAAAA AAA"", ""AAA-AA"", ""AAA AAA"", ""AAAAAAAAA AAAAAAA AA"", ""AAAAAAA"", ""AAAA AAAAAAAAA AAA"", ""AAAAAAAA AAA"", ""AAAAAAAA AAAAAAA AAA"", ""AAAAAAAA"", ""KKKKKK""]","[3.95, 3.29, 3.29, 2.63, 2.63, 2.63, 2.63, 1.97, 1.97, 1.97]",AAAAAAA AAA,EXPRESS CHG,WISUTAK TAX,EXPRESS CHG,6.0,3.95,1
C:/projects/myproject/QDQM/DS_Input/Internal/사업구분.csv,사업구분.csv,영문CHARCE명,,Master,94.0,124.0,"[""AAAAAAA AAA"", ""AAA-AA"", ""AAA AAA"", ""AAAAAAAAA AAAAAAA AA"", ""AAAAAAA"", ""AAAA AAAAAAAAA AAA"", ""AAAAAAAA AAA"", ""AAAAAAAA AAAAAAA AAA"", ""AAAAAAAA"", ""KKKKKK""]","[3.95, 3.29, 3.29, 2.63, 2.63, 2.63, 2.63, 1.97, 1.97, 1.97]",AAA-AA,SEA-GE,SEA-RE,SEA-RE,5.0,3.29,2
C:/projects/myproject/QDQM/DS_Input/Internal/사업구분.csv,사업구분.csv,영문CHARCE명,,Master,94.0,124.0,"[""AAAAAAA AAA"", ""AAA-AA"", ""AAA AAA"", ""AAAAAAAAA AAAAAAA AA"", ""AAAAAAA"", ""AAAA AAAAAAAAA AAA"", ""AAAAAAAA AAA"", ""AAAAAAAA AAAAAAA AAA"", ""AAAAAAAA"", ""KKKKKK""]","[3.95, 3.29, 3.29, 2.63, 2.63, 2.63, 2.63, 1.97, 1.97, 1.97]",AAA AAA,PDA TEL,PNH SEA,PNH AIR,5.0,3.29,3
C:/projects/myproject/QDQM/DS_Input/Internal/사업구분.csv,사업구분.csv,처리자사번,,Master,1.0,12.0,"[""nnnnnnn""]",[100.0],nnnnnnn,0310435,9620306,9510034,357.0,100.0,1
C:/projects/myproject/QDQM/DS_Input/Internal/사업구분.csv,사업구분.csv,최종변경일시,TIMESTAMP,Master,1.0,1.0,"[""nnnn-nn-nn nn:nn:nn.""]",[100.0],nnnn-nn-nn nn:nn:nn.,2023-12-26 03:28:52.972000,2023-12-26 03:28:52.972000,2023-12-26 03:28:52.972000,357.0,100.0,1
C:/projects/myproject/QDQM/DS_Input/Internal/사업구분.csv,사업구분.csv,폐기여부,YN_Flag,Master,1.0,2.0,"[""A""]",[100.0],A,N,Y,N,357.0,100.0,1
C:/projects/myproject/QDQM/DS_Input/Internal/사업구분.csv,사업구분.csv,폐기일자,YYYYMMDD,Master,1.0,13.0,"[""nnnnnnnn""]",[100.0],nnnnnnnn,20011202,20220608,20070109,91.0,100.0,1
C:/projects/myproject/QDQM/DS_Input/Internal/사업구분.csv,사업구분.csv,한글CHARGE명,Text,Master,52.0,175.0,"[""KKKKK"", ""KKK"", ""KKKKKK"", ""KKKK"", ""KKKKKKK"", ""KKK KKKK"", ""KKK KKK"", ""KKKKKKKK"", ""KK KKK"", ""AAAKKK""]","[18.42, 14.91, 10.09, 6.58, 5.7, 4.82, 2.63, 2.63, 2.19, 2.19]",KKKKK,국내이사료,해외작업비,비매출사업,42.0,18.42,1
C:/projects/myproject/QDQM/DS_Input/Internal/사업구분.csv,사업구분.csv,한글CHARGE명,Text,Master,52.0,175.0,"[""KKKKK"", ""KKK"", ""KKKKKK"", ""KKKK"", ""KKKKKKK"", ""KKK KKKK"", ""KKK KKK"", ""KKKKKKKK"", ""KK KKK"", ""AAAKKK""]","[18.42, 14.91, 10.09, 6.58, 5.7, 4.82, 2.63, 2.63, 2.19, 2.19]",KKK,대구텍,해송료,임대료,34.0,14.91,2
C:/projects/myproject/QDQM/DS_Input/Internal/사업구분.csv,사업구분.csv,한글CHARGE명,Text,Master,52.0,175.0,"[""KKKKK"", ""KKK"", ""KKKKKK"", ""KKKK"", ""KKKKKKK"", ""KKK KKKK"", ""KKK KKK"", ""KKKKKKKK"", ""KK KKK"", ""AAAKKK""]","[18.42, 14.91, 10.09, 6.58, 5.7, 4.82, 2.63, 2.63, 2.19, 2.19]",KKKKKK,고정자산매각,현대오일뱅크,포워딩입체금,23.0,10.09,3
C:/projects/myproject/QDQM/DS_Input/Internal/사업코드관리.csv,사업코드관리.csv,business_level5_cd,,Master,1.0,150.0,"[""nnn""]",[100.0],nnn,103,901,408,346.0,100.0,1
C:/projects/myproject/QDQM/DS_Input/Internal/사업코드관리.csv,사업코드관리.csv,business_level5_name,Text,Master,26.0,149.0,"[""KKKKKK"", ""KKKKKKK"", ""KKKK"", ""KKKKKKKK"", ""KKKKK"", ""AnAKK"", ""KKKKKKKKKK"", ""KKAAA"", ""KKAAKK"", ""AsAKK""]","[32.66, 15.32, 14.16, 8.67, 6.07, 4.62, 2.02, 2.02, 1.45, 1.16]",KKKKKK,건화물선공통,화물운송부대,임대창고공통,113.0,32.66,1
C:/projects/myproject/QDQM/DS_Input/Internal/사업코드관리.csv,사업코드관리.csv,business_level5_name,Text,Master,26.0,149.0,"[""KKKKKK"", ""KKKKKKK"", ""KKKK"", ""KKKKKKKK"", ""KKKKK"", ""AnAKK"", ""KKKKKKKKKK"", ""KKAAA"", ""KKAAKK"", ""AsAKK""]","[32.66, 15.32, 14.16, 8.67, 6.07, 4.62, 2.02, 2.02, 1.45, 1.16]",KKKKKKK,글로벌사업본부,해운에너지사업,택배비네트워크,53.0,15.32,2
C:/projects/myproject/QDQM/DS_Input/Internal/사업코드관리.csv,사업코드관리.csv,business_level5_name,Text,Master,26.0,149.0,"[""KKKKKK"", ""KKKKKKK"", ""KKKK"", ""KKKKKKKK"", ""KKKKK"", ""AnAKK"", ""KKKKKKKKKK"", ""KKAAA"", ""KKAAKK"", ""AsAKK""]","[32.66, 15.32, 14.16, 8.67, 6.07, 4.62, 2.02, 2.02, 1.45, 1.16]",KKKK,구매대행,해운사업,유통운송,49.0,14.16,3
C:/projects/myproject/QDQM/DS_Input/Internal/사업코드관리.csv,사업코드관리.csv,business_level6_cd,,Master,1.0,181.0,"[""nnn""]",[100.0],nnn,101,901,190,346.0,100.0,1
C:/projects/myproject/QDQM/DS_Input/Internal/사업코드관리.csv,사업코드관리.csv,business_level6_name,Text,Master,31.0,180.0,"[""KKKKKK"", ""KKKK"", ""KKKKKKK"", ""KKKKK"", ""KKKKKKKK"", ""AnAKK"", ""KKKKK(KK)"", ""KKKKKK(KK)"", ""KKAAA"", ""KKnnnnK""]","[24.86, 18.5, 12.43, 9.54, 5.78, 2.89, 2.31, 2.31, 2.31, 2.31]",KKKKKK,건화물선공통,화물운송부대,일반화물하역,86.0,24.86,1
C:/projects/myproject/QDQM/DS_Input/Internal/사업코드관리.csv,사업코드관리.csv,business_level6_name,Text,Master,31.0,180.0,"[""KKKKKK"", ""KKKK"", ""KKKKKKK"", ""KKKKK"", ""KKKKKKKK"", ""AnAKK"", ""KKKKK(KK)"", ""KKKKKK(KK)"", ""KKAAA"", ""KKnnnnK""]","[24.86, 18.5, 12.43, 9.54, 5.78, 2.89, 2.31, 2.31, 2.31, 2.31]",KKKK,골프택배,해운사업,용선공통,64.0,18.5,2
C:/projects/myproject/QDQM/DS_Input/Internal/사업코드관리.csv,사업코드관리.csv,business_level6_name,Text,Master,31.0,180.0,"[""KKKKKK"", ""KKKK"", ""KKKKKKK"", ""KKKKK"", ""KKKKKKKK"", ""AnAKK"", ""KKKKK(KK)"", ""KKKKKK(KK)"", ""KKAAA"", ""KKnnnnK""]","[24.86, 18.5, 12.43, 9.54, 5.78, 2.89, 2.31, 2.31, 2.31, 2.31]",KKKKKKK,글로벌사업본부,해운에너지사업,터미널간선공통,43.0,12.43,3
C:/projects/myproject/QDQM/DS_Input/Internal/사업코드관리.csv,사업코드관리.csv,etl_dtm,TIMESTAMP,Master,1.0,1.0,"[""nnnn-nn-nn nn:nn:nn.""]",[100.0],nnnn-nn-nn nn:nn:nn.,2023-12-26 01:07:37.831000,2023-12-26 01:07:37.831000,2023-12-26 01:07:37.831000,346.0,100.0,1
C:/projects/myproject/QDQM/DS_Input/Internal/사업코드관리.csv,사업코드관리.csv,last_update_dtm,TIMESTAMP,Master,1.0,1.0,"[""nnnn-nn-nn nn:nn:nn.""]",[100.0],nnnn-nn-nn nn:nn:nn.,2023-12-26 01:07:37.831000,2023-12-26 01:07:37.831000,2023-12-26 01:07:37.831000,346.0,100.0,1
C:/projects/myproject/QDQM/DS_Input/Internal/사업코드관리.csv,사업코드관리.csv,대사업명,,Master,3.0,5.0,"[""KKKKKK"", ""KKKKKKK"", ""KKKK""]","[74.57, 20.23, 5.2]",KKKKKK,물류사업본부,택배사업본부,물류사업본부,258.0,74.57,1
C:/projects/myproject/QDQM/DS_Input/Internal/사업코드관리.csv,사업코드관리.csv,대사업명,,Master,3.0,5.0,"[""KKKKKK"", ""KKKKKKK"", ""KKKK""]","[74.57, 20.23, 5.2]",KKKKKKK,글로벌사업본부,글로벌사업본부,글로벌사업본부,70.0,20.23,2
C:/projects/myproject/QDQM/DS_Input/Internal/사업코드관리.csv,사업코드관리.csv,대사업명,,Master,3.0,5.0,"[""KKKKKK"", ""KKKKKKK"", ""KKKK""]","[74.57, 20.23, 5.2]",KKKK,본사직할,본사직할,본사직할,18.0,5.2,3
C:/projects/myproject/QDQM/DS_Input/Internal/사업코드관리.csv,사업코드관리.csv,대사업코드,,Master,1.0,5.0,"[""nnn""]",[100.0],nnn,701,901,701,346.0,100.0,1
C:/projects/myproject/QDQM/DS_Input/Internal/사업코드관리.csv,사업코드관리.csv,사업명,Text,Master,31.0,180.0,"[""KKKKKK"", ""KKKK"", ""KKKKKKK"", ""KKKKK"", ""KKKKKKKK"", ""KKKKKK(KK)"", ""AnAKK"", ""KKnnnnK"", ""KKKKK(KK)"", ""KKAAA""]","[23.41, 18.79, 12.43, 9.54, 5.78, 3.47, 2.89, 2.31, 2.31, 2.31]",KKKKKK,건화물선공통,화물운송부대,일산택배창고,81.0,23.41,1
C:/projects/myproject/QDQM/DS_Input/Internal/사업코드관리.csv,사업코드관리.csv,사업명,Text,Master,31.0,180.0,"[""KKKKKK"", ""KKKK"", ""KKKKKKK"", ""KKKKK"", ""KKKKKKKK"", ""KKKKKK(KK)"", ""AnAKK"", ""KKnnnnK"", ""KKKKK(KK)"", ""KKAAA""]","[23.41, 18.79, 12.43, 9.54, 5.78, 3.47, 2.89, 2.31, 2.31, 2.31]",KKKK,골프택배,해운사업,용선공통,65.0,18.79,2
C:/projects/myproject/QDQM/DS_Input/Internal/사업코드관리.csv,사업코드관리.csv,사업명,Text,Master,31.0,180.0,"[""KKKKKK"", ""KKKK"", ""KKKKKKK"", ""KKKKK"", ""KKKKKKKK"", ""KKKKKK(KK)"", ""AnAKK"", ""KKnnnnK"", ""KKKKK(KK)"", ""KKAAA""]","[23.41, 18.79, 12.43, 9.54, 5.78, 3.47, 2.89, 2.31, 2.31, 2.31]",KKKKKKK,글로벌사업본부,해운에너지사업,터미널간선공통,43.0,12.43,3
C:/projects/myproject/QDQM/DS_Input/Internal/사업코드관리.csv,사업코드관리.csv,사업유형코드,,Master,1.0,2.0,"[""AAAA n""]",[100.0],AAAA n,TYPE 1,TYPE 2,TYPE 2,346.0,100.0,1
C:/projects/myproject/QDQM/DS_Input/Internal/사업코드관리.csv,사업코드관리.csv,사업코드,,Master,1.0,181.0,"[""nnn""]",[100.0],nnn,101,901,187,346.0,100.0,1
C:/projects/myproject/QDQM/DS_Input/Internal/사업코드관리.csv,사업코드관리.csv,소사업명,,Master,16.0,65.0,"[""KKKKKK"", ""KKKKKKK"", ""KKKK"", ""AsAKKKK"", ""AnAKK"", ""KKKKKKKK"", ""KKKKK"", ""KKKKKKKKK"", ""KKnAAKK"", ""KKKnAAKK""]","[23.7, 16.47, 15.9, 12.43, 6.94, 5.2, 4.91, 4.05, 2.89, 1.73]",KKKKKK,국제특송공통,해운사업공통,이하넥스공통,82.0,23.7,1
C:/projects/myproject/QDQM/DS_Input/Internal/사업코드관리.csv,사업코드관리.csv,소사업명,,Master,16.0,65.0,"[""KKKKKK"", ""KKKKKKK"", ""KKKK"", ""AsAKKKK"", ""AnAKK"", ""KKKKKKKK"", ""KKKKK"", ""KKKKKKKKK"", ""KKnAAKK"", ""KKKnAAKK""]","[23.7, 16.47, 15.9, 12.43, 6.94, 5.2, 4.91, 4.05, 2.89, 1.73]",KKKKKKK,글로벌사업본부,해운에너지사업,터미널육운공통,57.0,16.47,2
C:/projects/myproject/QDQM/DS_Input/Internal/사업코드관리.csv,사업코드관리.csv,소사업명,,Master,16.0,65.0,"[""KKKKKK"", ""KKKKKKK"", ""KKKK"", ""AsAKKKK"", ""AnAKK"", ""KKKKKKKK"", ""KKKKK"", ""KKKKKKKKK"", ""KKnAAKK"", ""KKKnAAKK""]","[23.7, 16.47, 15.9, 12.43, 6.94, 5.2, 4.91, 4.05, 2.89, 1.73]",KKKK,본사직할,해운사업,사선공통,55.0,15.9,3
C:/projects/myproject/QDQM/DS_Input/Internal/사업코드관리.csv,사업코드관리.csv,소사업코드,,Master,1.0,65.0,"[""nnn""]",[100.0],nnn,301,901,433,346.0,100.0,1
C:/projects/myproject/QDQM/DS_Input/Internal/사업코드관리.csv,사업코드관리.csv,전사업명,SINGLE VALUE,Master,1.0,1.0,"[""KKKKKK""]",[100.0],KKKKKK,전사업공통비,전사업공통비,전사업공통비,346.0,100.0,1
C:/projects/myproject/QDQM/DS_Input/Internal/사업코드관리.csv,사업코드관리.csv,전사업코드,SEQUENCE,Master,1.0,1.0,"[""nnn""]",[100.0],nnn,901,901,901,346.0,100.0,1
C:/projects/myproject/QDQM/DS_Input/Internal/사업코드관리.csv,사업코드관리.csv,정렬순서,UNIQUE,Master,3.0,346.0,"[""nnnn"", ""nnn"", ""nn""]","[71.39, 26.01, 2.6]",nnnn,1000,3460,2230,247.0,71.39,1
C:/projects/myproject/QDQM/DS_Input/Internal/사업코드관리.csv,사업코드관리.csv,정렬순서,UNIQUE,Master,3.0,346.0,"[""nnnn"", ""nnn"", ""nn""]","[71.39, 26.01, 2.6]",nnn,100,990,550,90.0,26.01,2
C:/projects/myproject/QDQM/DS_Input/Internal/사업코드관리.csv,사업코드관리.csv,정렬순서,UNIQUE,Master,3.0,346.0,"[""nnnn"", ""nnn"", ""nn""]","[71.39, 26.01, 2.6]",nn,10,90,50,9.0,2.6,3
C:/projects/myproject/QDQM/DS_Input/Internal/사업코드관리.csv,사업코드관리.csv,중사업명,,Master,5.0,22.0,"[""KKKK"", ""AsAKK"", ""KKKKKK"", ""KKKKK"", ""KKKKKKK""]","[47.98, 21.1, 16.76, 13.01, 1.16]",KKKK,본사직할,해운사업,택배사업,166.0,47.98,1
C:/projects/myproject/QDQM/DS_Input/Internal/사업코드관리.csv,사업코드관리.csv,중사업명,,Master,5.0,22.0,"[""KKKK"", ""AsAKK"", ""KKKKKK"", ""KKKKK"", ""KKKKKKK""]","[47.98, 21.1, 16.76, 13.01, 1.16]",AsAKK,E&S사업,W&D공통,P&D공통,73.0,21.1,2
C:/projects/myproject/QDQM/DS_Input/Internal/사업코드관리.csv,사업코드관리.csv,중사업명,,Master,5.0,22.0,"[""KKKK"", ""AsAKK"", ""KKKKKK"", ""KKKKK"", ""KKKKKKK""]","[47.98, 21.1, 16.76, 13.01, 1.16]",KKKKKK,기타부대사업,해운사업공통,이커머스사업,58.0,16.76,3
C:/projects/myproject/QDQM/DS_Input/Internal/사업코드관리.csv,사업코드관리.csv,중사업코드,,Master,1.0,22.0,"[""nnn""]",[100.0],nnn,501,901,605,346.0,100.0,1
C:/projects/myproject/QDQM/DS_Input/Internal/사업코드관리.csv,사업코드관리.csv,최초생성일시,TIMESTAMP,Master,1.0,346.0,"[""nnnn-nn-nn nn:nn:nn.""]",[100.0],nnnn-nn-nn nn:nn:nn.,2023-12-19 14:11:45.942000,2023-12-19 14:11:49.594000,2023-12-19 14:11:48.062000,346.0,100.0,1
C:/projects/myproject/QDQM/DS_Input/Internal/사업코드관리.csv,사업코드관리.csv,최초생성자ID,SINGLE VALUE,Master,1.0,1.0,"[""aaaaa""]",[100.0],aaaaa,epark,epark,epark,346.0,100.0,1
C:/projects/myproject/QDQM/DS_Input/Internal/사용자.csv,사용자.csv,EMAIL,EMAIL,Master,159.0,3351.0,"[""aaaaaa@aaaaaa.aaa"", ""aaaaa@aaaaaa.aaa"", ""aaaaaaa@aaaaaa.aaa"", ""aaaaaaaa@aaaaaa.aaa"", ""aaaaaaaaa@aaaaaa.aaa"", ""aaaa@aaaaaa.aaa"", ""aaaaaaaaaa@aaaaaa.aa"", ""AAAnnnn@aaaaaa.aaa"", ""AAAAAA@aaaaaa.aaa"", ""AAAAA@aaaaaa.aaa""]","[22.58, 22.5, 13.24, 9.56, 7.05, 6.42, 2.94, 1.37, 1.27, 1.04]",aaaaaa@aaaaaa.aaa,ajsong@hanjin.com,zhuozi@hanjin.com,jyjung@hanjin.com,890.0,22.58,1
C:/projects/myproject/QDQM/DS_Input/Internal/사용자.csv,사용자.csv,EMAIL,EMAIL,Master,159.0,3351.0,"[""aaaaaa@aaaaaa.aaa"", ""aaaaa@aaaaaa.aaa"", ""aaaaaaa@aaaaaa.aaa"", ""aaaaaaaa@aaaaaa.aaa"", ""aaaaaaaaa@aaaaaa.aaa"", ""aaaa@aaaaaa.aaa"", ""aaaaaaaaaa@aaaaaa.aa"", ""AAAnnnn@aaaaaa.aaa"", ""AAAAAA@aaaaaa.aaa"", ""AAAAA@aaaaaa.aaa""]","[22.58, 22.5, 13.24, 9.56, 7.05, 6.42, 2.94, 1.37, 1.27, 1.04]",aaaaa@aaaaaa.aaa,ahnsi@hanjin.com,zhlim@hanjin.com,kdkim@hanjin.com,887.0,22.5,2
C:/projects/myproject/QDQM/DS_Input/Internal/사용자.csv,사용자.csv,EMAIL,EMAIL,Master,159.0,3351.0,"[""aaaaaa@aaaaaa.aaa"", ""aaaaa@aaaaaa.aaa"", ""aaaaaaa@aaaaaa.aaa"", ""aaaaaaaa@aaaaaa.aaa"", ""aaaaaaaaa@aaaaaa.aaa"", ""aaaa@aaaaaa.aaa"", ""aaaaaaaaaa@aaaaaa.aa"", ""AAAnnnn@aaaaaa.aaa"", ""AAAAAA@aaaaaa.aaa"", ""AAAAA@aaaaaa.aaa""]","[22.58, 22.5, 13.24, 9.56, 7.05, 6.42, 2.94, 1.37, 1.27, 1.04]",aaaaaaa@aaaaaa.aaa,bchwang@hanjin.com,ywjeong@hanjin.com,jwhwang@hanjin.com,522.0,13.24,3
C:/projects/myproject/QDQM/DS_Input/Internal/사용자.csv,사용자.csv,ETL일시,TIME,Master,1.0,1.0,"[""nn:nn.n""]",[100.0],nn:nn.n,25:57.9,25:57.9,25:57.9,7287.0,100.0,1
C:/projects/myproject/QDQM/DS_Input/Internal/사용자.csv,사용자.csv,FAX번호,,Master,12.0,288.0,"[""--"", ""nnn-nnn-nnnn"", ""nn-nnn-nnnn"", ""nn-nnnn-nnnn"", ""nnn-nnnn-nnnn"", ""nn--"", ""nnn--"", ""nn-nnn-nnn"", ""nn-nnn -nnnn"", ""nn-nnns-nnnn""]","[62.29, 21.64, 12.24, 3.12, 0.23, 0.2, 0.07, 0.07, 0.03, 0.03]",--,--,--,--,1857.0,62.29,1
C:/projects/myproject/QDQM/DS_Input/Internal/사용자.csv,사용자.csv,FAX번호,,Master,12.0,288.0,"[""--"", ""nnn-nnn-nnnn"", ""nn-nnn-nnnn"", ""nn-nnnn-nnnn"", ""nnn-nnnn-nnnn"", ""nn--"", ""nnn--"", ""nn-nnn-nnn"", ""nn-nnn -nnnn"", ""nn-nnns-nnnn""]","[62.29, 21.64, 12.24, 3.12, 0.23, 0.2, 0.07, 0.07, 0.03, 0.03]",nnn-nnn-nnnn,031-275-0740,064-796-2835,042-625-0843,645.0,21.64,2
C:/projects/myproject/QDQM/DS_Input/Internal/사용자.csv,사용자.csv,FAX번호,,Master,12.0,288.0,"[""--"", ""nnn-nnn-nnnn"", ""nn-nnn-nnnn"", ""nn-nnnn-nnnn"", ""nnn-nnnn-nnnn"", ""nn--"", ""nnn--"", ""nn-nnn-nnn"", ""nn-nnn -nnnn"", ""nn-nnns-nnnn""]","[62.29, 21.64, 12.24, 3.12, 0.23, 0.2, 0.07, 0.07, 0.03, 0.03]",nn-nnn-nnnn,02-000-0000,02-991-7214,02-756-0339,365.0,12.24,3
C:/projects/myproject/QDQM/DS_Input/Internal/사용자.csv,사용자.csv,HR시스템소속변경일자,YYYYMMDD,Master,1.0,182.0,"[""nnnnnnnn""]",[100.0],nnnnnnnn,20090101,20231218,20211122,1063.0,100.0,1
C:/projects/myproject/QDQM/DS_Input/Internal/사용자.csv,사용자.csv,HR시스템소속코드,,Master,6.0,265.0,"[""AAAAAA"", ""AAAAA"", ""AAAAAAA"", ""AAAAAA(n)"", ""AAAAAAn"", ""AAAAAAAA""]","[55.9, 38.95, 4.19, 0.48, 0.29, 0.19]",AAAAAA,BUGSLA,USNSDS,SELAGG,587.0,55.9,1
C:/projects/myproject/QDQM/DS_Input/Internal/사용자.csv,사용자.csv,HR시스템소속코드,,Master,6.0,265.0,"[""AAAAAA"", ""AAAAA"", ""AAAAAAA"", ""AAAAAA(n)"", ""AAAAAAn"", ""AAAAAAAA""]","[55.9, 38.95, 4.19, 0.48, 0.29, 0.19]",AAAAA,ASNKE,YSNKE,KBKKE,409.0,38.95,2
C:/projects/myproject/QDQM/DS_Input/Internal/사용자.csv,사용자.csv,HR시스템소속코드,,Master,6.0,265.0,"[""AAAAAA"", ""AAAAA"", ""AAAAAAA"", ""AAAAAA(n)"", ""AAAAAAn"", ""AAAAAAAA""]","[55.9, 38.95, 4.19, 0.48, 0.29, 0.19]",AAAAAAA,SELABFI,SELXWDF,SELESKG,44.0,4.19,3
C:/projects/myproject/QDQM/DS_Input/Internal/사용자.csv,사용자.csv,계정근거,Text,Master,90.0,663.0,"[""KKKK K nnnn-nnnK"", ""KKKKKK-KKK KKKKK(AA "", ""KKKK K nnnK"", ""KKKK K nnnn - nnnK"", ""KKKK K nnnnnnnnK"", ""KKKKK-KKK KKKKK(AA A"", ""KKKK K nnnn-nnK"", ""KKKK K nnK"", ""KKKKKK-AA-nnnnnnnnnn"", ""KKKKKK-AA-nnnnnnnnn""]","[28.09, 7.18, 7.07, 6.65, 6.65, 5.17, 4.86, 3.59, 3.27, 2.43]",KKKK K nnnn-nnnK,인사발령 제 1997-113호,인사발령 제 2020-221호,인사발령 제 2016-975호,266.0,28.09,1
C:/projects/myproject/QDQM/DS_Input/Internal/사용자.csv,사용자.csv,계정근거,Text,Master,90.0,663.0,"[""KKKK K nnnn-nnnK"", ""KKKKKK-KKK KKKKK(AA "", ""KKKK K nnnK"", ""KKKK K nnnn - nnnK"", ""KKKK K nnnnnnnnK"", ""KKKKK-KKK KKKKK(AA A"", ""KKKK K nnnn-nnK"", ""KKKK K nnK"", ""KKKKKK-AA-nnnnnnnnnn"", ""KKKKKK-AA-nnnnnnnnn""]","[28.09, 7.18, 7.07, 6.65, 6.65, 5.17, 4.86, 3.59, 3.27, 2.43]",KKKKKK-KKK KKKKK(AA,강릉택배지점-시스템 계정신청서(ID Apply)*-202206000006,하남택배지점-시스템 계정신청서(ID Apply)-202204000006,수원택배지점-시스템 계정신청서(ID Apply)*-202304000006,68.0,7.18,2
C:/projects/myproject/QDQM/DS_Input/Internal/사용자.csv,사용자.csv,계정근거,Text,Master,90.0,663.0,"[""KKKK K nnnn-nnnK"", ""KKKKKK-KKK KKKKK(AA "", ""KKKK K nnnK"", ""KKKK K nnnn - nnnK"", ""KKKK K nnnnnnnnK"", ""KKKKK-KKK KKKKK(AA A"", ""KKKK K nnnn-nnK"", ""KKKK K nnK"", ""KKKKKK-AA-nnnnnnnnnn"", ""KKKKKK-AA-nnnnnnnnn""]","[28.09, 7.18, 7.07, 6.65, 6.65, 5.17, 4.86, 3.59, 3.27, 2.43]",KKKK K nnnK,인사발령 제 001호,인사발령 제 965호,인사발령 제 219호,67.0,7.07,3
C:/projects/myproject/QDQM/DS_Input/Internal/사용자.csv,사용자.csv,권한코드,,Master,2.0,5.0,"[""n"", ""A""]","[99.67, 0.33]",n,1,9,9,7263.0,99.67,1
C:/projects/myproject/QDQM/DS_Input/Internal/사용자.csv,사용자.csv,권한코드,,Master,2.0,5.0,"[""n"", ""A""]","[99.67, 0.33]",A,A,S,S,24.0,0.33,2
C:/projects/myproject/QDQM/DS_Input/Internal/사용자.csv,사용자.csv,등록일자,YYYYMMDD,Master,1.0,1065.0,"[""nnnnnnnn""]",[100.0],nnnnnnnn,20000410,20231220,20061115,7287.0,100.0,1
C:/projects/myproject/QDQM/DS_Input/Internal/사용자.csv,사용자.csv,미빌번호오류횟수,Num_Flag,Master,1.0,10.0,"[""n""]",[100.0],n,0,9,0,7287.0,100.0,1
C:/projects/myproject/QDQM/DS_Input/Internal/사용자.csv,사용자.csv,비매출세금계산서발급제한일,YYYYMMDD,Master,1.0,181.0,"[""nnnnnnnn""]",[100.0],nnnnnnnn,20110922,20231231,20200602,234.0,100.0,1
C:/projects/myproject/QDQM/DS_Input/Internal/사용자.csv,사용자.csv,비밀번호,,Master,6718.0,6777.0,"[""aannnnannnaaanannnnn"", ""nnnAnAnnnAnnnAnnnAAA"", ""AnAAnnAAAnAnAnnnnAAn"", ""AnnnnAAnnnAnAAnAnnAA"", ""AAnAAAAAAnnnnAnnnnnn"", ""annnnanannnnannnaaan"", ""nnAAnnAnnnnnAAnnnnnn"", ""AnnAnAnAnAAnnAAAnnnA"", ""AAnAAAAAnnnAAnnnAnnn"", ""nnnnannnanannnannnna""]","[1.72, 0.74, 0.26, 0.22, 0.19, 0.12, 0.11, 0.11, 0.1, 0.08]",aannnnannnaaanannnnn,eb4651d530ebc2d03928d1a77b7351d6203bdb77664496798e41494dc396115e,eb4651d530ebc2d03928d1a77b7351d6203bdb77664496798e41494dc396115e,eb4651d530ebc2d03928d1a77b7351d6203bdb77664496798e41494dc396115e,125.0,1.72,1
C:/projects/myproject/QDQM/DS_Input/Internal/사용자.csv,사용자.csv,비밀번호,,Master,6718.0,6777.0,"[""aannnnannnaaanannnnn"", ""nnnAnAnnnAnnnAnnnAAA"", ""AnAAnnAAAnAnAnnnnAAn"", ""AnnnnAAnnnAnAAnAnnAA"", ""AAnAAAAAAnnnnAnnnnnn"", ""annnnanannnnannnaaan"", ""nnAAnnAnnnnnAAnnnnnn"", ""AnnAnAnAnAAnnAAAnnnA"", ""AAnAAAAAnnnAAnnnAnnn"", ""nnnnannnanannnannnna""]","[1.72, 0.74, 0.26, 0.22, 0.19, 0.12, 0.11, 0.11, 0.1, 0.08]",nnnAnAnnnAnnnAnnnAAA,551C4C968C503B291CDD4A0DAA15EC31,551C4C968C503B291CDD4A0DAA15EC31,551C4C968C503B291CDD4A0DAA15EC31,54.0,0.74,2
C:/projects/myproject/QDQM/DS_Input/Internal/사용자.csv,사용자.csv,비밀번호,,Master,6718.0,6777.0,"[""aannnnannnaaanannnnn"", ""nnnAnAnnnAnnnAnnnAAA"", ""AnAAnnAAAnAnAnnnnAAn"", ""AnnnnAAnnnAnAAnAnnAA"", ""AAnAAAAAAnnnnAnnnnnn"", ""annnnanannnnannnaaan"", ""nnAAnnAnnnnnAAnnnnnn"", ""AnnAnAnAnAAnnAAAnnnA"", ""AAnAAAAAnnnAAnnnAnnn"", ""nnnnannnanannnannnna""]","[1.72, 0.74, 0.26, 0.22, 0.19, 0.12, 0.11, 0.11, 0.1, 0.08]",AnAAnnAAAnAnAnnnnAAn,F8DA93DCE6C7C5456EE15BBB2CD2A86E,F8DA93DCE6C7C5456EE15BBB2CD2A86E,F8DA93DCE6C7C5456EE15BBB2CD2A86E,19.0,0.26,3
C:/projects/myproject/QDQM/DS_Input/Internal/사용자.csv,사용자.csv,비밀번호변경일,YYYYMMDD,Master,1.0,1071.0,"[""nnnnnnnn""]",[100.0],nnnnnnnn,20100623,99991231,20180510,1823.0,100.0,1
C:/projects/myproject/QDQM/DS_Input/Internal/사용자.csv,사용자.csv,비밀번호이력1,,Master,1538.0,1540.0,"[""nnnnanaanannananaann"", ""aannnnannnaaanannnnn"", ""nanannnnnnnnannnanan"", ""annnnanannnnannnaaan"", ""nnnannnnnnannnnnnann"", ""naaanannannaanaannnn"", ""nnnaannnanaannnnanan"", ""annnnnannnananannann"", ""nnnnnAAAAnnnnAnnAnnn"", ""nnnAnAnnnAnnnAnnnAAA""]","[0.32, 0.26, 0.19, 0.13, 0.13, 0.13, 0.13, 0.13, 0.13, 0.13]",nnnnanaanannananaann,1168d1fb4b81f4e9ce499c121add2a5b031d59e965a2b41d83529f061391181f,1168d1fb4b81f4e9ce499c121add2a5b031d59e965a2b41d83529f061391181f,1168d1fb4b81f4e9ce499c121add2a5b031d59e965a2b41d83529f061391181f,5.0,0.32,1
C:/projects/myproject/QDQM/DS_Input/Internal/사용자.csv,사용자.csv,비밀번호이력1,,Master,1538.0,1540.0,"[""nnnnanaanannananaann"", ""aannnnannnaaanannnnn"", ""nanannnnnnnnannnanan"", ""annnnanannnnannnaaan"", ""nnnannnnnnannnnnnann"", ""naaanannannaanaannnn"", ""nnnaannnanaannnnanan"", ""annnnnannnananannann"", ""nnnnnAAAAnnnnAnnAnnn"", ""nnnAnAnnnAnnnAnnnAAA""]","[0.32, 0.26, 0.19, 0.13, 0.13, 0.13, 0.13, 0.13, 0.13, 0.13]",aannnnannnaaanannnnn,eb4651d530ebc2d03928d1a77b7351d6203bdb77664496798e41494dc396115e,eb4651d530ebc2d03928d1a77b7351d6203bdb77664496798e41494dc396115e,eb4651d530ebc2d03928d1a77b7351d6203bdb77664496798e41494dc396115e,4.0,0.26,2
C:/projects/myproject/QDQM/DS_Input/Internal/사용자.csv,사용자.csv,비밀번호이력1,,Master,1538.0,1540.0,"[""nnnnanaanannananaann"", ""aannnnannnaaanannnnn"", ""nanannnnnnnnannnanan"", ""annnnanannnnannnaaan"", ""nnnannnnnnannnnnnann"", ""naaanannannaanaannnn"", ""nnnaannnanaannnnanan"", ""annnnnannnananannann"", ""nnnnnAAAAnnnnAnnAnnn"", ""nnnAnAnnnAnnnAnnnAAA""]","[0.32, 0.26, 0.19, 0.13, 0.13, 0.13, 0.13, 0.13, 0.13, 0.13]",nanannnnnnnnannnanan,0f0c73911606a384a2f48c1e3a1ff1d6450b81e015e5b4830bb3d73c21fad992,0f0c73911606a384a2f48c1e3a1ff1d6450b81e015e5b4830bb3d73c21fad992,0f0c73911606a384a2f48c1e3a1ff1d6450b81e015e5b4830bb3d73c21fad992,3.0,0.19,3
C:/projects/myproject/QDQM/DS_Input/Internal/사용자.csv,사용자.csv,비밀번호이력2,,Master,1382.0,1385.0,"[""nnnnnnAnAAnnnnnnnnAn"", ""aannnnannnaaanannnnn"", ""nanannnnnnnnannnanan"", ""anaannannanaaaaannna"", ""nnnaaaanannnaannnaan"", ""nnnnnannannannanaaan"", ""nnnaaaannnanaaanannn"", ""nnnnnAnnnAnAAnAAnnnn"", ""AnnAAnAAAnnnAAnnnnAA"", ""AnnAnAnAnAAnnAAAnnnA""]","[3.69, 3.03, 0.26, 0.26, 0.26, 0.2, 0.13, 0.13, 0.13, 0.13]",nnnnnnAnAAnnnnnnnnAn,996790C0CE10163205C377620F0FDEC1,996790C0CE10163205C377620F0FDEC1,996790C0CE10163205C377620F0FDEC1,56.0,3.69,1
C:/projects/myproject/QDQM/DS_Input/Internal/사용자.csv,사용자.csv,비밀번호이력2,,Master,1382.0,1385.0,"[""nnnnnnAnAAnnnnnnnnAn"", ""aannnnannnaaanannnnn"", ""nanannnnnnnnannnanan"", ""anaannannanaaaaannna"", ""nnnaaaanannnaannnaan"", ""nnnnnannannannanaaan"", ""nnnaaaannnanaaanannn"", ""nnnnnAnnnAnAAnAAnnnn"", ""AnnAAnAAAnnnAAnnnnAA"", ""AnnAnAnAnAAnnAAAnnnA""]","[3.69, 3.03, 0.26, 0.26, 0.26, 0.2, 0.13, 0.13, 0.13, 0.13]",aannnnannnaaanannnnn,eb4651d530ebc2d03928d1a77b7351d6203bdb77664496798e41494dc396115e,eb4651d530ebc2d03928d1a77b7351d6203bdb77664496798e41494dc396115e,eb4651d530ebc2d03928d1a77b7351d6203bdb77664496798e41494dc396115e,46.0,3.03,2
C:/projects/myproject/QDQM/DS_Input/Internal/사용자.csv,사용자.csv,비밀번호이력2,,Master,1382.0,1385.0,"[""nnnnnnAnAAnnnnnnnnAn"", ""aannnnannnaaanannnnn"", ""nanannnnnnnnannnanan"", ""anaannannanaaaaannna"", ""nnnaaaanannnaannnaan"", ""nnnnnannannannanaaan"", ""nnnaaaannnanaaanannn"", ""nnnnnAnnnAnAAnAAnnnn"", ""AnnAAnAAAnnnAAnnnnAA"", ""AnnAnAnAnAAnnAAAnnnA""]","[3.69, 3.03, 0.26, 0.26, 0.26, 0.2, 0.13, 0.13, 0.13, 0.13]",nanannnnnnnnannnanan,0f0c73911606a384a2f48c1e3a1ff1d6450b81e015e5b4830bb3d73c21fad992,0f0c73911606a384a2f48c1e3a1ff1d6450b81e015e5b4830bb3d73c21fad992,0f0c73911606a384a2f48c1e3a1ff1d6450b81e015e5b4830bb3d73c21fad992,4.0,0.26,3
C:/projects/myproject/QDQM/DS_Input/Internal/사용자.csv,사용자.csv,비밀번호이력3,,Master,427.0,429.0,"[""aannnnannnaaanannnnn"", ""nnnaannananannannaan"", ""nannnnannnananannnnn"", ""nnnnaannnannannanaan"", ""annannaannnnnaaaanan"", ""naanaaanannnannnaana"", ""naannnnnnannnnnnanna"", ""nnnnanannnnanaaanann"", ""aananannnnnananannna"", ""nnaannnnnannaannnnnn""]","[3.31, 1.1, 0.44, 0.44, 0.44, 0.44, 0.44, 0.44, 0.44, 0.44]",aannnnannnaaanannnnn,eb4651d530ebc2d03928d1a77b7351d6203bdb77664496798e41494dc396115e,eb4651d530ebc2d03928d1a77b7351d6203bdb77664496798e41494dc396115e,eb4651d530ebc2d03928d1a77b7351d6203bdb77664496798e41494dc396115e,15.0,3.31,1
C:/projects/myproject/QDQM/DS_Input/Internal/사용자.csv,사용자.csv,비밀번호이력3,,Master,427.0,429.0,"[""aannnnannnaaanannnnn"", ""nnnaannananannannaan"", ""nannnnannnananannnnn"", ""nnnnaannnannannanaan"", ""annannaannnnnaaaanan"", ""naanaaanannnannnaana"", ""naannnnnnannnnnnanna"", ""nnnnanannnnanaaanann"", ""aananannnnnananannna"", ""nnaannnnnannaannnnnn""]","[3.31, 1.1, 0.44, 0.44, 0.44, 0.44, 0.44, 0.44, 0.44, 0.44]",nnnaannananannannaan,318ee52a4c6c47e70ef71c0cfee37ed9a238838216e9a0acee815986756c964e,798cb55e3e3c50d94ec740a0954c2e9a2c0c692c104b164af3409688ee2effe3,798cb55e3e3c50d94ec740a0954c2e9a2c0c692c104b164af3409688ee2effe3,5.0,1.1,2
C:/projects/myproject/QDQM/DS_Input/Internal/사용자.csv,사용자.csv,비밀번호이력3,,Master,427.0,429.0,"[""aannnnannnaaanannnnn"", ""nnnaannananannannaan"", ""nannnnannnananannnnn"", ""nnnnaannnannannanaan"", ""annannaannnnnaaaanan"", ""naanaaanannnannnaana"", ""naannnnnnannnnnnanna"", ""nnnnanannnnanaaanann"", ""aananannnnnananannna"", ""nnaannnnnannaannnnnn""]","[3.31, 1.1, 0.44, 0.44, 0.44, 0.44, 0.44, 0.44, 0.44, 0.44]",nannnnannnananannnnn,6f1739d167f5c6f45027329f97f08c65cf7dc48c5809535d6a5e9a7f039f45d4,6f1739d167f5c6f45027329f97f08c65cf7dc48c5809535d6a5e9a7f039f45d4,6f1739d167f5c6f45027329f97f08c65cf7dc48c5809535d6a5e9a7f039f45d4,2.0,0.44,3
C:/projects/myproject/QDQM/DS_Input/Internal/사용자.csv,사용자.csv,비밀번호이력4,,Master,399.0,399.0,"[""aannnnannnaaanannnnn"", ""nannnnannnananannnnn"", ""nnnaaaanannnaannnaan"", ""aaanaannaannananannn"", ""nnnnnannannannanaaan"", ""nanannaannnnnaannana"", ""nannnnnnnnannaannnnn"", ""naanaaanannnannnaana"", ""nnnannnannnnnnnnanan"", ""annnnnannnnnannnnnna""]","[3.32, 0.71, 0.71, 0.71, 0.47, 0.47, 0.47, 0.47, 0.24, 0.24]",aannnnannnaaanannnnn,eb4651d530ebc2d03928d1a77b7351d6203bdb77664496798e41494dc396115e,eb4651d530ebc2d03928d1a77b7351d6203bdb77664496798e41494dc396115e,eb4651d530ebc2d03928d1a77b7351d6203bdb77664496798e41494dc396115e,14.0,3.32,1
C:/projects/myproject/QDQM/DS_Input/Internal/사용자.csv,사용자.csv,비밀번호이력4,,Master,399.0,399.0,"[""aannnnannnaaanannnnn"", ""nannnnannnananannnnn"", ""nnnaaaanannnaannnaan"", ""aaanaannaannananannn"", ""nnnnnannannannanaaan"", ""nanannaannnnnaannana"", ""nannnnnnnnannaannnnn"", ""naanaaanannnannnaana"", ""nnnannnannnnnnnnanan"", ""annnnnannnnnannnnnna""]","[3.32, 0.71, 0.71, 0.71, 0.47, 0.47, 0.47, 0.47, 0.24, 0.24]",nannnnannnananannnnn,6f1739d167f5c6f45027329f97f08c65cf7dc48c5809535d6a5e9a7f039f45d4,6f1739d167f5c6f45027329f97f08c65cf7dc48c5809535d6a5e9a7f039f45d4,6f1739d167f5c6f45027329f97f08c65cf7dc48c5809535d6a5e9a7f039f45d4,3.0,0.71,2
C:/projects/myproject/QDQM/DS_Input/Internal/사용자.csv,사용자.csv,비밀번호이력4,,Master,399.0,399.0,"[""aannnnannnaaanannnnn"", ""nannnnannnananannnnn"", ""nnnaaaanannnaannnaan"", ""aaanaannaannananannn"", ""nnnnnannannannanaaan"", ""nanannaannnnnaannana"", ""nannnnnnnnannaannnnn"", ""naanaaanannnannnaana"", ""nnnannnannnnnnnnanan"", ""annnnnannnnnannnnnna""]","[3.32, 0.71, 0.71, 0.71, 0.47, 0.47, 0.47, 0.47, 0.24, 0.24]",nnnaaaanannnaannnaan,864abfe3e965af044fe4922a0842ec266029f59b9a9c2e527a7d26d245eee963,864abfe3e965af044fe4922a0842ec266029f59b9a9c2e527a7d26d245eee963,864abfe3e965af044fe4922a0842ec266029f59b9a9c2e527a7d26d245eee963,3.0,0.71,3
C:/projects/myproject/QDQM/DS_Input/Internal/사용자.csv,사용자.csv,사용자계정잠금여부,YN_Flag,Master,1.0,2.0,"[""A""]",[100.0],A,N,Y,Y,1250.0,100.0,1
C:/projects/myproject/QDQM/DS_Input/Internal/사용자.csv,사용자.csv,사용자계정잠금일자,YYYYMMDD,Master,1.0,404.0,"[""nnnnnnnn""]",[100.0],nnnnnnnn,20180209,20231226,20210425,720.0,100.0,1
C:/projects/myproject/QDQM/DS_Input/Internal/사용자.csv,사용자.csv,사원번호,UNIQUE,Master,15.0,7287.0,"[""nnnnnnn"", ""Annnnnn"", ""AAAnnnn"", ""AAnnnnn"", ""nnnnnn"", ""annnnnn"", ""aaaaaa"", ""aaannnn"", ""KKK"", ""nnnn""]","[95.0, 2.14, 1.73, 0.8, 0.1, 0.04, 0.04, 0.04, 0.03, 0.01]",nnnnnnn,0000000,9999999,8504064,6923.0,95.0,1
C:/projects/myproject/QDQM/DS_Input/Internal/사용자.csv,사용자.csv,사원번호,UNIQUE,Master,15.0,7287.0,"[""nnnnnnn"", ""Annnnnn"", ""AAAnnnn"", ""AAnnnnn"", ""nnnnnn"", ""annnnnn"", ""aaaaaa"", ""aaannnn"", ""KKK"", ""nnnn""]","[95.0, 2.14, 1.73, 0.8, 0.1, 0.04, 0.04, 0.04, 0.03, 0.01]",Annnnnn,B311102,R310354,H000073,156.0,2.14,2
C:/projects/myproject/QDQM/DS_Input/Internal/사용자.csv,사용자.csv,사원번호,UNIQUE,Master,15.0,7287.0,"[""nnnnnnn"", ""Annnnnn"", ""AAAnnnn"", ""AAnnnnn"", ""nnnnnn"", ""annnnnn"", ""aaaaaa"", ""aaannnn"", ""KKK"", ""nnnn""]","[95.0, 2.14, 1.73, 0.8, 0.1, 0.04, 0.04, 0.04, 0.03, 0.01]",AAAnnnn,HJB0007,HJT0863,HJN0001,126.0,1.73,3
C:/projects/myproject/QDQM/DS_Input/Internal/사용자.csv,사용자.csv,사직일자,YYYYMMDD,Master,1.0,1549.0,"[""nnnnnnnn""]",[100.0],nnnnnnnn,19871005,20231219,20011202,5211.0,100.0,1
C:/projects/myproject/QDQM/DS_Input/Internal/사용자.csv,사용자.csv,수금요원여부,YN_Flag,Master,1.0,2.0,"[""A""]",[100.0],A,N,Y,N,7287.0,100.0,1
C:/projects/myproject/QDQM/DS_Input/Internal/사용자.csv,사용자.csv,수납직원여부,Alpha_Flag,Master,1.0,1.0,"[""A""]",[100.0],A,Y,Y,Y,20.0,100.0,1
C:/projects/myproject/QDQM/DS_Input/Internal/사용자.csv,사용자.csv,수입금담당자여부,YN_Flag,Master,1.0,2.0,"[""A""]",[100.0],A,N,Y,N,7287.0,100.0,1
C:/projects/myproject/QDQM/DS_Input/Internal/사용자.csv,사용자.csv,수정일자,YYYYMMDD,Master,1.0,1182.0,"[""nnnnnnnn""]",[100.0],nnnnnnnn,20020101,20231220,20140129,2924.0,100.0,1
C:/projects/myproject/QDQM/DS_Input/Internal/사용자.csv,사용자.csv,어음입금표발행제한일,YYYYMMDD,Master,1.0,9.0,"[""nnnnnnnn""]",[100.0],nnnnnnnn,20120817,20190929,20140318,13.0,100.0,1
C:/projects/myproject/QDQM/DS_Input/Internal/사용자.csv,사용자.csv,입사일자,YYYYMMDD,Master,2.0,2566.0,"[""nnnnnnnn"", ""nnnnnnn""]","[99.99, 0.01]",nnnnnnnn,11971008,20231219,19970708,7261.0,99.99,1
C:/projects/myproject/QDQM/DS_Input/Internal/사용자.csv,사용자.csv,입사일자,YYYYMMDD,Master,2.0,2566.0,"[""nnnnnnnn"", ""nnnnnnn""]","[99.99, 0.01]",nnnnnnn,2008121,2008121,2008121,1.0,0.01,2
C:/projects/myproject/QDQM/DS_Input/Internal/사용자.csv,사용자.csv,점소코드,,Master,1.0,284.0,"[""nnnn""]",[100.0],nnnn,1111,1616,1182,7287.0,100.0,1
C:/projects/myproject/QDQM/DS_Input/Internal/사용자.csv,사용자.csv,접근권한 IP,,Master,7.0,15.0,"[""nnn.nn.nn.nnn"", ""nn.nn.nnn.nn"", ""nn.nn.nn.nnsnnn.nn.n"", ""nn.nn.nn.nnnsnnn.nn."", ""nnn.nn.nn.nnsnnn.nn."", ""nnn.nn.nn.nnnsnnn.nn"", ""nnn.nn.nn.nn""]","[50.0, 18.75, 6.25, 6.25, 6.25, 6.25, 6.25]",nnn.nn.nn.nnn,172.16.10.189,172.16.15.222,172.16.11.219,8.0,50.0,1
C:/projects/myproject/QDQM/DS_Input/Internal/사용자.csv,사용자.csv,접근권한 IP,,Master,7.0,15.0,"[""nnn.nn.nn.nnn"", ""nn.nn.nnn.nn"", ""nn.nn.nn.nnsnnn.nn.n"", ""nn.nn.nn.nnnsnnn.nn."", ""nnn.nn.nn.nnsnnn.nn."", ""nnn.nn.nn.nnnsnnn.nn"", ""nnn.nn.nn.nn""]","[50.0, 18.75, 6.25, 6.25, 6.25, 6.25, 6.25]",nn.nn.nnn.nn,10.29.218.60,10.29.218.91,10.29.218.77,3.0,18.75,2
C:/projects/myproject/QDQM/DS_Input/Internal/사용자.csv,사용자.csv,접근권한 IP,,Master,7.0,15.0,"[""nnn.nn.nn.nnn"", ""nn.nn.nnn.nn"", ""nn.nn.nn.nnsnnn.nn.n"", ""nn.nn.nn.nnnsnnn.nn."", ""nnn.nn.nn.nnsnnn.nn."", ""nnn.nn.nn.nnnsnnn.nn"", ""nnn.nn.nn.nn""]","[50.0, 18.75, 6.25, 6.25, 6.25, 6.25, 6.25]",nn.nn.nn.nnsnnn.nn.n,"10.28.18.32,172.16.11.87","10.28.18.32,172.16.11.87","10.28.18.32,172.16.11.87",1.0,6.25,3
C:/projects/myproject/QDQM/DS_Input/Internal/사용자.csv,사용자.csv,직급,Text,Master,33.0,163.0,"[""KK"", ""KKKK"", ""nK"", ""KKKKKn"", ""KKK"", ""KKKKKK"", ""A/AKKK"", ""nKK"", ""KKKKK"", ""KKKn""]","[65.51, 11.14, 9.81, 4.89, 2.95, 1.26, 1.1, 0.82, 0.73, 0.63]",KK,감독,팀장,임시,4774.0,65.51,1
C:/projects/myproject/QDQM/DS_Input/Internal/사용자.csv,사용자.csv,직급,Text,Master,33.0,163.0,"[""KK"", ""KKKK"", ""nK"", ""KKKKKn"", ""KKK"", ""KKKKKK"", ""A/AKKK"", ""nKK"", ""KKKKK"", ""KKKn""]","[65.51, 11.14, 9.81, 4.89, 2.95, 1.26, 1.1, 0.82, 0.73, 0.63]",KKKK,경인지점,협력업체,물류기사,812.0,11.14,2
C:/projects/myproject/QDQM/DS_Input/Internal/사용자.csv,사용자.csv,직급,Text,Master,33.0,163.0,"[""KK"", ""KKKK"", ""nK"", ""KKKKKn"", ""KKK"", ""KKKKKK"", ""A/AKKK"", ""nKK"", ""KKKKK"", ""KKKn""]","[65.51, 11.14, 9.81, 4.89, 2.95, 1.26, 1.1, 0.82, 0.73, 0.63]",nK,1급,6급,3급,715.0,9.81,3
C:/projects/myproject/QDQM/DS_Input/Internal/사용자.csv,사용자.csv,직책,Num_Flag,Master,1.0,6.0,"[""n""]",[100.0],n,1,6,1,7286.0,100.0,1
C:/projects/myproject/QDQM/DS_Input/Internal/사용자.csv,사용자.csv,직책2,Alpha_Flag,Master,1.0,10.0,"[""A""]",[100.0],A,A,Z,Z,6987.0,100.0,1
C:/projects/myproject/QDQM/DS_Input/Internal/사용자.csv,사용자.csv,처리자사번,,Master,8.0,380.0,"[""nnnnnnn"", ""Annnnnn"", ""AAAnnnn"", ""AAnnnnn"", ""nnnnnn"", ""annnnnn"", ""AAAAAA"", ""aaannnn""]","[99.38, 0.36, 0.14, 0.05, 0.03, 0.01, 0.01, 0.01]",nnnnnnn,0000000,9900461,9305391,7242.0,99.38,1
C:/projects/myproject/QDQM/DS_Input/Internal/사용자.csv,사용자.csv,처리자사번,,Master,8.0,380.0,"[""nnnnnnn"", ""Annnnnn"", ""AAAnnnn"", ""AAnnnnn"", ""nnnnnn"", ""annnnnn"", ""AAAAAA"", ""aaannnn""]","[99.38, 0.36, 0.14, 0.05, 0.03, 0.01, 0.01, 0.01]",Annnnnn,B311102,H060730,H000107,26.0,0.36,2
C:/projects/myproject/QDQM/DS_Input/Internal/사용자.csv,사용자.csv,처리자사번,,Master,8.0,380.0,"[""nnnnnnn"", ""Annnnnn"", ""AAAnnnn"", ""AAnnnnn"", ""nnnnnn"", ""annnnnn"", ""AAAAAA"", ""aaannnn""]","[99.38, 0.36, 0.14, 0.05, 0.03, 0.01, 0.01, 0.01]",AAAnnnn,HJB0007,HJT0863,HJD0053,10.0,0.14,3
C:/projects/myproject/QDQM/DS_Input/Internal/사용자.csv,사용자.csv,최종변경일시,TIME,Master,1.0,1.0,"[""nn:nn.n""]",[100.0],nn:nn.n,25:57.9,25:57.9,25:57.9,7287.0,100.0,1
C:/projects/myproject/QDQM/DS_Input/Internal/사용자.csv,사용자.csv,팀명,Text,Master,162.0,1355.0,"[""KKK"", ""KKKsssssss"", ""KKKKKK"", ""KKKKKsssss"", ""KKKKK"", ""KKKK"", ""KKKKKKssss"", ""KKKKKKK"", ""KKAAAK"", ""KKnKssssss""]","[17.99, 16.55, 13.34, 12.53, 6.74, 4.65, 3.39, 3.34, 2.91, 2.87]",KKK,감사실,회계팀,판매팀,1311.0,17.99,1
C:/projects/myproject/QDQM/DS_Input/Internal/사용자.csv,사용자.csv,팀명,Text,Master,162.0,1355.0,"[""KKK"", ""KKKsssssss"", ""KKKKKK"", ""KKKKKsssss"", ""KKKKK"", ""KKKK"", ""KKKKKKssss"", ""KKKKKKK"", ""KKAAAK"", ""KKnKssssss""]","[17.99, 16.55, 13.34, 12.53, 6.74, 4.65, 3.39, 3.34, 2.91, 2.87]",KKKsssssss,감사실,화물팀,운영팀,1206.0,16.55,2
C:/projects/myproject/QDQM/DS_Input/Internal/사용자.csv,사용자.csv,팀명,Text,Master,162.0,1355.0,"[""KKK"", ""KKKsssssss"", ""KKKKKK"", ""KKKKKsssss"", ""KKKKK"", ""KKKK"", ""KKKKKKssss"", ""KKKKKKK"", ""KKAAAK"", ""KKnKssssss""]","[17.99, 16.55, 13.34, 12.53, 6.74, 4.65, 3.39, 3.34, 2.91, 2.87]",KKKKKK,강남택배센터,휴스톤영업소,송파택배지점,972.0,13.34,3
C:/projects/myproject/QDQM/DS_Input/Internal/사용자.csv,사용자.csv,폐기여부,YN_Flag,Master,1.0,2.0,"[""A""]",[100.0],A,N,Y,Y,7287.0,100.0,1
C:/projects/myproject/QDQM/DS_Input/Internal/사용자.csv,사용자.csv,폐기일자,YYYYMMDD,Master,1.0,499.0,"[""nnnnnnnn""]",[100.0],nnnnnnnn,20010228,20231222,20070103,6164.0,100.0,1
C:/projects/myproject/QDQM/DS_Input/Internal/사용자.csv,사용자.csv,한웨이 ID,,Master,6.0,1539.0,"[""nnnnnnn"", ""AAAnnnn"", ""AAnnnnn"", ""Annnnnn"", ""nnnnnn"", ""AAAAnnn""]","[95.11, 2.26, 2.2, 0.24, 0.12, 0.06]",nnnnnnn,0010043,9910110,8103605,1555.0,95.11,1
C:/projects/myproject/QDQM/DS_Input/Internal/사용자.csv,사용자.csv,한웨이 ID,,Master,6.0,1539.0,"[""nnnnnnn"", ""AAAnnnn"", ""AAnnnnn"", ""Annnnnn"", ""nnnnnn"", ""AAAAnnn""]","[95.11, 2.26, 2.2, 0.24, 0.12, 0.06]",AAAnnnn,HJD0005,HJT0250,HJT0016,37.0,2.26,2
C:/projects/myproject/QDQM/DS_Input/Internal/사용자.csv,사용자.csv,한웨이 ID,,Master,6.0,1539.0,"[""nnnnnnn"", ""AAAnnnn"", ""AAnnnnn"", ""Annnnnn"", ""nnnnnn"", ""AAAAnnn""]","[95.11, 2.26, 2.2, 0.24, 0.12, 0.06]",AAnnnnn,HJ00034,HJ00179,HJ00126,36.0,2.2,3
C:/projects/myproject/QDQM/DS_Input/Internal/사원기본.csv,사원기본.csv,ETL일시,TIME,Master,1.0,1.0,"[""nn:nn.n""]",[100.0],nn:nn.n,03:57.1,03:57.1,03:57.1,10000.0,100.0,1
C:/projects/myproject/QDQM/DS_Input/Internal/사원기본.csv,사원기본.csv,국내집배구역,,Master,2.0,3609.0,"[""nnnnnn"", ""nnnnnnn""]","[99.98, 0.02]",nnnnnn,000005,998111,449000,4346.0,99.98,1
C:/projects/myproject/QDQM/DS_Input/Internal/사원기본.csv,사원기본.csv,국내집배구역,,Master,2.0,3609.0,"[""nnnnnn"", ""nnnnnnn""]","[99.98, 0.02]",nnnnnnn,0667500,0667500,0667500,1.0,0.02,2
C:/projects/myproject/QDQM/DS_Input/Internal/사원기본.csv,사원기본.csv,사원번호,UNIQUE,Master,2.0,10000.0,"[""nnnnnnn"", ""nnnnnn""]","[99.97, 0.03]",nnnnnnn,0010102,9953635,2269050,9997.0,99.97,1
C:/projects/myproject/QDQM/DS_Input/Internal/사원기본.csv,사원기본.csv,사원번호,UNIQUE,Master,2.0,10000.0,"[""nnnnnnn"", ""nnnnnn""]","[99.97, 0.03]",nnnnnn,130088,870402,838139,3.0,0.03,2
C:/projects/myproject/QDQM/DS_Input/Internal/사원기본.csv,사원기본.csv,사직일자,YYYYMMDD,Master,1.0,2756.0,"[""nnnnnnnn""]",[100.0],nnnnnnnn,19991222,20231223,20150115,8597.0,100.0,1
C:/projects/myproject/QDQM/DS_Input/Internal/사원기본.csv,사원기본.csv,소속조직코드,,Master,7.0,1740.0,"[""nnnn"", ""nnn"", ""nnnnnn"", ""AA"", ""AAAAA"", ""AAAA"", ""AAA""]","[96.93, 2.45, 0.26, 0.2, 0.1, 0.05, 0.01]",nnnn,0000,9999,4426,9692.0,96.93,1
C:/projects/myproject/QDQM/DS_Input/Internal/사원기본.csv,사원기본.csv,소속조직코드,,Master,7.0,1740.0,"[""nnnn"", ""nnn"", ""nnnnnn"", ""AA"", ""AAAAA"", ""AAAA"", ""AAA""]","[96.93, 2.45, 0.26, 0.2, 0.1, 0.05, 0.01]",nnn,000,990,430,245.0,2.45,2
C:/projects/myproject/QDQM/DS_Input/Internal/사원기본.csv,사원기본.csv,소속조직코드,,Master,7.0,1740.0,"[""nnnn"", ""nnn"", ""nnnnnn"", ""AA"", ""AAAAA"", ""AAAA"", ""AAA""]","[96.93, 2.45, 0.26, 0.2, 0.1, 0.05, 0.01]",nnnnnn,121001,990001,460001,26.0,0.26,3
C:/projects/myproject/QDQM/DS_Input/Internal/사원기본.csv,사원기본.csv,소속회사,,Master,10.0,107.0,"[""KK"", ""nnnnnn"", ""nnn"", ""nnnn"", ""nn"", ""AAA"", ""n"", ""KKK"", ""KKs"", ""AA""]","[44.48, 30.34, 7.93, 6.9, 5.17, 1.72, 1.38, 1.03, 0.69, 0.34]",KK,강산,한진,한진,129.0,44.48,1
C:/projects/myproject/QDQM/DS_Input/Internal/사원기본.csv,사원기본.csv,소속회사,,Master,10.0,107.0,"[""KK"", ""nnnnnn"", ""nnn"", ""nnnn"", ""nn"", ""AAA"", ""n"", ""KKK"", ""KKs"", ""AA""]","[44.48, 30.34, 7.93, 6.9, 5.17, 1.72, 1.38, 1.03, 0.69, 0.34]",nnnnnn,070601,920701,567001,88.0,30.34,2
C:/projects/myproject/QDQM/DS_Input/Internal/사원기본.csv,사원기본.csv,소속회사,,Master,10.0,107.0,"[""KK"", ""nnnnnn"", ""nnn"", ""nnnn"", ""nn"", ""AAA"", ""n"", ""KKK"", ""KKs"", ""AA""]","[44.48, 30.34, 7.93, 6.9, 5.17, 1.72, 1.38, 1.03, 0.69, 0.34]",nnn,100,947,513,23.0,7.93,3
C:/projects/myproject/QDQM/DS_Input/Internal/사원기본.csv,사원기본.csv,시근일자,YYYYMMDD,Master,3.0,4009.0,"[""nnnnnnnn"", ""nnnnnn"", ""nnnn""]","[99.91, 0.08, 0.01]",nnnnnnnn,02020131,20231227,20130130,9859.0,99.91,1
C:/projects/myproject/QDQM/DS_Input/Internal/사원기본.csv,사원기본.csv,시근일자,YYYYMMDD,Master,3.0,4009.0,"[""nnnnnnnn"", ""nnnnnn"", ""nnnn""]","[99.91, 0.08, 0.01]",nnnnnn,199709,991108,990705,8.0,0.08,2
C:/projects/myproject/QDQM/DS_Input/Internal/사원기본.csv,사원기본.csv,시근일자,YYYYMMDD,Master,3.0,4009.0,"[""nnnnnnnn"", ""nnnnnn"", ""nnnn""]","[99.91, 0.08, 0.01]",nnnn,9806,9806,9806,1.0,0.01,3
C:/projects/myproject/QDQM/DS_Input/Internal/사원기본.csv,사원기본.csv,연도,YEAR,Master,1.0,47.0,"[""nnnn""]",[100.0],nnnn,0202,9911,2013,9868.0,100.0,1
C:/projects/myproject/QDQM/DS_Input/Internal/사원기본.csv,사원기본.csv,정규비정규,Num_Flag,Master,1.0,3.0,"[""n""]",[100.0],n,0,2,1,10000.0,100.0,1
C:/projects/myproject/QDQM/DS_Input/Internal/사원기본.csv,사원기본.csv,직종코드,,Master,2.0,29.0,"[""nn"", ""AA""]","[99.91, 0.09]",nn,11,99,24,9991.0,99.91,1
C:/projects/myproject/QDQM/DS_Input/Internal/사원기본.csv,사원기본.csv,직종코드,,Master,2.0,29.0,"[""nn"", ""AA""]","[99.91, 0.09]",AA,ZZ,ZZ,ZZ,9.0,0.09,2
C:/projects/myproject/QDQM/DS_Input/Internal/사원기본.csv,사원기본.csv,최종변경일시,TIME,Master,1.0,1.0,"[""nn:nn.n""]",[100.0],nn:nn.n,03:57.1,03:57.1,03:57.1,10000.0,100.0,1
C:/projects/myproject/QDQM/DS_Input/Internal/사원마스터.csv,사원마스터.csv,ETL일시,TIME,Master,1.0,1.0,"[""nn:nn.n""]",[100.0],nn:nn.n,03:57.1,03:57.1,03:57.1,10000.0,100.0,1
C:/projects/myproject/QDQM/DS_Input/Internal/사원마스터.csv,사원마스터.csv,국내집배구역,,Master,2.0,3468.0,"[""nnnnnn"", ""nnnnnnn""]","[99.95, 0.05]",nnnnnn,015871,998003,454000,4182.0,99.95,1
C:/projects/myproject/QDQM/DS_Input/Internal/사원마스터.csv,사원마스터.csv,국내집배구역,,Master,2.0,3468.0,"[""nnnnnn"", ""nnnnnnn""]","[99.95, 0.05]",nnnnnnn,0655200,0669200,0669200,2.0,0.05,2
C:/projects/myproject/QDQM/DS_Input/Internal/사원마스터.csv,사원마스터.csv,근무시작일자,YYYYMMDD,Master,3.0,4298.0,"[""nnnnnnnn"", ""nnnnnn"", ""nnnn""]","[99.93, 0.04, 0.03]",nnnnnnnn,00180127,20231223,20130701,9863.0,99.93,1
C:/projects/myproject/QDQM/DS_Input/Internal/사원마스터.csv,사원마스터.csv,근무시작일자,YYYYMMDD,Master,3.0,4298.0,"[""nnnnnnnn"", ""nnnnnn"", ""nnnn""]","[99.93, 0.04, 0.03]",nnnnnn,951218,991020,990901,4.0,0.04,2
C:/projects/myproject/QDQM/DS_Input/Internal/사원마스터.csv,사원마스터.csv,근무시작일자,YYYYMMDD,Master,3.0,4298.0,"[""nnnnnnnn"", ""nnnnnn"", ""nnnn""]","[99.93, 0.04, 0.03]",nnnn,9806,9806,9806,3.0,0.03,3
C:/projects/myproject/QDQM/DS_Input/Internal/사원마스터.csv,사원마스터.csv,마감시각여부,YN_Flag,Master,1.0,2.0,"[""A""]",[100.0],A,N,Y,Y,14.0,100.0,1
C:/projects/myproject/QDQM/DS_Input/Internal/사원마스터.csv,사원마스터.csv,마감시간,,Master,1.0,3.0,"[""nnnn""]",[100.0],nnnn,1200,2100,1400,12.0,100.0,1
C:/projects/myproject/QDQM/DS_Input/Internal/사원마스터.csv,사원마스터.csv,사원번호,UNIQUE,Master,2.0,10000.0,"[""nnnnnnn"", ""nnnnnn""]","[99.99, 0.01]",nnnnnnn,0010161,9953484,2457626,9999.0,99.99,1
C:/projects/myproject/QDQM/DS_Input/Internal/사원마스터.csv,사원마스터.csv,사원번호,UNIQUE,Master,2.0,10000.0,"[""nnnnnnn"", ""nnnnnn""]","[99.99, 0.01]",nnnnnn,838058,838058,838058,1.0,0.01,2
C:/projects/myproject/QDQM/DS_Input/Internal/사원마스터.csv,사원마스터.csv,사직일자,YYYYMMDD,Master,1.0,2904.0,"[""nnnnnnnn""]",[100.0],nnnnnnnn,19991227,20231223,20151001,8656.0,100.0,1
C:/projects/myproject/QDQM/DS_Input/Internal/사원마스터.csv,사원마스터.csv,소속회사,,Master,12.0,110.0,"[""KK"", ""nnnnnn"", ""nn"", ""nnnn"", ""nnn"", ""KKK"", ""KKs"", ""AAA"", ""nnnnnnn"", ""n""]","[40.43, 29.43, 13.48, 6.74, 6.03, 1.06, 0.71, 0.71, 0.35, 0.35]",KK,강서,한진,한진,114.0,40.43,1
C:/projects/myproject/QDQM/DS_Input/Internal/사원마스터.csv,사원마스터.csv,소속회사,,Master,12.0,110.0,"[""KK"", ""nnnnnn"", ""nn"", ""nnnn"", ""nnn"", ""KKK"", ""KKs"", ""AAA"", ""nnnnnnn"", ""n""]","[40.43, 29.43, 13.48, 6.74, 6.03, 1.06, 0.71, 0.71, 0.35, 0.35]",nnnnnn,028011,857001,565001,83.0,29.43,2
C:/projects/myproject/QDQM/DS_Input/Internal/사원마스터.csv,사원마스터.csv,소속회사,,Master,12.0,110.0,"[""KK"", ""nnnnnn"", ""nn"", ""nnnn"", ""nnn"", ""KKK"", ""KKs"", ""AAA"", ""nnnnnnn"", ""n""]","[40.43, 29.43, 13.48, 6.74, 6.03, 1.06, 0.71, 0.71, 0.35, 0.35]",nn,00,55,14,38.0,13.48,3
C:/projects/myproject/QDQM/DS_Input/Internal/사원마스터.csv,사원마스터.csv,운전면허종류,,Master,1.0,4.0,"[""nn""]",[100.0],nn,10,40,20,2197.0,100.0,1
C:/projects/myproject/QDQM/DS_Input/Internal/사원마스터.csv,사원마스터.csv,인사시스템사번,UNIQUE,Master,3.0,88.0,"[""nnnnnnn"", ""nnnnnn"", ""nnnnn""]","[73.86, 25.0, 1.14]",nnnnnnn,0011082,9910095,2018380,65.0,73.86,1
C:/projects/myproject/QDQM/DS_Input/Internal/사원마스터.csv,사원마스터.csv,인사시스템사번,UNIQUE,Master,3.0,88.0,"[""nnnnnnn"", ""nnnnnn"", ""nnnnn""]","[73.86, 25.0, 1.14]",nnnnnn,910663,991003,926102,22.0,25.0,2
C:/projects/myproject/QDQM/DS_Input/Internal/사원마스터.csv,사원마스터.csv,인사시스템사번,UNIQUE,Master,3.0,88.0,"[""nnnnnnn"", ""nnnnnn"", ""nnnnn""]","[73.86, 25.0, 1.14]",nnnnn,95204,95204,95204,1.0,1.14,3
C:/projects/myproject/QDQM/DS_Input/Internal/사원마스터.csv,사원마스터.csv,정규비정규,Num_Flag,Master,1.0,3.0,"[""n""]",[100.0],n,0,2,1,10000.0,100.0,1
C:/projects/myproject/QDQM/DS_Input/Internal/사원마스터.csv,사원마스터.csv,조직코드,,Master,7.0,1728.0,"[""nnnn"", ""nnn"", ""AA"", ""nnnnnn"", ""AAAAA"", ""AAAA"", ""nnnnnnn""]","[97.07, 2.3, 0.22, 0.21, 0.14, 0.05, 0.01]",nnnn,0000,9980,4457,9707.0,97.07,1
C:/projects/myproject/QDQM/DS_Input/Internal/사원마스터.csv,사원마스터.csv,조직코드,,Master,7.0,1728.0,"[""nnnn"", ""nnn"", ""AA"", ""nnnnnn"", ""AAAAA"", ""AAAA"", ""nnnnnnn""]","[97.07, 2.3, 0.22, 0.21, 0.14, 0.05, 0.01]",nnn,000,923,440,230.0,2.3,2
C:/projects/myproject/QDQM/DS_Input/Internal/사원마스터.csv,사원마스터.csv,조직코드,,Master,7.0,1728.0,"[""nnnn"", ""nnn"", ""AA"", ""nnnnnn"", ""AAAAA"", ""AAAA"", ""nnnnnnn""]","[97.07, 2.3, 0.22, 0.21, 0.14, 0.05, 0.01]",AA,DF,YY,NY,22.0,0.22,3
C:/projects/myproject/QDQM/DS_Input/Internal/사원마스터.csv,사원마스터.csv,주소,Text,Master,334.0,1175.0,"[""KK KK KK"", ""KK  KK"", ""KK KK"", ""KK"", ""KKKK KKK KKK KKK"", ""KK K KK"", ""KK KK KKK"", ""KKK KKK KKK KKK"", ""KK KK KKn"", ""KK KKK KKK""]","[12.82, 9.13, 6.01, 5.05, 2.55, 2.21, 1.93, 1.87, 1.82, 1.82]",KK KK KK,강원 양양 현남,충북 옥천 옥천,서울 마포 성산,226.0,12.82,1
C:/projects/myproject/QDQM/DS_Input/Internal/사원마스터.csv,사원마스터.csv,주소,Text,Master,334.0,1175.0,"[""KK KK KK"", ""KK  KK"", ""KK KK"", ""KK"", ""KKKK KKK KKK KKK"", ""KK K KK"", ""KK KK KKK"", ""KKK KKK KKK KKK"", ""KK KK KKn"", ""KK KKK KKK""]","[12.82, 9.13, 6.01, 5.05, 2.55, 2.21, 1.93, 1.87, 1.82, 1.82]",KK  KK,거제  옥포,화성  팔탄,안성  공도,161.0,9.13,2
C:/projects/myproject/QDQM/DS_Input/Internal/사원마스터.csv,사원마스터.csv,주소,Text,Master,334.0,1175.0,"[""KK KK KK"", ""KK  KK"", ""KK KK"", ""KK"", ""KKKK KKK KKK KKK"", ""KK K KK"", ""KK KK KKK"", ""KKK KKK KKK KKK"", ""KK KK KKn"", ""KK KKK KKK""]","[12.82, 9.13, 6.01, 5.05, 2.55, 2.21, 1.93, 1.87, 1.82, 1.82]",KK KK,강원 정선,충북 음성,서울 성동,106.0,6.01,3
C:/projects/myproject/QDQM/DS_Input/Internal/사원마스터.csv,사원마스터.csv,직종코드,,Master,2.0,28.0,"[""nn"", ""AA""]","[99.9, 0.1]",nn,11,99,24,9990.0,99.9,1
C:/projects/myproject/QDQM/DS_Input/Internal/사원마스터.csv,사원마스터.csv,직종코드,,Master,2.0,28.0,"[""nn"", ""AA""]","[99.9, 0.1]",AA,ZZ,ZZ,ZZ,10.0,0.1,2
C:/projects/myproject/QDQM/DS_Input/Internal/사원마스터.csv,사원마스터.csv,차량번호,CAR_NUMBER,Master,3.0,1175.0,"[""KKnnKnnnn"", ""nnKnnnn"", ""nnnKnnnn""]","[60.66, 32.29, 7.05]",KKnnKnnnn,강원80배1010,충북92배1046,대전80배2068,714.0,60.66,1
C:/projects/myproject/QDQM/DS_Input/Internal/사원마스터.csv,사원마스터.csv,차량번호,CAR_NUMBER,Master,3.0,1175.0,"[""KKnnKnnnn"", ""nnKnnnn"", ""nnnKnnnn""]","[60.66, 32.29, 7.05]",nnKnnnn,01가1117,99구5678,86너5821,380.0,32.29,2
C:/projects/myproject/QDQM/DS_Input/Internal/사원마스터.csv,사원마스터.csv,차량번호,CAR_NUMBER,Master,3.0,1175.0,"[""KKnnKnnnn"", ""nnKnnnn"", ""nnnKnnnn""]","[60.66, 32.29, 7.05]",nnnKnnnn,135다1840,845고6932,816라7746,83.0,7.05,3
C:/projects/myproject/QDQM/DS_Input/Internal/사원마스터.csv,사원마스터.csv,최종변경일시,TIME,Master,1.0,1.0,"[""nn:nn.n""]",[100.0],nn:nn.n,03:57.1,03:57.1,03:57.1,10000.0,100.0,1
C:/projects/myproject/QDQM/DS_Input/Internal/사원마스터.csv,사원마스터.csv,화물운송종사자자격취득일,YYYYMMDD,Master,1.0,1037.0,"[""nnnnnnnn""]",[100.0],nnnnnnnn,00040523,20231214,20180624,1461.0,100.0,1
C:/projects/myproject/QDQM/DS_Input/Internal/상품분류.csv,상품분류.csv,ETL일시,TIME,Master,1.0,1.0,"[""nn:nn.n""]",[100.0],nn:nn.n,17:42.9,17:42.9,17:42.9,152.0,100.0,1
C:/projects/myproject/QDQM/DS_Input/Internal/상품분류.csv,상품분류.csv,사업구분,Alpha_Flag,Master,1.0,4.0,"[""A""]",[100.0],A,D,S,I,152.0,100.0,1
C:/projects/myproject/QDQM/DS_Input/Internal/상품분류.csv,상품분류.csv,상품명,Text,Master,72.0,142.0,"[""KKKK"", ""KKKKK"", ""KKKKKK"", ""KKKK KKKK"", ""Aaaaaaa Aaaaaa"", ""KKKKKKK"", ""Aaaaaaa Aaaaaaaa"", ""Aaaa Aaaa Aaaaaaa A"", ""KKKKKKKKKK"", ""Aaaaaaaa Aaaaaa""]","[15.13, 9.87, 4.61, 4.61, 3.29, 3.29, 3.29, 2.63, 2.63, 1.97]",KKKK,골프택배,행낭택배,레져택배,23.0,15.13,1
C:/projects/myproject/QDQM/DS_Input/Internal/상품분류.csv,상품분류.csv,상품명,Text,Master,72.0,142.0,"[""KKKK"", ""KKKKK"", ""KKKKKK"", ""KKKK KKKK"", ""Aaaaaaa Aaaaaa"", ""KKKKKKK"", ""Aaaaaaa Aaaaaaaa"", ""Aaaa Aaaa Aaaaaaa A"", ""KKKKKKKKKK"", ""Aaaaaaaa Aaaaaa""]","[15.13, 9.87, 4.61, 4.61, 3.29, 3.29, 3.29, 2.63, 2.63, 1.97]",KKKKK,기숙사택배,현금영수증,코레일택배,15.0,9.87,2
C:/projects/myproject/QDQM/DS_Input/Internal/상품분류.csv,상품분류.csv,상품명,Text,Master,72.0,142.0,"[""KKKK"", ""KKKKK"", ""KKKKKK"", ""KKKK KKKK"", ""Aaaaaaa Aaaaaa"", ""KKKKKKK"", ""Aaaaaaa Aaaaaaaa"", ""Aaaa Aaaa Aaaaaaa A"", ""KKKKKKKKKK"", ""Aaaaaaaa Aaaaaa""]","[15.13, 9.87, 4.61, 4.61, 3.29, 3.29, 3.29, 2.63, 2.63, 1.97]",KKKKKK,골프택배접수,해외골프택배,소형화물택배,7.0,4.61,3
C:/projects/myproject/QDQM/DS_Input/Internal/상품분류.csv,상품분류.csv,상품코드,UNIQUE,Master,8.0,152.0,"[""nn"", ""Ann"", ""nnA"", ""AAA"", ""AA"", ""nnn"", ""AAn"", ""n""]","[37.5, 28.95, 15.13, 8.55, 5.26, 2.63, 1.32, 0.66]",nn,03,70,31,57.0,37.5,1
C:/projects/myproject/QDQM/DS_Input/Internal/상품분류.csv,상품분류.csv,상품코드,UNIQUE,Master,8.0,152.0,"[""nn"", ""Ann"", ""nnA"", ""AAA"", ""AA"", ""nnn"", ""AAn"", ""n""]","[37.5, 28.95, 15.13, 8.55, 5.26, 2.63, 1.32, 0.66]",Ann,A17,S43,S22,44.0,28.95,2
C:/projects/myproject/QDQM/DS_Input/Internal/상품분류.csv,상품분류.csv,상품코드,UNIQUE,Master,8.0,152.0,"[""nn"", ""Ann"", ""nnA"", ""AAA"", ""AA"", ""nnn"", ""AAn"", ""n""]","[37.5, 28.95, 15.13, 8.55, 5.26, 2.63, 1.32, 0.66]",nnA,00L,30L,04L,23.0,15.13,3
C:/projects/myproject/QDQM/DS_Input/Internal/상품분류.csv,상품분류.csv,서비스지역 및 요율,UNIQUE,Master,10.0,12.0,"[""ssssssssssssssssssss"", ""s KKK KKss  - KKK KK"", ""s KKKK KKss   s KKKK"", ""n.KKKK: KKKKKK (nK K"", ""s KK : KKK KKKK KK K"", ""s KKK KK : KKKss    "", ""s KK : KKK"", ""s KK : KK KK KKKK KK"", ""s KKKKKKKss   - KK :"", ""n.KKKK(KKKKKK)saasss""]","[25.0, 8.33, 8.33, 8.33, 8.33, 8.33, 8.33, 8.33, 8.33, 8.33]",ssssssssssssssssssss,"┌───────────────────────────────┐
│■ 항공특급서비스                                             │
├─────┬─────┬───────┬───────────┤
│          │          │              │       택배운임       │
│서비스구분│서비스시간│   화물규격   ├───┬───┬───┤
│          │          │              │ 1권역│ 2권역│ 3권역│
├─────┼─────┼───────┼───┼───┼───┤
│공항↔공항│   3시간  │      -       │15,000│  -   │  -   │
├─────┼─────┼───────┼───┼───┼───┤
│공항↔DOOR│   4시간  │대형(30kg이하)│25,000│35,000│45,000│
├─────┼─────┼───────┼───┼───┼───┤
│DOOR↔DOOR│   5시간  │대형(30kg이하)│35,000│45,000│55,000│
├─────┼─────┼───────┼───┼───┼───┤
│          │          │소형(10kg이하)│20,000│27,000│35,000│
│          │          │───────┼───┼───┼───┤
│DOOR↔DOOR│  12시간  │중형(20kg이하)│25,000│32,000│40,000│
│          │          │───────┼───┼───┼───┤
│          │          │대형(30kg이하)│30,000│37,000│45,000│
├─────┴─────┴───────┴───┴───┴───┤
│※ 서비스 대상지역 : 대한항공 운항 주요도시,                  │
│                     공항내 택배 카운터 운영                  │
├───────────────────────────────┤
│               ● 권역안내(수도권 및 제주권) ●               │
├───┬──────┬──────────────┬─────┤
│ 권역 │서비스 범위 │        서울/수도권         │  제주권  │
├───┼──────┼──────────────┼─────┤
│      │            │강서,양천,영등포,구로,마포, │          │
│ 1권역│집배송 가능 │금천,광명,관악,동작,서대문, │ 제주시내 │
│      │            │용산,중구,종로,서초         │          │
├───┼──────┼──────────────┼─────┤
│      │            │과천,고양,강남,송파,강동    │          │
│ 2권역│집배송 가능 │성동,광진,중랑,동대문,성북, │    -     │
│      │            │강북,노원,도봉,부천,부평    │          │
├───┼──────┼──────────────┼─────┤
│ 3권역│배송만 가능 │       군포시,안양시        │서귀포시내│
├───┴──────┴──────────────┴─────┤
│                                  ■ 요율표 적용일:2002. 1. 1 │
└───────────────────────────────┘","┌────┬─────┬─────┬─────┬─────┐                         
│구    분│  초소형  │   소형   │   중형   │   대형   │                         
├────┼─────┼─────┼─────┼─────┤                         
│중    량│ 1kg 이하 │ 10kg 이하│ 20kg 이하│ 30kg 이하│                         
├────┼─────┼─────┼─────┼─────┤                         
│규    격│60cm 이하 │120cm 이하│140cm 이하│160cm 이하│                         
├────┼─────┼─────┼─────┼─────┤                         
│동일권역│  5,000원 │  6,000원 │  7,000원 │  8,000원 │                         
├────┼─────┼─────┼─────┼─────┤                         
│타 권 역│  6,000원 │  7,000원 │  8,000원 │  9,000원 │                         
├────┼─────┼─────┼─────┼─────┤                         
│제 주 권│  8,000원 │  9,000원 │ 10,000원 │ 11,000원 │                         
├────┴─────┴─────┴─────┴─────┤                         
│   섬지역 실비 발생시 받는고객이 지급하셔야 합니다.     │                         
├────────┬───────────────────┤                         
│                │            파손위험품 50%            │                         
│                ├───────┬───────────┤                         
│                │              │ 50 ~ 100만원   50%   │                         
│                │              ├───────────┤                         
│      할증      │              │100 ~ 200만원   80%   │                         
│                │              ├───────────┤                         
│                │   고가품     │200 ~ 300만원  100%   │                         
│                │              ├───────────┤                         
│                │              │300 ~ 500만원  200%   │                         
│                │              ├───────────┤                         
│                │              │500만원 초과 접수금지 │                         
├────────┼───────┴─┬─────────┤                         
│                │  2 ~ 3 BOX  10%  │ 4 ~ 5 BOX  15%   │                         
│      할인      ├─────────┼─────────┤                         
│                │  6 BOX 이상  20% │                  │                         
└────────┴─────────┴─────────┘                         
  * 규격은 화물의 세변(가로, 세로, 높이) 합 적용                                 
  * 최장변의 규격제한은 160cm 적용                                               
  * 섬지역은 기상이변 등 현지사정에 의해 불가피하게 배송이                             
    지연될 수 있슴.(식품류 접수시 유의)","┌──────────┬──────────┐
│    편도 이용시     │    왕복 이용시     │
├──────────┼──────────┤
│      13,000원      │      23,000원      │
├──────────┴──────────┤
│■ 골프백 판매(이용)                      │
├──────────┬──────────┤
│● 1회용     5,000원│● 일반형   20,000원│
├──────────┼──────────┤
│● 고급형   35,000원│● 임대형       무료│
└──────────┴──────────┘
  * 임대형은 왕복 이용시에만 사용 가능
  * 운송료는 전국 동일 가격(제주포함) 적용
  * 예약은 골프경기 4일전까지",3.0,25.0,1
C:/projects/myproject/QDQM/DS_Input/Internal/상품분류.csv,상품분류.csv,서비스지역 및 요율,UNIQUE,Master,10.0,12.0,"[""ssssssssssssssssssss"", ""s KKK KKss  - KKK KK"", ""s KKKK KKss   s KKKK"", ""n.KKKK: KKKKKK (nK K"", ""s KK : KKK KKKK KK K"", ""s KKK KK : KKKss    "", ""s KK : KKK"", ""s KK : KK KK KKKK KK"", ""s KKKKKKKss   - KK :"", ""n.KKKK(KKKKKK)saasss""]","[25.0, 8.33, 8.33, 8.33, 8.33, 8.33, 8.33, 8.33, 8.33, 8.33]",s KKK KKss  - KKK KK,"○ 서비스 요금
  - 계약에 의해 협의 후 요금 책정(건당 1,000원 수준)","○ 서비스 요금
  - 계약에 의해 협의 후 요금 책정(건당 1,000원 수준)","○ 서비스 요금
  - 계약에 의해 협의 후 요금 책정(건당 1,000원 수준)",1.0,8.33,2
C:/projects/myproject/QDQM/DS_Input/Internal/상품분류.csv,상품분류.csv,서비스지역 및 요율,UNIQUE,Master,10.0,12.0,"[""ssssssssssssssssssss"", ""s KKK KKss  - KKK KK"", ""s KKKK KKss   s KKKK"", ""n.KKKK: KKKKKK (nK K"", ""s KK : KKK KKKK KK K"", ""s KKK KK : KKKss    "", ""s KK : KKK"", ""s KK : KK KK KKKK KK"", ""s KKKKKKKss   - KK :"", ""n.KKKK(KKKKKK)saasss""]","[25.0, 8.33, 8.33, 8.33, 8.33, 8.33, 8.33, 8.33, 8.33, 8.33]",s KKKK KKss   s KKKK,"○ 별도요금 없음
   ※ 행사시마다 할인율 상이","○ 별도요금 없음
   ※ 행사시마다 할인율 상이","○ 별도요금 없음
   ※ 행사시마다 할인율 상이",1.0,8.33,3
C:/projects/myproject/QDQM/DS_Input/Internal/상품분류.csv,상품분류.csv,설명,UNIQUE,Master,46.0,46.0,"[""n. KKKs KKKKKKs KKKK"", ""KKK KK KK KKKK.."", ""K KKKKK(KK KKs K KK)"", ""KKKK"", ""KKKKKK KKK KKKKKKssA"", ""KK KKKK KKKK K AAAA "", ""KKK KKKK KKK KK.."", ""AAAAKKK KKKK  KK KKK"", ""KKK KKK KKK KK KKK K"", ""KKKK KKK KKK KKKKK K""]","[2.17, 2.17, 2.17, 2.17, 2.17, 2.17, 2.17, 2.17, 2.17, 2.17]",n. KKKs KKKKKKs KKKK,"1. 제주도, 단체골프여행, 해외골프 고객 대상으로 골프백을 집에서부터 전국 골프장(해외골프의 경우는 인천공항)까지 배달하는 서비스","1. 제주도, 단체골프여행, 해외골프 고객 대상으로 골프백을 집에서부터 전국 골프장(해외골프의 경우는 인천공항)까지 배달하는 서비스","1. 제주도, 단체골프여행, 해외골프 고객 대상으로 골프백을 집에서부터 전국 골프장(해외골프의 경우는 인천공항)까지 배달하는 서비스",1.0,2.17,1
C:/projects/myproject/QDQM/DS_Input/Internal/상품분류.csv,상품분류.csv,설명,UNIQUE,Master,46.0,46.0,"[""n. KKKs KKKKKKs KKKK"", ""KKK KK KK KKKK.."", ""K KKKKK(KK KKs K KK)"", ""KKKK"", ""KKKKKK KKK KKKKKKssA"", ""KK KKKK KKKK K AAAA "", ""KKK KKKK KKK KK.."", ""AAAAKKK KKKK  KK KKK"", ""KKK KKK KKK KK KKK K"", ""KKKK KKK KKK KKKKK K""]","[2.17, 2.17, 2.17, 2.17, 2.17, 2.17, 2.17, 2.17, 2.17, 2.17]",KKK KK KK KKKK..,긴급한 서류 또는 소화물을..,긴급한 서류 또는 소화물을..,긴급한 서류 또는 소화물을..,1.0,2.17,2
C:/projects/myproject/QDQM/DS_Input/Internal/상품분류.csv,상품분류.csv,설명,UNIQUE,Master,46.0,46.0,"[""n. KKKs KKKKKKs KKKK"", ""KKK KK KK KKKK.."", ""K KKKKK(KK KKs K KK)"", ""KKKK"", ""KKKKKK KKK KKKKKKssA"", ""KK KKKK KKKK K AAAA "", ""KKK KKKK KKK KK.."", ""AAAAKKK KKKK  KK KKK"", ""KKK KKK KKK KK KKK K"", ""KKKK KKK KKK KKKKK K""]","[2.17, 2.17, 2.17, 2.17, 2.17, 2.17, 2.17, 2.17, 2.17, 2.17]",K KKKKK(KK KKs K KK),"퀵 배송서비스(일반 집하, 퀵 배송)","퀵 배송서비스(일반 집하, 퀵 배송)","퀵 배송서비스(일반 집하, 퀵 배송)",1.0,2.17,3
C:/projects/myproject/QDQM/DS_Input/Internal/상품분류.csv,상품분류.csv,접수시주의사항,URL,Master,2.0,62.0,"[""aaaa://aaaaaa.aaaaaa"", ""n. KKKK KKK KKK KKss""]","[98.39, 1.61]",aaaa://aaaaaa.aaaaaa,http://nhanex.hanjin.co.kr:7777/_html/AM_dlv.htm,http://nhanex.hanjin.co.kr:7777/_html/ski_20070112.htm,http://nhanex.hanjin.co.kr:7777/_html/S26.htm,61.0,98.39,1
C:/projects/myproject/QDQM/DS_Input/Internal/상품분류.csv,상품분류.csv,접수시주의사항,URL,Master,2.0,62.0,"[""aaaa://aaaaaa.aaaaaa"", ""n. KKKK KKK KKK KKss""]","[98.39, 1.61]",n. KKKK KKK KKK KKss,"1. 휴일배송 스티커 부착후 발송
   휴일배송 화물 별도 분류하여 간선차량 후미에 선적
   휴일배송 리스트에 전산등록","1. 휴일배송 스티커 부착후 발송
   휴일배송 화물 별도 분류하여 간선차량 후미에 선적
   휴일배송 리스트에 전산등록","1. 휴일배송 스티커 부착후 발송
   휴일배송 화물 별도 분류하여 간선차량 후미에 선적
   휴일배송 리스트에 전산등록",1.0,1.61,2
C:/projects/myproject/QDQM/DS_Input/Internal/상품분류.csv,상품분류.csv,최종변경일시,TIME,Master,1.0,1.0,"[""nn:nn.n""]",[100.0],nn:nn.n,17:42.9,17:42.9,17:42.9,152.0,100.0,1
C:/projects/myproject/QDQM/DS_Input/Internal/상품분류.csv,상품분류.csv,판매중지일,YYYYMMDD,Master,1.0,17.0,"[""nnnnnnnn""]",[100.0],nnnnnnnn,19990601,20170502,20090915,53.0,100.0,1
C:/projects/myproject/QDQM/DS_Input/Internal/상품분류.csv,상품분류.csv,화물종류,Alpha_Flag,Master,1.0,2.0,"[""A""]",[100.0],A,D,N,N,48.0,100.0,1
C:/projects/myproject/QDQM/DS_Input/Internal/상품코드.csv,상품코드.csv,ETL일시,TIME,Master,1.0,1.0,"[""nn:nn.n""]",[100.0],nn:nn.n,17:42.9,17:42.9,17:42.9,152.0,100.0,1
C:/projects/myproject/QDQM/DS_Input/Internal/상품코드.csv,상품코드.csv,당일익일구분,,Master,2.0,6.0,"[""A"", ""n""]","[50.54, 49.46]",A,C,O,I,47.0,50.54,1
C:/projects/myproject/QDQM/DS_Input/Internal/상품코드.csv,상품코드.csv,당일익일구분,,Master,2.0,6.0,"[""A"", ""n""]","[50.54, 49.46]",n,1,3,1,46.0,49.46,2
C:/projects/myproject/QDQM/DS_Input/Internal/상품코드.csv,상품코드.csv,사업구분,Alpha_Flag,Master,1.0,4.0,"[""A""]",[100.0],A,D,S,I,152.0,100.0,1
C:/projects/myproject/QDQM/DS_Input/Internal/상품코드.csv,상품코드.csv,상품명,Text,Master,72.0,142.0,"[""KKKK"", ""KKKKK"", ""KKKKKK"", ""KKKK KKKK"", ""Aaaaaaa Aaaaaa"", ""KKKKKKK"", ""Aaaaaaa Aaaaaaaa"", ""Aaaa Aaaa Aaaaaaa A"", ""KKKKKKKKKK"", ""Aaaaaaaa Aaaaaa""]","[15.13, 9.87, 4.61, 4.61, 3.29, 3.29, 3.29, 2.63, 2.63, 1.97]",KKKK,골프택배,행낭택배,레져택배,23.0,15.13,1
C:/projects/myproject/QDQM/DS_Input/Internal/상품코드.csv,상품코드.csv,상품명,Text,Master,72.0,142.0,"[""KKKK"", ""KKKKK"", ""KKKKKK"", ""KKKK KKKK"", ""Aaaaaaa Aaaaaa"", ""KKKKKKK"", ""Aaaaaaa Aaaaaaaa"", ""Aaaa Aaaa Aaaaaaa A"", ""KKKKKKKKKK"", ""Aaaaaaaa Aaaaaa""]","[15.13, 9.87, 4.61, 4.61, 3.29, 3.29, 3.29, 2.63, 2.63, 1.97]",KKKKK,기숙사택배,현금영수증,코레일택배,15.0,9.87,2
C:/projects/myproject/QDQM/DS_Input/Internal/상품코드.csv,상품코드.csv,상품명,Text,Master,72.0,142.0,"[""KKKK"", ""KKKKK"", ""KKKKKK"", ""KKKK KKKK"", ""Aaaaaaa Aaaaaa"", ""KKKKKKK"", ""Aaaaaaa Aaaaaaaa"", ""Aaaa Aaaa Aaaaaaa A"", ""KKKKKKKKKK"", ""Aaaaaaaa Aaaaaa""]","[15.13, 9.87, 4.61, 4.61, 3.29, 3.29, 3.29, 2.63, 2.63, 1.97]",KKKKKK,골프택배접수,해외골프택배,소형화물택배,7.0,4.61,3
C:/projects/myproject/QDQM/DS_Input/Internal/상품코드.csv,상품코드.csv,상품코드,UNIQUE,Master,8.0,152.0,"[""nn"", ""Ann"", ""nnA"", ""AAA"", ""AA"", ""nnn"", ""AAn"", ""n""]","[37.5, 28.95, 15.13, 8.55, 5.26, 2.63, 1.32, 0.66]",nn,03,70,31,57.0,37.5,1
C:/projects/myproject/QDQM/DS_Input/Internal/상품코드.csv,상품코드.csv,상품코드,UNIQUE,Master,8.0,152.0,"[""nn"", ""Ann"", ""nnA"", ""AAA"", ""AA"", ""nnn"", ""AAn"", ""n""]","[37.5, 28.95, 15.13, 8.55, 5.26, 2.63, 1.32, 0.66]",Ann,A17,S43,S22,44.0,28.95,2
C:/projects/myproject/QDQM/DS_Input/Internal/상품코드.csv,상품코드.csv,상품코드,UNIQUE,Master,8.0,152.0,"[""nn"", ""Ann"", ""nnA"", ""AAA"", ""AA"", ""nnn"", ""AAn"", ""n""]","[37.5, 28.95, 15.13, 8.55, 5.26, 2.63, 1.32, 0.66]",nnA,00L,30L,04L,23.0,15.13,3
C:/projects/myproject/QDQM/DS_Input/Internal/상품코드.csv,상품코드.csv,서비스금액,,Master,1.0,1.0,"[""n""]",[100.0],n,0,0,0,8.0,100.0,1
C:/projects/myproject/QDQM/DS_Input/Internal/상품코드.csv,상품코드.csv,서비스지역 및 요율,UNIQUE,Master,10.0,12.0,"[""ssssssssssssssssssss"", ""s KKK KKss  - KKK KK"", ""s KKKK KKss   s KKKK"", ""n.KKKK: KKKKKK (nK K"", ""s KK : KKK KKKK KK K"", ""s KKK KK : KKKss    "", ""s KK : KKK"", ""s KK : KK KK KKKK KK"", ""s KKKKKKKss   - KK :"", ""n.KKKK(KKKKKK)saasss""]","[25.0, 8.33, 8.33, 8.33, 8.33, 8.33, 8.33, 8.33, 8.33, 8.33]",ssssssssssssssssssss,"┌───────────────────────────────┐
│■ 항공특급서비스                                             │
├─────┬─────┬───────┬───────────┤
│          │          │              │       택배운임       │
│서비스구분│서비스시간│   화물규격   ├───┬───┬───┤
│          │          │              │ 1권역│ 2권역│ 3권역│
├─────┼─────┼───────┼───┼───┼───┤
│공항↔공항│   3시간  │      -       │15,000│  -   │  -   │
├─────┼─────┼───────┼───┼───┼───┤
│공항↔DOOR│   4시간  │대형(30kg이하)│25,000│35,000│45,000│
├─────┼─────┼───────┼───┼───┼───┤
│DOOR↔DOOR│   5시간  │대형(30kg이하)│35,000│45,000│55,000│
├─────┼─────┼───────┼───┼───┼───┤
│          │          │소형(10kg이하)│20,000│27,000│35,000│
│          │          │───────┼───┼───┼───┤
│DOOR↔DOOR│  12시간  │중형(20kg이하)│25,000│32,000│40,000│
│          │          │───────┼───┼───┼───┤
│          │          │대형(30kg이하)│30,000│37,000│45,000│
├─────┴─────┴───────┴───┴───┴───┤
│※ 서비스 대상지역 : 대한항공 운항 주요도시,                  │
│                     공항내 택배 카운터 운영                  │
├───────────────────────────────┤
│               ● 권역안내(수도권 및 제주권) ●               │
├───┬──────┬──────────────┬─────┤
│ 권역 │서비스 범위 │        서울/수도권         │  제주권  │
├───┼──────┼──────────────┼─────┤
│      │            │강서,양천,영등포,구로,마포, │          │
│ 1권역│집배송 가능 │금천,광명,관악,동작,서대문, │ 제주시내 │
│      │            │용산,중구,종로,서초         │          │
├───┼──────┼──────────────┼─────┤
│      │            │과천,고양,강남,송파,강동    │          │
│ 2권역│집배송 가능 │성동,광진,중랑,동대문,성북, │    -     │
│      │            │강북,노원,도봉,부천,부평    │          │
├───┼──────┼──────────────┼─────┤
│ 3권역│배송만 가능 │       군포시,안양시        │서귀포시내│
├───┴──────┴──────────────┴─────┤
│                                  ■ 요율표 적용일:2002. 1. 1 │
└───────────────────────────────┘","┌────┬─────┬─────┬─────┬─────┐                         
│구    분│  초소형  │   소형   │   중형   │   대형   │                         
├────┼─────┼─────┼─────┼─────┤                         
│중    량│ 1kg 이하 │ 10kg 이하│ 20kg 이하│ 30kg 이하│                         
├────┼─────┼─────┼─────┼─────┤                         
│규    격│60cm 이하 │120cm 이하│140cm 이하│160cm 이하│                         
├────┼─────┼─────┼─────┼─────┤                         
│동일권역│  5,000원 │  6,000원 │  7,000원 │  8,000원 │                         
├────┼─────┼─────┼─────┼─────┤                         
│타 권 역│  6,000원 │  7,000원 │  8,000원 │  9,000원 │                         
├────┼─────┼─────┼─────┼─────┤                         
│제 주 권│  8,000원 │  9,000원 │ 10,000원 │ 11,000원 │                         
├────┴─────┴─────┴─────┴─────┤                         
│   섬지역 실비 발생시 받는고객이 지급하셔야 합니다.     │                         
├────────┬───────────────────┤                         
│                │            파손위험품 50%            │                         
│                ├───────┬───────────┤                         
│                │              │ 50 ~ 100만원   50%   │                         
│                │              ├───────────┤                         
│      할증      │              │100 ~ 200만원   80%   │                         
│                │              ├───────────┤                         
│                │   고가품     │200 ~ 300만원  100%   │                         
│                │              ├───────────┤                         
│                │              │300 ~ 500만원  200%   │                         
│                │              ├───────────┤                         
│                │              │500만원 초과 접수금지 │                         
├────────┼───────┴─┬─────────┤                         
│                │  2 ~ 3 BOX  10%  │ 4 ~ 5 BOX  15%   │                         
│      할인      ├─────────┼─────────┤                         
│                │  6 BOX 이상  20% │                  │                         
└────────┴─────────┴─────────┘                         
  * 규격은 화물의 세변(가로, 세로, 높이) 합 적용                                 
  * 최장변의 규격제한은 160cm 적용                                               
  * 섬지역은 기상이변 등 현지사정에 의해 불가피하게 배송이                             
    지연될 수 있슴.(식품류 접수시 유의)","┌──────────┬──────────┐
│    편도 이용시     │    왕복 이용시     │
├──────────┼──────────┤
│      13,000원      │      23,000원      │
├──────────┴──────────┤
│■ 골프백 판매(이용)                      │
├──────────┬──────────┤
│● 1회용     5,000원│● 일반형   20,000원│
├──────────┼──────────┤
│● 고급형   35,000원│● 임대형       무료│
└──────────┴──────────┘
  * 임대형은 왕복 이용시에만 사용 가능
  * 운송료는 전국 동일 가격(제주포함) 적용
  * 예약은 골프경기 4일전까지",3.0,25.0,1
C:/projects/myproject/QDQM/DS_Input/Internal/상품코드.csv,상품코드.csv,서비스지역 및 요율,UNIQUE,Master,10.0,12.0,"[""ssssssssssssssssssss"", ""s KKK KKss  - KKK KK"", ""s KKKK KKss   s KKKK"", ""n.KKKK: KKKKKK (nK K"", ""s KK : KKK KKKK KK K"", ""s KKK KK : KKKss    "", ""s KK : KKK"", ""s KK : KK KK KKKK KK"", ""s KKKKKKKss   - KK :"", ""n.KKKK(KKKKKK)saasss""]","[25.0, 8.33, 8.33, 8.33, 8.33, 8.33, 8.33, 8.33, 8.33, 8.33]",s KKK KKss  - KKK KK,"○ 서비스 요금
  - 계약에 의해 협의 후 요금 책정(건당 1,000원 수준)","○ 서비스 요금
  - 계약에 의해 협의 후 요금 책정(건당 1,000원 수준)","○ 서비스 요금
  - 계약에 의해 협의 후 요금 책정(건당 1,000원 수준)",1.0,8.33,2
C:/projects/myproject/QDQM/DS_Input/Internal/상품코드.csv,상품코드.csv,서비스지역 및 요율,UNIQUE,Master,10.0,12.0,"[""ssssssssssssssssssss"", ""s KKK KKss  - KKK KK"", ""s KKKK KKss   s KKKK"", ""n.KKKK: KKKKKK (nK K"", ""s KK : KKK KKKK KK K"", ""s KKK KK : KKKss    "", ""s KK : KKK"", ""s KK : KK KK KKKK KK"", ""s KKKKKKKss   - KK :"", ""n.KKKK(KKKKKK)saasss""]","[25.0, 8.33, 8.33, 8.33, 8.33, 8.33, 8.33, 8.33, 8.33, 8.33]",s KKKK KKss   s KKKK,"○ 별도요금 없음
   ※ 행사시마다 할인율 상이","○ 별도요금 없음
   ※ 행사시마다 할인율 상이","○ 별도요금 없음
   ※ 행사시마다 할인율 상이",1.0,8.33,3
C:/projects/myproject/QDQM/DS_Input/Internal/상품코드.csv,상품코드.csv,설명,UNIQUE,Master,46.0,46.0,"[""n. KKKs KKKKKKs KKKK"", ""KKK KK KK KKKK.."", ""K KKKKK(KK KKs K KK)"", ""KKKK"", ""KKKKKK KKK KKKKKKssA"", ""KK KKKK KKKK K AAAA "", ""KKK KKKK KKK KK.."", ""AAAAKKK KKKK  KK KKK"", ""KKK KKK KKK KK KKK K"", ""KKKK KKK KKK KKKKK K""]","[2.17, 2.17, 2.17, 2.17, 2.17, 2.17, 2.17, 2.17, 2.17, 2.17]",n. KKKs KKKKKKs KKKK,"1. 제주도, 단체골프여행, 해외골프 고객 대상으로 골프백을 집에서부터 전국 골프장(해외골프의 경우는 인천공항)까지 배달하는 서비스","1. 제주도, 단체골프여행, 해외골프 고객 대상으로 골프백을 집에서부터 전국 골프장(해외골프의 경우는 인천공항)까지 배달하는 서비스","1. 제주도, 단체골프여행, 해외골프 고객 대상으로 골프백을 집에서부터 전국 골프장(해외골프의 경우는 인천공항)까지 배달하는 서비스",1.0,2.17,1
C:/projects/myproject/QDQM/DS_Input/Internal/상품코드.csv,상품코드.csv,설명,UNIQUE,Master,46.0,46.0,"[""n. KKKs KKKKKKs KKKK"", ""KKK KK KK KKKK.."", ""K KKKKK(KK KKs K KK)"", ""KKKK"", ""KKKKKK KKK KKKKKKssA"", ""KK KKKK KKKK K AAAA "", ""KKK KKKK KKK KK.."", ""AAAAKKK KKKK  KK KKK"", ""KKK KKK KKK KK KKK K"", ""KKKK KKK KKK KKKKK K""]","[2.17, 2.17, 2.17, 2.17, 2.17, 2.17, 2.17, 2.17, 2.17, 2.17]",KKK KK KK KKKK..,긴급한 서류 또는 소화물을..,긴급한 서류 또는 소화물을..,긴급한 서류 또는 소화물을..,1.0,2.17,2
C:/projects/myproject/QDQM/DS_Input/Internal/상품코드.csv,상품코드.csv,설명,UNIQUE,Master,46.0,46.0,"[""n. KKKs KKKKKKs KKKK"", ""KKK KK KK KKKK.."", ""K KKKKK(KK KKs K KK)"", ""KKKK"", ""KKKKKK KKK KKKKKKssA"", ""KK KKKK KKKK K AAAA "", ""KKK KKKK KKK KK.."", ""AAAAKKK KKKK  KK KKK"", ""KKK KKK KKK KK KKK K"", ""KKKK KKK KKK KKKKK K""]","[2.17, 2.17, 2.17, 2.17, 2.17, 2.17, 2.17, 2.17, 2.17, 2.17]",K KKKKK(KK KKs K KK),"퀵 배송서비스(일반 집하, 퀵 배송)","퀵 배송서비스(일반 집하, 퀵 배송)","퀵 배송서비스(일반 집하, 퀵 배송)",1.0,2.17,3
C:/projects/myproject/QDQM/DS_Input/Internal/상품코드.csv,상품코드.csv,접수시주의사항,URL,Master,2.0,62.0,"[""aaaa://aaaaaa.aaaaaa"", ""n. KKKK KKK KKK KKss""]","[98.39, 1.61]",aaaa://aaaaaa.aaaaaa,http://nhanex.hanjin.co.kr:7777/_html/AM_dlv.htm,http://nhanex.hanjin.co.kr:7777/_html/ski_20070112.htm,http://nhanex.hanjin.co.kr:7777/_html/S26.htm,61.0,98.39,1
C:/projects/myproject/QDQM/DS_Input/Internal/상품코드.csv,상품코드.csv,접수시주의사항,URL,Master,2.0,62.0,"[""aaaa://aaaaaa.aaaaaa"", ""n. KKKK KKK KKK KKss""]","[98.39, 1.61]",n. KKKK KKK KKK KKss,"1. 휴일배송 스티커 부착후 발송
   휴일배송 화물 별도 분류하여 간선차량 후미에 선적
   휴일배송 리스트에 전산등록","1. 휴일배송 스티커 부착후 발송
   휴일배송 화물 별도 분류하여 간선차량 후미에 선적
   휴일배송 리스트에 전산등록","1. 휴일배송 스티커 부착후 발송
   휴일배송 화물 별도 분류하여 간선차량 후미에 선적
   휴일배송 리스트에 전산등록",1.0,1.61,2
C:/projects/myproject/QDQM/DS_Input/Internal/상품코드.csv,상품코드.csv,최종변경일시,TIME,Master,1.0,1.0,"[""nn:nn.n""]",[100.0],nn:nn.n,17:42.9,17:42.9,17:42.9,152.0,100.0,1
C:/projects/myproject/QDQM/DS_Input/Internal/상품코드.csv,상품코드.csv,판매중지일,YYYYMMDD,Master,1.0,17.0,"[""nnnnnnnn""]",[100.0],nnnnnnnn,19990601,20170502,20090915,53.0,100.0,1
C:/projects/myproject/QDQM/DS_Input/Internal/상품코드.csv,상품코드.csv,화물종류,Alpha_Flag,Master,1.0,2.0,"[""A""]",[100.0],A,D,N,N,48.0,100.0,1
C:/projects/myproject/QDQM/DS_Input/Internal/선박.csv,선박.csv,ETL일시,TIME,Master,1.0,1.0,"[""nn:nn.n""]",[100.0],nn:nn.n,01:47.4,01:47.4,01:47.4,10000.0,100.0,1
C:/projects/myproject/QDQM/DS_Input/Internal/선박.csv,선박.csv,비고,,Master,1.0,1.0,"[""aaaaK KK""]",[100.0],aaaaK KK,port에 없음,port에 없음,port에 없음,1.0,100.0,1
C:/projects/myproject/QDQM/DS_Input/Internal/선박.csv,선박.csv,사용여부,YN_Flag,Master,1.0,2.0,"[""A""]",[100.0],A,N,Y,Y,10000.0,100.0,1
C:/projects/myproject/QDQM/DS_Input/Internal/선박.csv,선박.csv,선박명_영문,,Master,835.0,8704.0,"[""AAAAAA"", ""AAAAAAA"", ""AAAAA"", ""AAAAAAAA"", ""AAAA AAAAA"", ""AAAAA AAAAAA"", ""AAA AAAAA"", ""AAA AAAAAAA"", ""AAA AAAAAA"", ""AAAAAA AAAAAA""]","[3.55, 3.37, 2.56, 2.45, 2.41, 2.21, 2.19, 2.15, 2.12, 2.11]",AAAAAA,ADONIS,ZUHAYR,LUCHOW,320.0,3.55,1
C:/projects/myproject/QDQM/DS_Input/Internal/선박.csv,선박.csv,선박명_영문,,Master,835.0,8704.0,"[""AAAAAA"", ""AAAAAAA"", ""AAAAA"", ""AAAAAAAA"", ""AAAA AAAAA"", ""AAAAA AAAAAA"", ""AAA AAAAA"", ""AAA AAAAAAA"", ""AAA AAAAAA"", ""AAAAAA AAAAAA""]","[3.55, 3.37, 2.56, 2.45, 2.41, 2.21, 2.19, 2.15, 2.12, 2.11]",AAAAAAA,ADALINE,ZEFYROS,MANDALA,304.0,3.37,2
C:/projects/myproject/QDQM/DS_Input/Internal/선박.csv,선박.csv,선박명_영문,,Master,835.0,8704.0,"[""AAAAAA"", ""AAAAAAA"", ""AAAAA"", ""AAAAAAAA"", ""AAAA AAAAA"", ""AAAAA AAAAAA"", ""AAA AAAAA"", ""AAA AAAAAAA"", ""AAA AAAAAA"", ""AAAAAA AAAAAA""]","[3.55, 3.37, 2.56, 2.45, 2.41, 2.21, 2.19, 2.15, 2.12, 2.11]",AAAAA,ABYAN,YUNGA,KORYU,231.0,2.56,3
C:/projects/myproject/QDQM/DS_Input/Internal/선박.csv,선박.csv,선박명_한글,,Master,834.0,8712.0,"[""AAAAAA"", ""AAAAAAA"", ""AAAAA"", ""AAAAAAAA"", ""AAAA AAAAA"", ""AAAAA AAAAAA"", ""AAA AAAAA"", ""AAA AAAAAAA"", ""AAA AAAAAA"", ""AAAAAA AAAAAA""]","[3.55, 3.37, 2.56, 2.44, 2.4, 2.2, 2.16, 2.13, 2.12, 2.1]",AAAAAA,ADONIS,ZUHAYR,LUCHOW,320.0,3.55,1
C:/projects/myproject/QDQM/DS_Input/Internal/선박.csv,선박.csv,선박명_한글,,Master,834.0,8712.0,"[""AAAAAA"", ""AAAAAAA"", ""AAAAA"", ""AAAAAAAA"", ""AAAA AAAAA"", ""AAAAA AAAAAA"", ""AAA AAAAA"", ""AAA AAAAAAA"", ""AAA AAAAAA"", ""AAAAAA AAAAAA""]","[3.55, 3.37, 2.56, 2.44, 2.4, 2.2, 2.16, 2.13, 2.12, 2.1]",AAAAAAA,ADALINE,ZEFYROS,MANDALA,304.0,3.37,2
C:/projects/myproject/QDQM/DS_Input/Internal/선박.csv,선박.csv,선박명_한글,,Master,834.0,8712.0,"[""AAAAAA"", ""AAAAAAA"", ""AAAAA"", ""AAAAAAAA"", ""AAAA AAAAA"", ""AAAAA AAAAAA"", ""AAA AAAAA"", ""AAA AAAAAAA"", ""AAA AAAAAA"", ""AAAAAA AAAAAA""]","[3.55, 3.37, 2.56, 2.44, 2.4, 2.2, 2.16, 2.13, 2.12, 2.1]",AAAAA,ABYAN,YUNGA,KORYU,231.0,2.56,3
C:/projects/myproject/QDQM/DS_Input/Internal/선박.csv,선박.csv,선박종류코드,,Master,1.0,9.0,"[""nn""]",[100.0],nn,11,99,21,9032.0,100.0,1
C:/projects/myproject/QDQM/DS_Input/Internal/선박.csv,선박.csv,선박코드,UNIQUE,Master,65.0,10000.0,"[""AnAAn"", ""AAAAn"", ""nAAAn"", ""AAAA"", ""nnnnnn"", ""nAnnnn"", ""AnAA"", ""nAAnnnn"", ""AnAnnnn"", ""nAAA""]","[21.1, 19.39, 18.45, 9.97, 8.18, 6.28, 5.48, 3.83, 2.58, 2.2]",AnAAn,A8AJ3,V7ZZ9,P3VZ9,2110.0,21.1,1
C:/projects/myproject/QDQM/DS_Input/Internal/선박.csv,선박.csv,선박코드,UNIQUE,Master,65.0,10000.0,"[""AnAAn"", ""AAAAn"", ""nAAAn"", ""AAAA"", ""nnnnnn"", ""nAnnnn"", ""AnAA"", ""nAAnnnn"", ""AnAnnnn"", ""nAAA""]","[21.1, 19.39, 18.45, 9.97, 8.18, 6.28, 5.48, 3.83, 2.58, 2.2]",AAAAn,BBCH3,ZQAY4,UBVF9,1939.0,19.39,2
C:/projects/myproject/QDQM/DS_Input/Internal/선박.csv,선박.csv,선박코드,UNIQUE,Master,65.0,10000.0,"[""AnAAn"", ""AAAAn"", ""nAAAn"", ""AAAA"", ""nnnnnn"", ""nAnnnn"", ""AnAA"", ""nAAnnnn"", ""AnAnnnn"", ""nAAA""]","[21.1, 19.39, 18.45, 9.97, 8.18, 6.28, 5.48, 3.83, 2.58, 2.2]",nAAAn,2ABB2,9WUQ7,3FJW9,1845.0,18.45,3
C:/projects/myproject/QDQM/DS_Input/Internal/선박.csv,선박.csv,선사코드,,Master,5.0,646.0,"[""AAAnnnn"", ""nAAAnnnn"", ""AAnnnn"", ""AAA AAAAA"", ""AAAAAA""]","[99.89, 0.04, 0.04, 0.02, 0.02]",AAAnnnn,BSB2479,YSZ4597,KMC8410,5553.0,99.89,1
C:/projects/myproject/QDQM/DS_Input/Internal/선박.csv,선박.csv,선사코드,,Master,5.0,646.0,"[""AAAnnnn"", ""nAAAnnnn"", ""AAnnnn"", ""AAA AAAAA"", ""AAAAAA""]","[99.89, 0.04, 0.04, 0.02, 0.02]",nAAAnnnn,3MPC2013,4BSK3228,4BSK3228,2.0,0.04,2
C:/projects/myproject/QDQM/DS_Input/Internal/선박.csv,선박.csv,선사코드,,Master,5.0,646.0,"[""AAAnnnn"", ""nAAAnnnn"", ""AAnnnn"", ""AAA AAAAA"", ""AAAAAA""]","[99.89, 0.04, 0.04, 0.02, 0.02]",AAnnnn,BG0001,BG0001,BG0001,2.0,0.04,3
C:/projects/myproject/QDQM/DS_Input/Internal/선박.csv,선박.csv,외내항구분,Num_Flag,Master,1.0,2.0,"[""n""]",[100.0],n,1,2,1,10000.0,100.0,1
C:/projects/myproject/QDQM/DS_Input/Internal/선박.csv,선박.csv,처리일시,,Master,2.0,128.0,"[""n.nnnnnAsnn"", ""n.nnnnAsnn""]","[91.83, 8.17]",n.nnnnnAsnn,2.01309E+13,2.02312E+13,2.01703E+13,9178.0,91.83,1
C:/projects/myproject/QDQM/DS_Input/Internal/선박.csv,선박.csv,처리일시,,Master,2.0,128.0,"[""n.nnnnnAsnn"", ""n.nnnnAsnn""]","[91.83, 8.17]",n.nnnnAsnn,2.0131E+13,2.0231E+13,2.0161E+13,817.0,8.17,2
C:/projects/myproject/QDQM/DS_Input/Internal/선박.csv,선박.csv,총길이,,Master,3.0,55.0,"[""nnn"", ""nn"", ""n""]","[87.04, 12.04, 0.93]",nnn,100,320,220,94.0,87.04,1
C:/projects/myproject/QDQM/DS_Input/Internal/선박.csv,선박.csv,총길이,,Master,3.0,55.0,"[""nnn"", ""nn"", ""n""]","[87.04, 12.04, 0.93]",nn,22,95,87,13.0,12.04,2
C:/projects/myproject/QDQM/DS_Input/Internal/선박.csv,선박.csv,총길이,,Master,3.0,55.0,"[""nnn"", ""nn"", ""n""]","[87.04, 12.04, 0.93]",n,0,0,0,1.0,0.93,3
C:/projects/myproject/QDQM/DS_Input/Internal/선박.csv,선박.csv,총중량,,Master,6.0,4899.0,"[""nnnnn"", ""nnnn"", ""n"", ""nnn"", ""nnnnnn"", ""nn""]","[55.07, 22.24, 11.9, 5.58, 3.92, 1.28]",nnnnn,10021,99998,32884,5494.0,55.07,1
C:/projects/myproject/QDQM/DS_Input/Internal/선박.csv,선박.csv,총중량,,Master,6.0,4899.0,"[""nnnnn"", ""nnnn"", ""n"", ""nnn"", ""nnnnnn"", ""nn""]","[55.07, 22.24, 11.9, 5.58, 3.92, 1.28]",nnnn,1000,9999,4573,2219.0,22.24,2
C:/projects/myproject/QDQM/DS_Input/Internal/선박.csv,선박.csv,총중량,,Master,6.0,4899.0,"[""nnnnn"", ""nnnn"", ""n"", ""nnn"", ""nnnnnn"", ""nn""]","[55.07, 22.24, 11.9, 5.58, 3.92, 1.28]",n,0,7,0,1187.0,11.9,3
C:/projects/myproject/QDQM/DS_Input/Internal/선박.csv,선박.csv,최종변경일시,TIME,Master,1.0,1.0,"[""nn:nn.n""]",[100.0],nn:nn.n,01:47.4,01:47.4,01:47.4,10000.0,100.0,1
C:/projects/myproject/QDQM/DS_Input/Internal/선석.csv,선석.csv,ETL일시,TIMESTAMP,Master,1.0,1.0,"[""nnnn-nn-nn nn:nn:nn.""]",[100.0],nnnn-nn-nn nn:nn:nn.,2023-12-26 03:02:42.412000,2023-12-26 03:02:42.412000,2023-12-26 03:02:42.412000,978.0,100.0,1
C:/projects/myproject/QDQM/DS_Input/Internal/선석.csv,선석.csv,국가코드,SINGLE VALUE,Master,1.0,1.0,"[""AA""]",[100.0],AA,KR,KR,KR,978.0,100.0,1
C:/projects/myproject/QDQM/DS_Input/Internal/선석.csv,선석.csv,본선구분,Alpha_Flag,Master,1.0,1.0,"[""A""]",[100.0],A,V,V,V,74.0,100.0,1
C:/projects/myproject/QDQM/DS_Input/Internal/선석.csv,선석.csv,비고,,Master,3.0,3.0,"[""KKKK KK KKKK"", ""KKKKKKKK"", ""A-AAAnnn""]","[50.0, 40.0, 10.0]",KKKK KK KKKK,요청으로 인한 사용중지,요청으로 인한 사용중지,요청으로 인한 사용중지,5.0,50.0,1
C:/projects/myproject/QDQM/DS_Input/Internal/선석.csv,선석.csv,비고,,Master,3.0,3.0,"[""KKKK KK KKKK"", ""KKKKKKKK"", ""A-AAAnnn""]","[50.0, 40.0, 10.0]",KKKKKKKK,싸이로팀사용안함,싸이로팀사용안함,싸이로팀사용안함,4.0,40.0,2
C:/projects/myproject/QDQM/DS_Input/Internal/선석.csv,선석.csv,비고,,Master,3.0,3.0,"[""KKKK KK KKKK"", ""KKKKKKKK"", ""A-AAAnnn""]","[50.0, 40.0, 10.0]",A-AAAnnn,C-JEJ004,C-JEJ004,C-JEJ004,1.0,10.0,3
C:/projects/myproject/QDQM/DS_Input/Internal/선석.csv,선석.csv,사용여부,YN_Flag,Master,1.0,2.0,"[""A""]",[100.0],A,N,Y,Y,978.0,100.0,1
C:/projects/myproject/QDQM/DS_Input/Internal/선석.csv,선석.csv,선석길이,,Master,5.0,132.0,"[""nnn"", ""n"", ""nn"", ""nnn.n"", ""nnnn""]","[78.43, 12.07, 7.57, 1.23, 0.72]",nnn,100,999,200,767.0,78.43,1
C:/projects/myproject/QDQM/DS_Input/Internal/선석.csv,선석.csv,선석길이,,Master,5.0,132.0,"[""nnn"", ""n"", ""nn"", ""nnn.n"", ""nnnn""]","[78.43, 12.07, 7.57, 1.23, 0.72]",n,0,1,0,118.0,12.07,2
C:/projects/myproject/QDQM/DS_Input/Internal/선석.csv,선석.csv,선석길이,,Master,5.0,132.0,"[""nnn"", ""n"", ""nn"", ""nnn.n"", ""nnnn""]","[78.43, 12.07, 7.57, 1.23, 0.72]",nn,10,95,60,74.0,7.57,3
C:/projects/myproject/QDQM/DS_Input/Internal/선석.csv,선석.csv,선석명,Text,Master,146.0,719.0,"[""KKKK"", ""nKK nnKK"", ""nKK nnKK A"", ""AKK Ann"", ""KKKK nn"", ""K nKK nnKK"", ""KK nKK nKK"", ""nKK nn"", ""KKKKKK"", ""KKKK nnKK""]","[24.44, 9.2, 4.91, 3.27, 2.97, 2.86, 2.15, 1.94, 1.94, 1.94]",KKKK,가스부두,효성부두,목포선석,239.0,24.44,1
C:/projects/myproject/QDQM/DS_Input/Internal/선석.csv,선석.csv,선석명,Text,Master,146.0,719.0,"[""KKKK"", ""nKK nnKK"", ""nKK nnKK A"", ""AKK Ann"", ""KKKK nn"", ""K nKK nnKK"", ""KK nKK nKK"", ""nKK nn"", ""KKKKKK"", ""KKKK nnKK""]","[24.44, 9.2, 4.91, 3.27, 2.97, 2.86, 2.15, 1.94, 1.94, 1.94]",nKK nnKK,1부두 10선석,8부두 84선석,3부두 34선석,90.0,9.2,2
C:/projects/myproject/QDQM/DS_Input/Internal/선석.csv,선석.csv,선석명,Text,Master,146.0,719.0,"[""KKKK"", ""nKK nnKK"", ""nKK nnKK A"", ""AKK Ann"", ""KKKK nn"", ""K nKK nnKK"", ""KK nKK nKK"", ""nKK nn"", ""KKKKKK"", ""KKKK nnKK""]","[24.44, 9.2, 4.91, 3.27, 2.97, 2.86, 2.15, 1.94, 1.94, 1.94]",nKK nnKK A,3부두 31선석 A,8부두 87선석 B,7부두 72선석 A,48.0,4.91,3
C:/projects/myproject/QDQM/DS_Input/Internal/선석.csv,선석.csv,선석코드,,Master,6.0,545.0,"[""AAA-nn"", ""AAn-nn"", ""AAn-nA"", ""sAA-nn"", ""AAA-An"", ""AAA-AA""]","[61.76, 30.37, 6.54, 0.82, 0.41, 0.1]",AAA-nn,CHW-01,WWY-01,MDO-01,604.0,61.76,1
C:/projects/myproject/QDQM/DS_Input/Internal/선석.csv,선석.csv,선석코드,,Master,6.0,545.0,"[""AAA-nn"", ""AAn-nn"", ""AAn-nA"", ""sAA-nn"", ""AAA-An"", ""AAA-AA""]","[61.76, 30.37, 6.54, 0.82, 0.41, 0.1]",AAn-nn,MB1-00,OL4-01,MB5-03,297.0,30.37,2
C:/projects/myproject/QDQM/DS_Input/Internal/선석.csv,선석.csv,선석코드,,Master,6.0,545.0,"[""AAA-nn"", ""AAn-nn"", ""AAn-nA"", ""sAA-nn"", ""AAA-An"", ""AAA-AA""]","[61.76, 30.37, 6.54, 0.82, 0.41, 0.1]",AAn-nA,MB3-1A,MB8-7B,MB7-0G,64.0,6.54,3
C:/projects/myproject/QDQM/DS_Input/Internal/선석.csv,선석.csv,수심,,Master,30.0,211.0,"[""nsn.n"", ""nsn"", ""nn-nn"", ""nsnn"", ""nnn.nsnnn.n"", ""nnsnn"", ""n-n"", ""n.n-n.n"", ""s"", ""snn""]","[24.69, 21.06, 9.85, 9.44, 6.33, 6.22, 5.08, 3.94, 3.11, 1.76]",nsn.n,0~4.4,5~8.2,0~7.5,238.0,24.69,1
C:/projects/myproject/QDQM/DS_Input/Internal/선석.csv,선석.csv,수심,,Master,30.0,211.0,"[""nsn.n"", ""nsn"", ""nn-nn"", ""nsnn"", ""nnn.nsnnn.n"", ""nnsnn"", ""n-n"", ""n.n-n.n"", ""s"", ""snn""]","[24.69, 21.06, 9.85, 9.44, 6.33, 6.22, 5.08, 3.94, 3.11, 1.76]",nsn,0~0,9~0,0~0,203.0,21.06,2
C:/projects/myproject/QDQM/DS_Input/Internal/선석.csv,선석.csv,수심,,Master,30.0,211.0,"[""nsn.n"", ""nsn"", ""nn-nn"", ""nsnn"", ""nnn.nsnnn.n"", ""nnsnn"", ""n-n"", ""n.n-n.n"", ""s"", ""snn""]","[24.69, 21.06, 9.85, 9.44, 6.33, 6.22, 5.08, 3.94, 3.11, 1.76]",nn-nn,10-10,99-99,11-11,95.0,9.85,3
C:/projects/myproject/QDQM/DS_Input/Internal/선석.csv,선석.csv,업체코드,,Master,1.0,71.0,"[""A-AAAnnn""]",[100.0],A-AAAnnn,C-BOR001,C-USN008,C-INC099,473.0,100.0,1
C:/projects/myproject/QDQM/DS_Input/Internal/선석.csv,선석.csv,정산용선석명,,Master,9.0,193.0,"[""A - n"", ""n - n"", ""n - nn"", ""n - A"", ""nn"", ""A - nn"", ""n"", ""AAAAAA AAAAA - n"", ""nn - n""]","[56.28, 28.26, 11.35, 1.69, 0.97, 0.48, 0.48, 0.24, 0.24]",A - n,A - 1,Y - 3,M - 4,233.0,56.28,1
C:/projects/myproject/QDQM/DS_Input/Internal/선석.csv,선석.csv,정산용선석명,,Master,9.0,193.0,"[""A - n"", ""n - n"", ""n - nn"", ""n - A"", ""nn"", ""A - nn"", ""n"", ""AAAAAA AAAAA - n"", ""nn - n""]","[56.28, 28.26, 11.35, 1.69, 0.97, 0.48, 0.48, 0.24, 0.24]",n - n,1 - 1,9 - 2,4 - 4,117.0,28.26,2
C:/projects/myproject/QDQM/DS_Input/Internal/선석.csv,선석.csv,정산용선석명,,Master,9.0,193.0,"[""A - n"", ""n - n"", ""n - nn"", ""n - A"", ""nn"", ""A - nn"", ""n"", ""AAAAAA AAAAA - n"", ""nn - n""]","[56.28, 28.26, 11.35, 1.69, 0.97, 0.48, 0.48, 0.24, 0.24]",n - nn,1 - 10,8 - 86,4 - 40,47.0,11.35,3
C:/projects/myproject/QDQM/DS_Input/Internal/선석.csv,선석.csv,조직코드,YEARMONTH,Master,1.0,14.0,"[""nnnnnn""]",[100.0],nnnnnn,111111,511113,311111,604.0,100.0,1
C:/projects/myproject/QDQM/DS_Input/Internal/선석.csv,선석.csv,조회순번,,Master,3.0,14.0,"[""nnn"", ""nn"", ""n""]","[84.05, 13.19, 2.76]",nnn,999,999,999,822.0,84.05,1
C:/projects/myproject/QDQM/DS_Input/Internal/선석.csv,선석.csv,조회순번,,Master,3.0,14.0,"[""nnn"", ""nn"", ""n""]","[84.05, 13.19, 2.76]",nn,10,13,12,129.0,13.19,2
C:/projects/myproject/QDQM/DS_Input/Internal/선석.csv,선석.csv,조회순번,,Master,3.0,14.0,"[""nnn"", ""nn"", ""n""]","[84.05, 13.19, 2.76]",n,1,9,4,27.0,2.76,3
C:/projects/myproject/QDQM/DS_Input/Internal/선석.csv,선석.csv,최종변경일시,TIMESTAMP,Master,1.0,1.0,"[""nnnn-nn-nn nn:nn:nn.""]",[100.0],nnnn-nn-nn nn:nn:nn.,2023-12-26 03:02:42.412000,2023-12-26 03:02:42.412000,2023-12-26 03:02:42.412000,978.0,100.0,1
C:/projects/myproject/QDQM/DS_Input/Internal/선석.csv,선석.csv,한진소유여부,YN_Flag,Master,1.0,2.0,"[""A""]",[100.0],A,N,Y,N,978.0,100.0,1
C:/projects/myproject/QDQM/DS_Input/Internal/선석.csv,선석.csv,항구상세코드,,Master,1.0,18.0,"[""A-AAAnnn""]",[100.0],A-AAAnnn,P-BOR001,P-USN001,P-JEJ003,830.0,100.0,1
C:/projects/myproject/QDQM/DS_Input/Internal/선석.csv,선석.csv,항구코드,,Master,1.0,10.0,"[""AAA""]",[100.0],AAA,BOR,USN,INC,978.0,100.0,1
C:/projects/myproject/QDQM/DS_Input/Internal/신용등급.csv,신용등급.csv,FROM점수,,Master,2.0,5.0,"[""nn"", ""n""]","[80.0, 20.0]",nn,60,90,80,4.0,80.0,1
C:/projects/myproject/QDQM/DS_Input/Internal/신용등급.csv,신용등급.csv,FROM점수,,Master,2.0,5.0,"[""nn"", ""n""]","[80.0, 20.0]",n,0,0,0,1.0,20.0,2
C:/projects/myproject/QDQM/DS_Input/Internal/신용등급.csv,신용등급.csv,TO점수,,Master,2.0,5.0,"[""nn"", ""nnn""]","[80.0, 20.0]",nn,59,89,79,4.0,80.0,1
C:/projects/myproject/QDQM/DS_Input/Internal/신용등급.csv,신용등급.csv,TO점수,,Master,2.0,5.0,"[""nn"", ""nnn""]","[80.0, 20.0]",nnn,100,100,100,1.0,20.0,2
C:/projects/myproject/QDQM/DS_Input/Internal/신용등급.csv,신용등급.csv,dt_reg,,Master,1.0,1.0,"[""nnnnnnnn""]",[100.0],nnnnnnnn,20011201,20011201,20011201,6.0,100.0,1
C:/projects/myproject/QDQM/DS_Input/Internal/신용등급.csv,신용등급.csv,etl_dtm,,Master,1.0,1.0,"[""nnnn-nn-nn nn:nn:nn.""]",[100.0],nnnn-nn-nn nn:nn:nn.,2023-12-26 03:35:26.532000,2023-12-26 03:35:26.532000,2023-12-26 03:35:26.532000,6.0,100.0,1
C:/projects/myproject/QDQM/DS_Input/Internal/신용등급.csv,신용등급.csv,last_update_dtm,,Master,1.0,1.0,"[""nnnn-nn-nn nn:nn:nn.""]",[100.0],nnnn-nn-nn nn:nn:nn.,2023-12-26 03:35:26.532000,2023-12-26 03:35:26.532000,2023-12-26 03:35:26.532000,6.0,100.0,1
C:/projects/myproject/QDQM/DS_Input/Internal/신용등급.csv,신용등급.csv,yn_abd,,Master,1.0,1.0,"[""A""]",[100.0],A,N,N,N,6.0,100.0,1
C:/projects/myproject/QDQM/DS_Input/Internal/신용등급.csv,신용등급.csv,신용등급명,,Master,3.0,6.0,"[""KK"", ""KKKK"", ""KKK""]","[50.0, 33.33, 16.67]",KK,미달,우수,보통,3.0,50.0,1
C:/projects/myproject/QDQM/DS_Input/Internal/신용등급.csv,신용등급.csv,신용등급명,,Master,3.0,6.0,"[""KK"", ""KKKK"", ""KKK""]","[50.0, 33.33, 16.67]",KKKK,불량징후,신규등록,신규등록,2.0,33.33,2
C:/projects/myproject/QDQM/DS_Input/Internal/신용등급.csv,신용등급.csv,신용등급명,,Master,3.0,6.0,"[""KK"", ""KKKK"", ""KKK""]","[50.0, 33.33, 16.67]",KKK,최우수,최우수,최우수,1.0,16.67,3
C:/projects/myproject/QDQM/DS_Input/Internal/신용등급.csv,신용등급.csv,신용등급코드,,Master,1.0,6.0,"[""A""]",[100.0],A,A,Y,D,6.0,100.0,1
C:/projects/myproject/QDQM/DS_Input/Internal/신용등급.csv,신용등급.csv,처리자사번,,Master,1.0,1.0,"[""nnnnnnn""]",[100.0],nnnnnnn,9508203,9508203,9508203,6.0,100.0,1
C:/projects/myproject/QDQM/DS_Input/Internal/영업소.csv,영업소.csv,ETL일시,TIME,Master,1.0,1.0,"[""nn:nn.n""]",[100.0],nn:nn.n,03:50.9,03:50.9,03:50.9,146.0,100.0,1
C:/projects/myproject/QDQM/DS_Input/Internal/영업소.csv,영업소.csv,건평,,Master,3.0,9.0,"[""nnn"", ""n"", ""nn""]","[67.81, 31.51, 0.68]",nnn,100,900,100,99.0,67.81,1
C:/projects/myproject/QDQM/DS_Input/Internal/영업소.csv,영업소.csv,건평,,Master,3.0,9.0,"[""nnn"", ""n"", ""nn""]","[67.81, 31.51, 0.68]",n,0,0,0,46.0,31.51,2
C:/projects/myproject/QDQM/DS_Input/Internal/영업소.csv,영업소.csv,건평,,Master,3.0,9.0,"[""nnn"", ""n"", ""nn""]","[67.81, 31.51, 0.68]",nn,50,50,50,1.0,0.68,3
C:/projects/myproject/QDQM/DS_Input/Internal/영업소.csv,영업소.csv,계약구분,Num_Flag,Master,1.0,4.0,"[""n""]",[100.0],n,0,3,2,146.0,100.0,1
C:/projects/myproject/QDQM/DS_Input/Internal/영업소.csv,영업소.csv,계약영업소코드,,Master,1.0,71.0,"[""nnn""]",[100.0],nnn,100,999,275,76.0,100.0,1
C:/projects/myproject/QDQM/DS_Input/Internal/영업소.csv,영업소.csv,구동분류기구분값,Alpha_Flag,Master,1.0,2.0,"[""A""]",[100.0],A,L,R,L,95.0,100.0,1
C:/projects/myproject/QDQM/DS_Input/Internal/영업소.csv,영업소.csv,반품송장권역ZONE,Num_Flag,Master,1.0,7.0,"[""n""]",[100.0],n,1,7,2,122.0,100.0,1
C:/projects/myproject/QDQM/DS_Input/Internal/영업소.csv,영업소.csv,보증금,,Master,4.0,6.0,"[""n"", ""nnnnnnnn"", ""nnnnnnn"", ""nnn""]","[95.21, 3.42, 0.68, 0.68]",n,0,1,0,139.0,95.21,1
C:/projects/myproject/QDQM/DS_Input/Internal/영업소.csv,영업소.csv,보증금,,Master,4.0,6.0,"[""n"", ""nnnnnnnn"", ""nnnnnnn"", ""nnn""]","[95.21, 3.42, 0.68, 0.68]",nnnnnnnn,15000000,20000000,15000000,5.0,3.42,2
C:/projects/myproject/QDQM/DS_Input/Internal/영업소.csv,영업소.csv,보증금,,Master,4.0,6.0,"[""n"", ""nnnnnnnn"", ""nnnnnnn"", ""nnn""]","[95.21, 3.42, 0.68, 0.68]",nnnnnnn,5000000,5000000,5000000,1.0,0.68,3
C:/projects/myproject/QDQM/DS_Input/Internal/영업소.csv,영업소.csv,보험증권번호,,Master,9.0,11.0,"[""n"", ""nnnnnnnnnnnnnnnnnnnn"", ""nnnnnn"", ""nnnnnnnnn"", ""nnnnnnnnnnn"", ""nnnnnnnnnnnnnnn"", ""nnnnnnnnnnnnnnnnn"", ""nnnnnnnnnn"", ""nn""]","[71.74, 8.7, 4.35, 4.35, 2.17, 2.17, 2.17, 2.17, 2.17]",n,0,1,1,33.0,71.74,1
C:/projects/myproject/QDQM/DS_Input/Internal/영업소.csv,영업소.csv,보험증권번호,,Master,9.0,11.0,"[""n"", ""nnnnnnnnnnnnnnnnnnnn"", ""nnnnnn"", ""nnnnnnnnn"", ""nnnnnnnnnnn"", ""nnnnnnnnnnnnnnn"", ""nnnnnnnnnnnnnnnnn"", ""nnnnnnnnnn"", ""nn""]","[71.74, 8.7, 4.35, 4.35, 2.17, 2.17, 2.17, 2.17, 2.17]",nnnnnnnnnnnnnnnnnnnn,00000000000000000000,00000000000000000000,00000000000000000000,4.0,8.7,2
C:/projects/myproject/QDQM/DS_Input/Internal/영업소.csv,영업소.csv,보험증권번호,,Master,9.0,11.0,"[""n"", ""nnnnnnnnnnnnnnnnnnnn"", ""nnnnnn"", ""nnnnnnnnn"", ""nnnnnnnnnnn"", ""nnnnnnnnnnnnnnn"", ""nnnnnnnnnnnnnnnnn"", ""nnnnnnnnnn"", ""nn""]","[71.74, 8.7, 4.35, 4.35, 2.17, 2.17, 2.17, 2.17, 2.17]",nnnnnn,000000,000000,000000,2.0,4.35,3
C:/projects/myproject/QDQM/DS_Input/Internal/영업소.csv,영업소.csv,분류터미널구분,Num_Flag,Master,1.0,2.0,"[""n""]",[100.0],n,1,2,1,146.0,100.0,1
C:/projects/myproject/QDQM/DS_Input/Internal/영업소.csv,영업소.csv,사업자등록번호,,Master,1.0,76.0,"[""nnnnnnnnnn""]",[100.0],nnnnnnnnnn,1198113884,8958101712,2018102823,146.0,100.0,1
C:/projects/myproject/QDQM/DS_Input/Internal/영업소.csv,영업소.csv,상위영업소코드,,Master,1.0,18.0,"[""nnn""]",[100.0],nnn,100,999,400,146.0,100.0,1
C:/projects/myproject/QDQM/DS_Input/Internal/영업소.csv,영업소.csv,설립일자,YYYYMMDD,Master,1.0,71.0,"[""nnnnnnnn""]",[100.0],nnnnnnnn,20020811,20230601,20130528,145.0,100.0,1
C:/projects/myproject/QDQM/DS_Input/Internal/영업소.csv,영업소.csv,업무개시일,YYYYMMDD,Master,1.0,69.0,"[""nnnnnnnn""]",[100.0],nnnnnnnn,20020811,20230601,20181001,146.0,100.0,1
C:/projects/myproject/QDQM/DS_Input/Internal/영업소.csv,영업소.csv,업무종료일,YYYYMMDD,Master,1.0,3.0,"[""nnnnnnnn""]",[100.0],nnnnnnnn,20090228,99991231,99991231,146.0,100.0,1
C:/projects/myproject/QDQM/DS_Input/Internal/영업소.csv,영업소.csv,업무중지일,YYYYMMDD,Master,1.0,3.0,"[""nnnnnnnn""]",[100.0],nnnnnnnn,20090228,99991231,99991231,146.0,100.0,1
C:/projects/myproject/QDQM/DS_Input/Internal/영업소.csv,영업소.csv,업종,Text,Master,23.0,39.0,"[""KK"", ""KKKKKK"", ""nnn"", ""KKKK"", ""KKK"", ""KKs KKs KKKKKKK"", ""KKK(KKKK)"", ""KKKKKKKKK"", ""KKKKKs KKKKK"", ""KK K KKK""]","[22.6, 20.55, 17.81, 16.44, 4.79, 2.05, 2.05, 1.37, 1.37, 1.37]",KK,기타,화물,택배,33.0,22.6,1
C:/projects/myproject/QDQM/DS_Input/Internal/영업소.csv,영업소.csv,업종,Text,Master,23.0,39.0,"[""KK"", ""KKKKKK"", ""nnn"", ""KKKK"", ""KKK"", ""KKs KKs KKKKKKK"", ""KKK(KKKK)"", ""KKKKKKKKK"", ""KKKKKs KKKKK"", ""KK K KKK""]","[22.6, 20.55, 17.81, 16.44, 4.79, 2.05, 2.05, 1.37, 1.37, 1.37]",KKKKKK,육상화물분류,화물육상운송,화물운송대행,30.0,20.55,2
C:/projects/myproject/QDQM/DS_Input/Internal/영업소.csv,영업소.csv,업종,Text,Master,23.0,39.0,"[""KK"", ""KKKKKK"", ""nnn"", ""KKKK"", ""KKK"", ""KKs KKs KKKKKKK"", ""KKK(KKKK)"", ""KKKKKKKKK"", ""KKKKKs KKKKK"", ""KK K KKK""]","[22.6, 20.55, 17.81, 16.44, 4.79, 2.05, 2.05, 1.37, 1.37, 1.37]",nnn,000,000,000,26.0,17.81,3
C:/projects/myproject/QDQM/DS_Input/Internal/영업소.csv,영업소.csv,업태,,Master,20.0,26.0,"[""KKK"", ""nnn"", ""KK"", ""KKKK"", ""KKKKKKK"", ""KK/KKK"", ""KKKKK"", ""KKKK KKKKKK"", ""KKsKKK"", ""KKK(KKKK)s KKK""]","[29.86, 25.69, 18.75, 6.94, 4.86, 2.08, 2.08, 1.39, 0.69, 0.69]",KKK,서비스,운수업,서비스,43.0,29.86,1
C:/projects/myproject/QDQM/DS_Input/Internal/영업소.csv,영업소.csv,업태,,Master,20.0,26.0,"[""KKK"", ""nnn"", ""KK"", ""KKKK"", ""KKKKKKK"", ""KK/KKK"", ""KKKKK"", ""KKKK KKKKKK"", ""KKsKKK"", ""KKK(KKKK)s KKK""]","[29.86, 25.69, 18.75, 6.94, 4.86, 2.08, 2.08, 1.39, 0.69, 0.69]",nnn,000,000,000,37.0,25.69,2
C:/projects/myproject/QDQM/DS_Input/Internal/영업소.csv,영업소.csv,업태,,Master,20.0,26.0,"[""KKK"", ""nnn"", ""KK"", ""KKKK"", ""KKKKKKK"", ""KK/KKK"", ""KKKKK"", ""KKKK KKKKKK"", ""KKsKKK"", ""KKK(KKKK)s KKK""]","[29.86, 25.69, 18.75, 6.94, 4.86, 2.08, 2.08, 1.39, 0.69, 0.69]",KK,운보,운수,운수,27.0,18.75,3
C:/projects/myproject/QDQM/DS_Input/Internal/영업소.csv,영업소.csv,영업소등급,Num_Flag,Master,1.0,4.0,"[""n""]",[100.0],n,1,4,3,146.0,100.0,1
C:/projects/myproject/QDQM/DS_Input/Internal/영업소.csv,영업소.csv,영업소명,Text,Master,24.0,142.0,"[""KK"", ""KKKK"", ""An"", ""KKK"", ""KK(KK)"", ""KK(KKKK)"", ""KK(KKKKK)"", ""KK(KKK)"", ""Ann"", ""nAA(KK)""]","[42.47, 12.33, 11.64, 10.96, 4.11, 2.05, 2.05, 1.37, 1.37, 1.37]",KK,가남,호법,속초,62.0,42.47,1
C:/projects/myproject/QDQM/DS_Input/Internal/영업소.csv,영업소.csv,영업소명,Text,Master,24.0,142.0,"[""KK"", ""KKKK"", ""An"", ""KKK"", ""KK(KK)"", ""KK(KKKK)"", ""KK(KKKKK)"", ""KK(KKK)"", ""Ann"", ""nAA(KK)""]","[42.47, 12.33, 11.64, 10.96, 4.11, 2.05, 2.05, 1.37, 1.37, 1.37]",KKKK,강남지점,호남지점,김포강화,18.0,12.33,2
C:/projects/myproject/QDQM/DS_Input/Internal/영업소.csv,영업소.csv,영업소명,Text,Master,24.0,142.0,"[""KK"", ""KKKK"", ""An"", ""KKK"", ""KK(KK)"", ""KK(KKKK)"", ""KK(KKKKK)"", ""KK(KKK)"", ""Ann"", ""nAA(KK)""]","[42.47, 12.33, 11.64, 10.96, 4.11, 2.05, 2.05, 1.37, 1.37, 1.37]",An,J1,S9,S1,17.0,11.64,3
C:/projects/myproject/QDQM/DS_Input/Internal/영업소.csv,영업소.csv,영업소약명,,Master,16.0,132.0,"[""KK"", ""KKK"", ""An"", ""KK(KK)"", ""KKKK"", ""AAA"", ""KK(KKK)"", ""KK(KKKK)"", ""KKn"", ""Ann""]","[58.22, 14.38, 11.64, 2.74, 2.05, 1.37, 1.37, 1.37, 1.37, 1.37]",KK,가남,호법,세종,85.0,58.22,1
C:/projects/myproject/QDQM/DS_Input/Internal/영업소.csv,영업소.csv,영업소약명,,Master,16.0,132.0,"[""KK"", ""KKK"", ""An"", ""KK(KK)"", ""KKKK"", ""AAA"", ""KK(KKK)"", ""KK(KKKK)"", ""KKn"", ""Ann""]","[58.22, 14.38, 11.64, 2.74, 2.05, 1.37, 1.37, 1.37, 1.37, 1.37]",KKK,곤지암,직배송,북부산,21.0,14.38,2
C:/projects/myproject/QDQM/DS_Input/Internal/영업소.csv,영업소.csv,영업소약명,,Master,16.0,132.0,"[""KK"", ""KKK"", ""An"", ""KK(KK)"", ""KKKK"", ""AAA"", ""KK(KKK)"", ""KK(KKKK)"", ""KKn"", ""Ann""]","[58.22, 14.38, 11.64, 2.74, 2.05, 1.37, 1.37, 1.37, 1.37, 1.37]",An,J1,S9,S1,17.0,11.64,3
C:/projects/myproject/QDQM/DS_Input/Internal/영업소.csv,영업소.csv,영업소코드,UNIQUE,Master,2.0,146.0,"[""nnn"", ""Ann""]","[99.32, 0.68]",nnn,100,999,301,145.0,99.32,1
C:/projects/myproject/QDQM/DS_Input/Internal/영업소.csv,영업소.csv,영업소코드,UNIQUE,Master,2.0,146.0,"[""nnn"", ""Ann""]","[99.32, 0.68]",Ann,B01,B01,B01,1.0,0.68,2
C:/projects/myproject/QDQM/DS_Input/Internal/영업소.csv,영업소.csv,우편번호,,Master,1.0,74.0,"[""nnnnnn""]",[100.0],nnnnnn,000000,790826,449866,146.0,100.0,1
C:/projects/myproject/QDQM/DS_Input/Internal/영업소.csv,영업소.csv,유효기간,YYYYMMDD,Master,1.0,2.0,"[""nnnnnnnn""]",[100.0],nnnnnnnn,20040501,99991231,99991231,146.0,100.0,1
C:/projects/myproject/QDQM/DS_Input/Internal/영업소.csv,영업소.csv,주소,ADDRESS,Master,67.0,101.0,"[""KK KKK KKK KKK KKK A"", ""KKK KKK KKK KKK   KK"", ""KK KKK KKK KKK  nnn-"", ""KKK KKK KKK   nnns K"", ""KKKK KKK KKK KKK   n"", ""KKK KKK KKK KK   nnn"", ""KKK KKK KKK   KKKK n"", ""KKK KKK KKK KKK  nnn"", ""KKKKK KK KKK   KKKnn"", ""KKK KKK KKK KKK KKK ""]","[25.37, 5.22, 4.48, 3.73, 2.99, 2.24, 2.24, 1.49, 1.49, 1.49]",KK KKK KKK KKK KKK A,경기 용인시 처인구 백암면 백봉리 HANDEX 용인물류센터,경기 용인시 처인구 백암면 백봉리 HANDEX 용인물류센터  센터이용집배점,경기 용인시 처인구 백암면 백봉리 HANDEX 용인물류센터  937-4,34.0,25.37,1
C:/projects/myproject/QDQM/DS_Input/Internal/영업소.csv,영업소.csv,주소,ADDRESS,Master,67.0,101.0,"[""KK KKK KKK KKK KKK A"", ""KKK KKK KKK KKK   KK"", ""KK KKK KKK KKK  nnn-"", ""KKK KKK KKK   nnns K"", ""KKKK KKK KKK KKK   n"", ""KKK KKK KKK KK   nnn"", ""KKK KKK KKK   KKKK n"", ""KKK KKK KKK KKK  nnn"", ""KKKKK KK KKK   KKKnn"", ""KKK KKK KKK KKK KKK ""]","[25.37, 5.22, 4.48, 3.73, 2.99, 2.24, 2.24, 1.49, 1.49, 1.49]",KKK KKK KKK KKK   KK,경기도 고양시 덕양구 대자동   고골길 221-39,경기도 용인시 처인구 백암면   죽양대로 1172,경기도 안양시 만안구 안양동   만안로 17(명지캐럿),7.0,5.22,2
C:/projects/myproject/QDQM/DS_Input/Internal/영업소.csv,영업소.csv,주소,ADDRESS,Master,67.0,101.0,"[""KK KKK KKK KKK KKK A"", ""KKK KKK KKK KKK   KK"", ""KK KKK KKK KKK  nnn-"", ""KKK KKK KKK   nnns K"", ""KKKK KKK KKK KKK   n"", ""KKK KKK KKK KK   nnn"", ""KKK KKK KKK   KKKK n"", ""KKK KKK KKK KKK  nnn"", ""KKKKK KK KKK   KKKnn"", ""KKK KKK KKK KKK KKK ""]","[25.37, 5.22, 4.48, 3.73, 2.99, 2.24, 2.24, 1.49, 1.49, 1.49]",KK KKK KKK KKK  nnn-,강원 춘천시 동내면 신촌리  168-8,충남 아산시 염치읍 염성리  134-19번지,경기 이천시 호법면 유산리  769-11,6.0,4.48,3
C:/projects/myproject/QDQM/DS_Input/Internal/영업소.csv,영업소.csv,지역구분,,Master,1.0,14.0,"[""nn""]",[100.0],nn,10,90,21,146.0,100.0,1
C:/projects/myproject/QDQM/DS_Input/Internal/영업소.csv,영업소.csv,직영가맹여부,Num_Flag,Master,1.0,2.0,"[""n""]",[100.0],n,1,2,2,146.0,100.0,1
C:/projects/myproject/QDQM/DS_Input/Internal/영업소.csv,영업소.csv,집하센터코드,,Master,1.0,4.0,"[""nnn""]",[100.0],nnn,100,133,100,145.0,100.0,1
C:/projects/myproject/QDQM/DS_Input/Internal/영업소.csv,영업소.csv,최종변경일시,TIME,Master,1.0,1.0,"[""nn:nn.n""]",[100.0],nn:nn.n,03:50.9,03:50.9,03:50.9,146.0,100.0,1
C:/projects/myproject/QDQM/DS_Input/Internal/조직_수입관리.csv,조직_수입관리.csv,ETL일시,TIMESTAMP,Master,1.0,1.0,"[""nnnn-nn-nn nn:nn:nn.""]",[100.0],nnnn-nn-nn nn:nn:nn.,2023-12-26 01:04:45.355000,2023-12-26 01:04:45.355000,2023-12-26 01:04:45.355000,196.0,100.0,1
C:/projects/myproject/QDQM/DS_Input/Internal/조직_수입관리.csv,조직_수입관리.csv,OIO_CHG_ENO,SEQUENCE,Master,1.0,1.0,"[""nnnnnnn""]",[100.0],nnnnnnn,1510740,1510740,1510740,61.0,100.0,1
C:/projects/myproject/QDQM/DS_Input/Internal/조직_수입관리.csv,조직_수입관리.csv,OIO_CHG_MDH,TIMESTAMP,Master,1.0,2.0,"[""nnnn-nn-nn nn:nn:nn.""]",[100.0],nnnn-nn-nn nn:nn:nn.,2021-12-23 00:00:00.000000,2022-02-21 00:00:00.000000,2021-12-23 00:00:00.000000,61.0,100.0,1
C:/projects/myproject/QDQM/DS_Input/Internal/조직_수입관리.csv,조직_수입관리.csv,OIO_END_YMD,YYYYMMDD,Master,1.0,1.0,"[""nnnnnnnn""]",[100.0],nnnnnnnn,20211223,20211223,20211223,60.0,100.0,1
C:/projects/myproject/QDQM/DS_Input/Internal/조직_수입관리.csv,조직_수입관리.csv,OIO_ORG_COD,UNIQUE,Master,5.0,196.0,"[""AAAAA"", ""AAAAn"", ""AAAA"", ""A/A"", ""AAAnn""]","[95.92, 2.55, 0.51, 0.51, 0.51]",AAAAA,ADGDD,YSNKE,MAPDD,188.0,95.92,1
C:/projects/myproject/QDQM/DS_Input/Internal/조직_수입관리.csv,조직_수입관리.csv,OIO_ORG_COD,UNIQUE,Master,5.0,196.0,"[""AAAAA"", ""AAAAn"", ""AAAA"", ""A/A"", ""AAAnn""]","[95.92, 2.55, 0.51, 0.51, 0.51]",AAAAn,CJUB1,TAEB1,SCOB1,5.0,2.55,2
C:/projects/myproject/QDQM/DS_Input/Internal/조직_수입관리.csv,조직_수입관리.csv,OIO_ORG_COD,UNIQUE,Master,5.0,196.0,"[""AAAAA"", ""AAAAn"", ""AAAA"", ""A/A"", ""AAAnn""]","[95.92, 2.55, 0.51, 0.51, 0.51]",AAAA,LDPT,LDPT,LDPT,1.0,0.51,3
C:/projects/myproject/QDQM/DS_Input/Internal/조직_수입관리.csv,조직_수입관리.csv,OIO_ORG_NAM,Text,Master,30.0,196.0,"[""KKKKKK"", ""KKKK"", ""KKKKK"", ""(K)KKKKKKK"", ""(K)KKKKKK"", ""KKKKKKK"", ""KKKKKKKK"", ""KKK"", ""KKKK KKK"", ""(K)KKKKKKKK""]","[37.24, 9.18, 8.16, 7.14, 6.63, 6.63, 5.1, 2.55, 2.04, 1.53]",KKKKKK,강릉택배지점,하남택배지점,서초택배지점,73.0,37.24,1
C:/projects/myproject/QDQM/DS_Input/Internal/조직_수입관리.csv,조직_수입관리.csv,OIO_ORG_NAM,Text,Master,30.0,196.0,"[""KKKKKK"", ""KKKK"", ""KKKKK"", ""(K)KKKKKKK"", ""(K)KKKKKK"", ""KKKKKKK"", ""KKKKKKKK"", ""KKK"", ""KKKK KKK"", ""(K)KKKKKKKK""]","[37.24, 9.18, 8.16, 7.14, 6.63, 6.63, 5.1, 2.55, 2.04, 1.53]",KKKK,감사그룹,회계그룹,인천지점,18.0,9.18,2
C:/projects/myproject/QDQM/DS_Input/Internal/조직_수입관리.csv,조직_수입관리.csv,OIO_ORG_NAM,Text,Master,30.0,196.0,"[""KKKKKK"", ""KKKK"", ""KKKKK"", ""(K)KKKKKKK"", ""(K)KKKKKK"", ""KKKKKKK"", ""KKKKKKKK"", ""KKK"", ""KKKK KKK"", ""(K)KKKKKKKK""]","[37.24, 9.18, 8.16, 7.14, 6.63, 6.63, 5.1, 2.55, 2.04, 1.53]",KKKKK,경영전략팀,택배영업팀,영업지원팀,16.0,8.16,3
C:/projects/myproject/QDQM/DS_Input/Internal/조직_수입관리.csv,조직_수입관리.csv,OIO_ORG_NCD,,Master,1.0,187.0,"[""nnnn""]",[100.0],nnnn,1111,1600,1216,192.0,100.0,1
C:/projects/myproject/QDQM/DS_Input/Internal/조직_수입관리.csv,조직_수입관리.csv,OIO_PIN_COD,,Master,4.0,128.0,"[""AAAAAAA"", ""AAAAAAAA"", ""AAAAAA"", ""AAAAA""]","[67.61, 28.41, 2.27, 1.7]",AAAAAAA,ADGBRHT,YSNBRHT,LAXBRHT,119.0,67.61,1
C:/projects/myproject/QDQM/DS_Input/Internal/조직_수입관리.csv,조직_수입관리.csv,OIO_PIN_COD,,Master,4.0,128.0,"[""AAAAAAA"", ""AAAAAAAA"", ""AAAAAA"", ""AAAAA""]","[67.61, 28.41, 2.27, 1.7]",AAAAAAAA,HQRAIAHT,SUWOCNCD,HQRLSEHT,50.0,28.41,2
C:/projects/myproject/QDQM/DS_Input/Internal/조직_수입관리.csv,조직_수입관리.csv,OIO_PIN_COD,,Master,4.0,128.0,"[""AAAAAAA"", ""AAAAAAAA"", ""AAAAAA"", ""AAAAA""]","[67.61, 28.41, 2.27, 1.7]",AAAAAA,HQRFIB,PUPBRM,HQRILC,4.0,2.27,3
C:/projects/myproject/QDQM/DS_Input/Internal/조직_수입관리.csv,조직_수입관리.csv,최종변경일시,TIMESTAMP,Master,1.0,1.0,"[""nnnn-nn-nn nn:nn:nn.""]",[100.0],nnnn-nn-nn nn:nn:nn.,2023-12-26 01:04:45.355000,2023-12-26 01:04:45.355000,2023-12-26 01:04:45.355000,196.0,100.0,1
C:/projects/myproject/QDQM/DS_Input/Internal/조직터미널마스터.csv,조직터미널마스터.csv,ETL일시,TIMESTAMP,Master,1.0,1.0,"[""nnnn-nn-nn nn:nn:nn.""]",[100.0],nnnn-nn-nn nn:nn:nn.,2023-12-23 03:04:26.913000,2023-12-23 03:04:26.913000,2023-12-23 03:04:26.913000,557.0,100.0,1
C:/projects/myproject/QDQM/DS_Input/Internal/조직터미널마스터.csv,조직터미널마스터.csv,load_chute_cnt,,Master,3.0,18.0,"[""n"", ""nn"", ""nnn""]","[91.55, 5.04, 3.42]",n,0,8,0,509.0,91.55,1
C:/projects/myproject/QDQM/DS_Input/Internal/조직터미널마스터.csv,조직터미널마스터.csv,load_chute_cnt,,Master,3.0,18.0,"[""n"", ""nn"", ""nnn""]","[91.55, 5.04, 3.42]",nn,10,46,17,28.0,5.04,2
C:/projects/myproject/QDQM/DS_Input/Internal/조직터미널마스터.csv,조직터미널마스터.csv,load_chute_cnt,,Master,3.0,18.0,"[""n"", ""nn"", ""nnn""]","[91.55, 5.04, 3.42]",nnn,100,100,100,19.0,3.42,3
C:/projects/myproject/QDQM/DS_Input/Internal/조직터미널마스터.csv,조직터미널마스터.csv,unitiz_goal,,Master,3.0,38.0,"[""n"", ""nn"", ""nnn""]","[84.53, 14.21, 1.26]",n,0,1,0,470.0,84.53,1
C:/projects/myproject/QDQM/DS_Input/Internal/조직터미널마스터.csv,조직터미널마스터.csv,unitiz_goal,,Master,3.0,38.0,"[""n"", ""nn"", ""nnn""]","[84.53, 14.21, 1.26]",nn,10,90,43,79.0,14.21,2
C:/projects/myproject/QDQM/DS_Input/Internal/조직터미널마스터.csv,조직터미널마스터.csv,unitiz_goal,,Master,3.0,38.0,"[""n"", ""nn"", ""nnn""]","[84.53, 14.21, 1.26]",nnn,100,100,100,7.0,1.26,3
C:/projects/myproject/QDQM/DS_Input/Internal/조직터미널마스터.csv,조직터미널마스터.csv,unload_chute_cnt,,Master,2.0,11.0,"[""n"", ""nn""]","[96.13, 3.87]",n,0,7,1,497.0,96.13,1
C:/projects/myproject/QDQM/DS_Input/Internal/조직터미널마스터.csv,조직터미널마스터.csv,unload_chute_cnt,,Master,2.0,11.0,"[""n"", ""nn""]","[96.13, 3.87]",nn,10,36,36,20.0,3.87,2
C:/projects/myproject/QDQM/DS_Input/Internal/조직터미널마스터.csv,조직터미널마스터.csv,usage_cat_cd,,Master,3.0,3.0,"[""AAAAA"", ""AAAA"", ""AAAAAAA""]","[53.87, 26.77, 19.35]",AAAAA,LEASE,LEASE,LEASE,167.0,53.87,1
C:/projects/myproject/QDQM/DS_Input/Internal/조직터미널마스터.csv,조직터미널마스터.csv,usage_cat_cd,,Master,3.0,3.0,"[""AAAAA"", ""AAAA"", ""AAAAAAA""]","[53.87, 26.77, 19.35]",AAAA,SELF,SELF,SELF,83.0,26.77,2
C:/projects/myproject/QDQM/DS_Input/Internal/조직터미널마스터.csv,조직터미널마스터.csv,usage_cat_cd,,Master,3.0,3.0,"[""AAAAA"", ""AAAA"", ""AAAAAAA""]","[53.87, 26.77, 19.35]",AAAAAAA,PICKDLV,PICKDLV,PICKDLV,60.0,19.35,3
C:/projects/myproject/QDQM/DS_Input/Internal/조직터미널마스터.csv,조직터미널마스터.csv,wheel_sorter_install_yn,YN_Flag,Master,1.0,2.0,"[""A""]",[100.0],A,N,Y,N,557.0,100.0,1
C:/projects/myproject/QDQM/DS_Input/Internal/조직터미널마스터.csv,조직터미널마스터.csv,등록사원번호,,Master,1.0,4.0,"[""nnnnnnn""]",[100.0],nnnnnnn,1112193,2110415,1811014,27.0,100.0,1
C:/projects/myproject/QDQM/DS_Input/Internal/조직터미널마스터.csv,조직터미널마스터.csv,등록일시,TIMESTAMP,Master,1.0,27.0,"[""nnnn-nn-nn nn:nn:nn.""]",[100.0],nnnn-nn-nn nn:nn:nn.,2022-12-09 10:05:15.000000,2023-11-28 16:18:07.000000,2023-10-31 15:03:17.000000,27.0,100.0,1
C:/projects/myproject/QDQM/DS_Input/Internal/조직터미널마스터.csv,조직터미널마스터.csv,생성시스템ID,,Master,2.0,5.0,"[""aaa"", ""nnnnnnn""]","[77.87, 22.13]",aaa,mtr,mtr,mtr,95.0,77.87,1
C:/projects/myproject/QDQM/DS_Input/Internal/조직터미널마스터.csv,조직터미널마스터.csv,생성시스템ID,,Master,2.0,5.0,"[""aaa"", ""nnnnnnn""]","[77.87, 22.13]",nnnnnnn,1112193,2110415,1811014,27.0,22.13,2
C:/projects/myproject/QDQM/DS_Input/Internal/조직터미널마스터.csv,조직터미널마스터.csv,생성일시,TIMESTAMP,Master,1.0,28.0,"[""nnnn-nn-nn nn:nn:nn.""]",[100.0],nnnn-nn-nn nn:nn:nn.,2022-12-09 10:05:15.000000,2023-11-28 16:18:07.000000,2023-04-13 14:53:05.000000,122.0,100.0,1
C:/projects/myproject/QDQM/DS_Input/Internal/조직터미널마스터.csv,조직터미널마스터.csv,실제터미널조직코드,,Master,1.0,426.0,"[""nnn""]",[100.0],nnn,000,999,590,556.0,100.0,1
C:/projects/myproject/QDQM/DS_Input/Internal/조직터미널마스터.csv,조직터미널마스터.csv,종료목표작업시분,,Master,1.0,6.0,"[""nnnn""]",[100.0],nnnn,0520,0800,0700,27.0,100.0,1
C:/projects/myproject/QDQM/DS_Input/Internal/조직터미널마스터.csv,조직터미널마스터.csv,최종사원업데이트일시,TIMESTAMP,Master,1.0,255.0,"[""nnnn-nn-nn nn:nn:nn.""]",[100.0],nnnn-nn-nn nn:nn:nn.,2023-07-12 15:40:12.000000,2023-12-21 14:42:41.000000,2023-10-13 16:44:09.000000,556.0,100.0,1
C:/projects/myproject/QDQM/DS_Input/Internal/조직터미널마스터.csv,조직터미널마스터.csv,최종업데이트사원번호,,Master,1.0,40.0,"[""nnnnnnn""]",[100.0],nnnnnnn,0012692,9710400,1910031,556.0,100.0,1
C:/projects/myproject/QDQM/DS_Input/Internal/조직터미널마스터.csv,조직터미널마스터.csv,최종업데이트시스템ID,SINGLE VALUE,Master,1.0,1.0,"[""AAAAA""]",[100.0],AAAAA,KAFKA,KAFKA,KAFKA,557.0,100.0,1
C:/projects/myproject/QDQM/DS_Input/Internal/조직터미널마스터.csv,조직터미널마스터.csv,최종업데이트일시,TIMESTAMP,Master,1.0,256.0,"[""nnnn-nn-nn nn:nn:nn.""]",[100.0],nnnn-nn-nn nn:nn:nn.,2023-07-12 15:40:18.000000,2023-12-21 14:42:42.000000,2023-10-13 16:44:09.000000,557.0,100.0,1
C:/projects/myproject/QDQM/DS_Input/Internal/조직터미널마스터.csv,조직터미널마스터.csv,터미널구분코드,,Master,5.0,8.0,"[""AAA"", ""AAAsAAAA"", ""AnAsAAA"", ""AAAAsAA"", ""AAAsAAAAA""]","[46.68, 23.34, 16.88, 12.03, 1.08]",AAA,ETC,SUB,SUB,260.0,46.68,1
C:/projects/myproject/QDQM/DS_Input/Internal/조직터미널마스터.csv,조직터미널마스터.csv,터미널구분코드,,Master,5.0,8.0,"[""AAA"", ""AAAsAAAA"", ""AnAsAAA"", ""AAAAsAA"", ""AAAsAAAAA""]","[46.68, 23.34, 16.88, 12.03, 1.08]",AAAsAAAA,SUB_SORT,SUB_SORT,SUB_SORT,130.0,23.34,2
C:/projects/myproject/QDQM/DS_Input/Internal/조직터미널마스터.csv,조직터미널마스터.csv,터미널구분코드,,Master,5.0,8.0,"[""AAA"", ""AAAsAAAA"", ""AnAsAAA"", ""AAAAsAA"", ""AAAsAAAAA""]","[46.68, 23.34, 16.88, 12.03, 1.08]",AnAsAAA,B2B_HUB,B2B_SUB,B2B_SUB,94.0,16.88,3
C:/projects/myproject/QDQM/DS_Input/Internal/조직터미널마스터.csv,조직터미널마스터.csv,터미널영문코드,UNIQUE,Master,1.0,264.0,"[""AA""]",[100.0],AA,AC,ZS,IJ,264.0,100.0,1
C:/projects/myproject/QDQM/DS_Input/Internal/조직터미널마스터.csv,조직터미널마스터.csv,터미널조직코드,UNIQUE,Master,1.0,557.0,"[""nnn""]",[100.0],nnn,000,999,590,557.0,100.0,1
C:/projects/myproject/QDQM/DS_Input/Internal/지점코드.csv,지점코드.csv,ETL일시,TIME,Master,1.0,1.0,"[""nn:nn.n""]",[100.0],nn:nn.n,04:45.4,04:45.4,04:45.4,196.0,100.0,1
C:/projects/myproject/QDQM/DS_Input/Internal/지점코드.csv,지점코드.csv,OIO_ORG_COD,UNIQUE,Master,5.0,196.0,"[""AAAAA"", ""AAAAn"", ""AAAA"", ""A/A"", ""AAAnn""]","[95.92, 2.55, 0.51, 0.51, 0.51]",AAAAA,ADGDD,YSNKE,MAPDD,188.0,95.92,1
C:/projects/myproject/QDQM/DS_Input/Internal/지점코드.csv,지점코드.csv,OIO_ORG_COD,UNIQUE,Master,5.0,196.0,"[""AAAAA"", ""AAAAn"", ""AAAA"", ""A/A"", ""AAAnn""]","[95.92, 2.55, 0.51, 0.51, 0.51]",AAAAn,CJUB1,TAEB1,SCOB1,5.0,2.55,2
C:/projects/myproject/QDQM/DS_Input/Internal/지점코드.csv,지점코드.csv,OIO_ORG_COD,UNIQUE,Master,5.0,196.0,"[""AAAAA"", ""AAAAn"", ""AAAA"", ""A/A"", ""AAAnn""]","[95.92, 2.55, 0.51, 0.51, 0.51]",AAAA,LDPT,LDPT,LDPT,1.0,0.51,3
C:/projects/myproject/QDQM/DS_Input/Internal/지점코드.csv,지점코드.csv,OIO_ORG_NAM,Text,Master,30.0,196.0,"[""KKKKKK"", ""KKKK"", ""KKKKK"", ""(K)KKKKKKK"", ""(K)KKKKKK"", ""KKKKKKK"", ""KKKKKKKK"", ""KKK"", ""KKKK KKK"", ""(K)KKKKKKKK""]","[37.24, 9.18, 8.16, 7.14, 6.63, 6.63, 5.1, 2.55, 2.04, 1.53]",KKKKKK,강릉택배지점,하남택배지점,서초택배지점,73.0,37.24,1
C:/projects/myproject/QDQM/DS_Input/Internal/지점코드.csv,지점코드.csv,OIO_ORG_NAM,Text,Master,30.0,196.0,"[""KKKKKK"", ""KKKK"", ""KKKKK"", ""(K)KKKKKKK"", ""(K)KKKKKK"", ""KKKKKKK"", ""KKKKKKKK"", ""KKK"", ""KKKK KKK"", ""(K)KKKKKKKK""]","[37.24, 9.18, 8.16, 7.14, 6.63, 6.63, 5.1, 2.55, 2.04, 1.53]",KKKK,감사그룹,회계그룹,인천지점,18.0,9.18,2
C:/projects/myproject/QDQM/DS_Input/Internal/지점코드.csv,지점코드.csv,OIO_ORG_NAM,Text,Master,30.0,196.0,"[""KKKKKK"", ""KKKK"", ""KKKKK"", ""(K)KKKKKKK"", ""(K)KKKKKK"", ""KKKKKKK"", ""KKKKKKKK"", ""KKK"", ""KKKK KKK"", ""(K)KKKKKKKK""]","[37.24, 9.18, 8.16, 7.14, 6.63, 6.63, 5.1, 2.55, 2.04, 1.53]",KKKKK,경영전략팀,택배영업팀,영업지원팀,16.0,8.16,3
C:/projects/myproject/QDQM/DS_Input/Internal/지점코드.csv,지점코드.csv,OIO_ORG_NCD,,Master,1.0,187.0,"[""nnnn""]",[100.0],nnnn,1111,1600,1216,192.0,100.0,1
C:/projects/myproject/QDQM/DS_Input/Internal/지점코드.csv,지점코드.csv,OIO_PIN_COD,,Master,4.0,128.0,"[""AAAAAAA"", ""AAAAAAAA"", ""AAAAAA"", ""AAAAA""]","[67.61, 28.41, 2.27, 1.7]",AAAAAAA,ADGBRHT,YSNBRHT,LAXBRHT,119.0,67.61,1
C:/projects/myproject/QDQM/DS_Input/Internal/지점코드.csv,지점코드.csv,OIO_PIN_COD,,Master,4.0,128.0,"[""AAAAAAA"", ""AAAAAAAA"", ""AAAAAA"", ""AAAAA""]","[67.61, 28.41, 2.27, 1.7]",AAAAAAAA,HQRAIAHT,SUWOCNCD,HQRLSEHT,50.0,28.41,2
C:/projects/myproject/QDQM/DS_Input/Internal/지점코드.csv,지점코드.csv,OIO_PIN_COD,,Master,4.0,128.0,"[""AAAAAAA"", ""AAAAAAAA"", ""AAAAAA"", ""AAAAA""]","[67.61, 28.41, 2.27, 1.7]",AAAAAA,HQRFIB,PUPBRM,HQRILC,4.0,2.27,3
C:/projects/myproject/QDQM/DS_Input/Internal/지점코드.csv,지점코드.csv,최종변경일시,TIME,Master,1.0,1.0,"[""nn:nn.n""]",[100.0],nn:nn.n,04:45.4,04:45.4,04:45.4,196.0,100.0,1
C:/projects/myproject/QDQM/DS_Input/Internal/택배_고객.csv,택배_고객.csv,ETL일시,TIME,Master,1.0,1.0,"[""nn:nn.n""]",[100.0],nn:nn.n,12:08.1,12:08.1,12:08.1,10000.0,100.0,1
C:/projects/myproject/QDQM/DS_Input/Internal/택배_고객.csv,택배_고객.csv,개인기업고객구분,Alpha_Flag,Master,1.0,1.0,"[""A""]",[100.0],A,C,C,C,9947.0,100.0,1
C:/projects/myproject/QDQM/DS_Input/Internal/택배_고객.csv,택배_고객.csv,계약단가,YEAR,Master,5.0,189.0,"[""nnnn"", ""n"", ""nnnnn"", ""nnn"", ""nn""]","[90.98, 6.97, 1.88, 0.13, 0.04]",nnnn,1000,9000,2500,7735.0,90.98,1
C:/projects/myproject/QDQM/DS_Input/Internal/택배_고객.csv,택배_고객.csv,계약단가,YEAR,Master,5.0,189.0,"[""nnnn"", ""n"", ""nnnnn"", ""nnn"", ""nn""]","[90.98, 6.97, 1.88, 0.13, 0.04]",n,0,1,0,593.0,6.97,2
C:/projects/myproject/QDQM/DS_Input/Internal/택배_고객.csv,택배_고객.csv,계약단가,YEAR,Master,5.0,189.0,"[""nnnn"", ""n"", ""nnnnn"", ""nnn"", ""nn""]","[90.98, 6.97, 1.88, 0.13, 0.04]",nnnnn,10000,64000,20000,160.0,1.88,3
C:/projects/myproject/QDQM/DS_Input/Internal/택배_고객.csv,택배_고객.csv,고객 청구부서,Text,Master,77.0,650.0,"[""KK"", ""KKK"", ""."", ""KKKKK"", ""KKKK"", ""s"", ""KKKKKK"", "".."", ""KKAAK"", ""KKKKKKK""]","[42.17, 36.39, 8.53, 3.26, 2.72, 1.3, 1.03, 0.91, 0.44, 0.39]",KK,간리,회계,관리,2694.0,42.17,1
C:/projects/myproject/QDQM/DS_Input/Internal/택배_고객.csv,택배_고객.csv,고객 청구부서,Text,Master,77.0,650.0,"[""KK"", ""KKK"", ""."", ""KKKKK"", ""KKKK"", ""s"", ""KKKKKK"", "".."", ""KKAAK"", ""KKKKKKK""]","[42.17, 36.39, 8.53, 3.26, 2.72, 1.3, 1.03, 0.91, 0.44, 0.39]",KKK,가락점,회계팀,관리팀,2325.0,36.39,2
C:/projects/myproject/QDQM/DS_Input/Internal/택배_고객.csv,택배_고객.csv,고객 청구부서,Text,Master,77.0,650.0,"[""KK"", ""KKK"", ""."", ""KKKKK"", ""KKKK"", ""s"", ""KKKKKK"", "".."", ""KKAAK"", ""KKKKKKK""]","[42.17, 36.39, 8.53, 3.26, 2.72, 1.3, 1.03, 0.91, 0.44, 0.39]",.,.,.,.,545.0,8.53,3
C:/projects/myproject/QDQM/DS_Input/Internal/택배_고객.csv,택배_고객.csv,고객 청구지우편번호,,Master,3.0,3340.0,"[""nnnnnn"", ""nnnnn"", ""nnn""]","[98.25, 1.74, 0.01]",nnnnnn,100011,799811,400340,9701.0,98.25,1
C:/projects/myproject/QDQM/DS_Input/Internal/택배_고객.csv,택배_고객.csv,고객 청구지우편번호,,Master,3.0,3340.0,"[""nnnnnn"", ""nnnnn"", ""nnn""]","[98.25, 1.74, 0.01]",nnnnn,02587,75778,14214,172.0,1.74,2
C:/projects/myproject/QDQM/DS_Input/Internal/택배_고객.csv,택배_고객.csv,고객 청구지우편번호,,Master,3.0,3340.0,"[""nnnnnn"", ""nnnnn"", ""nnn""]","[98.25, 1.74, 0.01]",nnn,100,100,100,1.0,0.01,3
C:/projects/myproject/QDQM/DS_Input/Internal/택배_고객.csv,택배_고객.csv,고객번호,TEL,Master,2.0,10000.0,"[""nnnnnnn"", ""n""]","[99.99, 0.01]",nnnnnnn,0000559,9008739,2006901,9999.0,99.99,1
C:/projects/myproject/QDQM/DS_Input/Internal/택배_고객.csv,택배_고객.csv,고객번호,TEL,Master,2.0,10000.0,"[""nnnnnnn"", ""n""]","[99.99, 0.01]",n,3,3,3,1.0,0.01,2
C:/projects/myproject/QDQM/DS_Input/Internal/택배_고객.csv,택배_고객.csv,국가코드,,Master,1.0,3.0,"[""AA""]",[100.0],AA,GM,NL,KR,8504.0,100.0,1
C:/projects/myproject/QDQM/DS_Input/Internal/택배_고객.csv,택배_고객.csv,담당부서,Text,Master,133.0,1096.0,"[""KK"", ""KKK"", ""."", ""KKKKK"", ""KKKK"", ""KKKKKK"", ""s"", ""KKKKKKK"", ""-"", ""..""]","[43.5, 34.77, 7.45, 3.1, 2.85, 1.33, 1.11, 0.65, 0.54, 0.48]",KK,가인,회계,관리,3867.0,43.5,1
C:/projects/myproject/QDQM/DS_Input/Internal/택배_고객.csv,택배_고객.csv,담당부서,Text,Master,133.0,1096.0,"[""KK"", ""KKK"", ""."", ""KKKKK"", ""KKKK"", ""KKKKKK"", ""s"", ""KKKKKKK"", ""-"", ""..""]","[43.5, 34.77, 7.45, 3.1, 2.85, 1.33, 1.11, 0.65, 0.54, 0.48]",KKK,가전팀,휘경점,관리팀,3091.0,34.77,2
C:/projects/myproject/QDQM/DS_Input/Internal/택배_고객.csv,택배_고객.csv,담당부서,Text,Master,133.0,1096.0,"[""KK"", ""KKK"", ""."", ""KKKKK"", ""KKKK"", ""KKKKKK"", ""s"", ""KKKKKKK"", ""-"", ""..""]","[43.5, 34.77, 7.45, 3.1, 2.85, 1.33, 1.11, 0.65, 0.54, 0.48]",.,.,.,.,662.0,7.45,3
C:/projects/myproject/QDQM/DS_Input/Internal/택배_고객.csv,택배_고객.csv,사업구분,Alpha_Flag,Master,1.0,2.0,"[""A""]",[100.0],A,D,I,D,9958.0,100.0,1
C:/projects/myproject/QDQM/DS_Input/Internal/택배_고객.csv,택배_고객.csv,사업자등록우편번호,,Master,2.0,3254.0,"[""nnnnnn"", ""nnnnn""]","[97.38, 2.62]",nnnnnn,100011,799811,376800,9530.0,97.38,1
C:/projects/myproject/QDQM/DS_Input/Internal/택배_고객.csv,택배_고객.csv,사업자등록우편번호,,Master,2.0,3254.0,"[""nnnnnn"", ""nnnnn""]","[97.38, 2.62]",nnnnn,02478,63634,07788,256.0,2.62,2
C:/projects/myproject/QDQM/DS_Input/Internal/택배_고객.csv,택배_고객.csv,수입조직,,Master,1.0,99.0,"[""nnnn""]",[100.0],nnnn,1111,1612,1178,9911.0,100.0,1
C:/projects/myproject/QDQM/DS_Input/Internal/택배_고객.csv,택배_고객.csv,업종구분,,Master,1.0,28.0,"[""nn""]",[100.0],nn,01,99,08,8383.0,100.0,1
C:/projects/myproject/QDQM/DS_Input/Internal/택배_고객.csv,택배_고객.csv,업종상세내역,Text,Master,395.0,2734.0,"[""KK"", ""KKKK"", ""KKK"", ""KKKKK"", ""KKKKKK"", ""."", ""KKKKKKK"", ""KKsKK"", ""K"", ""KK KK""]","[33.0, 22.09, 17.93, 4.67, 1.93, 1.52, 1.12, 1.06, 0.8, 0.71]",KK,가구,휴지,의류,2956.0,33.0,1
C:/projects/myproject/QDQM/DS_Input/Internal/택배_고객.csv,택배_고객.csv,업종상세내역,Text,Master,395.0,2734.0,"[""KK"", ""KKKK"", ""KKK"", ""KKKKK"", ""KKKKKK"", ""."", ""KKKKKKK"", ""KKsKK"", ""K"", ""KK KK""]","[33.0, 22.09, 17.93, 4.67, 1.93, 1.52, 1.12, 1.06, 0.8, 0.71]",KKKK,가공식품,휴게음식,소형가전,1979.0,22.09,2
C:/projects/myproject/QDQM/DS_Input/Internal/택배_고객.csv,택배_고객.csv,업종상세내역,Text,Master,395.0,2734.0,"[""KK"", ""KKKK"", ""KKK"", ""KKKKK"", ""KKKKKK"", ""."", ""KKKKKKK"", ""KKsKK"", ""K"", ""KK KK""]","[33.0, 22.09, 17.93, 4.67, 1.93, 1.52, 1.12, 1.06, 0.8, 0.71]",KKK,가공품,휴미실,인쇄물,1606.0,17.93,3
C:/projects/myproject/QDQM/DS_Input/Internal/택배_고객.csv,택배_고객.csv,영문고객명,,Master,304.0,524.0,"[""A"", ""AAAAAA"", ""AAA"", ""AA"", ""AAAAAAAA"", ""AAAA"", ""AAAAA"", ""AAAAAAA"", ""AAAAAA AAAAAAA"", ""AAAAA AAAAA""]","[8.01, 3.56, 2.49, 2.31, 1.78, 1.42, 1.42, 1.25, 1.07, 1.07]",A,A,Y,K,45.0,8.01,1
C:/projects/myproject/QDQM/DS_Input/Internal/택배_고객.csv,택배_고객.csv,영문고객명,,Master,304.0,524.0,"[""A"", ""AAAAAA"", ""AAA"", ""AA"", ""AAAAAAAA"", ""AAAA"", ""AAAAA"", ""AAAAAAA"", ""AAAAAA AAAAAAA"", ""AAAAA AAAAA""]","[8.01, 3.56, 2.49, 2.31, 1.78, 1.42, 1.42, 1.25, 1.07, 1.07]",AAAAAA,BOSUNG,WINETE,KOSTAT,20.0,3.56,2
C:/projects/myproject/QDQM/DS_Input/Internal/택배_고객.csv,택배_고객.csv,영문고객명,,Master,304.0,524.0,"[""A"", ""AAAAAA"", ""AAA"", ""AA"", ""AAAAAAAA"", ""AAAA"", ""AAAAA"", ""AAAAAAA"", ""AAAAAA AAAAAAA"", ""AAAAA AAAAA""]","[8.01, 3.56, 2.49, 2.31, 1.78, 1.42, 1.42, 1.25, 1.07, 1.07]",AAA,ANS,MBC,FLC,14.0,2.49,3
C:/projects/myproject/QDQM/DS_Input/Internal/택배_고객.csv,택배_고객.csv,월예상물량,,Master,7.0,206.0,"[""nnn"", ""nnnn"", ""nnnnn"", ""n"", ""nn"", ""nnnnnn"", ""nnnnnnn""]","[56.55, 29.88, 5.17, 4.26, 3.99, 0.08, 0.06]",nnn,100,900,300,4802.0,56.55,1
C:/projects/myproject/QDQM/DS_Input/Internal/택배_고객.csv,택배_고객.csv,월예상물량,,Master,7.0,206.0,"[""nnn"", ""nnnn"", ""nnnnn"", ""n"", ""nn"", ""nnnnnn"", ""nnnnnnn""]","[56.55, 29.88, 5.17, 4.26, 3.99, 0.08, 0.06]",nnnn,1000,9500,2000,2537.0,29.88,2
C:/projects/myproject/QDQM/DS_Input/Internal/택배_고객.csv,택배_고객.csv,월예상물량,,Master,7.0,206.0,"[""nnn"", ""nnnn"", ""nnnnn"", ""n"", ""nn"", ""nnnnnn"", ""nnnnnnn""]","[56.55, 29.88, 5.17, 4.26, 3.99, 0.08, 0.06]",nnnnn,10000,90000,14000,439.0,5.17,3
C:/projects/myproject/QDQM/DS_Input/Internal/택배_고객.csv,택배_고객.csv,주민_사업자등록번호,,Master,2.0,8970.0,"[""nnnnnnnnnn"", ""nnnnn-nnnn""]","[99.99, 0.01]",nnnnnnnnnn,0001200081,9999997553,2041522236,9945.0,99.99,1
C:/projects/myproject/QDQM/DS_Input/Internal/택배_고객.csv,택배_고객.csv,주민_사업자등록번호,,Master,2.0,8970.0,"[""nnnnnnnnnn"", ""nnnnn-nnnn""]","[99.99, 0.01]",nnnnn-nnnn,11015-4539,11015-4539,11015-4539,1.0,0.01,2
C:/projects/myproject/QDQM/DS_Input/Internal/택배_고객.csv,택배_고객.csv,집하지우편번호,,Master,2.0,3912.0,"[""nnnnnn"", ""nnnnn""]","[99.01, 0.99]",nnnnnn,100011,799803,406130,9663.0,99.01,1
C:/projects/myproject/QDQM/DS_Input/Internal/택배_고객.csv,택배_고객.csv,집하지우편번호,,Master,2.0,3912.0,"[""nnnnnn"", ""nnnnn""]","[99.01, 0.99]",nnnnn,02632,63264,17554,97.0,0.99,2
C:/projects/myproject/QDQM/DS_Input/Internal/택배_고객.csv,택배_고객.csv,최종변경일시,TIME,Master,1.0,1.0,"[""nn:nn.n""]",[100.0],nn:nn.n,12:08.1,12:08.1,12:08.1,10000.0,100.0,1
C:/projects/myproject/QDQM/DS_Input/Internal/택배_고객.csv,택배_고객.csv,판매원사번,,Master,2.0,640.0,"[""nnnnnnn"", ""AAAnnnn""]","[99.99, 0.01]",nnnnnnn,0010010,9999999,1012443,9814.0,99.99,1
C:/projects/myproject/QDQM/DS_Input/Internal/택배_고객.csv,택배_고객.csv,판매원사번,,Master,2.0,640.0,"[""nnnnnnn"", ""AAAnnnn""]","[99.99, 0.01]",AAAnnnn,HJT0103,HJT0103,HJT0103,1.0,0.01,2
C:/projects/myproject/QDQM/DS_Input/Internal/택배_고객.csv,택배_고객.csv,판매일,YYYYMMDD,Master,1.0,3234.0,"[""nnnnnnnn""]",[100.0],nnnnnnnn,19950925,20220401,20090413,9935.0,100.0,1
C:/projects/myproject/QDQM/DS_Input/Internal/택배_고객.csv,택배_고객.csv,판매점소,,Master,4.0,90.0,"[""AAAAA"", ""AAAAAAA"", ""AAAAAA"", ""AA""]","[97.44, 2.26, 0.26, 0.04]",AAAAA,BKKBR,ULSBR,KWJBR,9657.0,97.44,1
C:/projects/myproject/QDQM/DS_Input/Internal/택배_고객.csv,택배_고객.csv,판매점소,,Master,4.0,90.0,"[""AAAAA"", ""AAAAAAA"", ""AAAAAA"", ""AA""]","[97.44, 2.26, 0.26, 0.04]",AAAAAAA,ANDOCHT,YONOCHT,KSOOCHT,224.0,2.26,2
C:/projects/myproject/QDQM/DS_Input/Internal/택배_고객.csv,택배_고객.csv,판매점소,,Master,4.0,90.0,"[""AAAAA"", ""AAAAAAA"", ""AAAAAA"", ""AA""]","[97.44, 2.26, 0.26, 0.04]",AAAAAA,PDGBRG,SUWCHT,PDGBRG,26.0,0.26,3
C:/projects/myproject/QDQM/DS_Input/Internal/택배_고객.csv,택배_고객.csv,한글고객명,Text,Master,769.0,9021.0,"[""KKKK"", ""KKKKK"", ""KKK"", ""KKKKKK"", ""(K)KKKKK"", ""(K)KKKK"", ""KK"", ""KKKKKKK"", ""(K)KKKKKK"", ""KKKKKKKK""]","[16.47, 10.21, 6.89, 5.6, 4.0, 3.97, 3.33, 3.17, 2.74, 2.58]",KKKK,가구멘토,힐링로드,아나스트,1638.0,16.47,1
C:/projects/myproject/QDQM/DS_Input/Internal/택배_고객.csv,택배_고객.csv,한글고객명,Text,Master,769.0,9021.0,"[""KKKK"", ""KKKKK"", ""KKK"", ""KKKKKK"", ""(K)KKKKK"", ""(K)KKKK"", ""KK"", ""KKKKKKK"", ""(K)KKKKKK"", ""KKKKKKKK""]","[16.47, 10.21, 6.89, 5.6, 4.0, 3.97, 3.33, 3.17, 2.74, 2.58]",KKKKK,가나안유통,힐링푸드원,아이비클럽,1015.0,10.21,2
C:/projects/myproject/QDQM/DS_Input/Internal/택배_고객.csv,택배_고객.csv,한글고객명,Text,Master,769.0,9021.0,"[""KKKK"", ""KKKKK"", ""KKK"", ""KKKKKK"", ""(K)KKKKK"", ""(K)KKKK"", ""KK"", ""KKKKKKK"", ""(K)KKKKKK"", ""KKKKKKKK""]","[16.47, 10.21, 6.89, 5.6, 4.0, 3.97, 3.33, 3.17, 2.74, 2.58]",KKK,가녀기,히트백,알커피,685.0,6.89,3
C:/projects/myproject/QDQM/DS_Input/Internal/택배_고객.csv,택배_고객.csv,화주구분,Num_Flag,Master,1.0,2.0,"[""n""]",[100.0],n,1,2,1,9335.0,100.0,1
C:/projects/myproject/QDQM/DS_Input/Internal/택배_조직도.csv,택배_조직도.csv,ERP코드,,Master,2.0,47.0,"[""AAAAA"", ""AAAAAA""]","[95.83, 4.17]",AAAAA,ASNKE,YSNKE,KUMKE,46.0,95.83,1
C:/projects/myproject/QDQM/DS_Input/Internal/택배_조직도.csv,택배_조직도.csv,ERP코드,,Master,2.0,47.0,"[""AAAAA"", ""AAAAAA""]","[95.83, 4.17]",AAAAAA,SELESA,SELGDE,SELGDE,2.0,4.17,2
C:/projects/myproject/QDQM/DS_Input/Internal/택배_조직도.csv,택배_조직도.csv,X좌표,,Master,5.0,758.0,"[""nnnnnn"", ""nnn.nnnnn"", ""nnn.nnnn"", ""nnn.nnn"", ""n""]","[56.61, 39.01, 3.97, 0.25, 0.17]",nnnnnn,236609,540042,321278,685.0,56.61,1
C:/projects/myproject/QDQM/DS_Input/Internal/택배_조직도.csv,택배_조직도.csv,X좌표,,Master,5.0,758.0,"[""nnnnnn"", ""nnn.nnnnn"", ""nnn.nnnn"", ""nnn.nnn"", ""n""]","[56.61, 39.01, 3.97, 0.25, 0.17]",nnn.nnnnn,126.25737,129.40107,127.26966,472.0,39.01,2
C:/projects/myproject/QDQM/DS_Input/Internal/택배_조직도.csv,택배_조직도.csv,X좌표,,Master,5.0,758.0,"[""nnnnnn"", ""nnn.nnnnn"", ""nnn.nnnn"", ""nnn.nnn"", ""n""]","[56.61, 39.01, 3.97, 0.25, 0.17]",nnn.nnnn,126.4007,129.4237,127.1057,48.0,3.97,3
C:/projects/myproject/QDQM/DS_Input/Internal/택배_조직도.csv,택배_조직도.csv,Y좌표,,Master,7.0,754.0,"[""nnnnnn"", ""nn.nnnnn"", ""nn.nnnn"", ""nn.nnn"", ""nnnnn"", ""nn.nn"", ""n""]","[56.28, 39.34, 2.89, 0.83, 0.33, 0.17, 0.17]",nnnnnn,101319,621659,509318,681.0,56.28,1
C:/projects/myproject/QDQM/DS_Input/Internal/택배_조직도.csv,택배_조직도.csv,Y좌표,,Master,7.0,754.0,"[""nnnnnn"", ""nn.nnnnn"", ""nn.nnnn"", ""nn.nnn"", ""nnnnn"", ""nn.nn"", ""n""]","[56.28, 39.34, 2.89, 0.83, 0.33, 0.17, 0.17]",nn.nnnnn,33.22623,38.20825,37.03753,476.0,39.34,2
C:/projects/myproject/QDQM/DS_Input/Internal/택배_조직도.csv,택배_조직도.csv,Y좌표,,Master,7.0,754.0,"[""nnnnnn"", ""nn.nnnnn"", ""nn.nnnn"", ""nn.nnn"", ""nnnnn"", ""nn.nn"", ""n""]","[56.28, 39.34, 2.89, 0.83, 0.33, 0.17, 0.17]",nn.nnnn,34.6768,38.1847,36.6713,35.0,2.89,3
C:/projects/myproject/QDQM/DS_Input/Internal/택배_조직도.csv,택배_조직도.csv,create_dtm,TIMESTAMP,Master,1.0,111.0,"[""nnnn-nn-nn nn:nn:nn.""]",[100.0],nnnn-nn-nn nn:nn:nn.,2019-07-04 11:18:21.000000,2023-12-18 15:36:18.000000,2022-10-25 18:47:38.000000,3836.0,100.0,1
C:/projects/myproject/QDQM/DS_Input/Internal/택배_조직도.csv,택배_조직도.csv,etl_dtm,TIMESTAMP,Master,1.0,1.0,"[""nnnn-nn-nn nn:nn:nn.""]",[100.0],nnnn-nn-nn nn:nn:nn.,2023-12-23 03:30:28.256000,2023-12-23 03:30:28.256000,2023-12-23 03:30:28.256000,3836.0,100.0,1
C:/projects/myproject/QDQM/DS_Input/Internal/택배_조직도.csv,택배_조직도.csv,last_update_dtm,TIMESTAMP,Master,1.0,287.0,"[""nnnn-nn-nn nn:nn:nn.""]",[100.0],nnnn-nn-nn nn:nn:nn.,2023-10-26 08:55:19.000000,2023-12-22 13:27:42.000000,2023-10-26 08:55:19.000000,3836.0,100.0,1
C:/projects/myproject/QDQM/DS_Input/Internal/택배_조직도.csv,택배_조직도.csv,기본주소,Text,Master,326.0,1063.0,"[""KK KK KK"", ""KKKK KKK KKK KKK"", ""KK KKK  KKKK"", ""KKK KKK KKK KKK"", ""KK  KK"", ""KKKKK KKK KKK"", ""KK KK KKn"", ""KKKKK KK KKK"", ""KKKKK KKK KKKK"", ""KKKK KKK KKK KKKK""]","[7.53, 5.25, 4.9, 3.69, 3.43, 2.42, 2.02, 1.97, 1.77, 1.72]",KK KK KK,경기 광주 중대,청주 흥덕 비하,서울 마포 현석,149.0,7.53,1
C:/projects/myproject/QDQM/DS_Input/Internal/택배_조직도.csv,택배_조직도.csv,기본주소,Text,Master,326.0,1063.0,"[""KK KK KK"", ""KKKK KKK KKK KKK"", ""KK KKK  KKKK"", ""KKK KKK KKK KKK"", ""KK  KK"", ""KKKKK KKK KKK"", ""KK KK KKn"", ""KKKKK KK KKK"", ""KKKKK KKK KKKK"", ""KKKK KKK KKK KKKK""]","[7.53, 5.25, 4.9, 3.69, 3.43, 2.42, 2.02, 1.97, 1.77, 1.72]",KKKK KKK KKK KKK,경상남도 거창군 웅양면 웅양로,충청북도 진천군 덕산읍 덕금로,전라남도 강진군 도암면 해강로,104.0,5.25,2
C:/projects/myproject/QDQM/DS_Input/Internal/택배_조직도.csv,택배_조직도.csv,기본주소,Text,Master,326.0,1063.0,"[""KK KK KK"", ""KKKK KKK KKK KKK"", ""KK KKK  KKKK"", ""KKK KKK KKK KKK"", ""KK  KK"", ""KKKKK KKK KKK"", ""KK KK KKn"", ""KKKKK KK KKK"", ""KKKKK KKK KKKK"", ""KKKK KKK KKK KKKK""]","[7.53, 5.25, 4.9, 3.69, 3.43, 2.42, 2.02, 1.97, 1.77, 1.72]",KK KKK  KKKK,광주 광산구  무진대로,인천 부평구  부평북로,서울 송파구  송파대로,97.0,4.9,3
C:/projects/myproject/QDQM/DS_Input/Internal/택배_조직도.csv,택배_조직도.csv,등록사용자ID,,Master,3.0,10.0,"[""AAA"", ""aaa"", ""nnnnnnn""]","[90.82, 6.31, 2.87]",AAA,MIG,MIG,MIG,3484.0,90.82,1
C:/projects/myproject/QDQM/DS_Input/Internal/택배_조직도.csv,택배_조직도.csv,등록사용자ID,,Master,3.0,10.0,"[""AAA"", ""aaa"", ""nnnnnnn""]","[90.82, 6.31, 2.87]",aaa,mtr,mtr,mtr,242.0,6.31,2
C:/projects/myproject/QDQM/DS_Input/Internal/택배_조직도.csv,택배_조직도.csv,등록사용자ID,,Master,3.0,10.0,"[""AAA"", ""aaa"", ""nnnnnnn""]","[90.82, 6.31, 2.87]",nnnnnnn,0610142,2111200,1811014,110.0,2.87,3
C:/projects/myproject/QDQM/DS_Input/Internal/택배_조직도.csv,택배_조직도.csv,등록사원번호,,Master,1.0,8.0,"[""nnnnnnn""]",[100.0],nnnnnnn,0610142,2111200,1811014,110.0,100.0,1
C:/projects/myproject/QDQM/DS_Input/Internal/택배_조직도.csv,택배_조직도.csv,등록일시,TIMESTAMP,Master,1.0,108.0,"[""nnnn-nn-nn nn:nn:nn.""]",[100.0],nnnn-nn-nn nn:nn:nn.,2022-11-10 13:35:18.000000,2023-12-18 15:36:18.000000,2023-10-31 14:10:00.000000,110.0,100.0,1
C:/projects/myproject/QDQM/DS_Input/Internal/택배_조직도.csv,택배_조직도.csv,사업자등록번호,,Master,1.0,1444.0,"[""nnnnnnnnnn""]",[100.0],nnnnnnnnnn,1010660133,8998802707,2891400293,1925.0,100.0,1
C:/projects/myproject/QDQM/DS_Input/Internal/택배_조직도.csv,택배_조직도.csv,사원최종업데이트일시,TIMESTAMP,Master,1.0,1865.0,"[""nnnn-nn-nn nn:nn:nn.""]",[100.0],nnnn-nn-nn nn:nn:nn.,2005-01-13 00:00:00.000000,2023-12-22 13:27:42.000000,2020-09-11 00:00:00.000000,3528.0,100.0,1
C:/projects/myproject/QDQM/DS_Input/Internal/택배_조직도.csv,택배_조직도.csv,상세주소,,Master,541.0,1577.0,"[""nnn-n"", ""nnn"", ""nn (KKK)"", ""nn"", ""nnn (KKK)"", ""nnn-nn"", ""."", ""KKKKKK"", ""nn-n"", ""KKK nnn-n""]","[8.83, 8.16, 7.68, 7.08, 3.95, 3.61, 2.65, 2.31, 2.2, 1.86]",nnn-n,100-2,983-1,493-2,237.0,8.83,1
C:/projects/myproject/QDQM/DS_Input/Internal/택배_조직도.csv,택배_조직도.csv,상세주소,,Master,541.0,1577.0,"[""nnn-n"", ""nnn"", ""nn (KKK)"", ""nn"", ""nnn (KKK)"", ""nnn-nn"", ""."", ""KKKKKK"", ""nn-n"", ""KKK nnn-n""]","[8.83, 8.16, 7.68, 7.08, 3.95, 3.61, 2.65, 2.31, 2.2, 1.86]",nnn,102,994,325,219.0,8.16,2
C:/projects/myproject/QDQM/DS_Input/Internal/택배_조직도.csv,택배_조직도.csv,상세주소,,Master,541.0,1577.0,"[""nnn-n"", ""nnn"", ""nn (KKK)"", ""nn"", ""nnn (KKK)"", ""nnn-nn"", ""."", ""KKKKKK"", ""nn-n"", ""KKK nnn-n""]","[8.83, 8.16, 7.68, 7.08, 3.95, 3.61, 2.65, 2.31, 2.2, 1.86]",nn (KKK),11 (명촌동),99 (전농동),55 (장지동),206.0,7.68,3
C:/projects/myproject/QDQM/DS_Input/Internal/택배_조직도.csv,택배_조직도.csv,상위조직코드,,Master,6.0,626.0,"[""nnn"", ""AAAAAAA"", ""AAAAA"", ""nnnn"", ""AAAAAA"", ""AAA""]","[80.04, 12.45, 6.2, 1.05, 0.24, 0.03]",nnn,000,999,439,3047.0,80.04,1
C:/projects/myproject/QDQM/DS_Input/Internal/택배_조직도.csv,택배_조직도.csv,상위조직코드,,Master,6.0,626.0,"[""nnn"", ""AAAAAAA"", ""AAAAA"", ""nnnn"", ""AAAAAA"", ""AAA""]","[80.04, 12.45, 6.2, 1.05, 0.24, 0.03]",AAAAAAA,ANDOCHT,YONOCHT,KANOCHT,474.0,12.45,2
C:/projects/myproject/QDQM/DS_Input/Internal/택배_조직도.csv,택배_조직도.csv,상위조직코드,,Master,6.0,626.0,"[""nnn"", ""AAAAAAA"", ""AAAAA"", ""nnnn"", ""AAAAAA"", ""AAA""]","[80.04, 12.45, 6.2, 1.05, 0.24, 0.03]",AAAAA,BAEKE,TJNHQ,JCNBR,236.0,6.2,3
C:/projects/myproject/QDQM/DS_Input/Internal/택배_조직도.csv,택배_조직도.csv,수입신규조직코드,,Master,1.0,84.0,"[""nnnn""]",[100.0],nnnn,1111,1613,1197,3000.0,100.0,1
C:/projects/myproject/QDQM/DS_Input/Internal/택배_조직도.csv,택배_조직도.csv,수입조직코드,,Master,1.0,84.0,"[""AAAAA""]",[100.0],AAAAA,ADGDD,YSNKE,MAPDD,3000.0,100.0,1
C:/projects/myproject/QDQM/DS_Input/Internal/택배_조직도.csv,택배_조직도.csv,영문조직명,,Master,481.0,2546.0,"[""AAAAAA AAAAA"", ""AAAAAAA AAAAA"", ""AnA AAAsAA"", ""AAAAA AAAAA"", ""AAAAAAAA AAAAA"", ""AnA AAA AAAsAA"", ""AAAAAAAAA AAAAA"", ""AAAA AAAAA"", ""AAAAAAAAAA AAAAA"", ""AAAAAAAAAAA AAAAA""]","[6.86, 6.29, 4.59, 4.43, 4.36, 3.07, 3.0, 2.5, 2.12, 2.06]",AAAAAA AAAAA,ABRANG AGENT,YONGIE AGENT,JUNGGU AGENT,217.0,6.86,1
C:/projects/myproject/QDQM/DS_Input/Internal/택배_조직도.csv,택배_조직도.csv,영문조직명,,Master,481.0,2546.0,"[""AAAAAA AAAAA"", ""AAAAAAA AAAAA"", ""AnA AAAsAA"", ""AAAAA AAAAA"", ""AAAAAAAA AAAAA"", ""AnA AAA AAAsAA"", ""AAAAAAAAA AAAAA"", ""AAAA AAAAA"", ""AAAAAAAAAA AAAAA"", ""AAAAAAAAAAA AAAAA""]","[6.86, 6.29, 4.59, 4.43, 4.36, 3.07, 3.0, 2.5, 2.12, 2.06]",AAAAAAA AAAAA,ANJOONG AGENT,YULCHUN AGENT,KYEYANG AGENT,199.0,6.29,2
C:/projects/myproject/QDQM/DS_Input/Internal/택배_조직도.csv,택배_조직도.csv,영문조직명,,Master,481.0,2546.0,"[""AAAAAA AAAAA"", ""AAAAAAA AAAAA"", ""AnA AAAsAA"", ""AAAAA AAAAA"", ""AAAAAAAA AAAAA"", ""AnA AAA AAAsAA"", ""AAAAAAAAA AAAAA"", ""AAAA AAAAA"", ""AAAAAAAAAA AAAAA"", ""AAAAAAAAAAA AAAAA""]","[6.86, 6.29, 4.59, 4.43, 4.36, 3.07, 3.0, 2.5, 2.12, 2.06]",AnA AAAsAA,B2B ENG_NM,B2B ENG_NM,B2B ENG_NM,145.0,4.59,3
C:/projects/myproject/QDQM/DS_Input/Internal/택배_조직도.csv,택배_조직도.csv,예약접수마감시분,,Master,1.0,15.0,"[""nnnn""]",[100.0],nnnn,0600,2000,1400,3425.0,100.0,1
C:/projects/myproject/QDQM/DS_Input/Internal/택배_조직도.csv,택배_조직도.csv,오전배송가능여부,YN_Flag,Master,1.0,2.0,"[""A""]",[100.0],A,N,Y,N,3494.0,100.0,1
C:/projects/myproject/QDQM/DS_Input/Internal/택배_조직도.csv,택배_조직도.csv,우편번호,,Master,2.0,1547.0,"[""nnnnnn"", ""nnnnn""]","[56.54, 43.46]",nnnnnn,100060,999002,427060,1968.0,56.54,1
C:/projects/myproject/QDQM/DS_Input/Internal/택배_조직도.csv,택배_조직도.csv,우편번호,,Master,2.0,1547.0,"[""nnnnnn"", ""nnnnn""]","[56.54, 43.46]",nnnnn,01611,63628,22853,1513.0,43.46,2
C:/projects/myproject/QDQM/DS_Input/Internal/택배_조직도.csv,택배_조직도.csv,정렬순서,,Master,2.0,13.0,"[""n"", ""nn""]","[95.18, 4.82]",n,0,9,3,79.0,95.18,1
C:/projects/myproject/QDQM/DS_Input/Internal/택배_조직도.csv,택배_조직도.csv,정렬순서,,Master,2.0,13.0,"[""n"", ""nn""]","[95.18, 4.82]",nn,10,12,11,4.0,4.82,2
C:/projects/myproject/QDQM/DS_Input/Internal/택배_조직도.csv,택배_조직도.csv,조직계약시작일자,YYYYMMDD,Master,3.0,567.0,"[""nnnnnnnn"", ""nnnnnn"", ""nnnnnnn""]","[99.75, 0.15, 0.1]",nnnnnnnn,19960801,20221020,20141201,1998.0,99.75,1
C:/projects/myproject/QDQM/DS_Input/Internal/택배_조직도.csv,택배_조직도.csv,조직계약시작일자,YYYYMMDD,Master,3.0,567.0,"[""nnnnnnnn"", ""nnnnnn"", ""nnnnnnn""]","[99.75, 0.15, 0.1]",nnnnnn,930201,990701,990621,3.0,0.15,2
C:/projects/myproject/QDQM/DS_Input/Internal/택배_조직도.csv,택배_조직도.csv,조직계약시작일자,YYYYMMDD,Master,3.0,567.0,"[""nnnnnnnn"", ""nnnnnn"", ""nnnnnnn""]","[99.75, 0.15, 0.1]",nnnnnnn,2009121,2013011,2013011,2.0,0.1,3
C:/projects/myproject/QDQM/DS_Input/Internal/택배_조직도.csv,택배_조직도.csv,조직계약종료일자,YYYYMMDD,Master,1.0,110.0,"[""nnnnnnnn""]",[100.0],nnnnnnnn,19991231,20260228,20190331,938.0,100.0,1
C:/projects/myproject/QDQM/DS_Input/Internal/택배_조직도.csv,택배_조직도.csv,조직관리유형코드,,Master,2.0,2.0,"[""AAAsAAAAAA"", ""AAAAAA""]","[64.72, 35.28]",AAAsAAAAAA,NON_DIRECT,NON_DIRECT,NON_DIRECT,2482.0,64.72,1
C:/projects/myproject/QDQM/DS_Input/Internal/택배_조직도.csv,택배_조직도.csv,조직관리유형코드,,Master,2.0,2.0,"[""AAAsAAAAAA"", ""AAAAAA""]","[64.72, 35.28]",AAAAAA,DIRECT,DIRECT,DIRECT,1353.0,35.28,2
C:/projects/myproject/QDQM/DS_Input/Internal/택배_조직도.csv,택배_조직도.csv,조직구분코드,,Master,10.0,15.0,"[""AAAAAAA"", ""AAA"", ""AAAAAA"", ""AAAAsAAAA"", ""AAAsAAAA"", ""AAAA"", ""AA"", ""AAAAA"", ""AAAsAAAsAA"", ""AAAAAAAA""]","[60.04, 17.73, 12.17, 5.92, 1.51, 1.25, 0.91, 0.42, 0.03, 0.03]",AAAAAAA,PICKDLV,PICKDLV,PICKDLV,2303.0,60.04,1
C:/projects/myproject/QDQM/DS_Input/Internal/택배_조직도.csv,택배_조직도.csv,조직구분코드,,Master,10.0,15.0,"[""AAAAAAA"", ""AAA"", ""AAAAAA"", ""AAAAsAAAA"", ""AAAsAAAA"", ""AAAA"", ""AA"", ""AAAAA"", ""AAAsAAAsAA"", ""AAAAAAAA""]","[60.04, 17.73, 12.17, 5.92, 1.51, 1.25, 0.91, 0.42, 0.03, 0.03]",AAA,AIR,VCC,TML,680.0,17.73,2
C:/projects/myproject/QDQM/DS_Input/Internal/택배_조직도.csv,택배_조직도.csv,조직구분코드,,Master,10.0,15.0,"[""AAAAAAA"", ""AAA"", ""AAAAAA"", ""AAAAsAAAA"", ""AAAsAAAA"", ""AAAA"", ""AA"", ""AAAAA"", ""AAAsAAAsAA"", ""AAAAAAAA""]","[60.04, 17.73, 12.17, 5.92, 1.51, 1.25, 0.91, 0.42, 0.03, 0.03]",AAAAAA,CENTER,CENTER,CENTER,467.0,12.17,3
C:/projects/myproject/QDQM/DS_Input/Internal/택배_조직도.csv,택배_조직도.csv,조직권역구분상세코드,,Master,1.0,2.0,"[""AA""]",[100.0],AA,IL,LI,LI,2.0,100.0,1
C:/projects/myproject/QDQM/DS_Input/Internal/택배_조직도.csv,택배_조직도.csv,조직권역구분코드,,Master,1.0,8.0,"[""AA""]",[100.0],AA,CC,WR,CP,3822.0,100.0,1
C:/projects/myproject/QDQM/DS_Input/Internal/택배_조직도.csv,택배_조직도.csv,조직명,Text,Master,270.0,3643.0,"[""KK(K)"", ""KKKK(K)"", ""KK"", ""KKK(K)"", ""KKKK[KK]"", ""KKKK"", ""KK[KK]"", ""KKKKKK"", ""KKK"", ""AKK""]","[23.15, 9.05, 6.65, 6.6, 6.15, 4.04, 2.63, 2.16, 2.06, 1.75]",KK(K),가경(집),흥해(집),송탄(집),888.0,23.15,1
C:/projects/myproject/QDQM/DS_Input/Internal/택배_조직도.csv,택배_조직도.csv,조직명,Text,Master,270.0,3643.0,"[""KK(K)"", ""KKKK(K)"", ""KK"", ""KKK(K)"", ""KKKK[KK]"", ""KKKK"", ""KK[KK]"", ""KKKKKK"", ""KKK"", ""AKK""]","[23.15, 9.05, 6.65, 6.6, 6.15, 4.04, 2.63, 2.16, 2.06, 1.75]",KKKK(K),가고집하(대),화양농산(대),시흥중앙(대),347.0,9.05,2
C:/projects/myproject/QDQM/DS_Input/Internal/택배_조직도.csv,택배_조직도.csv,조직명,Text,Master,270.0,3643.0,"[""KK(K)"", ""KKKK(K)"", ""KK"", ""KKK(K)"", ""KKKK[KK]"", ""KKKK"", ""KK[KK]"", ""KKKKKK"", ""KKK"", ""AKK""]","[23.15, 9.05, 6.65, 6.6, 6.15, 4.04, 2.63, 2.16, 2.06, 1.75]",KK,가평,횡성,수정,255.0,6.65,3
C:/projects/myproject/QDQM/DS_Input/Internal/택배_조직도.csv,택배_조직도.csv,조직상태,,Master,2.0,2.0,"[""AAAA"", ""AAAAA""]","[72.16, 27.84]",AAAA,OPEN,OPEN,OPEN,2768.0,72.16,1
C:/projects/myproject/QDQM/DS_Input/Internal/택배_조직도.csv,택배_조직도.csv,조직상태,,Master,2.0,2.0,"[""AAAA"", ""AAAAA""]","[72.16, 27.84]",AAAAA,CLOSE,CLOSE,CLOSE,1068.0,27.84,2
C:/projects/myproject/QDQM/DS_Input/Internal/택배_조직도.csv,택배_조직도.csv,조직중구분코드,,Master,3.0,46.0,"[""A"", ""AA"", ""nA""]","[88.07, 7.35, 4.58]",A,A,Z,Z,1750.0,88.07,1
C:/projects/myproject/QDQM/DS_Input/Internal/택배_조직도.csv,택배_조직도.csv,조직중구분코드,,Master,3.0,46.0,"[""A"", ""AA"", ""nA""]","[88.07, 7.35, 4.58]",AA,CA,WX,NX,146.0,7.35,2
C:/projects/myproject/QDQM/DS_Input/Internal/택배_조직도.csv,택배_조직도.csv,조직중구분코드,,Master,3.0,46.0,"[""A"", ""AA"", ""nA""]","[88.07, 7.35, 4.58]",nA,1D,4D,2B,91.0,4.58,3
C:/projects/myproject/QDQM/DS_Input/Internal/택배_조직도.csv,택배_조직도.csv,조직코드,UNIQUE,Master,11.0,3836.0,"[""nnnn"", ""nnn"", ""AAAAA"", ""AAAAAAA"", ""nnnnnn"", ""AAAA"", ""AA"", ""nnnnnnn"", ""nnnnn"", ""AAA""]","[78.96, 14.52, 2.4, 2.4, 1.02, 0.42, 0.13, 0.05, 0.05, 0.03]",nnnn,0000,9999,4633,3029.0,78.96,1
C:/projects/myproject/QDQM/DS_Input/Internal/택배_조직도.csv,택배_조직도.csv,조직코드,UNIQUE,Master,11.0,3836.0,"[""nnnn"", ""nnn"", ""AAAAA"", ""AAAAAAA"", ""nnnnnn"", ""AAAA"", ""AA"", ""nnnnnnn"", ""nnnnn"", ""AAA""]","[78.96, 14.52, 2.4, 2.4, 1.02, 0.42, 0.13, 0.05, 0.05, 0.03]",nnn,000,999,590,557.0,14.52,2
C:/projects/myproject/QDQM/DS_Input/Internal/택배_조직도.csv,택배_조직도.csv,조직코드,UNIQUE,Master,11.0,3836.0,"[""nnnn"", ""nnn"", ""AAAAA"", ""AAAAAAA"", ""nnnnnn"", ""AAAA"", ""AA"", ""nnnnnnn"", ""nnnnn"", ""AAA""]","[78.96, 14.52, 2.4, 2.4, 1.02, 0.42, 0.13, 0.05, 0.05, 0.03]",AAAAA,ADGBR,YSNBR,MPOBR,92.0,2.4,3
C:/projects/myproject/QDQM/DS_Input/Internal/택배_조직도.csv,택배_조직도.csv,조직폐쇄일자,YYYYMMDD,Master,1.0,201.0,"[""nnnnnnnn""]",[100.0],nnnnnnnn,20000731,20231206,20131205,1068.0,100.0,1
C:/projects/myproject/QDQM/DS_Input/Internal/택배_조직도.csv,택배_조직도.csv,좌표구분코드,,Master,2.0,2.0,"[""AAAAAA"", ""AAAnn""]","[56.78, 43.22]",AAAAAA,KATECH,KATECH,KATECH,687.0,56.78,1
C:/projects/myproject/QDQM/DS_Input/Internal/택배_조직도.csv,택배_조직도.csv,좌표구분코드,,Master,2.0,2.0,"[""AAAAAA"", ""AAAnn""]","[56.78, 43.22]",AAAnn,WGS84,WGS84,WGS84,523.0,43.22,2
C:/projects/myproject/QDQM/DS_Input/Internal/택배_조직도.csv,택배_조직도.csv,최종변경사용자ID,,Master,4.0,105.0,"[""AAA"", ""nnnnnnn"", ""aaa"", ""aaaaa""]","[68.23, 29.73, 1.8, 0.24]",AAA,SYS,SYS,SYS,2309.0,68.23,1
C:/projects/myproject/QDQM/DS_Input/Internal/택배_조직도.csv,택배_조직도.csv,최종변경사용자ID,,Master,4.0,105.0,"[""AAA"", ""nnnnnnn"", ""aaa"", ""aaaaa""]","[68.23, 29.73, 1.8, 0.24]",nnnnnnn,0012692,9710481,1910031,1006.0,29.73,2
C:/projects/myproject/QDQM/DS_Input/Internal/택배_조직도.csv,택배_조직도.csv,최종변경사용자ID,,Master,4.0,105.0,"[""AAA"", ""nnnnnnn"", ""aaa"", ""aaaaa""]","[68.23, 29.73, 1.8, 0.24]",aaa,mig,mtr,mtr,61.0,1.8,3
C:/projects/myproject/QDQM/DS_Input/Internal/택배_조직도.csv,택배_조직도.csv,최종업데이트사원번호,,Master,1.0,311.0,"[""nnnnnnn""]",[100.0],nnnnnnn,0010021,9900284,1210952,3520.0,100.0,1
C:/projects/myproject/QDQM/DS_Input/Internal/택배_조직도.csv,택배_조직도.csv,팩스번호,,Master,23.0,680.0,"[""nnnnnnnnnn"", ""nnn-nnn-nnnn"", ""nnnnnnnnnnn"", ""nn-nnn-nnnn"", ""nnn)nnn-nnnn"", ""nn"", ""nnnnnnnnn"", ""nn-nnnn-nnnn"", ""nnn"", ""nnn-nnnn-nnnn""]","[53.65, 16.89, 6.25, 4.91, 4.46, 3.65, 3.42, 2.6, 1.71, 0.6]",nnnnnnnnnn,0000000000,0649008019,0416331013,721.0,53.65,1
C:/projects/myproject/QDQM/DS_Input/Internal/택배_조직도.csv,택배_조직도.csv,팩스번호,,Master,23.0,680.0,"[""nnnnnnnnnn"", ""nnn-nnn-nnnn"", ""nnnnnnnnnnn"", ""nn-nnn-nnnn"", ""nnn)nnn-nnnn"", ""nn"", ""nnnnnnnnn"", ""nn-nnnn-nnnn"", ""nnn"", ""nnn-nnnn-nnnn""]","[53.65, 16.89, 6.25, 4.91, 4.46, 3.65, 3.42, 2.6, 1.71, 0.6]",nnn-nnn-nnnn,011-607-3492,064-762-6700,051-502-6360,227.0,16.89,2
C:/projects/myproject/QDQM/DS_Input/Internal/택배_조직도.csv,택배_조직도.csv,팩스번호,,Master,23.0,680.0,"[""nnnnnnnnnn"", ""nnn-nnn-nnnn"", ""nnnnnnnnnnn"", ""nn-nnn-nnnn"", ""nnn)nnn-nnnn"", ""nn"", ""nnnnnnnnn"", ""nn-nnnn-nnnn"", ""nnn"", ""nnn-nnnn-nnnn""]","[53.65, 16.89, 6.25, 4.91, 4.46, 3.65, 3.42, 2.6, 1.71, 0.6]",nnnnnnnnnnn,01000000000,07088209133,03434612074,84.0,6.25,3
C:/projects/myproject/QDQM/DS_Input/Reference/ATC명5.csv,ATC명5.csv,ATC명5,UNIQUE,Reference,14.0,1084.0,"[""aaaaa"", ""Aaaaa"", ""AAAAA"", ""Aaaa "", ""AAA a"", ""nnA-a"", ""AAA-A"", ""Aaa/a"", ""Aaaas"", ""aaaa-""]","[92.71, 4.52, 1.2, 0.55, 0.18, 0.09, 0.09, 0.09, 0.09, 0.09]",aaaaa,abaca,zotep,inter,1005.0,92.71,1
C:/projects/myproject/QDQM/DS_Input/Reference/ATC명5.csv,ATC명5.csv,ATC명5,UNIQUE,Reference,14.0,1084.0,"[""aaaaa"", ""Aaaaa"", ""AAAAA"", ""Aaaa "", ""AAA a"", ""nnA-a"", ""AAA-A"", ""Aaa/a"", ""Aaaas"", ""aaaa-""]","[92.71, 4.52, 1.2, 0.55, 0.18, 0.09, 0.09, 0.09, 0.09, 0.09]",Aaaaa,Alpha,Xanth,Lipid,49.0,4.52,2
C:/projects/myproject/QDQM/DS_Input/Reference/ATC명5.csv,ATC명5.csv,ATC명5,UNIQUE,Reference,14.0,1084.0,"[""aaaaa"", ""Aaaaa"", ""AAAAA"", ""Aaaa "", ""AAA a"", ""nnA-a"", ""AAA-A"", ""Aaa/a"", ""Aaaas"", ""aaaa-""]","[92.71, 4.52, 1.2, 0.55, 0.18, 0.09, 0.09, 0.09, 0.09, 0.09]",AAAAA,ANTAC,SKELE,INTES,13.0,1.2,3
C:/projects/myproject/QDQM/DS_Input/Reference/ATC코드.csv,ATC코드.csv,ATC코드,UNIQUE,Reference,4.0,1449.0,"[""AnnAAnn"", ""AnnAA"", ""AnnA"", ""Ann""]","[92.55, 6.35, 0.83, 0.28]",AnnAAnn,A01AB22,V10XX04,J05AP56,1341.0,92.55,1
C:/projects/myproject/QDQM/DS_Input/Reference/ATC코드.csv,ATC코드.csv,ATC코드,UNIQUE,Reference,4.0,1449.0,"[""AnnAAnn"", ""AnnAA"", ""AnnA"", ""Ann""]","[92.55, 6.35, 0.83, 0.28]",AnnAA,A02BC,V09CX,G03GA,92.0,6.35,2
C:/projects/myproject/QDQM/DS_Input/Reference/ATC코드.csv,ATC코드.csv,ATC코드,UNIQUE,Reference,4.0,1449.0,"[""AnnAAnn"", ""AnnAA"", ""AnnA"", ""Ann""]","[92.55, 6.35, 0.83, 0.28]",AnnA,A02A,V09B,D01A,12.0,0.83,3
C:/projects/myproject/QDQM/DS_Input/Reference/Aircraft_Manufacturer.csv,Aircraft_Manufacturer.csv,Aircraft_Manufacturer,,Reference,293.0,2039.0,"[""AAAAAAA"", ""AAAAAA"", ""AAAAA"", ""AAAAAAAA"", ""AAAA"", ""AAA"", ""AAAAAAAAA"", ""AAAAAAAAAA"", ""AAAAAAAAAAA"", ""AAAAA AAAAAAAA""]","[12.35, 12.31, 9.84, 8.67, 8.34, 5.22, 4.74, 3.6, 1.22, 1.01]",AAAAAAA,AEROCAD,ZIPLINE,LAMBACH,305.0,12.35,1
C:/projects/myproject/QDQM/DS_Input/Reference/Aircraft_Manufacturer.csv,Aircraft_Manufacturer.csv,Aircraft_Manufacturer,,Reference,293.0,2039.0,"[""AAAAAAA"", ""AAAAAA"", ""AAAAA"", ""AAAAAAAA"", ""AAAA"", ""AAA"", ""AAAAAAAAA"", ""AAAAAAAAAA"", ""AAAAAAAAAAA"", ""AAAAA AAAAAAAA""]","[12.35, 12.31, 9.84, 8.67, 8.34, 5.22, 4.74, 3.6, 1.22, 1.01]",AAAAAA,AERFER,ZIGONG,HUGHES,304.0,12.31,2
C:/projects/myproject/QDQM/DS_Input/Reference/Aircraft_Manufacturer.csv,Aircraft_Manufacturer.csv,Aircraft_Manufacturer,,Reference,293.0,2039.0,"[""AAAAAAA"", ""AAAAAA"", ""AAAAA"", ""AAAAAAAA"", ""AAAA"", ""AAA"", ""AAAAAAAAA"", ""AAAAAAAAAA"", ""AAAAAAAAAAA"", ""AAAAA AAAAAAAA""]","[12.35, 12.31, 9.84, 8.67, 8.34, 5.22, 4.74, 3.6, 1.22, 1.01]",AAAAA,AAMSA,ZIVKO,LAIRD,243.0,9.84,3
C:/projects/myproject/QDQM/DS_Input/Reference/Aircraft_Manufacturer_Name.csv,Aircraft_Manufacturer_Name.csv,Aircraft_Manufacturer_Name,,Reference,1188.0,2462.0,"[""Aaaaaaa Aaaaaaaa Aaa"", ""Aaaaaaaa Aaaaaaaa Aa"", ""Aaaaaa Aaaaaaaa Aaaa"", ""Aaaaa Aaaaaaaa Aaaaa"", ""Aaaaaaaa Aaaaaaaaaaa"", ""Aaaaaa Aaaaaaaa Aaa "", ""Aaaaaaaaa Aaaaaaaaaa"", ""Aaaaaaaaaaa Aaaaaaaa"", ""Aaaa Aaaaaaaa Aaaaaa"", ""Aaaaaaaaa Aaaaaaaa A""]","[2.96, 2.88, 2.19, 1.98, 1.54, 1.17, 1.09, 1.09, 1.01, 0.93]",Aaaaaaa Aaaaaaaa Aaa,Aeronca Aircraft Corporation (United States),Wheeler Aircraft Company (United States),Johnson Aircraft Inc (United States),73.0,2.96,1
C:/projects/myproject/QDQM/DS_Input/Reference/Aircraft_Manufacturer_Name.csv,Aircraft_Manufacturer_Name.csv,Aircraft_Manufacturer_Name,,Reference,1188.0,2462.0,"[""Aaaaaaa Aaaaaaaa Aaa"", ""Aaaaaaaa Aaaaaaaa Aa"", ""Aaaaaa Aaaaaaaa Aaaa"", ""Aaaaa Aaaaaaaa Aaaaa"", ""Aaaaaaaa Aaaaaaaaaaa"", ""Aaaaaa Aaaaaaaa Aaa "", ""Aaaaaaaaa Aaaaaaaaaa"", ""Aaaaaaaaaaa Aaaaaaaa"", ""Aaaa Aaaaaaaa Aaaaaa"", ""Aaaaaaaaa Aaaaaaaa A""]","[2.96, 2.88, 2.19, 1.98, 1.54, 1.17, 1.09, 1.09, 1.01, 0.93]",Aaaaaaaa Aaaaaaaa Aa,Advanced Aircraft Corporation (United States),Yakovlev Aircraft Company (Russia),Luscombe Airplane Development Corporation (United States),71.0,2.88,2
C:/projects/myproject/QDQM/DS_Input/Reference/Aircraft_Manufacturer_Name.csv,Aircraft_Manufacturer_Name.csv,Aircraft_Manufacturer_Name,,Reference,1188.0,2462.0,"[""Aaaaaaa Aaaaaaaa Aaa"", ""Aaaaaaaa Aaaaaaaa Aa"", ""Aaaaaa Aaaaaaaa Aaaa"", ""Aaaaa Aaaaaaaa Aaaaa"", ""Aaaaaaaa Aaaaaaaaaaa"", ""Aaaaaa Aaaaaaaa Aaa "", ""Aaaaaaaaa Aaaaaaaaaa"", ""Aaaaaaaaaaa Aaaaaaaa"", ""Aaaa Aaaaaaaa Aaaaaa"", ""Aaaaaaaaa Aaaaaaaa A""]","[2.96, 2.88, 2.19, 1.98, 1.54, 1.17, 1.09, 1.09, 1.01, 0.93]",Aaaaaa Aaaaaaaa Aaaa,Aquila Aviation International GmbH (Germany),Zénith Aircraft Company (United States),Huzhou Taixiang Aviation Technology Company (China),54.0,2.19,3
C:/projects/myproject/QDQM/DS_Input/Reference/Aircraft_Model.csv,Aircraft_Model.csv,Aircraft_Model,UNIQUE,Reference,1504.0,5943.0,"[""AA-nnn"", ""AA-nn"", ""A-nnn"", ""AA-n"", ""A-nn"", ""Aaaaaaa"", ""A-nn Aaaaaaa"", ""nnn"", ""Aaaaaa"", ""AAA""]","[2.24, 2.07, 1.99, 1.97, 1.77, 1.45, 1.36, 1.28, 1.25, 1.21]",AA-nnn,AB-115,VR-203,EA-300,133.0,2.24,1
C:/projects/myproject/QDQM/DS_Input/Reference/Aircraft_Model.csv,Aircraft_Model.csv,Aircraft_Model,UNIQUE,Reference,1504.0,5943.0,"[""AA-nnn"", ""AA-nn"", ""A-nnn"", ""AA-n"", ""A-nn"", ""Aaaaaaa"", ""A-nn Aaaaaaa"", ""nnn"", ""Aaaaaa"", ""AAA""]","[2.24, 2.07, 1.99, 1.97, 1.77, 1.45, 1.36, 1.28, 1.25, 1.21]",AA-nn,AB-95,YS-11,MD-90,123.0,2.07,2
C:/projects/myproject/QDQM/DS_Input/Reference/Aircraft_Model.csv,Aircraft_Model.csv,Aircraft_Model,UNIQUE,Reference,1504.0,5943.0,"[""AA-nnn"", ""AA-nn"", ""A-nnn"", ""AA-n"", ""A-nn"", ""Aaaaaaa"", ""A-nn Aaaaaaa"", ""nnn"", ""Aaaaaa"", ""AAA""]","[2.24, 2.07, 1.99, 1.97, 1.77, 1.45, 1.36, 1.28, 1.25, 1.21]",A-nnn,A-002,Z-626,G-800,118.0,1.99,3
C:/projects/myproject/QDQM/DS_Input/Reference/Aircraft_Type.csv,Aircraft_Type.csv,Aircraft_Type,UNIQUE,Reference,15.0,2695.0,"[""AAAA"", ""AAnn"", ""Annn"", ""AAAn"", ""AAn"", ""Ann"", ""AnnA"", ""AAnA"", ""An"", ""AAA""]","[28.5, 24.04, 12.69, 7.38, 7.01, 6.35, 5.01, 3.64, 2.75, 1.37]",AAAA,ACAM,ZULU,MGIC,768.0,28.5,1
C:/projects/myproject/QDQM/DS_Input/Reference/Aircraft_Type.csv,Aircraft_Type.csv,Aircraft_Type,UNIQUE,Reference,15.0,2695.0,"[""AAAA"", ""AAnn"", ""Annn"", ""AAAn"", ""AAn"", ""Ann"", ""AnnA"", ""AAnA"", ""An"", ""AAA""]","[28.5, 24.04, 12.69, 7.38, 7.01, 6.35, 5.01, 3.64, 2.75, 1.37]",AAnn,AA37,YS11,KL07,648.0,24.04,2
C:/projects/myproject/QDQM/DS_Input/Reference/Aircraft_Type.csv,Aircraft_Type.csv,Aircraft_Type,UNIQUE,Reference,15.0,2695.0,"[""AAAA"", ""AAnn"", ""Annn"", ""AAAn"", ""AAn"", ""Ann"", ""AnnA"", ""AAnA"", ""An"", ""AAA""]","[28.5, 24.04, 12.69, 7.38, 7.01, 6.35, 5.01, 3.64, 2.75, 1.37]",Annn,A002,Y130,E110,342.0,12.69,3
C:/projects/myproject/QDQM/DS_Input/Reference/Airline_IATA.csv,Airline_IATA.csv,Airline_IATA,UNIQUE,Reference,3.0,1131.0,"[""AA"", ""An"", ""nA""]","[58.44, 20.87, 20.69]",AA,AA,ZZ,MY,661.0,58.44,1
C:/projects/myproject/QDQM/DS_Input/Reference/Airline_IATA.csv,Airline_IATA.csv,Airline_IATA,UNIQUE,Reference,3.0,1131.0,"[""AA"", ""An"", ""nA""]","[58.44, 20.87, 20.69]",An,A0,Z9,M8,236.0,20.87,2
C:/projects/myproject/QDQM/DS_Input/Reference/Airline_IATA.csv,Airline_IATA.csv,Airline_IATA,UNIQUE,Reference,3.0,1131.0,"[""AA"", ""An"", ""nA""]","[58.44, 20.87, 20.69]",nA,0A,9Y,5H,234.0,20.69,3
C:/projects/myproject/QDQM/DS_Input/Reference/Airline_ICAO.csv,Airline_ICAO.csv,Airline_ICAO,UNIQUE,Reference,3.0,1589.0,"[""AAA"", ""AK"", ""AAAA AAA""]","[99.87, 0.06, 0.06]",AAA,AAF,ZOM,KSZ,1587.0,99.87,1
C:/projects/myproject/QDQM/DS_Input/Reference/Airline_ICAO.csv,Airline_ICAO.csv,Airline_ICAO,UNIQUE,Reference,3.0,1589.0,"[""AAA"", ""AK"", ""AAAA AAA""]","[99.87, 0.06, 0.06]",AK,A니,A니,A니,1.0,0.06,2
C:/projects/myproject/QDQM/DS_Input/Reference/Airline_ICAO.csv,Airline_ICAO.csv,Airline_ICAO,UNIQUE,Reference,3.0,1589.0,"[""AAA"", ""AK"", ""AAAA AAA""]","[99.87, 0.06, 0.06]",AAAA AAA,RISE AIR,RISE AIR,RISE AIR,1.0,0.06,3
C:/projects/myproject/QDQM/DS_Input/Reference/Airline_Name.csv,Airline_Name.csv,Airline_Name,Text,Reference,202.0,1728.0,"[""KKK KK"", ""KK KK"", ""KKKK KK"", ""KKKKK KK"", ""KKKK"", ""KKKKK"", ""KK KKK"", ""KK KKKK"", ""KKK KK KK"", ""AAA KK""]","[13.72, 10.42, 9.2, 4.22, 4.11, 3.53, 2.72, 2.55, 2.26, 2.14]",KKK KK,갈레어 항공,헬베틱 항공,앙공라 항공,237.0,13.72,1
C:/projects/myproject/QDQM/DS_Input/Reference/Airline_Name.csv,Airline_Name.csv,Airline_Name,Text,Reference,202.0,1728.0,"[""KKK KK"", ""KK KK"", ""KKKK KK"", ""KKKKK KK"", ""KKKK"", ""KKKKK"", ""KK KKK"", ""KK KKKK"", ""KKK KK KK"", ""AAA KK""]","[13.72, 10.42, 9.2, 4.22, 4.11, 3.53, 2.72, 2.55, 2.26, 2.14]",KK KK,가나 항공,흑해 항공,에어 알시,180.0,10.42,2
C:/projects/myproject/QDQM/DS_Input/Reference/Airline_Name.csv,Airline_Name.csv,Airline_Name,Text,Reference,202.0,1728.0,"[""KKK KK"", ""KK KK"", ""KKKK KK"", ""KKKKK KK"", ""KKKK"", ""KKKKK"", ""KK KKK"", ""KK KKKK"", ""KKK KK KK"", ""AAA KK""]","[13.72, 10.42, 9.2, 4.22, 4.11, 3.53, 2.72, 2.55, 2.26, 2.14]",KKKK KK,골든베이 항공,힌터렌드 항공,에스텔라 항공,159.0,9.2,3
C:/projects/myproject/QDQM/DS_Input/Reference/Airline_Name_Eng.csv,Airline_Name_Eng.csv,Airline_Name_Eng,UNIQUE,Reference,550.0,2065.0,"[""Aaaaaa Aaaaaaaa"", ""Aaaaaaa Aaaaaaaa"", ""Aaaaaaa"", ""Aaaaa Aaaaaaaa"", ""Aaaaaaaa"", ""Aaaaaaaa Aaaaaaaa"", ""Aaaa Aaa"", ""Aaaaa Aaa"", ""Aaaaaa Aaa"", ""Aaa Aaaaaaa""]","[2.91, 2.81, 2.28, 2.28, 2.13, 2.13, 2.08, 1.99, 1.79, 1.79]",Aaaaaa Aaaaaaaa,Aegean Airlines,Zeusch Aviation,Hennan Airlines,60.0,2.91,1
C:/projects/myproject/QDQM/DS_Input/Reference/Airline_Name_Eng.csv,Airline_Name_Eng.csv,Airline_Name_Eng,UNIQUE,Reference,550.0,2065.0,"[""Aaaaaa Aaaaaaaa"", ""Aaaaaaa Aaaaaaaa"", ""Aaaaaaa"", ""Aaaaa Aaaaaaaa"", ""Aaaaaaaa"", ""Aaaaaaaa Aaaaaaaa"", ""Aaaa Aaa"", ""Aaaaa Aaa"", ""Aaaaaa Aaa"", ""Aaa Aaaaaaa""]","[2.91, 2.81, 2.28, 2.28, 2.13, 2.13, 2.08, 1.99, 1.79, 1.79]",Aaaaaaa Aaaaaaaa,Amakusa Airlines,Zambezi Airlines,Lulutai Airlines,58.0,2.81,2
C:/projects/myproject/QDQM/DS_Input/Reference/Airline_Name_Eng.csv,Airline_Name_Eng.csv,Airline_Name_Eng,UNIQUE,Reference,550.0,2065.0,"[""Aaaaaa Aaaaaaaa"", ""Aaaaaaa Aaaaaaaa"", ""Aaaaaaa"", ""Aaaaa Aaaaaaaa"", ""Aaaaaaaa"", ""Aaaaaaaa Aaaaaaaa"", ""Aaaa Aaa"", ""Aaaaa Aaa"", ""Aaaaaa Aaa"", ""Aaa Aaaaaaa""]","[2.91, 2.81, 2.28, 2.28, 2.13, 2.13, 2.08, 1.99, 1.79, 1.79]",Aaaaaaa,Aeromar,Zhezair,Finnair,47.0,2.28,3
C:/projects/myproject/QDQM/DS_Input/Reference/Airport_IATA.csv,Airport_IATA.csv,Airport_IATA,UNIQUE,Reference,1.0,9806.0,"[""AAA""]",[100.0],AAA,AAA,ZZV,MAA,9806.0,100.0,1
C:/projects/myproject/QDQM/DS_Input/Reference/Airport_ICAO.csv,Airport_ICAO.csv,Airport_ICAO,UNIQUE,Reference,13.0,8346.0,"[""AAAA"", ""AAAn"", ""Ann"", ""AAA"", ""AAnn"", ""nAn"", ""nnA"", ""nAAn"", ""nnAA"", ""nAA""]","[96.13, 1.13, 0.69, 0.67, 0.49, 0.23, 0.22, 0.13, 0.12, 0.08]",AAAA,AGAF,ZYYK,LTAT,8023.0,96.13,1
C:/projects/myproject/QDQM/DS_Input/Reference/Airport_ICAO.csv,Airport_ICAO.csv,Airport_ICAO,UNIQUE,Reference,13.0,8346.0,"[""AAAA"", ""AAAn"", ""Ann"", ""AAA"", ""AAnn"", ""nAn"", ""nnA"", ""nAAn"", ""nnAA"", ""nAA""]","[96.13, 1.13, 0.69, 0.67, 0.49, 0.23, 0.22, 0.13, 0.12, 0.08]",AAAn,CAB3,CTU5,CEC4,94.0,1.13,2
C:/projects/myproject/QDQM/DS_Input/Reference/Airport_ICAO.csv,Airport_ICAO.csv,Airport_ICAO,UNIQUE,Reference,13.0,8346.0,"[""AAAA"", ""AAAn"", ""Ann"", ""AAA"", ""AAnn"", ""nAn"", ""nnA"", ""nAAn"", ""nnAA"", ""nAA""]","[96.13, 1.13, 0.69, 0.67, 0.49, 0.23, 0.22, 0.13, 0.12, 0.08]",Ann,A23,Z93,O85,58.0,0.69,3
C:/projects/myproject/QDQM/DS_Input/Reference/Airport_Name.csv,Airport_Name.csv,Airport_Name,UNIQUE,Reference,1026.0,9468.0,"[""Aaaaaaa"", ""Aaaaaa"", ""Aaaaaaaa"", ""Aaaaa"", ""Aaaaaaaaa"", ""Aaaaaa Aaaaaaa"", ""Aaaaaaa Aaaaaaa"", ""Aaaaaaaa Aaaaaaa"", ""Aaaaa Aaaaaaa"", ""Aaaaaaaaaa""]","[7.09, 6.97, 5.95, 5.04, 4.17, 3.35, 3.08, 2.7, 2.42, 2.42]",Aaaaaaa,Abaiang,Zuwarah,Kulgera,671.0,7.09,1
C:/projects/myproject/QDQM/DS_Input/Reference/Airport_Name.csv,Airport_Name.csv,Airport_Name,UNIQUE,Reference,1026.0,9468.0,"[""Aaaaaaa"", ""Aaaaaa"", ""Aaaaaaaa"", ""Aaaaa"", ""Aaaaaaaaa"", ""Aaaaaa Aaaaaaa"", ""Aaaaaaa Aaaaaaa"", ""Aaaaaaaa Aaaaaaa"", ""Aaaaa Aaaaaaa"", ""Aaaaaaaaaa""]","[7.09, 6.97, 5.95, 5.04, 4.17, 3.35, 3.08, 2.7, 2.42, 2.42]",Aaaaaa,Abbaye,Zugapa,Lobito,660.0,6.97,2
C:/projects/myproject/QDQM/DS_Input/Reference/Airport_Name.csv,Airport_Name.csv,Airport_Name,UNIQUE,Reference,1026.0,9468.0,"[""Aaaaaaa"", ""Aaaaaa"", ""Aaaaaaaa"", ""Aaaaa"", ""Aaaaaaaaa"", ""Aaaaaa Aaaaaaa"", ""Aaaaaaa Aaaaaaa"", ""Aaaaaaaa Aaaaaaa"", ""Aaaaa Aaaaaaa"", ""Aaaaaaaaaa""]","[7.09, 6.97, 5.95, 5.04, 4.17, 3.35, 3.08, 2.7, 2.42, 2.42]",Aaaaaaaa,Abingdon,Zouerate,Lengbati,563.0,5.95,3
C:/projects/myproject/QDQM/DS_Input/Reference/City_Eng.csv,City_Eng.csv,City_Eng,UNIQUE,Reference,179.0,6626.0,"[""AAAAAA"", ""AAAAAAA"", ""AAAAAAAA"", ""AAAAA"", ""AAAAAAAAA"", ""AAAA"", ""AAAAAAAAAA"", ""AAAAAAAAAAA"", ""AAA"", ""AAAAAAAAAAAA""]","[18.46, 17.52, 14.35, 13.9, 9.48, 7.65, 5.8, 3.23, 1.95, 1.48]",AAAAAA,AACHEN,ŽILINA,LIKIEP,1223.0,18.46,1
C:/projects/myproject/QDQM/DS_Input/Reference/City_Eng.csv,City_Eng.csv,City_Eng,UNIQUE,Reference,179.0,6626.0,"[""AAAAAA"", ""AAAAAAA"", ""AAAAAAAA"", ""AAAAA"", ""AAAAAAAAA"", ""AAAA"", ""AAAAAAAAAA"", ""AAAAAAAAAAA"", ""AAA"", ""AAAAAAAAAAAA""]","[18.46, 17.52, 14.35, 13.9, 9.48, 7.65, 5.8, 3.23, 1.95, 1.48]",AAAAAAA,AALBORG,ZOERSEL,LARNACA,1161.0,17.52,2
C:/projects/myproject/QDQM/DS_Input/Reference/City_Eng.csv,City_Eng.csv,City_Eng,UNIQUE,Reference,179.0,6626.0,"[""AAAAAA"", ""AAAAAAA"", ""AAAAAAAA"", ""AAAAA"", ""AAAAAAAAA"", ""AAAA"", ""AAAAAAAAAA"", ""AAAAAAAAAAA"", ""AAA"", ""AAAAAAAAAAAA""]","[18.46, 17.52, 14.35, 13.9, 9.48, 7.65, 5.8, 3.23, 1.95, 1.48]",AAAAAAAA,ABERDEEN,ŠIAULIAI,LANGEOOG,951.0,14.35,3
C:/projects/myproject/QDQM/DS_Input/Reference/Country.csv,Country.csv,Country,Text,Reference,29.0,243.0,"[""KKK"", ""KKKK"", ""KKKKK"", ""KK"", ""KKKKKK"", ""KKKKKKK"", ""KKKKKKKK"", ""KKKKKKKKK"", ""KKKKKKKKKK"", ""KKK KK KK""]","[28.4, 22.22, 14.81, 13.58, 7.0, 2.88, 1.23, 0.82, 0.82, 0.41]",KKK,감비아,헝가리,세이셸,69.0,28.4,1
C:/projects/myproject/QDQM/DS_Input/Reference/Country.csv,Country.csv,Country,Text,Reference,29.0,243.0,"[""KKK"", ""KKKK"", ""KKKKK"", ""KK"", ""KKKKKK"", ""KKKKKKK"", ""KKKKKKKK"", ""KKKKKKKKK"", ""KKKKKKKKKK"", ""KKK KK KK""]","[28.4, 22.22, 14.81, 13.58, 7.0, 2.88, 1.23, 0.82, 0.82, 0.41]",KKKK,가이아나,포르투갈,브루나이,54.0,22.22,2
C:/projects/myproject/QDQM/DS_Input/Reference/Country.csv,Country.csv,Country,Text,Reference,29.0,243.0,"[""KKK"", ""KKKK"", ""KKKKK"", ""KK"", ""KKKKKK"", ""KKKKKKK"", ""KKKKKKKK"", ""KKKKKKKKK"", ""KKKKKKKKKK"", ""KKK KK KK""]","[28.4, 22.22, 14.81, 13.58, 7.0, 2.88, 1.23, 0.82, 0.82, 0.41]",KKKKK,기니비사우,팔레스타인,아르헨티나,36.0,14.81,3
C:/projects/myproject/QDQM/DS_Input/Reference/Country_Eng.csv,Country_Eng.csv,Country_Eng,UNIQUE,Reference,69.0,243.0,"[""Aaaaaaa"", ""Aaaaaa"", ""Aaaaa"", ""Aaaaaaaa"", ""Aaaaaaaaaa"", ""Aaaaaaaaa"", ""Aaaa"", ""Aaaaaaaaaaa"", ""Aaaaaaaa Aaaaaaa"", ""Aaaaaa Aaaaaaa""]","[19.34, 13.17, 11.93, 10.29, 5.76, 4.94, 4.94, 1.23, 1.23, 0.82]",Aaaaaaa,Albania,Vietnam,Grenada,47.0,19.34,1
C:/projects/myproject/QDQM/DS_Input/Reference/Country_Eng.csv,Country_Eng.csv,Country_Eng,UNIQUE,Reference,69.0,243.0,"[""Aaaaaaa"", ""Aaaaaa"", ""Aaaaa"", ""Aaaaaaaa"", ""Aaaaaaaaaa"", ""Aaaaaaaaa"", ""Aaaa"", ""Aaaaaaaaaaa"", ""Aaaaaaaa Aaaaaaa"", ""Aaaaaa Aaaaaaa""]","[19.34, 13.17, 11.93, 10.29, 5.76, 4.94, 4.94, 1.23, 1.23, 0.82]",Aaaaaa,Angola,Zambia,Kuwait,32.0,13.17,2
C:/projects/myproject/QDQM/DS_Input/Reference/Country_Eng.csv,Country_Eng.csv,Country_Eng,UNIQUE,Reference,69.0,243.0,"[""Aaaaaaa"", ""Aaaaaa"", ""Aaaaa"", ""Aaaaaaaa"", ""Aaaaaaaaaa"", ""Aaaaaaaaa"", ""Aaaa"", ""Aaaaaaaaaaa"", ""Aaaaaaaa Aaaaaaa"", ""Aaaaaa Aaaaaaa""]","[19.34, 13.17, 11.93, 10.29, 5.76, 4.94, 4.94, 1.23, 1.23, 0.82]",Aaaaa,Aruba,Yemen,Libya,29.0,11.93,3
C:/projects/myproject/QDQM/DS_Input/Reference/Country_ISO2.csv,Country_ISO2.csv,Country_ISO2,UNIQUE,Reference,1.0,248.0,"[""AA""]",[100.0],AA,AD,ZW,KZ,248.0,100.0,1
C:/projects/myproject/QDQM/DS_Input/Reference/Country_ISO3.csv,Country_ISO3.csv,Country_ISO3,UNIQUE,Reference,1.0,249.0,"[""AAA""]",[100.0],AAA,ABW,ZWE,LAO,249.0,100.0,1
C:/projects/myproject/QDQM/DS_Input/Reference/Currency_Code.csv,Currency_Code.csv,Currency_Code,UNIQUE,Reference,1.0,170.0,"[""AAA""]",[100.0],AAA,AED,ZWL,MGA,170.0,100.0,1
C:/projects/myproject/QDQM/DS_Input/Reference/Currency_Name.csv,Currency_Name.csv,Currency_Name,UNIQUE,Reference,68.0,170.0,"[""Aaaa"", ""Aaaaaa"", ""Aaaaaaaa Aaaaa"", ""Aaaaaaaa Aaaaaa"", ""Aaaaaaa"", ""Aaaaa"", ""Aaaaaa Aaaaa"", ""Aaaaaaa Aaaaa"", ""Aaa"", ""Aaaaaaaaa Aaaaa""]","[8.82, 5.88, 5.29, 4.71, 4.71, 4.71, 4.12, 3.53, 3.53, 2.94]",Aaaa,Baht,Vatu,Lari,15.0,8.82,1
C:/projects/myproject/QDQM/DS_Input/Reference/Currency_Name.csv,Currency_Name.csv,Currency_Name,UNIQUE,Reference,68.0,170.0,"[""Aaaa"", ""Aaaaaa"", ""Aaaaaaaa Aaaaa"", ""Aaaaaaaa Aaaaaa"", ""Aaaaaaa"", ""Aaaaa"", ""Aaaaaa Aaaaa"", ""Aaaaaaa Aaaaa"", ""Aaa"", ""Aaaaaaaaa Aaaaa""]","[8.82, 5.88, 5.29, 4.71, 4.71, 4.71, 4.12, 3.53, 3.53, 2.94]",Aaaaaa,Balboa,Tugrik,Pataca,10.0,5.88,2
C:/projects/myproject/QDQM/DS_Input/Reference/Currency_Name.csv,Currency_Name.csv,Currency_Name,UNIQUE,Reference,68.0,170.0,"[""Aaaa"", ""Aaaaaa"", ""Aaaaaaaa Aaaaa"", ""Aaaaaaaa Aaaaaa"", ""Aaaaaaa"", ""Aaaaa"", ""Aaaaaa Aaaaa"", ""Aaaaaaa Aaaaa"", ""Aaa"", ""Aaaaaaaaa Aaaaa""]","[8.82, 5.88, 5.29, 4.71, 4.71, 4.71, 4.12, 3.53, 3.53, 2.94]",Aaaaaaaa Aaaaa,Algerian Dinar,Tunisian Dinar,Lebanese Pound,9.0,5.29,3
C:/projects/myproject/QDQM/DS_Input/Reference/HS부호.csv,HS부호.csv,HS부호,UNIQUE,Reference,4.0,10000.0,"[""nnnnnnnnnn"", ""nnnnnnnn"", ""nnnnnnnnn"", ""nnnnnnn""]","[90.85, 7.39, 1.37, 0.39]",nnnnnnnnnn,0101211000,9706903000,5205221000,9085.0,90.85,1
C:/projects/myproject/QDQM/DS_Input/Reference/HS부호.csv,HS부호.csv,HS부호,UNIQUE,Reference,4.0,10000.0,"[""nnnnnnnnnn"", ""nnnnnnnn"", ""nnnnnnnnn"", ""nnnnnnn""]","[90.85, 7.39, 1.37, 0.39]",nnnnnnnn,01029090,96190090,48059190,739.0,7.39,2
C:/projects/myproject/QDQM/DS_Input/Reference/HS부호.csv,HS부호.csv,HS부호,UNIQUE,Reference,4.0,10000.0,"[""nnnnnnnnnn"", ""nnnnnnnn"", ""nnnnnnnnn"", ""nnnnnnn""]","[90.85, 7.39, 1.37, 0.39]",nnnnnnnnn,030199909,950300391,382219309,137.0,1.37,3
C:/projects/myproject/QDQM/DS_Input/Reference/HS영문품목명9.csv,HS영문품목명9.csv,HS영문품목명9,UNIQUE,Reference,1837.0,6171.0,"[""Aaaaaaa"", ""Aaaaaaaa"", ""Aaaaaa"", ""Aaaaa"", ""Aaaaaaaaaa"", ""Aaaaaaaaa"", ""Aaaaaaaaaa aaaaaaaaa"", ""Aaaaaaaa aaa aaaaaaa"", ""Aaaaa aaaaa"", ""Aaaaaaa aaaaa""]","[2.37, 1.99, 1.88, 1.67, 1.51, 1.25, 0.88, 0.83, 0.79, 0.71]",Aaaaaaa,Acetone,Yttrium,Loaches,146.0,2.37,1
C:/projects/myproject/QDQM/DS_Input/Reference/HS영문품목명9.csv,HS영문품목명9.csv,HS영문품목명9,UNIQUE,Reference,1837.0,6171.0,"[""Aaaaaaa"", ""Aaaaaaaa"", ""Aaaaaa"", ""Aaaaa"", ""Aaaaaaaaaa"", ""Aaaaaaaaa"", ""Aaaaaaaaaa aaaaaaaaa"", ""Aaaaaaaa aaa aaaaaaa"", ""Aaaaa aaaaa"", ""Aaaaaaa aaaaa""]","[2.37, 1.99, 1.88, 1.67, 1.51, 1.25, 0.88, 0.83, 0.79, 0.71]",Aaaaaaaa,Actuator,Zeolites,Journals,123.0,1.99,2
C:/projects/myproject/QDQM/DS_Input/Reference/HS영문품목명9.csv,HS영문품목명9.csv,HS영문품목명9,UNIQUE,Reference,1837.0,6171.0,"[""Aaaaaaa"", ""Aaaaaaaa"", ""Aaaaaa"", ""Aaaaa"", ""Aaaaaaaaaa"", ""Aaaaaaaaa"", ""Aaaaaaaaaa aaaaaaaaa"", ""Aaaaaaaa aaa aaaaaaa"", ""Aaaaa aaaaa"", ""Aaaaaaa aaaaa""]","[2.37, 1.99, 1.88, 1.67, 1.51, 1.25, 0.88, 0.83, 0.79, 0.71]",Aaaaaa,Acorns,Yakjuⓚ,Meslin,116.0,1.88,3
C:/projects/myproject/QDQM/DS_Input/Reference/HS한글품목명9.csv,HS한글품목명9.csv,HS한글품목명9,Text,Reference,2620.0,6188.0,"[""KKK"", ""KKKK"", ""KK"", ""KKKKK"", ""KKKKKK"", ""KKK KKK"", ""KK KKK"", ""KKK KK"", ""KKKK K"", ""KKKK KKK""]","[7.68, 5.01, 4.83, 4.41, 1.78, 1.41, 1.33, 1.18, 0.99, 0.99]",KKK,가구용,회전형,시추대,475.0,7.68,1
C:/projects/myproject/QDQM/DS_Input/Reference/HS한글품목명9.csv,HS한글품목명9.csv,HS한글품목명9,Text,Reference,2620.0,6188.0,"[""KKK"", ""KKKK"", ""KK"", ""KKKKK"", ""KKKKKK"", ""KKK KKK"", ""KK KKK"", ""KKK KK"", ""KKKK K"", ""KKKK KKK""]","[7.68, 5.01, 4.83, 4.41, 1.78, 1.41, 1.33, 1.18, 0.99, 0.99]",KKKK,가다랑어,히단토인,아질산염,310.0,5.01,2
C:/projects/myproject/QDQM/DS_Input/Reference/HS한글품목명9.csv,HS한글품목명9.csv,HS한글품목명9,Text,Reference,2620.0,6188.0,"[""KKK"", ""KKKK"", ""KK"", ""KKKKK"", ""KKKKKK"", ""KKK KKK"", ""KK KKK"", ""KKK KK"", ""KKKK K"", ""KKKK KKK""]","[7.68, 5.01, 4.83, 4.41, 1.78, 1.41, 1.33, 1.18, 0.99, 0.99]",KK,가루,흑탄,셀렌,299.0,4.83,3
C:/projects/myproject/QDQM/DS_Input/Reference/Region.csv,Region.csv,Region,,Reference,5.0,8.0,"[""KK"", ""KKKKK"", ""KKK"", ""KKKK"", ""KK(KKKKK)""]","[37.5, 25.0, 12.5, 12.5, 12.5]",KK,남극,유럽,미주,3.0,37.5,1
C:/projects/myproject/QDQM/DS_Input/Reference/Region.csv,Region.csv,Region,,Reference,5.0,8.0,"[""KK"", ""KKKKK"", ""KKK"", ""KKKK"", ""KK(KKKKK)""]","[37.5, 25.0, 12.5, 12.5, 12.5]",KKKKK,남아메리카,북아메리카,북아메리카,2.0,25.0,2
C:/projects/myproject/QDQM/DS_Input/Reference/Region.csv,Region.csv,Region,,Reference,5.0,8.0,"[""KK"", ""KKKKK"", ""KKK"", ""KKKK"", ""KK(KKKKK)""]","[37.5, 25.0, 12.5, 12.5, 12.5]",KKK,아시아,아시아,아시아,1.0,12.5,3
C:/projects/myproject/QDQM/DS_Input/Reference/Region_Eng.csv,Region_Eng.csv,Region_Eng,,Reference,6.0,8.0,"[""Aaaaaa"", ""Aaaaa Aaaaaaa"", ""Aaaaaa Aaaa"", ""Aaaa"", ""Aaaaaaaaa(Aaaaaaa)"", ""Aaaaaaa""]","[25.0, 25.0, 12.5, 12.5, 12.5, 12.5]",Aaaaaa,Africa,Europe,Europe,2.0,25.0,1
C:/projects/myproject/QDQM/DS_Input/Reference/Region_Eng.csv,Region_Eng.csv,Region_Eng,,Reference,6.0,8.0,"[""Aaaaaa"", ""Aaaaa Aaaaaaa"", ""Aaaaaa Aaaa"", ""Aaaa"", ""Aaaaaaaaa(Aaaaaaa)"", ""Aaaaaaa""]","[25.0, 25.0, 12.5, 12.5, 12.5, 12.5]",Aaaaa Aaaaaaa,North America,South America,South America,2.0,25.0,2
C:/projects/myproject/QDQM/DS_Input/Reference/Region_Eng.csv,Region_Eng.csv,Region_Eng,,Reference,6.0,8.0,"[""Aaaaaa"", ""Aaaaa Aaaaaaa"", ""Aaaaaa Aaaa"", ""Aaaa"", ""Aaaaaaaaa(Aaaaaaa)"", ""Aaaaaaa""]","[25.0, 25.0, 12.5, 12.5, 12.5, 12.5]",Aaaaaa Aaaa,Middle East,Middle East,Middle East,1.0,12.5,3
C:/projects/myproject/QDQM/DS_Input/Reference/Seaport_Code.csv,Seaport_Code.csv,Seaport_Code,UNIQUE,Reference,7.0,10000.0,"[""AAAAA"", ""AAAAn"", ""AAAnA"", ""AAnAA"", ""AAAnn"", ""AAnnA"", ""AAAAs""]","[97.42, 1.64, 0.43, 0.25, 0.19, 0.06, 0.01]",AAAAA,AEAJM,ZWVFA,JPAGJ,9742.0,97.42,1
C:/projects/myproject/QDQM/DS_Input/Reference/Seaport_Code.csv,Seaport_Code.csv,Seaport_Code,UNIQUE,Reference,7.0,10000.0,"[""AAAAA"", ""AAAAn"", ""AAAnA"", ""AAnAA"", ""AAAnn"", ""AAnnA"", ""AAAAs""]","[97.42, 1.64, 0.43, 0.25, 0.19, 0.06, 0.01]",AAAAn,ATST6,USZR9,USBV8,164.0,1.64,2
C:/projects/myproject/QDQM/DS_Input/Reference/Seaport_Code.csv,Seaport_Code.csv,Seaport_Code,UNIQUE,Reference,7.0,10000.0,"[""AAAAA"", ""AAAAn"", ""AAAnA"", ""AAnAA"", ""AAAnn"", ""AAnnA"", ""AAAAs""]","[97.42, 1.64, 0.43, 0.25, 0.19, 0.06, 0.01]",AAAnA,AUT3P,VNC8Q,USB2V,43.0,0.43,3
C:/projects/myproject/QDQM/DS_Input/Reference/Seaport_Name9.csv,Seaport_Name9.csv,Seaport_Name9,UNIQUE,Reference,912.0,10000.0,"[""AAAAAAA"", ""AAAAAAAA"", ""AAAAAA"", ""AAAAAAAAA"", ""AAAAA"", ""AAAAAAAAAA"", ""AAAAAAAAAAA"", ""AAAA"", ""AAAAAAAAAAAA"", ""AAAAAAAs AA""]","[12.04, 10.9, 10.36, 9.05, 6.8, 6.36, 4.13, 2.89, 2.32, 1.29]",AAAAAAA,AARSELE,ZUTPHEN,LOMBARD,1204.0,12.04,1
C:/projects/myproject/QDQM/DS_Input/Reference/Seaport_Name9.csv,Seaport_Name9.csv,Seaport_Name9,UNIQUE,Reference,912.0,10000.0,"[""AAAAAAA"", ""AAAAAAAA"", ""AAAAAA"", ""AAAAAAAAA"", ""AAAAA"", ""AAAAAAAAAA"", ""AAAAAAAAAAA"", ""AAAA"", ""AAAAAAAAAAAA"", ""AAAAAAAs AA""]","[12.04, 10.9, 10.36, 9.05, 6.8, 6.36, 4.13, 2.89, 2.32, 1.29]",AAAAAAAA,AARSCHOT,ZUMBROTA,LUOHUANG,1090.0,10.9,2
C:/projects/myproject/QDQM/DS_Input/Reference/Seaport_Name9.csv,Seaport_Name9.csv,Seaport_Name9,UNIQUE,Reference,912.0,10000.0,"[""AAAAAAA"", ""AAAAAAAA"", ""AAAAAA"", ""AAAAAAAAA"", ""AAAAA"", ""AAAAAAAAAA"", ""AAAAAAAAAAA"", ""AAAA"", ""AAAAAAAAAAAA"", ""AAAAAAAs AA""]","[12.04, 10.9, 10.36, 9.05, 6.8, 6.36, 4.13, 2.89, 2.32, 1.29]",AAAAAA,ABANTO,ZUBIRI,LARISA,1036.0,10.36,3
C:/projects/myproject/QDQM/DS_Input/Reference/UnitCode.csv,UnitCode.csv,Unit,UNIQUE,Reference,69.0,244.0,"[""aa"", ""aaaa"", ""aaa"", ""aA"", ""aaaaa"", ""aaaaaa"", ""AAa"", ""AA"", ""A"", ""Aa""]","[12.3, 8.2, 6.97, 6.97, 5.33, 3.69, 2.87, 2.87, 2.46, 2.46]",aa,cc,μm,mg,30.0,12.3,1
C:/projects/myproject/QDQM/DS_Input/Reference/UnitCode.csv,UnitCode.csv,Unit,UNIQUE,Reference,69.0,244.0,"[""aa"", ""aaaa"", ""aaa"", ""aA"", ""aaaaa"", ""aaaaaa"", ""AAa"", ""AA"", ""A"", ""Aa""]","[12.3, 8.2, 6.97, 6.97, 5.33, 3.69, 2.87, 2.87, 2.46, 2.46]",aaaa,cuft,sqyd,kdyn,20.0,8.2,2
C:/projects/myproject/QDQM/DS_Input/Reference/UnitCode.csv,UnitCode.csv,Unit,UNIQUE,Reference,69.0,244.0,"[""aa"", ""aaaa"", ""aaa"", ""aA"", ""aaaaa"", ""aaaaaa"", ""AAa"", ""AA"", ""A"", ""Aa""]","[12.3, 8.2, 6.97, 6.97, 5.33, 3.69, 2.87, 2.87, 2.46, 2.46]",aaa,cal,toe,lbf,17.0,6.97,3
C:/projects/myproject/QDQM/DS_Input/Reference/가족관계.csv,가족관계.csv,가족관계,UNIQUE,Reference,4.0,108.0,"[""KK"", ""KKK"", ""KKKK"", ""K""]","[47.22, 37.04, 8.33, 7.41]",KK,고모,형수,올케,51.0,47.22,1
C:/projects/myproject/QDQM/DS_Input/Reference/가족관계.csv,가족관계.csv,가족관계,UNIQUE,Reference,4.0,108.0,"[""KK"", ""KKK"", ""KKKK"", ""K""]","[47.22, 37.04, 8.33, 7.41]",KKK,고모부,처질부,종매부,40.0,37.04,2
C:/projects/myproject/QDQM/DS_Input/Reference/가족관계.csv,가족관계.csv,가족관계,UNIQUE,Reference,4.0,108.0,"[""KK"", ""KKK"", ""KKKK"", ""K""]","[47.22, 37.04, 8.33, 7.41]",KKKK,시가친척,처이모부,처가친척,9.0,8.33,3
C:/projects/myproject/QDQM/DS_Input/Reference/건물용도.csv,건물용도.csv,건물용도,UNIQUE,Reference,12.0,38.0,"[""KKKK"", ""KKKKKK"", ""KKKKK"", ""KKK"", ""KK"", ""KKKK(KKKKKK)"", ""KKKKK(KKKKKK)"", ""KKKKKK(KK)"", ""KKK KKKK"", ""KKKKKKK""]","[36.84, 15.79, 13.16, 7.89, 7.89, 2.63, 2.63, 2.63, 2.63, 2.63]",KKKK,광산주택,체육시설,운수시설,14.0,36.84,1
C:/projects/myproject/QDQM/DS_Input/Reference/건물용도.csv,건물용도.csv,건물용도,UNIQUE,Reference,12.0,38.0,"[""KKKK"", ""KKKKKK"", ""KKKKK"", ""KKK"", ""KK"", ""KKKK(KKKKKK)"", ""KKKKK(KKKKKK)"", ""KKKKKK(KK)"", ""KKK KKKK"", ""KKKKKKK""]","[36.84, 15.79, 13.16, 7.89, 7.89, 2.63, 2.63, 2.63, 2.63, 2.63]",KKKKKK,교육연구시설,환경위생시설,묘지관련시설,6.0,15.79,2
C:/projects/myproject/QDQM/DS_Input/Reference/건물용도.csv,건물용도.csv,건물용도,UNIQUE,Reference,12.0,38.0,"[""KKKK"", ""KKKKKK"", ""KKKKK"", ""KKK"", ""KK"", ""KKKK(KKKKKK)"", ""KKKKK(KKKKKK)"", ""KKKKKK(KK)"", ""KKK KKKK"", ""KKKKKKK""]","[36.84, 15.79, 13.16, 7.89, 7.89, 2.63, 2.63, 2.63, 2.63, 2.63]",KKKKK,농어가주택,콘도미니엄,사원아파트,5.0,13.16,3
C:/projects/myproject/QDQM/DS_Input/Reference/건설기계.csv,건설기계.csv,건설기계,UNIQUE,Reference,11.0,33.0,"[""KKKKK"", ""KKK"", ""KKKKKK"", ""KKKKKKK"", ""KK"", ""KKKKKKKKK"", ""KKKKKKKK"", ""KKKK"", ""KK K KKK"", ""KKKKKK KKKK""]","[24.24, 21.21, 12.12, 12.12, 6.06, 6.06, 6.06, 3.03, 3.03, 3.03]",KKKKK,골재살포기,타워크레인,사리채취기,8.0,24.24,1
C:/projects/myproject/QDQM/DS_Input/Reference/건설기계.csv,건설기계.csv,건설기계,UNIQUE,Reference,11.0,33.0,"[""KKKKK"", ""KKK"", ""KKKKKK"", ""KKKKKKK"", ""KK"", ""KKKKKKKKK"", ""KKKKKKKK"", ""KKKK"", ""KK K KKK"", ""KKKKKK KKKK""]","[24.24, 21.21, 12.12, 12.12, 6.06, 6.06, 6.06, 3.03, 3.03, 3.03]",KKK,굴삭기,천공기,쇄석기,7.0,21.21,2
C:/projects/myproject/QDQM/DS_Input/Reference/건설기계.csv,건설기계.csv,건설기계,UNIQUE,Reference,11.0,33.0,"[""KKKKK"", ""KKK"", ""KKKKKK"", ""KKKKKKK"", ""KK"", ""KKKKKKKKK"", ""KKKKKKKK"", ""KKKK"", ""KK K KKK"", ""KKKKKK KKKK""]","[24.24, 21.21, 12.12, 12.12, 6.06, 6.06, 6.06, 3.03, 3.03, 3.03]",KKKKKK,노면측정장비,콘크리트펌프,모터그레이터,4.0,12.12,3
C:/projects/myproject/QDQM/DS_Input/Reference/건축물구조.csv,건축물구조.csv,건축물구조,UNIQUE,Reference,12.0,37.0,"[""KKKKKK"", ""KKK"", ""KKKK"", ""KKKKK"", ""KKKKKKKK"", ""KKKKKKK"", ""KKKKKKKKKKK"", ""KK K KKK"", ""KKK/K"", ""KK K KKK KKK""]","[21.62, 18.92, 16.22, 16.22, 8.11, 2.7, 2.7, 2.7, 2.7, 2.7]",KKKKKK,강파이프구조,콘크리트구조,시멘트블럭조,8.0,21.62,1
C:/projects/myproject/QDQM/DS_Input/Reference/건축물구조.csv,건축물구조.csv,건축물구조,UNIQUE,Reference,12.0,37.0,"[""KKKKKK"", ""KKK"", ""KKKK"", ""KKKKK"", ""KKKKKKKK"", ""KKKKKKK"", ""KKKKKKKKKKK"", ""KK K KKK"", ""KKK/K"", ""KK K KKK KKK""]","[21.62, 18.92, 16.22, 16.22, 8.11, 2.7, 2.7, 2.7, 2.7, 2.7]",KKK,라멘조,황토조,석구조,7.0,18.92,2
C:/projects/myproject/QDQM/DS_Input/Reference/건축물구조.csv,건축물구조.csv,건축물구조,UNIQUE,Reference,12.0,37.0,"[""KKKKKK"", ""KKK"", ""KKKK"", ""KKKKK"", ""KKKKKKKK"", ""KKKKKKK"", ""KKKKKKKKKKK"", ""KK K KKK"", ""KKK/K"", ""KK K KKK KKK""]","[21.62, 18.92, 16.22, 16.22, 8.11, 2.7, 2.7, 2.7, 2.7, 2.7]",KKKK,기타구조,흙벽돌조,조적구조,6.0,16.22,3
C:/projects/myproject/QDQM/DS_Input/Reference/계정과목.csv,계정과목.csv,계정과목,Text,Reference,51.0,663.0,"[""KKKKK"", ""KKKK"", ""KKK"", ""KKKKKK"", ""KKKKKKK"", ""KKKKKKKK"", ""KKKKKKKKKK"", ""KKKKKKKKK"", ""KK"", ""KKKK(KK)""]","[20.81, 12.52, 11.31, 11.01, 9.5, 7.69, 5.13, 5.13, 3.77, 1.81]",KKKKK,감가상각비,화재보험료,시내교통비,138.0,20.81,1
C:/projects/myproject/QDQM/DS_Input/Reference/계정과목.csv,계정과목.csv,계정과목,Text,Reference,51.0,663.0,"[""KKKKK"", ""KKKK"", ""KKK"", ""KKKKKK"", ""KKKKKKK"", ""KKKKKKKK"", ""KKKKKKKKKK"", ""KKKKKKKKK"", ""KK"", ""KKKK(KK)""]","[20.81, 12.52, 11.31, 11.01, 9.5, 7.69, 5.13, 5.13, 3.77, 1.81]",KKKK,가지급금,협력업체,외환차손,83.0,12.52,2
C:/projects/myproject/QDQM/DS_Input/Reference/계정과목.csv,계정과목.csv,계정과목,Text,Reference,51.0,663.0,"[""KKKKK"", ""KKKK"", ""KKK"", ""KKKKKK"", ""KKKKKKK"", ""KKKKKKKK"", ""KKKKKKKKKK"", ""KKKKKKKKK"", ""KK"", ""KKKK(KK)""]","[20.81, 12.52, 11.31, 11.01, 9.5, 7.69, 5.13, 5.13, 3.77, 1.81]",KKK,가수금,휘발유,설치비,75.0,11.31,3
C:/projects/myproject/QDQM/DS_Input/Reference/공사종류.csv,공사종류.csv,공사종류,UNIQUE,Reference,6.0,28.0,"[""KKKK"", ""KKKKKK"", ""KKKKKKK"", ""KKKKKKKK"", ""KKK"", ""KKKKKKKKK""]","[42.86, 21.43, 10.71, 10.71, 7.14, 7.14]",KKKK,건축공사,포장공사,조적공사,12.0,42.86,1
C:/projects/myproject/QDQM/DS_Input/Reference/공사종류.csv,공사종류.csv,공사종류,UNIQUE,Reference,6.0,28.0,"[""KKKK"", ""KKKKKK"", ""KKKKKKK"", ""KKKKKKKK"", ""KKK"", ""KKKKKKKKK""]","[42.86, 21.43, 10.71, 10.71, 7.14, 7.14]",KKKKKK,강구조물공사,철도궤도공사,조경식재공사,6.0,21.43,2
C:/projects/myproject/QDQM/DS_Input/Reference/공사종류.csv,공사종류.csv,공사종류,UNIQUE,Reference,6.0,28.0,"[""KKKK"", ""KKKKKK"", ""KKKKKKK"", ""KKKKKKKK"", ""KKK"", ""KKKKKKKKK""]","[42.86, 21.43, 10.71, 10.71, 7.14, 7.14]",KKKKKKK,건축물조립공사,철강재설치공사,승강기설치공사,3.0,10.71,3
C:/projects/myproject/QDQM/DS_Input/Reference/광물.csv,광물.csv,광물,UNIQUE,Reference,8.0,72.0,"[""KK"", ""KKK"", ""K"", ""KKKK"", ""KK(KK)"", ""KKKKK"", ""KK(KKK)"", ""KKKKKK""]","[41.67, 36.11, 8.33, 5.56, 2.78, 2.78, 1.39, 1.39]",KK,규사,흑연,석탄,30.0,41.67,1
C:/projects/myproject/QDQM/DS_Input/Reference/광물.csv,광물.csv,광물,UNIQUE,Reference,8.0,72.0,"[""KK"", ""KKK"", ""K"", ""KKKK"", ""KK(KK)"", ""KKKKK"", ""KK(KKK)"", ""KKKKKK""]","[41.67, 36.11, 8.33, 5.56, 2.78, 2.78, 1.39, 1.39]",KKK,고령토,홍주석,우라늄,26.0,36.11,2
C:/projects/myproject/QDQM/DS_Input/Reference/광물.csv,광물.csv,광물,UNIQUE,Reference,8.0,72.0,"[""KK"", ""KKK"", ""K"", ""KKKK"", ""KK(KK)"", ""KKKKK"", ""KK(KKK)"", ""KKKKKK""]","[41.67, 36.11, 8.33, 5.56, 2.78, 2.78, 1.39, 1.39]",K,금,철,은,6.0,8.33,3
C:/projects/myproject/QDQM/DS_Input/Reference/국가명.csv,국가명.csv,국가명,Text,Reference,52.0,326.0,"[""KKK"", ""KKKK"", ""KKKKK"", ""KK"", ""KKKKKK"", ""KKKKKKK"", ""KKK KK"", ""KKK KKK"", ""KKKK KKK"", ""KK K""]","[22.09, 19.02, 13.8, 12.27, 6.75, 3.07, 2.45, 1.84, 1.23, 0.92]",KKK,감비아,헝가리,세이셸,72.0,22.09,1
C:/projects/myproject/QDQM/DS_Input/Reference/국가명.csv,국가명.csv,국가명,Text,Reference,52.0,326.0,"[""KKK"", ""KKKK"", ""KKKKK"", ""KK"", ""KKKKKK"", ""KKKKKKK"", ""KKK KK"", ""KKK KKK"", ""KKKK KKK"", ""KK K""]","[22.09, 19.02, 13.8, 12.27, 6.75, 3.07, 2.45, 1.84, 1.23, 0.92]",KKKK,가이아나,핏카인도,산마리노,62.0,19.02,2
C:/projects/myproject/QDQM/DS_Input/Reference/국가명.csv,국가명.csv,국가명,Text,Reference,52.0,326.0,"[""KKK"", ""KKKK"", ""KKKKK"", ""KK"", ""KKKKKK"", ""KKKKKKK"", ""KKK KK"", ""KKK KKK"", ""KKKK KKK"", ""KK K""]","[22.09, 19.02, 13.8, 12.27, 6.75, 3.07, 2.45, 1.84, 1.23, 0.92]",KKKKK,기니비사우,푸에토리코,아르헨티나,45.0,13.8,3
C:/projects/myproject/QDQM/DS_Input/Reference/군구명.csv,군구명.csv,군구명,KOR_NAME,Reference,3.0,331.0,"[""KKK"", ""KKKK"", ""KK""]","[93.05, 5.44, 1.51]",KKK,가람동,횡성군,아산시,308.0,93.05,1
C:/projects/myproject/QDQM/DS_Input/Reference/군구명.csv,군구명.csv,군구명,KOR_NAME,Reference,3.0,331.0,"[""KKK"", ""KKKK"", ""KK""]","[93.05, 5.44, 1.51]",KKKK,남양주군,해운대구,삼천포시,18.0,5.44,2
C:/projects/myproject/QDQM/DS_Input/Reference/군구명.csv,군구명.csv,군구명,KOR_NAME,Reference,3.0,331.0,"[""KKK"", ""KKKK"", ""KK""]","[93.05, 5.44, 1.51]",KK,남구,중구,북구,5.0,1.51,3
C:/projects/myproject/QDQM/DS_Input/Reference/금융회사명.csv,금융회사명.csv,금융회사명,UNIQUE,Reference,19.0,144.0,"[""KKKK"", ""KKKKKK"", ""KKKKK"", ""AAKKKK"", ""KKKKKKK"", ""AAAKKKK"", ""AAKK"", ""AAAKKK"", ""KKKKKKKKK"", ""KKKKKKKK""]","[34.72, 19.44, 10.42, 7.64, 6.25, 3.47, 2.78, 2.08, 2.08, 2.08]",KKKK,경남은행,흥국화재,신한카드,50.0,34.72,1
C:/projects/myproject/QDQM/DS_Input/Reference/금융회사명.csv,금융회사명.csv,금융회사명,UNIQUE,Reference,19.0,144.0,"[""KKKK"", ""KKKKKK"", ""KKKKK"", ""AAKKKK"", ""KKKKKKK"", ""AAAKKKK"", ""AAKK"", ""AAAKKK"", ""KKKKKKKKK"", ""KKKKKKKK""]","[34.72, 19.44, 10.42, 7.64, 6.25, 3.47, 2.78, 2.08, 2.08, 2.08]",KKKKKK,기술보증기금,한화투자증권,유진투자증권,28.0,19.44,2
C:/projects/myproject/QDQM/DS_Input/Reference/금융회사명.csv,금융회사명.csv,금융회사명,UNIQUE,Reference,19.0,144.0,"[""KKKK"", ""KKKKKK"", ""KKKKK"", ""AAKKKK"", ""KKKKKKK"", ""AAAKKKK"", ""AAKK"", ""AAAKKK"", ""KKKKKKKKK"", ""KKKKKKKK""]","[34.72, 19.44, 10.42, 7.64, 6.25, 3.47, 2.78, 2.08, 2.08, 2.08]",KKKKK,도이치은행,현대캐피탈,새마을금고,15.0,10.42,3
C:/projects/myproject/QDQM/DS_Input/Reference/기관명.csv,기관명.csv,기관명,Text,Reference,211.0,6798.0,"[""KKKKKKKK"", ""KKKKKKKKK"", ""KKKKKKK"", ""KKKKKK"", ""KKKKKKKKKK"", ""KKKKKKKKKKK"", ""KKKKK"", ""KKKKKKKKKKKK"", ""KKKKKKKKKKKKK"", ""KKKKKKKKKKKKKK""]","[15.71, 13.24, 9.52, 8.28, 8.06, 7.08, 6.46, 5.12, 4.0, 2.57]",KKKKKKKK,가석방심사위원회,휴면예금관리재단,학교법인김포학원,1068.0,15.71,1
C:/projects/myproject/QDQM/DS_Input/Reference/기관명.csv,기관명.csv,기관명,Text,Reference,211.0,6798.0,"[""KKKKKKKK"", ""KKKKKKKKK"", ""KKKKKKK"", ""KKKKKK"", ""KKKKKKKKKK"", ""KKKKKKKKKKK"", ""KKKKK"", ""KKKKKKKKKKKK"", ""KKKKKKKKKKKKK"", ""KKKKKKKKKKKKKK""]","[15.71, 13.24, 9.52, 8.28, 8.06, 7.08, 6.46, 5.12, 4.0, 2.57]",KKKKKKKKK,가남청소년문화의집,희귀질환관리위원회,임업협동조합중앙회,900.0,13.24,2
C:/projects/myproject/QDQM/DS_Input/Reference/기관명.csv,기관명.csv,기관명,Text,Reference,211.0,6798.0,"[""KKKKKKKK"", ""KKKKKKKKK"", ""KKKKKKK"", ""KKKKKK"", ""KKKKKKKKKK"", ""KKKKKKKKKKK"", ""KKKKK"", ""KKKKKKKKKKKK"", ""KKKKKKKKKKKKK"", ""KKKKKKKKKKKKKK""]","[15.71, 13.24, 9.52, 8.28, 8.06, 7.08, 6.46, 5.12, 4.0, 2.57]",KKKKKKK,가족계획연구원,효성여자대학교,소상공인연합회,647.0,9.52,3
C:/projects/myproject/QDQM/DS_Input/Reference/농림수산시설.csv,농림수산시설.csv,농림수산시설,UNIQUE,Reference,5.0,20.0,"[""KKKK"", ""KKKKK"", ""KKK"", ""KK"", ""KKK(KKK)""]","[30.0, 20.0, 20.0, 20.0, 10.0]",KKKK,가공공장,축산시설,유리온실,6.0,30.0,1
C:/projects/myproject/QDQM/DS_Input/Reference/농림수산시설.csv,농림수산시설.csv,농림수산시설,UNIQUE,Reference,5.0,20.0,"[""KKKK"", ""KKKKK"", ""KKK"", ""KK"", ""KKK(KKK)""]","[30.0, 20.0, 20.0, 20.0, 10.0]",KKKKK,간이직파장,저온저장고,스프링쿨러,4.0,20.0,2
C:/projects/myproject/QDQM/DS_Input/Reference/농림수산시설.csv,농림수산시설.csv,농림수산시설,UNIQUE,Reference,5.0,20.0,"[""KKKK"", ""KKKKK"", ""KKK"", ""KK"", ""KKK(KKK)""]","[30.0, 20.0, 20.0, 20.0, 10.0]",KKK,건조장,육묘장,양식장,4.0,20.0,3
C:/projects/myproject/QDQM/DS_Input/Reference/농림축산품종명.csv,농림축산품종명.csv,농림축산품종명,Text,Reference,172.0,9210.0,"[""KKK"", ""KKKK"", ""KK"", ""KKKKK"", ""KKKKKK"", ""KK(KK)"", ""KKK(KK)"", ""KKKK(KK)"", ""KKKKKKK"", ""KKKKK(KK)""]","[26.28, 22.54, 15.95, 11.77, 4.66, 3.75, 3.69, 2.38, 1.74, 0.91]",KKK,가금류,히카마,송어젓,2420.0,26.28,1
C:/projects/myproject/QDQM/DS_Input/Reference/농림축산품종명.csv,농림축산품종명.csv,농림축산품종명,Text,Reference,172.0,9210.0,"[""KKK"", ""KKKK"", ""KK"", ""KKKKK"", ""KKKKKK"", ""KK(KK)"", ""KKK(KK)"", ""KKKK(KK)"", ""KKKKKKK"", ""KKKKK(KK)""]","[26.28, 22.54, 15.95, 11.77, 4.66, 3.75, 3.69, 2.38, 1.74, 0.91]",KKKK,가나자두,히페리온,서류기타,2076.0,22.54,2
C:/projects/myproject/QDQM/DS_Input/Reference/농림축산품종명.csv,농림축산품종명.csv,농림축산품종명,Text,Reference,172.0,9210.0,"[""KKK"", ""KKKK"", ""KK"", ""KKKKK"", ""KKKKKK"", ""KK(KK)"", ""KKK(KK)"", ""KKKK(KK)"", ""KKKKKKK"", ""KKKKK(KK)""]","[26.28, 22.54, 15.95, 11.77, 4.66, 3.75, 3.69, 2.38, 1.74, 0.91]",KK,가든,흰팥,시라,1469.0,15.95,3
C:/projects/myproject/QDQM/DS_Input/Reference/농약명9.csv,농약명9.csv,농약명9,Text,Reference,260.0,1192.0,"[""KKKKK KK"", ""KKKKKK KK"", ""KKKKK KKKKK"", ""KKKKK KKK"", ""KKKKKK KKK"", ""KKKK KK"", ""KKKKKKK KKKKK"", ""KKKKKKK KK"", ""KKKKKK KKKKK"", ""KKKKKKK KKK""]","[5.62, 4.45, 4.11, 3.69, 3.52, 3.02, 2.77, 2.68, 2.6, 2.18]",KKKKK KK,결정석회황 합제,헥사코나졸 입제,이마자피르 입제,67.0,5.62,1
C:/projects/myproject/QDQM/DS_Input/Reference/농약명9.csv,농약명9.csv,농약명9,Text,Reference,260.0,1192.0,"[""KKKKK KK"", ""KKKKKK KK"", ""KKKKK KKKKK"", ""KKKKK KKK"", ""KKKKKK KKK"", ""KKKK KK"", ""KKKKKKK KKKKK"", ""KKKKKKK KK"", ""KKKKKK KKKKK"", ""KKKKKKK KKK""]","[5.62, 4.45, 4.11, 3.69, 3.52, 3.02, 2.77, 2.68, 2.6, 2.18]",KKKKKK KK,가스가마이신 액제,피리프록시펜 유제,카프로파미드 입제,53.0,4.45,2
C:/projects/myproject/QDQM/DS_Input/Reference/농약명9.csv,농약명9.csv,농약명9,Text,Reference,260.0,1192.0,"[""KKKKK KK"", ""KKKKKK KK"", ""KKKKK KKKKK"", ""KKKKK KKK"", ""KKKKKK KKK"", ""KKKK KK"", ""KKKKKKK KKKKK"", ""KKKKKKK KK"", ""KKKKKK KKKKK"", ""KKKKKKK KKK""]","[5.62, 4.45, 4.11, 3.69, 3.52, 3.02, 2.77, 2.68, 2.6, 2.18]",KKKKK KKKKK,니코설퓨론 액상수화제,헥사코나졸 입상수화제,카두사포스 캡슐현탁제,49.0,4.11,3
C:/projects/myproject/QDQM/DS_Input/Reference/단위대문자.csv,단위대문자.csv,단위_대문자,,Reference,43.0,241.0,"[""AA"", ""AAA"", ""AAAA"", ""AAAAA"", ""AAAAAA"", ""A"", ""AA-A"", ""AAAAAAA"", ""AAn"", ""AA.A""]","[23.85, 17.31, 12.31, 7.69, 4.23, 3.85, 2.69, 2.31, 1.92, 1.54]",AA,AU,ΜN,MJ,62.0,23.85,1
C:/projects/myproject/QDQM/DS_Input/Reference/단위대문자.csv,단위대문자.csv,단위_대문자,,Reference,43.0,241.0,"[""AA"", ""AAA"", ""AAAA"", ""AAAAA"", ""AAAAAA"", ""A"", ""AA-A"", ""AAAAAAA"", ""AAn"", ""AA.A""]","[23.85, 17.31, 12.31, 7.69, 4.23, 3.85, 2.69, 2.31, 1.92, 1.54]",AAA,ATM,TWH,KGM,45.0,17.31,2
C:/projects/myproject/QDQM/DS_Input/Reference/단위대문자.csv,단위대문자.csv,단위_대문자,,Reference,43.0,241.0,"[""AA"", ""AAA"", ""AAAA"", ""AAAAA"", ""AAAAAA"", ""A"", ""AA-A"", ""AAAAAAA"", ""AAn"", ""AA.A""]","[23.85, 17.31, 12.31, 7.69, 4.23, 3.85, 2.69, 2.31, 1.92, 1.54]",AAAA,ACRE,USQT,MCAL,32.0,12.31,3
C:/projects/myproject/QDQM/DS_Input/Reference/단위코드.csv,단위코드.csv,단위코드,,Reference,71.0,263.0,"[""aa"", ""aaaa"", ""aaa"", ""aA"", ""aaaaa"", ""aaaaaa"", ""AA"", ""AAA"", ""Aa"", ""AAa""]","[11.36, 7.95, 6.82, 6.44, 4.92, 3.41, 3.03, 3.03, 2.65, 2.65]",aa,cc,μm,mg,30.0,11.36,1
C:/projects/myproject/QDQM/DS_Input/Reference/단위코드.csv,단위코드.csv,단위코드,,Reference,71.0,263.0,"[""aa"", ""aaaa"", ""aaa"", ""aA"", ""aaaaa"", ""aaaaaa"", ""AA"", ""AAA"", ""Aa"", ""AAa""]","[11.36, 7.95, 6.82, 6.44, 4.92, 3.41, 3.03, 3.03, 2.65, 2.65]",aaaa,acre,sqyd,kcal,21.0,7.95,2
C:/projects/myproject/QDQM/DS_Input/Reference/단위코드.csv,단위코드.csv,단위코드,,Reference,71.0,263.0,"[""aa"", ""aaaa"", ""aaa"", ""aA"", ""aaaaa"", ""aaaaaa"", ""AA"", ""AAA"", ""Aa"", ""AAa""]","[11.36, 7.95, 6.82, 6.44, 4.92, 3.41, 3.03, 3.03, 2.65, 2.65]",aaa,atm,toe,lbf,18.0,6.82,3
C:/projects/myproject/QDQM/DS_Input/Reference/대출종류.csv,대출종류.csv,대출종류,,Reference,4.0,7.0,"[""KKKKKK"", ""KKKK"", ""KKKK KKK"", ""KKKKKKKKKK""]","[42.86, 28.57, 14.29, 14.29]",KKKKKK,시설자금대출,일반자금대출,일반운영자금,3.0,42.86,1
C:/projects/myproject/QDQM/DS_Input/Reference/대출종류.csv,대출종류.csv,대출종류,,Reference,4.0,7.0,"[""KKKKKK"", ""KKKK"", ""KKKK KKK"", ""KKKKKKKKKK""]","[42.86, 28.57, 14.29, 14.29]",KKKK,일반대출,투자자금,투자자금,2.0,28.57,2
C:/projects/myproject/QDQM/DS_Input/Reference/대출종류.csv,대출종류.csv,대출종류,,Reference,4.0,7.0,"[""KKKKKK"", ""KKKK"", ""KKKK KKK"", ""KKKKKKKKKK""]","[42.86, 28.57, 14.29, 14.29]",KKKK KKK,산업은행 차입금,산업은행 차입금,산업은행 차입금,1.0,14.29,3
C:/projects/myproject/QDQM/DS_Input/Reference/대학교.csv,대학교.csv,대학교,UNIQUE,Reference,16.0,391.0,"[""KKKKK"", ""KKKKKKK"", ""KKKKKKKK"", ""KKKKKKKKK"", ""KKKKKK"", ""KKKKK(KKK)"", ""KKKKK(KK)"", ""KKKK"", ""KKKKKKKKKK"", ""KKKKKKKKKKK""]","[42.2, 32.23, 9.72, 5.88, 3.58, 1.28, 1.28, 1.02, 0.77, 0.51]",KKKKK,가야대학교,홍익대학교,세종대학교,165.0,42.2,1
C:/projects/myproject/QDQM/DS_Input/Reference/대학교.csv,대학교.csv,대학교,UNIQUE,Reference,16.0,391.0,"[""KKKKK"", ""KKKKKKK"", ""KKKKKKKK"", ""KKKKKKKKK"", ""KKKKKK"", ""KKKKK(KKK)"", ""KKKKK(KK)"", ""KKKK"", ""KKKKKKKKKK"", ""KKKKKKKKKKK""]","[42.2, 32.23, 9.72, 5.88, 3.58, 1.28, 1.28, 1.02, 0.77, 0.51]",KKKKKKK,강릉영동대학교,호남신학대학교,서울여자대학교,126.0,32.23,2
C:/projects/myproject/QDQM/DS_Input/Reference/대학교.csv,대학교.csv,대학교,UNIQUE,Reference,16.0,391.0,"[""KKKKK"", ""KKKKKKK"", ""KKKKKKKK"", ""KKKKKKKKK"", ""KKKKKK"", ""KKKKK(KKK)"", ""KKKKK(KK)"", ""KKKK"", ""KKKKKKKKKK"", ""KKKKKKKKKKK""]","[42.2, 32.23, 9.72, 5.88, 3.58, 1.28, 1.28, 1.02, 0.77, 0.51]",KKKKKKKK,가톨릭관동대학교,화신사이버대학교,서울사이버대학교,38.0,9.72,3
C:/projects/myproject/QDQM/DS_Input/Reference/도로명.csv,도로명.csv,도로명,Text,Reference,93.0,10000.0,"[""KKnK"", ""KKKnnnKK"", ""KKK"", ""KKKK"", ""KKKnnKK"", ""KKKKK"", ""KKKnK"", ""KKKnnK"", ""KKKKnnnKK"", ""KKKKnnKK""]","[11.81, 11.65, 10.02, 9.72, 9.57, 8.87, 6.05, 4.56, 4.04, 3.04]",KKnK,가대8길,흥산4길,송강2길,1181.0,11.81,1
C:/projects/myproject/QDQM/DS_Input/Reference/도로명.csv,도로명.csv,도로명,Text,Reference,93.0,10000.0,"[""KKnK"", ""KKKnnnKK"", ""KKK"", ""KKKK"", ""KKKnnKK"", ""KKKKK"", ""KKKnK"", ""KKKnnK"", ""KKKKnnnKK"", ""KKKKnnKK""]","[11.81, 11.65, 10.02, 9.72, 9.57, 8.87, 6.05, 4.56, 4.04, 3.04]",KKKnnnKK,가경로149번길,희망로400번길,성흥로283번길,1165.0,11.65,2
C:/projects/myproject/QDQM/DS_Input/Reference/도로명.csv,도로명.csv,도로명,Text,Reference,93.0,10000.0,"[""KKnK"", ""KKKnnnKK"", ""KKK"", ""KKKK"", ""KKKnnKK"", ""KKKKK"", ""KKKnK"", ""KKKnnK"", ""KKKKnnnKK"", ""KKKKnnKK""]","[11.81, 11.65, 10.02, 9.72, 9.57, 8.87, 6.05, 4.56, 4.04, 3.04]",KKK,가고길,흰돌로,숲샘길,1002.0,10.02,3
C:/projects/myproject/QDQM/DS_Input/Reference/도로명코드.csv,도로명코드.csv,도로명코드,UNIQUE,Reference,1.0,10000.0,"[""nnnnnnnnnnnn""]",[100.0],nnnnnnnnnnnn,111103100011,501304852219,431134511837,10000.0,100.0,1
C:/projects/myproject/QDQM/DS_Input/Reference/면허세.csv,면허세.csv,면허세,Text,Reference,174.0,559.0,"[""KKKKK"", ""KKKK"", ""KKKKKKK"", ""KKKKKK"", ""KKKKKKKK"", ""KKKKKKKKK"", ""KKK"", ""KKKKK KK"", ""KKKKKK KK"", ""KKKKKKKKKK""]","[11.45, 6.98, 6.8, 6.62, 4.83, 4.11, 3.4, 2.33, 2.15, 1.79]",KKKKK,게임제공업,화약류사용,식품운반업,64.0,11.45,1
C:/projects/myproject/QDQM/DS_Input/Reference/면허세.csv,면허세.csv,면허세,Text,Reference,174.0,559.0,"[""KKKKK"", ""KKKK"", ""KKKKKKK"", ""KKKKKK"", ""KKKKKKKK"", ""KKKKKKKKK"", ""KKK"", ""KKKKK KK"", ""KKKKKK KK"", ""KKKKKKKKKK""]","[11.45, 6.98, 6.8, 6.62, 4.83, 4.11, 3.4, 2.33, 2.15, 1.79]",KKKK,경륜장업,행정사업,수영장업,39.0,6.98,2
C:/projects/myproject/QDQM/DS_Input/Reference/면허세.csv,면허세.csv,면허세,Text,Reference,174.0,559.0,"[""KKKKK"", ""KKKK"", ""KKKKKKK"", ""KKKKKK"", ""KKKKKKKK"", ""KKKKKKKKK"", ""KKK"", ""KKKKK KK"", ""KKKKKK KK"", ""KKKKKKKKKK""]","[11.45, 6.98, 6.8, 6.62, 4.83, 4.11, 3.4, 2.33, 2.15, 1.79]",KKKKKKK,고압가스제조업,환경측정대행업,위생관리용역업,38.0,6.8,3
C:/projects/myproject/QDQM/DS_Input/Reference/법인번호7.csv,법인번호7.csv,법인번호7,UNIQUE,Reference,1.0,6596.0,"[""nnnnnnnnnnnnn""]",[100.0],nnnnnnnnnnnnn,1101110000000,2850860000000,1758110000000,6596.0,100.0,1
C:/projects/myproject/QDQM/DS_Input/Reference/법정동.csv,법정동.csv,법정동,UNIQUE,Reference,14.0,5712.0,"[""KKK"", ""KKnK"", ""KKKnK"", ""KKKK"", ""KK"", ""KKKKnK"", ""KnK"", ""KKnKK"", ""KKKKK"", ""KKnKnK""]","[71.01, 14.04, 6.86, 3.57, 2.43, 0.61, 0.49, 0.26, 0.19, 0.18]",KKK,가경동,흥해읍,송동면,4056.0,71.01,1
C:/projects/myproject/QDQM/DS_Input/Reference/법정동.csv,법정동.csv,법정동,UNIQUE,Reference,14.0,5712.0,"[""KKK"", ""KKnK"", ""KKKnK"", ""KKKK"", ""KK"", ""KKKKnK"", ""KnK"", ""KKnKK"", ""KKKKK"", ""KKnKnK""]","[71.01, 14.04, 6.86, 3.57, 2.43, 0.61, 0.49, 0.26, 0.19, 0.18]",KKnK,가능1동,흑석3동,성북2동,802.0,14.04,2
C:/projects/myproject/QDQM/DS_Input/Reference/법정동.csv,법정동.csv,법정동,UNIQUE,Reference,14.0,5712.0,"[""KKK"", ""KKnK"", ""KKKnK"", ""KKKK"", ""KK"", ""KKKKnK"", ""KnK"", ""KKnKK"", ""KKKKK"", ""KKnKnK""]","[71.01, 14.04, 6.86, 3.57, 2.43, 0.61, 0.49, 0.26, 0.19, 0.18]",KKKnK,가리봉1동,효자동3가,수강동1가,392.0,6.86,3
C:/projects/myproject/QDQM/DS_Input/Reference/법정동코드.csv,법정동코드.csv,법정동코드,UNIQUE,Reference,1.0,10000.0,"[""nnnnnnnnnn""]",[100.0],nnnnnnnnnn,1111000000,5280042025,4580042024,10000.0,100.0,1
C:/projects/myproject/QDQM/DS_Input/Reference/법정리.csv,법정리.csv,법정리,UNIQUE,Reference,17.0,10000.0,"[""KKK"", ""KKK KKK"", ""KKKK"", ""KKKnK"", ""KK"", ""KKnK"", ""KK KKK"", ""KKK KK"", ""KKKKnK"", ""KKK(ss)""]","[82.17, 7.49, 3.66, 2.19, 2.15, 0.84, 0.65, 0.31, 0.11, 0.09]",KKK,가경동,희망리,소남리,8217.0,82.17,1
C:/projects/myproject/QDQM/DS_Input/Reference/법정리.csv,법정리.csv,법정리,UNIQUE,Reference,17.0,10000.0,"[""KKK"", ""KKK KKK"", ""KKKK"", ""KKKnK"", ""KK"", ""KKnK"", ""KK KKK"", ""KKK KK"", ""KKKKnK"", ""KKK(ss)""]","[82.17, 7.49, 3.66, 2.19, 2.15, 0.84, 0.65, 0.31, 0.11, 0.09]",KKK KKK,가덕면 계산리,흥해읍 흥안리,성환읍 복모리,749.0,7.49,2
C:/projects/myproject/QDQM/DS_Input/Reference/법정리.csv,법정리.csv,법정리,UNIQUE,Reference,17.0,10000.0,"[""KKK"", ""KKK KKK"", ""KKKK"", ""KKKnK"", ""KK"", ""KKnK"", ""KK KKK"", ""KKK KK"", ""KKKKnK"", ""KKK(ss)""]","[82.17, 7.49, 3.66, 2.19, 2.15, 0.84, 0.65, 0.31, 0.11, 0.09]",KKKK,가거도리,후포매리,상태서리,366.0,3.66,3
C:/projects/myproject/QDQM/DS_Input/Reference/병원명.csv,병원명.csv,병원명,Text,Reference,127.0,10000.0,"[""KKKKKKK"", ""KKKKKK"", ""KKKKKKKK"", ""KKKKKKKKK"", ""KKKKK"", ""KKKKKKKKKK"", ""KKKKKKKKKKK"", ""KKKKKKKKKKKK"", ""KKKKKKKKKKKKK"", ""KKKK""]","[21.93, 16.37, 14.41, 12.05, 9.07, 8.03, 4.85, 3.38, 2.3, 2.14]",KKKKKKK,가계보건진료소,힐비뇨기과의원,송도윤치과의원,2193.0,21.93,1
C:/projects/myproject/QDQM/DS_Input/Reference/병원명.csv,병원명.csv,병원명,Text,Reference,127.0,10000.0,"[""KKKKKKK"", ""KKKKKK"", ""KKKKKKKK"", ""KKKKKKKKK"", ""KKKKK"", ""KKKKKKKKKK"", ""KKKKKKKKKKK"", ""KKKKKKKKKKKK"", ""KKKKKKKKKKKKK"", ""KKKK""]","[21.93, 16.37, 14.41, 12.05, 9.07, 8.03, 4.85, 3.38, 2.3, 2.14]",KKKKKK,가까운한의원,희망치과의원,순천시보건소,1637.0,16.37,2
C:/projects/myproject/QDQM/DS_Input/Reference/병원명.csv,병원명.csv,병원명,Text,Reference,127.0,10000.0,"[""KKKKKKK"", ""KKKKKK"", ""KKKKKKKK"", ""KKKKKKKKK"", ""KKKKK"", ""KKKKKKKKKK"", ""KKKKKKKKKKK"", ""KKKKKKKKKKKK"", ""KKKKKKKKKKKKK"", ""KKKK""]","[21.93, 16.37, 14.41, 12.05, 9.07, 8.03, 4.85, 3.38, 2.3, 2.14]",KKKKKKKK,가넷성형외과의원,힘플란트치과의원,세종항도외과의원,1441.0,14.41,3
C:/projects/myproject/QDQM/DS_Input/Reference/보훈분류.csv,보훈분류.csv,보훈분류,Text,Reference,24.0,71.0,"[""KKKKKKK"", ""KKKKKK"", ""KKKKKKKKK"", ""KKKKKK(KKKKnKK)"", ""KKKK"", ""KKKKK"", ""KKKKKKKK"", ""KKKKKKK KK"", ""KKKKKK(KKKKK)"", ""n.nnKKKK""]","[19.72, 9.86, 9.86, 5.63, 5.63, 5.63, 5.63, 4.23, 2.82, 2.82]",KKKKKKK,고엽제후유의증,특수임무부상자,재일학도의용군,14.0,19.72,1
C:/projects/myproject/QDQM/DS_Input/Reference/보훈분류.csv,보훈분류.csv,보훈분류,Text,Reference,24.0,71.0,"[""KKKKKKK"", ""KKKKKK"", ""KKKKKKKKK"", ""KKKKKK(KKKKnKK)"", ""KKKK"", ""KKKKK"", ""KKKKKKKK"", ""KKKKKKK KK"", ""KKKKKK(KKKKK)"", ""n.nnKKKK""]","[19.72, 9.86, 9.86, 5.63, 5.63, 5.63, 5.63, 4.23, 2.82, 2.82]",KKKKKK,공상군경유족,지원공상군경,재해부상군경,7.0,9.86,2
C:/projects/myproject/QDQM/DS_Input/Reference/보훈분류.csv,보훈분류.csv,보훈분류,Text,Reference,24.0,71.0,"[""KKKKKKK"", ""KKKKKK"", ""KKKKKKKKK"", ""KKKKKK(KKKKnKK)"", ""KKKK"", ""KKKKK"", ""KKKKKKKK"", ""KKKKKKK KK"", ""KKKKKK(KKKKK)"", ""n.nnKKKK""]","[19.72, 9.86, 9.86, 5.63, 5.63, 5.63, 5.63, 4.23, 2.82, 2.82]",KKKKKKKKK,반공포로상이자유족,특수임무부상자유족,재해사망공무원유족,7.0,9.86,3
C:/projects/myproject/QDQM/DS_Input/Reference/사업자등록번호3.csv,사업자등록번호3.csv,유효사업자번호3,UNIQUE,Reference,1.0,621.0,"[""nnnnnnnnnn""]",[100.0],nnnnnnnnnn,1000000000,7200000000,4100000000,621.0,100.0,1
C:/projects/myproject/QDQM/DS_Input/Reference/사업자등록번호5.csv,사업자등록번호5.csv,사업자등록번호5,UNIQUE,Reference,1.0,10000.0,"[""nnnnnnnnnn""]",[100.0],nnnnnnnnnn,1000500000,7207600000,4113500000,10000.0,100.0,1
C:/projects/myproject/QDQM/DS_Input/Reference/사업자등록번호7.csv,사업자등록번호7.csv,사업자등록번호7,UNIQUE,Reference,1.0,10000.0,"[""nnn-nn-nnnnn""]",[100.0],nnn-nn-nnnnn,100-05-00000,720-76-00000,411-35-00000,10000.0,100.0,1
C:/projects/myproject/QDQM/DS_Input/Reference/사업자명5.csv,사업자명5.csv,사업자명5,Text,Reference,211.0,10000.0,"[""KKKK"", ""KKKKKK"", ""KKKKK"", ""KKKKKKK"", ""KKKKKKKK"", ""KKK"", ""KKKKKKKKK"", ""KKKKKKKKKK"", ""KK"", ""KKKKKKKKKKK""]","[20.34, 18.0, 17.97, 10.22, 7.14, 6.95, 4.68, 3.65, 3.37, 1.82]",KKKK,가곡여객,힘찬기업,액션파워,2034.0,20.34,1
C:/projects/myproject/QDQM/DS_Input/Reference/사업자명5.csv,사업자명5.csv,사업자명5,Text,Reference,211.0,10000.0,"[""KKKK"", ""KKKKKK"", ""KKKKK"", ""KKKKKKK"", ""KKKKKKKK"", ""KKK"", ""KKKKKKKKK"", ""KKKKKKKKKK"", ""KK"", ""KKKKKKKKKKK""]","[20.34, 18.0, 17.97, 10.22, 7.14, 6.95, 4.68, 3.65, 3.37, 1.82]",KKKKKK,가락현대상사,힘쓰는사람들,애드온소프트,1800.0,18.0,2
C:/projects/myproject/QDQM/DS_Input/Reference/사업자명5.csv,사업자명5.csv,사업자명5,Text,Reference,211.0,10000.0,"[""KKKK"", ""KKKKKK"", ""KKKKK"", ""KKKKKKK"", ""KKKKKKKK"", ""KKK"", ""KKKKKKKKK"", ""KKKKKKKKKK"", ""KK"", ""KKKKKKKKKKK""]","[20.34, 18.0, 17.97, 10.22, 7.14, 6.95, 4.68, 3.65, 3.37, 1.82]",KKKKK,가가컴퍼니,희망이엔지,안의중학교,1797.0,17.97,3
C:/projects/myproject/QDQM/DS_Input/Reference/상병코드.csv,상병코드.csv,상병코드,UNIQUE,Reference,4.0,10000.0,"[""Annn"", ""Annnn"", ""Ann"", ""Annnnn""]","[57.59, 30.03, 9.57, 2.81]",Annn,A009,Z998,Q052,5759.0,57.59,1
C:/projects/myproject/QDQM/DS_Input/Reference/상병코드.csv,상병코드.csv,상병코드,UNIQUE,Reference,4.0,10000.0,"[""Annn"", ""Annnn"", ""Ann"", ""Annnnn""]","[57.59, 30.03, 9.57, 2.81]",Annnn,A1511,Z9663,M5455,3003.0,30.03,2
C:/projects/myproject/QDQM/DS_Input/Reference/상병코드.csv,상병코드.csv,상병코드,UNIQUE,Reference,4.0,10000.0,"[""Annn"", ""Annnn"", ""Ann"", ""Annnnn""]","[57.59, 30.03, 9.57, 2.81]",Ann,A00,Z98,N80,957.0,9.57,3
C:/projects/myproject/QDQM/DS_Input/Reference/상호명5.csv,상호명5.csv,상호명5,Text,Reference,64.0,10000.0,"[""KKKKK"", ""KKKK"", ""KKK"", ""KK"", ""KKKKn"", ""AAKKK"", ""KKKAA"", ""KKKKA"", ""KKAAA"", ""KKnKK""]","[67.38, 20.29, 7.11, 3.04, 0.27, 0.14, 0.13, 0.12, 0.11, 0.09]",KKKKK,가가소엔지,힉스인터내,에버프레쉬,6738.0,67.38,1
C:/projects/myproject/QDQM/DS_Input/Reference/상호명5.csv,상호명5.csv,상호명5,Text,Reference,64.0,10000.0,"[""KKKKK"", ""KKKK"", ""KKK"", ""KK"", ""KKKKn"", ""AAKKK"", ""KKKAA"", ""KKKKA"", ""KKAAA"", ""KKnKK""]","[67.38, 20.29, 7.11, 3.04, 0.27, 0.14, 0.13, 0.12, 0.11, 0.09]",KKKK,가나외장,힘찬산업,아라푸드,2029.0,20.29,2
C:/projects/myproject/QDQM/DS_Input/Reference/상호명5.csv,상호명5.csv,상호명5,Text,Reference,64.0,10000.0,"[""KKKKK"", ""KKKK"", ""KKK"", ""KK"", ""KKKKn"", ""AAKKK"", ""KKKAA"", ""KKKKA"", ""KKAAA"", ""KKnKK""]","[67.38, 20.29, 7.11, 3.04, 0.27, 0.14, 0.13, 0.12, 0.11, 0.09]",KKK,가치엘,힐리브,에르엘,711.0,7.11,3
C:/projects/myproject/QDQM/DS_Input/Reference/선박명5.csv,선박명5.csv,선박명5,UNIQUE,Reference,886.0,10000.0,"[""AAAAAA"", ""AAAAAAA"", ""AAAAA"", ""AAAAAAAA"", ""AAAAA AAAAAA"", ""AAAA AAAAA"", ""AAA AAAAAAA"", ""AAAAA AAAAA"", ""AAA AAAAAA"", ""AAAAAA AAAAAA""]","[3.3, 3.03, 2.46, 2.42, 2.26, 2.25, 2.25, 2.23, 2.13, 2.03]",AAAAAA,ADITYA,ZUHAYR,MATRIX,330.0,3.3,1
C:/projects/myproject/QDQM/DS_Input/Reference/선박명5.csv,선박명5.csv,선박명5,UNIQUE,Reference,886.0,10000.0,"[""AAAAAA"", ""AAAAAAA"", ""AAAAA"", ""AAAAAAAA"", ""AAAAA AAAAAA"", ""AAAA AAAAA"", ""AAA AAAAAAA"", ""AAAAA AAAAA"", ""AAA AAAAAA"", ""AAAAAA AAAAAA""]","[3.3, 3.03, 2.46, 2.42, 2.26, 2.25, 2.25, 2.23, 2.13, 2.03]",AAAAAAA,ACCLAIM,ZIMRIDA,MAREEBA,303.0,3.03,2
C:/projects/myproject/QDQM/DS_Input/Reference/선박명5.csv,선박명5.csv,선박명5,UNIQUE,Reference,886.0,10000.0,"[""AAAAAA"", ""AAAAAAA"", ""AAAAA"", ""AAAAAAAA"", ""AAAAA AAAAAA"", ""AAAA AAAAA"", ""AAA AAAAAAA"", ""AAAAA AAAAA"", ""AAA AAAAAA"", ""AAAAAA AAAAAA""]","[3.3, 3.03, 2.46, 2.42, 2.26, 2.25, 2.25, 2.23, 2.13, 2.03]",AAAAA,AEPOS,ZILOS,LEVAN,246.0,2.46,3
C:/projects/myproject/QDQM/DS_Input/Reference/선박코드.csv,선박코드.csv,선박코드,UNIQUE,Reference,56.0,10000.0,"[""AnAAn"", ""AAAAn"", ""nAAAn"", ""AAAA"", ""nAnnnn"", ""AnAA"", ""nAAnnnn"", ""AnAnnnn"", ""nAAA"", ""AAnnnn""]","[23.75, 21.73, 19.41, 10.71, 6.81, 5.53, 4.43, 2.74, 2.25, 0.9]",AnAAn,A8AP7,V7ZZ9,S6BK9,2375.0,23.75,1
C:/projects/myproject/QDQM/DS_Input/Reference/선박코드.csv,선박코드.csv,선박코드,UNIQUE,Reference,56.0,10000.0,"[""AnAAn"", ""AAAAn"", ""nAAAn"", ""AAAA"", ""nAnnnn"", ""AnAA"", ""nAAnnnn"", ""AnAnnnn"", ""nAAA"", ""AAnnnn""]","[23.75, 21.73, 19.41, 10.71, 6.81, 5.53, 4.43, 2.74, 2.25, 0.9]",AAAAn,BBCH3,ZNZH6,UBXI2,2173.0,21.73,2
C:/projects/myproject/QDQM/DS_Input/Reference/선박코드.csv,선박코드.csv,선박코드,UNIQUE,Reference,56.0,10000.0,"[""AnAAn"", ""AAAAn"", ""nAAAn"", ""AAAA"", ""nAnnnn"", ""AnAA"", ""nAAnnnn"", ""AnAnnnn"", ""nAAA"", ""AAnnnn""]","[23.75, 21.73, 19.41, 10.71, 6.81, 5.53, 4.43, 2.74, 2.25, 0.9]",nAAAn,2ACU6,9WUQ7,3FJF6,1941.0,19.41,3
C:/projects/myproject/QDQM/DS_Input/Reference/선사명5.csv,선사명5.csv,선사명5,Text,Reference,46.0,152.0,"[""KKKK(K)"", ""KKKKKK(K)"", ""(K)KKKK"", ""KKKK"", ""KKKKKK"", ""KKKKKKK"", ""KKKKKKK(K)"", ""KKKKKKKKKK"", ""KKKKK(K)"", ""KKKKKKKKKK(K)""]","[21.05, 6.58, 6.58, 6.58, 4.61, 3.95, 3.95, 3.95, 3.29, 2.63]",KKKK(K),가나해운(주),흥아해운(주),삼부해운(주),32.0,21.05,1
C:/projects/myproject/QDQM/DS_Input/Reference/선사명5.csv,선사명5.csv,선사명5,Text,Reference,46.0,152.0,"[""KKKK(K)"", ""KKKKKK(K)"", ""(K)KKKK"", ""KKKK"", ""KKKKKK"", ""KKKKKKK"", ""KKKKKKK(K)"", ""KKKKKKKKKK"", ""KKKKK(K)"", ""KKKKKKKKKK(K)""]","[21.05, 6.58, 6.58, 6.58, 4.61, 3.95, 3.95, 3.95, 3.29, 2.63]",KKKKKK(K),교와한국해운(주),허브에이젠시(주),새한마리타임(주),10.0,6.58,2
C:/projects/myproject/QDQM/DS_Input/Reference/선사명5.csv,선사명5.csv,선사명5,Text,Reference,46.0,152.0,"[""KKKK(K)"", ""KKKKKK(K)"", ""(K)KKKK"", ""KKKK"", ""KKKKKK"", ""KKKKKKK"", ""KKKKKKK(K)"", ""KKKKKKKKKK"", ""KKKKK(K)"", ""KKKKKKKKKK(K)""]","[21.05, 6.58, 6.58, 6.58, 4.61, 3.95, 3.95, 3.95, 3.29, 2.63]",(K)KKKK,(주)디엠쉽핑,(주)협성상운,(주)진양해운,10.0,6.58,3
C:/projects/myproject/QDQM/DS_Input/Reference/선사코드.csv,선사코드.csv,선사코드,UNIQUE,Reference,7.0,1027.0,"[""AAAnnnn"", ""nAAAnnnn"", ""AAA AAAAA"", ""AAnnnn"", ""AA-A-nnnn"", ""AAAAAA"", ""AAAnnnnn""]","[99.32, 0.19, 0.1, 0.1, 0.1, 0.1, 0.1]",AAAnnnn,BSA2811,YSZ4602,ICZ2075,1020.0,99.32,1
C:/projects/myproject/QDQM/DS_Input/Reference/선사코드.csv,선사코드.csv,선사코드,UNIQUE,Reference,7.0,1027.0,"[""AAAnnnn"", ""nAAAnnnn"", ""AAA AAAAA"", ""AAnnnn"", ""AA-A-nnnn"", ""AAAAAA"", ""AAAnnnnn""]","[99.32, 0.19, 0.1, 0.1, 0.1, 0.1, 0.1]",nAAAnnnn,3MPC2013,4BSK3228,4BSK3228,2.0,0.19,2
C:/projects/myproject/QDQM/DS_Input/Reference/선사코드.csv,선사코드.csv,선사코드,UNIQUE,Reference,7.0,1027.0,"[""AAAnnnn"", ""nAAAnnnn"", ""AAA AAAAA"", ""AAnnnn"", ""AA-A-nnnn"", ""AAAAAA"", ""AAAnnnnn""]","[99.32, 0.19, 0.1, 0.1, 0.1, 0.1, 0.1]",AAA AAAAA,CHW BARGE,CHW BARGE,CHW BARGE,1.0,0.1,3
C:/projects/myproject/QDQM/DS_Input/Reference/수산업종.csv,수산업종.csv,수산업종,UNIQUE,Reference,18.0,205.0,"[""KKKKKK"", ""KKKKKKK"", ""KKKK"", ""KKKKK"", ""KKKKKKKKK"", ""KKKKKKKK"", ""KK"", ""KKKKKKKKKKKK"", ""KnKKKKK"", ""KKKKKKKKKKKKK""]","[31.71, 16.1, 13.66, 13.66, 6.83, 5.85, 2.93, 1.95, 1.46, 0.98]",KKKKKK,건제품가공업,활선어운반선,연안형망어업,65.0,31.71,1
C:/projects/myproject/QDQM/DS_Input/Reference/수산업종.csv,수산업종.csv,수산업종,UNIQUE,Reference,18.0,205.0,"[""KKKKKK"", ""KKKKKKK"", ""KKKK"", ""KKKKK"", ""KKKKKKKKK"", ""KKKKKKKK"", ""KK"", ""KKKKKKKKKKKK"", ""KnKKKKK"", ""KKKKKKKKKKKKK""]","[31.71, 16.1, 13.66, 13.66, 6.83, 5.85, 2.93, 1.95, 1.46, 0.98]",KKKKKKK,가두리양식어업,해조류양식어업,수하식양식어업,33.0,16.1,2
C:/projects/myproject/QDQM/DS_Input/Reference/수산업종.csv,수산업종.csv,수산업종,UNIQUE,Reference,18.0,205.0,"[""KKKKKK"", ""KKKKKKK"", ""KKKK"", ""KKKKK"", ""KKKKKKKKK"", ""KKKKKKKK"", ""KK"", ""KKKKKKKKKKKK"", ""KnKKKKK"", ""KKKKKKKKKKKKK""]","[31.71, 16.1, 13.66, 13.66, 6.83, 5.85, 2.93, 1.95, 1.46, 0.98]",KKKK,각망어업,호망어업,연승어업,28.0,13.66,3
C:/projects/myproject/QDQM/DS_Input/Reference/시군구명.csv,시군구명.csv,시군구명,KOR_NAME,Reference,3.0,331.0,"[""KKK"", ""KKKK"", ""KK""]","[93.05, 5.44, 1.51]",KKK,가람동,횡성군,아산시,308.0,93.05,1
C:/projects/myproject/QDQM/DS_Input/Reference/시군구명.csv,시군구명.csv,시군구명,KOR_NAME,Reference,3.0,331.0,"[""KKK"", ""KKKK"", ""KK""]","[93.05, 5.44, 1.51]",KKKK,남양주군,해운대구,삼천포시,18.0,5.44,2
C:/projects/myproject/QDQM/DS_Input/Reference/시군구명.csv,시군구명.csv,시군구명,KOR_NAME,Reference,3.0,331.0,"[""KKK"", ""KKKK"", ""KK""]","[93.05, 5.44, 1.51]",KK,남구,중구,북구,5.0,1.51,3
C:/projects/myproject/QDQM/DS_Input/Reference/시도명.csv,시도명.csv,시도명,UNIQUE,Reference,5.0,48.0,"[""KK"", ""KKK"", ""KKKKK"", ""KKKK"", ""KKKKKKK""]","[33.33, 31.25, 14.58, 12.5, 8.33]",KK,강원,충북,서울,16.0,33.33,1
C:/projects/myproject/QDQM/DS_Input/Reference/시도명.csv,시도명.csv,시도명,UNIQUE,Reference,5.0,48.0,"[""KK"", ""KKK"", ""KKKKK"", ""KKKK"", ""KKKKKKK""]","[33.33, 31.25, 14.58, 12.5, 8.33]",KKK,강원도,충청도,서울시,15.0,31.25,2
C:/projects/myproject/QDQM/DS_Input/Reference/시도명.csv,시도명.csv,시도명,UNIQUE,Reference,5.0,48.0,"[""KK"", ""KKK"", ""KKKKK"", ""KKKK"", ""KKKKKKK""]","[33.33, 31.25, 14.58, 12.5, 8.33]",KKKKK,광주광역시,인천광역시,부산광역시,7.0,14.58,3
C:/projects/myproject/QDQM/DS_Input/Reference/시설물.csv,시설물.csv,시설물,Text,Reference,243.0,893.0,"[""KKKK"", ""KKK"", ""KKKKK"", ""KKKKKK"", ""KK"", ""KKKKKKK"", ""KKKKKKKK"", ""KKKKKKKKK"", ""KKKKAAnnnAA"", ""KKKKKnK""]","[8.85, 6.83, 6.61, 3.7, 3.58, 2.02, 1.57, 1.34, 1.23, 1.23]",KKKK,강관주형,회전의자,아연도금,79.0,8.85,1
C:/projects/myproject/QDQM/DS_Input/Reference/시설물.csv,시설물.csv,시설물,Text,Reference,243.0,893.0,"[""KKKK"", ""KKK"", ""KKKKK"", ""KKKKKK"", ""KK"", ""KKKKKKK"", ""KKKKKKKK"", ""KKKKKKKKK"", ""KKKKAAnnnAA"", ""KKKKKnK""]","[8.85, 6.83, 6.61, 3.7, 3.58, 2.02, 1.57, 1.34, 1.23, 1.23]",KKK,가스관,회전컵,시설물,61.0,6.83,2
C:/projects/myproject/QDQM/DS_Input/Reference/시설물.csv,시설물.csv,시설물,Text,Reference,243.0,893.0,"[""KKKK"", ""KKK"", ""KKKKK"", ""KKKKKK"", ""KK"", ""KKKKKKK"", ""KKKKKKKK"", ""KKKKKKKKK"", ""KKKKAAnnnAA"", ""KKKKKnK""]","[8.85, 6.83, 6.61, 3.7, 3.58, 2.02, 1.57, 1.34, 1.23, 1.23]",KKKKK,개구리만세,흔들놀이차,시멘트벽돌,59.0,6.61,3
C:/projects/myproject/QDQM/DS_Input/Reference/식약업체명5.csv,식약업체명5.csv,식약업체명5,Text,Reference,43.0,355.0,"[""KKKK(K)"", ""(K)KKKK"", ""KKKKKK(K)"", ""KKKKK(K)"", ""(K)KKKKKK"", ""(K)KKKKK"", ""KKKKKKK(K)"", ""(K)KKK"", ""(K)KKKKKKK"", ""KKKKKKKKK(K)""]","[20.85, 10.7, 7.32, 7.04, 7.04, 6.76, 6.2, 3.66, 3.66, 2.82]",KKKK(K),건일제약(주),환인제약(주),안국약품(주),74.0,20.85,1
C:/projects/myproject/QDQM/DS_Input/Reference/식약업체명5.csv,식약업체명5.csv,식약업체명5,Text,Reference,43.0,355.0,"[""KKKK(K)"", ""(K)KKKK"", ""KKKKKK(K)"", ""KKKKK(K)"", ""(K)KKKKKK"", ""(K)KKKKK"", ""KKKKKKK(K)"", ""(K)KKK"", ""(K)KKKKKKK"", ""KKKKKKKKK(K)""]","[20.85, 10.7, 7.32, 7.04, 7.04, 6.76, 6.2, 3.66, 3.66, 2.82]",(K)KKKK,(유)한풍제약,(주)휴메딕스,(주)엘지화학,38.0,10.7,2
C:/projects/myproject/QDQM/DS_Input/Reference/식약업체명5.csv,식약업체명5.csv,식약업체명5,Text,Reference,43.0,355.0,"[""KKKK(K)"", ""(K)KKKK"", ""KKKKKK(K)"", ""KKKKK(K)"", ""(K)KKKKKK"", ""(K)KKKKK"", ""KKKKKKK(K)"", ""(K)KKK"", ""(K)KKKKKKK"", ""KKKKKKKKK(K)""]","[20.85, 10.7, 7.32, 7.04, 7.04, 6.76, 6.2, 3.66, 3.66, 2.82]",KKKKKK(K),갈더마코리아(주),한국페링제약(주),일양바이오팜(주),26.0,7.32,3
C:/projects/myproject/QDQM/DS_Input/Reference/식약제품명5.csv,식약제품명5.csv,식약제품명5,Text,Reference,41.0,10000.0,"[""KKKKK"", ""KKKKn"", ""KKKK("", ""KKKKs"", ""KKKnn"", ""KKK(K"", ""KKKnK"", ""KKKAA"", ""KKKKA"", ""KKK-K""]","[66.19, 17.66, 11.53, 1.02, 0.9, 0.85, 0.34, 0.29, 0.26, 0.13]",KKKKK,가나티란정,힐로스점안,아이프린캡,6619.0,66.19,1
C:/projects/myproject/QDQM/DS_Input/Reference/식약제품명5.csv,식약제품명5.csv,식약제품명5,Text,Reference,41.0,10000.0,"[""KKKKK"", ""KKKKn"", ""KKKK("", ""KKKKs"", ""KKKnn"", ""KKK(K"", ""KKKnK"", ""KKKAA"", ""KKKKA"", ""KKK-K""]","[66.19, 17.66, 11.53, 1.02, 0.9, 0.85, 0.34, 0.29, 0.26, 0.13]",KKKKn,가나칸정5,히알룩스0,아레이정1,1766.0,17.66,2
C:/projects/myproject/QDQM/DS_Input/Reference/식약제품명5.csv,식약제품명5.csv,식약제품명5,Text,Reference,41.0,10000.0,"[""KKKKK"", ""KKKKn"", ""KKKK("", ""KKKKs"", ""KKKnn"", ""KKK(K"", ""KKKnK"", ""KKKAA"", ""KKKKA"", ""KKK-K""]","[66.19, 17.66, 11.53, 1.02, 0.9, 0.85, 0.34, 0.29, 0.26, 0.13]",KKKK(,가나릴정(,히트졸정(,아세티정(,1153.0,11.53,3
C:/projects/myproject/QDQM/DS_Input/Reference/식약주성분코드.csv,식약주성분코드.csv,식약주성분코드,UNIQUE,Reference,2.0,4458.0,"[""nnnnnnAAA"", ""nnnnAnAAA""]","[99.87, 0.13]",nnnnnnAAA,100101APD,801601BIJ,346900CDS,4452.0,99.87,1
C:/projects/myproject/QDQM/DS_Input/Reference/식약주성분코드.csv,식약주성분코드.csv,식약주성분코드,UNIQUE,Reference,2.0,4458.0,"[""nnnnnnAAA"", ""nnnnAnAAA""]","[99.87, 0.13]",nnnnAnAAA,5300A4COS,5300C1COS,5300B8COS,6.0,0.13,2
C:/projects/myproject/QDQM/DS_Input/Reference/업종.csv,업종.csv,업종,Text,Reference,447.0,1228.0,"[""KK KKK"", ""KKK KKK"", ""KKKK KKK"", ""KK KK KKK"", ""KKK KK KKK"", ""KKKK"", ""KK KKK KKK"", ""KK KKKK KKK"", ""KK K KK KKK"", ""KKK""]","[6.6, 3.83, 3.75, 3.42, 2.69, 2.61, 2.28, 2.28, 1.95, 1.87]",KK KKK,가구 소매업,화력 발전업,수력 발전업,81.0,6.6,1
C:/projects/myproject/QDQM/DS_Input/Reference/업종.csv,업종.csv,업종,Text,Reference,447.0,1228.0,"[""KK KKK"", ""KKK KKK"", ""KKKK KKK"", ""KK KK KKK"", ""KKK KK KKK"", ""KKKK"", ""KK KKK KKK"", ""KK KKKK KKK"", ""KK K KK KKK"", ""KKK""]","[6.6, 3.83, 3.75, 3.42, 2.69, 2.61, 2.28, 2.28, 1.95, 1.87]",KKK KKK,가금류 도축업,화장품 제조업,스크린 인쇄업,47.0,3.83,2
C:/projects/myproject/QDQM/DS_Input/Reference/업종.csv,업종.csv,업종,Text,Reference,447.0,1228.0,"[""KK KKK"", ""KKK KKK"", ""KKKK KKK"", ""KK KK KKK"", ""KKK KK KKK"", ""KKKK"", ""KK KKK KKK"", ""KK KKKK KKK"", ""KK K KK KKK"", ""KKK""]","[6.6, 3.83, 3.75, 3.42, 2.69, 2.61, 2.28, 2.28, 1.95, 1.87]",KKKK KKK,가전제품 소매업,환경설비 건설업,신문용지 제조업,46.0,3.75,3
C:/projects/myproject/QDQM/DS_Input/Reference/업종명2.csv,업종명2.csv,업종명2,UNIQUE,Reference,20.0,1552.0,"[""KK"", ""KKK"", ""KKKK"", ""KKKKK"", ""KKKKKK"", ""KKsKK"", ""KKsKKK"", ""KsKK"", ""KKKs"", ""KKK(KKK""]","[42.27, 29.51, 21.97, 3.29, 0.77, 0.32, 0.26, 0.26, 0.19, 0.19]",KK,가공,휴양,알선,656.0,42.27,1
C:/projects/myproject/QDQM/DS_Input/Reference/업종명2.csv,업종명2.csv,업종명2,UNIQUE,Reference,20.0,1552.0,"[""KK"", ""KKK"", ""KKKK"", ""KKKKK"", ""KKKKKK"", ""KKsKK"", ""KKsKKK"", ""KsKK"", ""KKKs"", ""KKK(KKK""]","[42.27, 29.51, 21.97, 3.29, 0.77, 0.32, 0.26, 0.26, 0.19, 0.19]",KKK,가공사,회화용,알선업,458.0,29.51,2
C:/projects/myproject/QDQM/DS_Input/Reference/업종명2.csv,업종명2.csv,업종명2,UNIQUE,Reference,20.0,1552.0,"[""KK"", ""KKK"", ""KKKK"", ""KKKKK"", ""KKKKKK"", ""KKsKK"", ""KKsKKK"", ""KsKK"", ""KKKs"", ""KKK(KKK""]","[42.27, 29.51, 21.97, 3.29, 0.77, 0.32, 0.26, 0.26, 0.19, 0.19]",KKKK,가공기계,흡연용품,압출제품,341.0,21.97,3
C:/projects/myproject/QDQM/DS_Input/Reference/업태명2.csv,업태명2.csv,업태명2,UNIQUE,Reference,4.0,62.0,"[""KK"", ""KKKK"", ""KKK"", ""KKKKK""]","[64.52, 17.74, 16.13, 1.61]",KK,가구,협회,수도,40.0,64.52,1
C:/projects/myproject/QDQM/DS_Input/Reference/업태명2.csv,업태명2.csv,업태명2,UNIQUE,Reference,4.0,62.0,"[""KK"", ""KKKK"", ""KKK"", ""KKKKK""]","[64.52, 17.74, 16.13, 1.61]",KKKK,고용활동,음식점업,사회복지,11.0,17.74,2
C:/projects/myproject/QDQM/DS_Input/Reference/업태명2.csv,업태명2.csv,업태명2,UNIQUE,Reference,4.0,62.0,"[""KK"", ""KKKK"", ""KKK"", ""KKKKK""]","[64.52, 17.74, 16.13, 1.61]",KKK,건설업,폐기물,스포츠,10.0,16.13,3
C:/projects/myproject/QDQM/DS_Input/Reference/연월.csv,연월.csv,연월,YEARMONTH,Reference,1.0,2401.0,"[""nnnnnn""]",[100.0],nnnnnn,190001,999912,200001,2401.0,100.0,1
C:/projects/myproject/QDQM/DS_Input/Reference/연월일.csv,연월일.csv,연월일,YYYYMMDD,Reference,1.0,10000.0,"[""nnnnnnnn""]",[100.0],nnnnnnnn,19000205,20991230,19990209,10000.0,100.0,1
C:/projects/myproject/QDQM/DS_Input/Reference/우편번호3.csv,우편번호3.csv,우편번호3,UNIQUE,Reference,1.0,452.0,"[""nnnnn""]",[100.0],nnnnn,01000,63600,32100,452.0,100.0,1
C:/projects/myproject/QDQM/DS_Input/Reference/우편번호구3.csv,우편번호구3.csv,우편번호구3,UNIQUE,Reference,2.0,516.0,"[""nnnnnn"", ""nnn-nnn""]","[50.0, 50.0]",nnnnnn,100000,799000,477000,258.0,50.0,1
C:/projects/myproject/QDQM/DS_Input/Reference/우편번호구3.csv,우편번호구3.csv,우편번호구3,UNIQUE,Reference,2.0,516.0,"[""nnnnnn"", ""nnn-nnn""]","[50.0, 50.0]",nnn-nnn,100-000,799-000,477-000,258.0,50.0,2
C:/projects/myproject/QDQM/DS_Input/Reference/운송사업자5.csv,운송사업자5.csv,운송사업자5,Text,Reference,176.0,5075.0,"[""KKKK"", ""KKKKK"", ""KKKKKK"", ""KKKKKKK"", ""KKnnKnnnn"", ""KKKKKKKK"", ""KK"", ""KKK"", ""KKKKKKKKK"", ""KKnn""]","[36.1, 16.43, 16.1, 8.89, 3.25, 2.74, 2.36, 2.09, 1.24, 0.85]",KKKK,가가물류,희은물류,스타물류,1832.0,36.1,1
C:/projects/myproject/QDQM/DS_Input/Reference/운송사업자5.csv,운송사업자5.csv,운송사업자5,Text,Reference,176.0,5075.0,"[""KKKK"", ""KKKKK"", ""KKKKKK"", ""KKKKKKK"", ""KKnnKnnnn"", ""KKKKKKKK"", ""KK"", ""KKK"", ""KKKKKKKKK"", ""KKnn""]","[36.1, 16.43, 16.1, 8.89, 3.25, 2.74, 2.36, 2.09, 1.24, 0.85]",KKKKK,가나다물류,흥진기업사,아진로지스,834.0,16.43,2
C:/projects/myproject/QDQM/DS_Input/Reference/운송사업자5.csv,운송사업자5.csv,운송사업자5,Text,Reference,176.0,5075.0,"[""KKKK"", ""KKKKK"", ""KKKKKK"", ""KKKKKKK"", ""KKnnKnnnn"", ""KKKKKKKK"", ""KK"", ""KKK"", ""KKKKKKKKK"", ""KKnn""]","[36.1, 16.43, 16.1, 8.89, 3.25, 2.74, 2.36, 2.09, 1.24, 0.85]",KKKKKK,가나안로직스,흥진기업운송,쌍용특수레카,817.0,16.1,3
C:/projects/myproject/QDQM/DS_Input/Reference/원재료_영문명9.csv,원재료_영문명9.csv,원재료_영문명9,UNIQUE,Reference,2966.0,9726.0,"[""Aaaaaaaa"", ""Aaaaaaa"", ""Aaaaaaaaa"", ""Aaaaaa"", ""Aaaaaa aaaaaaa"", ""Aaaaaaa aaaaaaa"", ""Aaaaaaaaa aaaaaaaaaa"", ""Aaaaaaaaaa"", ""Aaaaaa aaaaaaaaa"", ""Aaaaa""]","[1.33, 1.12, 1.02, 0.96, 0.79, 0.68, 0.62, 0.62, 0.62, 0.61]",Aaaaaaaa,Adhesive,Zucchini,Kohlrabi,129.0,1.33,1
C:/projects/myproject/QDQM/DS_Input/Reference/원재료_영문명9.csv,원재료_영문명9.csv,원재료_영문명9,UNIQUE,Reference,2966.0,9726.0,"[""Aaaaaaaa"", ""Aaaaaaa"", ""Aaaaaaaaa"", ""Aaaaaa"", ""Aaaaaa aaaaaaa"", ""Aaaaaaa aaaaaaa"", ""Aaaaaaaaa aaaaaaaaaa"", ""Aaaaaaaaaa"", ""Aaaaaa aaaaaaaaa"", ""Aaaaa""]","[1.33, 1.12, 1.02, 0.96, 0.79, 0.68, 0.62, 0.62, 0.62, 0.61]",Aaaaaaa,Abalone,Yohimbe,Gurnard,109.0,1.12,2
C:/projects/myproject/QDQM/DS_Input/Reference/원재료_영문명9.csv,원재료_영문명9.csv,원재료_영문명9,UNIQUE,Reference,2966.0,9726.0,"[""Aaaaaaaa"", ""Aaaaaaa"", ""Aaaaaaaaa"", ""Aaaaaa"", ""Aaaaaa aaaaaaa"", ""Aaaaaaa aaaaaaa"", ""Aaaaaaaaa aaaaaaaaaa"", ""Aaaaaaaaaa"", ""Aaaaaa aaaaaaaaa"", ""Aaaaa""]","[1.33, 1.12, 1.02, 0.96, 0.79, 0.68, 0.62, 0.62, 0.62, 0.61]",Aaaaaaaaa,Acetamide,Zingerone,Magnesium,99.0,1.02,3
C:/projects/myproject/QDQM/DS_Input/Reference/원재료_학명9.csv,원재료_학명9.csv,원재료_학명9,UNIQUE,Reference,804.0,6159.0,"[""Aaaaaaaaa aaaaaaaaaa"", ""Aaaaaaaaaa aaaaaaaaa"", ""Aaaaaaaaaaa aaaaaaaa"", ""Aaaaaaaaaaaa aaaaaaa"", ""Aaaaaaaa aaaaaaaaaaa"", ""Aaaaaaaaaaaaa aaaaaa"", ""Aaaaaaaaa aaaaaaaa"", ""Aaaaaaaaa aaaaaaaaa"", ""Aaaaaaaaa aaaaaaaaa "", ""Aaaaaaaa aaaaaaaa""]","[5.81, 5.11, 5.1, 3.91, 3.02, 2.37, 1.79, 1.72, 1.25, 1.22]",Aaaaaaaaa aaaaaaaaaa,Acipenser gueldenstaedtii,Ziziphora pedicellata Pazij & Vved.,Eriogonum longifolium,358.0,5.81,1
C:/projects/myproject/QDQM/DS_Input/Reference/원재료_학명9.csv,원재료_학명9.csv,원재료_학명9,UNIQUE,Reference,804.0,6159.0,"[""Aaaaaaaaa aaaaaaaaaa"", ""Aaaaaaaaaa aaaaaaaaa"", ""Aaaaaaaaaaa aaaaaaaa"", ""Aaaaaaaaaaaa aaaaaaa"", ""Aaaaaaaa aaaaaaaaaaa"", ""Aaaaaaaaaaaaa aaaaaa"", ""Aaaaaaaaa aaaaaaaa"", ""Aaaaaaaaa aaaaaaaaa"", ""Aaaaaaaaa aaaaaaaaa "", ""Aaaaaaaa aaaaaaaa""]","[5.81, 5.11, 5.1, 3.91, 3.02, 2.37, 1.79, 1.72, 1.25, 1.22]",Aaaaaaaaaa aaaaaaaaa,Acanthurus nigricauda,Uroteuthis duvaucelii,Leiostomus xanthurus,315.0,5.11,2
C:/projects/myproject/QDQM/DS_Input/Reference/원재료_학명9.csv,원재료_학명9.csv,원재료_학명9,UNIQUE,Reference,804.0,6159.0,"[""Aaaaaaaaa aaaaaaaaaa"", ""Aaaaaaaaaa aaaaaaaaa"", ""Aaaaaaaaaaa aaaaaaaa"", ""Aaaaaaaaaaaa aaaaaaa"", ""Aaaaaaaa aaaaaaaaaaa"", ""Aaaaaaaaaaaaa aaaaaa"", ""Aaaaaaaaa aaaaaaaa"", ""Aaaaaaaaa aaaaaaaaa"", ""Aaaaaaaaa aaaaaaaaa "", ""Aaaaaaaa aaaaaaaa""]","[5.81, 5.11, 5.1, 3.91, 3.02, 2.37, 1.79, 1.72, 1.25, 1.22]",Aaaaaaaaaaa aaaaaaaa,Abelmoschus moschatus Medik. var. tuberosus Borssum.,Zygochlamys patagonica,Halocynthia aurantium Pallas,314.0,5.1,3
C:/projects/myproject/QDQM/DS_Input/Reference/원재료명9.csv,원재료명9.csv,원재료명9,Text,Reference,1441.0,10000.0,"[""KKKKK"", ""KKKKKK"", ""KKKK"", ""KKKKKKK"", ""KKK"", ""KKKKKKKK"", ""KKKKKKKKK"", ""KK"", ""KKKKKKKKKK"", ""KKKKKKKKKKK""]","[12.92, 11.62, 11.36, 7.95, 6.9, 4.68, 3.08, 2.31, 1.66, 0.95]",KKKKK,가공유크림,히아신스꽃,석류숙성액,1292.0,12.92,1
C:/projects/myproject/QDQM/DS_Input/Reference/원재료명9.csv,원재료명9.csv,원재료명9,Text,Reference,1441.0,10000.0,"[""KKKKK"", ""KKKKKK"", ""KKKK"", ""KKKKKKK"", ""KKK"", ""KKKKKKKK"", ""KKKKKKKKK"", ""KK"", ""KKKKKKKKKK"", ""KKKKKKKKKKK""]","[12.92, 11.62, 11.36, 7.95, 6.9, 4.68, 3.08, 2.31, 1.66, 0.95]",KKKKKK,가는가래줄기,히요스시아민,삽주추출분말,1162.0,11.62,2
C:/projects/myproject/QDQM/DS_Input/Reference/원재료명9.csv,원재료명9.csv,원재료명9,Text,Reference,1441.0,10000.0,"[""KKKKK"", ""KKKKKK"", ""KKKK"", ""KKKKKKK"", ""KKK"", ""KKKKKKKK"", ""KKKKKKKKK"", ""KK"", ""KKKKKKKKKK"", ""KKKKKKKKKKK""]","[12.92, 11.62, 11.36, 7.95, 6.9, 4.68, 3.08, 2.31, 1.66, 0.95]",KKKK,가공버터,흰독말풀,산조씨앗,1136.0,11.36,3
C:/projects/myproject/QDQM/DS_Input/Reference/원재료코드.csv,원재료코드.csv,원재료코드,UNIQUE,Reference,7.0,10000.0,"[""Annnnnnnnnnnnn"", ""AnnnnnnnAnnnnn"", ""AnnnnnnnnAnnnn"", ""AnnnnnnnnnnAnn"", ""AnnnnnnnAnnAnn"", ""Anaaaannnnnn"", ""AnnnnnnnnAnAnn""]","[96.82, 1.46, 1.12, 0.56, 0.02, 0.01, 0.01]",Annnnnnnnnnnnn,A1000001230000,U4000012000000,A3000809004500,9682.0,96.82,1
C:/projects/myproject/QDQM/DS_Input/Reference/원재료코드.csv,원재료코드.csv,원재료코드,UNIQUE,Reference,7.0,10000.0,"[""Annnnnnnnnnnnn"", ""AnnnnnnnAnnnnn"", ""AnnnnnnnnAnnnn"", ""AnnnnnnnnnnAnn"", ""AnnnnnnnAnnAnn"", ""Anaaaannnnnn"", ""AnnnnnnnnAnAnn""]","[96.82, 1.46, 1.12, 0.56, 0.02, 0.01, 0.01]",AnnnnnnnAnnnnn,A1000140C60000,A9000038B37712,A1001588B30000,146.0,1.46,2
C:/projects/myproject/QDQM/DS_Input/Reference/원재료코드.csv,원재료코드.csv,원재료코드,UNIQUE,Reference,7.0,10000.0,"[""Annnnnnnnnnnnn"", ""AnnnnnnnAnnnnn"", ""AnnnnnnnnAnnnn"", ""AnnnnnnnnnnAnn"", ""AnnnnnnnAnnAnn"", ""Anaaaannnnnn"", ""AnnnnnnnnAnAnn""]","[96.82, 1.46, 1.12, 0.56, 0.02, 0.01, 0.01]",AnnnnnnnnAnnnn,A20000023J0000,A30011260K0000,A20000111S0000,112.0,1.12,3
C:/projects/myproject/QDQM/DS_Input/Reference/유통판매업5.csv,유통판매업5.csv,유통판매업5,Text,Reference,46.0,10000.0,"[""KKKKK"", ""KKKK"", ""KKK"", ""KK"", ""KKAA"", ""KKKAA"", ""AAAAA"", ""KKKnn"", ""AAKKK"", ""KKnnn""]","[54.01, 25.04, 12.46, 5.92, 0.45, 0.26, 0.22, 0.17, 0.17, 0.14]",KKKKK,가가전커피,힐링푸드농,알레프바이,5401.0,54.01,1
C:/projects/myproject/QDQM/DS_Input/Reference/유통판매업5.csv,유통판매업5.csv,유통판매업5,Text,Reference,46.0,10000.0,"[""KKKKK"", ""KKKK"", ""KKK"", ""KK"", ""KKAA"", ""KKKAA"", ""AAAAA"", ""KKKnn"", ""AAKKK"", ""KKnnn""]","[54.01, 25.04, 12.46, 5.92, 0.45, 0.26, 0.22, 0.17, 0.17, 0.14]",KKKK,가나농장,힘찬헬스,아이나라,2504.0,25.04,2
C:/projects/myproject/QDQM/DS_Input/Reference/유통판매업5.csv,유통판매업5.csv,유통판매업5,Text,Reference,46.0,10000.0,"[""KKKKK"", ""KKKK"", ""KKK"", ""KK"", ""KKAA"", ""KKKAA"", ""AAAAA"", ""KKKnn"", ""AAKKK"", ""KKnnn""]","[54.01, 25.04, 12.46, 5.92, 0.45, 0.26, 0.22, 0.17, 0.17, 0.14]",KKK,가나다,힛더티,알프스,1246.0,12.46,3
C:/projects/myproject/QDQM/DS_Input/Reference/읍면동.csv,읍면동.csv,읍면동,UNIQUE,Reference,7.0,3983.0,"[""KKK"", ""KKKnK"", ""KKKK"", ""KK"", ""KKnK"", ""KKKKnK"", ""KKKKK""]","[83.0, 8.29, 3.87, 2.91, 1.05, 0.75, 0.13]",KKK,가경동,흥해읍,소양면,3306.0,83.0,1
C:/projects/myproject/QDQM/DS_Input/Reference/읍면동.csv,읍면동.csv,읍면동,UNIQUE,Reference,7.0,3983.0,"[""KKK"", ""KKKnK"", ""KKKK"", ""KK"", ""KKnK"", ""KKKKnK"", ""KKKKK""]","[83.0, 8.29, 3.87, 2.91, 1.05, 0.75, 0.13]",KKKnK,경원동1가,효자동3가,송학동3가,330.0,8.29,2
C:/projects/myproject/QDQM/DS_Input/Reference/읍면동.csv,읍면동.csv,읍면동,UNIQUE,Reference,7.0,3983.0,"[""KKK"", ""KKKnK"", ""KKKK"", ""KK"", ""KKnK"", ""KKKKnK"", ""KKKKK""]","[83.0, 8.29, 3.87, 2.91, 1.05, 0.75, 0.13]",KKKK,가리봉동,화북일동,속리산면,154.0,3.87,3
C:/projects/myproject/QDQM/DS_Input/Reference/의료기관분류.csv,의료기관분류.csv,의료기관분류,UNIQUE,Reference,4.0,15.0,"[""KKKK"", ""KK"", ""KKK"", ""KKKKK""]","[40.0, 26.67, 20.0, 13.33]",KKKK,보건지소,한방병원,치과병원,6.0,40.0,1
C:/projects/myproject/QDQM/DS_Input/Reference/의료기관분류.csv,의료기관분류.csv,의료기관분류,UNIQUE,Reference,4.0,15.0,"[""KKKK"", ""KK"", ""KKK"", ""KKKKK""]","[40.0, 26.67, 20.0, 13.33]",KK,기타,의원,약국,4.0,26.67,2
C:/projects/myproject/QDQM/DS_Input/Reference/의료기관분류.csv,의료기관분류.csv,의료기관분류,UNIQUE,Reference,4.0,15.0,"[""KKKK"", ""KK"", ""KKK"", ""KKKKK""]","[40.0, 26.67, 20.0, 13.33]",KKK,보건소,한의원,조산원,3.0,20.0,3
C:/projects/myproject/QDQM/DS_Input/Reference/의약품명5.csv,의약품명5.csv,의약품명5,Text,Reference,33.0,10000.0,"[""KKKKK"", ""KKKK"", ""KKKKn"", ""KKKK("", ""KKK(K"", ""KKKnn"", ""KKK"", ""KKK-K"", ""KKKnK"", ""KK-KK""]","[68.3, 11.04, 8.56, 7.97, 1.42, 0.79, 0.59, 0.22, 0.16, 0.13]",KKKKK,가그린목액,힘톤플러스,아세코트정,6830.0,68.3,1
C:/projects/myproject/QDQM/DS_Input/Reference/의약품명5.csv,의약품명5.csv,의약품명5,Text,Reference,33.0,10000.0,"[""KKKKK"", ""KKKK"", ""KKKKn"", ""KKKK("", ""KKK(K"", ""KKKnn"", ""KKK"", ""KKK-K"", ""KKKnK"", ""KK-KK""]","[68.3, 11.04, 8.56, 7.97, 1.42, 0.79, 0.59, 0.22, 0.16, 0.13]",KKKK,가온녹용,힐스본정,송산택란,1104.0,11.04,2
C:/projects/myproject/QDQM/DS_Input/Reference/의약품명5.csv,의약품명5.csv,의약품명5,Text,Reference,33.0,10000.0,"[""KKKKK"", ""KKKK"", ""KKKKn"", ""KKKK("", ""KKK(K"", ""KKKnn"", ""KKK"", ""KKK-K"", ""KKKnK"", ""KK-KK""]","[68.3, 11.04, 8.56, 7.97, 1.42, 0.79, 0.59, 0.22, 0.16, 0.13]",KKKKn,가네파솔8,히드린정1,아박탐정5,856.0,8.56,3
C:/projects/myproject/QDQM/DS_Input/Reference/의약품목기준코드.csv,의약품목기준코드.csv,의약품목기준코드,UNIQUE,Reference,2.0,10000.0,"[""nnnnnnnnn"", ""n""]","[99.98, 0.02]",nnnnnnnnn,196000011,800003105,200800333,9998.0,99.98,1
C:/projects/myproject/QDQM/DS_Input/Reference/의약품목기준코드.csv,의약품목기준코드.csv,의약품목기준코드,UNIQUE,Reference,2.0,10000.0,"[""nnnnnnnnn"", ""n""]","[99.98, 0.02]",n,2,5,5,2.0,0.02,2
C:/projects/myproject/QDQM/DS_Input/Reference/의약품업체명5.csv,의약품업체명5.csv,의약품업체명5,UNIQUE,Reference,12.0,703.0,"[""KKKKK"", ""(K)KK"", ""KKKK("", ""KKKK"", ""KKK"", ""KKK(K"", ""KK(K)"", ""(K)AA"", ""(K)K-"", ""sKK""]","[39.26, 31.86, 17.5, 7.97, 1.42, 0.85, 0.43, 0.14, 0.14, 0.14]",KKKKK,가천대학교,휴젤주식회,연세의료원,276.0,39.26,1
C:/projects/myproject/QDQM/DS_Input/Reference/의약품업체명5.csv,의약품업체명5.csv,의약품업체명5,UNIQUE,Reference,12.0,703.0,"[""KKKKK"", ""(K)KK"", ""KKKK("", ""KKKK"", ""KKK"", ""KKK(K"", ""KK(K)"", ""(K)AA"", ""(K)K-"", ""sKK""]","[39.26, 31.86, 17.5, 7.97, 1.42, 0.85, 0.43, 0.14, 0.14, 0.14]",(K)KK,(유)대효,(주)히아,(주)안트,224.0,31.86,2
C:/projects/myproject/QDQM/DS_Input/Reference/의약품업체명5.csv,의약품업체명5.csv,의약품업체명5,UNIQUE,Reference,12.0,703.0,"[""KKKKK"", ""(K)KK"", ""KKKK("", ""KKKK"", ""KKK"", ""KKK(K"", ""KK(K)"", ""(K)AA"", ""(K)K-"", ""sKK""]","[39.26, 31.86, 17.5, 7.97, 1.42, 0.85, 0.43, 0.14, 0.14, 0.14]",KKKK(,건인약품(,후메디칼(,신화제약(,123.0,17.5,3
C:/projects/myproject/QDQM/DS_Input/Reference/의약품표준코드.csv,의약품표준코드.csv,의약품표준코드,UNIQUE,Reference,3.0,103.0,"[""n.nnnnnAsnn"", ""n.nnnnAsnn"", ""n.nnnAsnn""]","[87.38, 11.65, 0.97]",n.nnnnnAsnn,8.80051E+12,8.80699E+12,8.80651E+12,90.0,87.38,1
C:/projects/myproject/QDQM/DS_Input/Reference/의약품표준코드.csv,의약품표준코드.csv,의약품표준코드,UNIQUE,Reference,3.0,103.0,"[""n.nnnnnAsnn"", ""n.nnnnAsnn"", ""n.nnnAsnn""]","[87.38, 11.65, 0.97]",n.nnnnAsnn,8.8005E+12,8.8069E+12,8.8064E+12,12.0,11.65,2
C:/projects/myproject/QDQM/DS_Input/Reference/의약품표준코드.csv,의약품표준코드.csv,의약품표준코드,UNIQUE,Reference,3.0,103.0,"[""n.nnnnnAsnn"", ""n.nnnnAsnn"", ""n.nnnAsnn""]","[87.38, 11.65, 0.97]",n.nnnAsnn,8.807E+12,8.807E+12,8.807E+12,1.0,0.97,3
C:/projects/myproject/QDQM/DS_Input/Reference/자격면허명.csv,자격면허명.csv,자격면허명,Text,Reference,86.0,1217.0,"[""KKKKKKK"", ""KKKKK"", ""KKKKKK"", ""KKKKKKKK"", ""KKKKKKKKK"", ""KKKKKKK(KK)"", ""KKKK(KK)"", ""KKK"", ""KKKK"", ""KKKKKKKKKK(KKKK)""]","[11.91, 10.27, 8.87, 8.87, 5.42, 4.85, 3.45, 3.37, 3.2, 2.96]",KKKKKKK,가구제작기능사,환경측정분석사,육상무선통신사,145.0,11.91,1
C:/projects/myproject/QDQM/DS_Input/Reference/자격면허명.csv,자격면허명.csv,자격면허명,Text,Reference,86.0,1217.0,"[""KKKKKKK"", ""KKKKK"", ""KKKKKK"", ""KKKKKKKK"", ""KKKKKKKKK"", ""KKKKKKK(KK)"", ""KKKK(KK)"", ""KKK"", ""KKKK"", ""KKKKKKKKKK(KKKK)""]","[11.91, 10.27, 8.87, 8.87, 5.42, 4.85, 3.45, 3.37, 3.2, 2.96]",KKKKK,가맹거래사,환경기능사,원예기능사,125.0,10.27,2
C:/projects/myproject/QDQM/DS_Input/Reference/자격면허명.csv,자격면허명.csv,자격면허명,Text,Reference,86.0,1217.0,"[""KKKKKKK"", ""KKKKK"", ""KKKKKK"", ""KKKKKKKK"", ""KKKKKKKKK"", ""KKKKKKK(KK)"", ""KKKK(KK)"", ""KKK"", ""KKKK"", ""KKKKKKKKKK(KKKK)""]","[11.91, 10.27, 8.87, 8.87, 5.42, 4.85, 3.45, 3.37, 3.2, 2.96]",KKKKKK,가스산업기사,화훼장식기사,유치원정교사,108.0,8.87,3
C:/projects/myproject/QDQM/DS_Input/Reference/자동차정비업체5.csv,자동차정비업체5.csv,자동차정비업체5,Text,Reference,67.0,10000.0,"[""KKKKK"", ""KKKK"", ""KKK"", ""KKnKK"", ""AAKKK"", ""AAAAA"", ""nKKKK"", ""KK"", ""AAAKK"", ""KKKnK""]","[81.15, 6.74, 2.9, 1.37, 1.35, 1.32, 0.9, 0.69, 0.45, 0.24]",KKKKK,가경점기아,힘찬모터스,신북자동차,8115.0,81.15,1
C:/projects/myproject/QDQM/DS_Input/Reference/자동차정비업체5.csv,자동차정비업체5.csv,자동차정비업체5,Text,Reference,67.0,10000.0,"[""KKKKK"", ""KKKK"", ""KKK"", ""KKnKK"", ""AAKKK"", ""AAAAA"", ""nKKKK"", ""KK"", ""AAAKK"", ""KKKnK""]","[81.15, 6.74, 2.9, 1.37, 1.35, 1.32, 0.9, 0.69, 0.45, 0.24]",KKKK,가가오토,흥덕기업,승원상사,674.0,6.74,2
C:/projects/myproject/QDQM/DS_Input/Reference/자동차정비업체5.csv,자동차정비업체5.csv,자동차정비업체5,Text,Reference,67.0,10000.0,"[""KKKKK"", ""KKKK"", ""KKK"", ""KKnKK"", ""AAKKK"", ""AAAAA"", ""nKKKK"", ""KK"", ""AAAKK"", ""KKKnK""]","[81.15, 6.74, 2.9, 1.37, 1.35, 1.32, 0.9, 0.69, 0.45, 0.24]",KKK,가제트,히아트,아우츠,290.0,2.9,3
C:/projects/myproject/QDQM/DS_Input/Reference/자산계정.csv,자산계정.csv,자산계정,,Reference,2.0,8.0,"[""KKK"", ""KK""]","[75.0, 25.0]",KKK,반제품,저장품,원자재,6.0,75.0,1
C:/projects/myproject/QDQM/DS_Input/Reference/자산계정.csv,자산계정.csv,자산계정,,Reference,2.0,8.0,"[""KKK"", ""KK""]","[75.0, 25.0]",KK,상품,제품,제품,2.0,25.0,2
C:/projects/myproject/QDQM/DS_Input/Reference/장애등급.csv,장애등급.csv,장애등급,UNIQUE,Reference,5.0,120.0,"[""KKKKK KnK"", ""KKKKK nK"", ""KKKKKK KnK"", ""KKKK KnK"", ""KKKKK K KKKKK KnK""]","[50.0, 25.0, 15.0, 5.0, 5.0]",KKKKK KnK,간질장애인 제1급,청각장애인 제6급,언어장애인 제1급,60.0,50.0,1
C:/projects/myproject/QDQM/DS_Input/Reference/장애등급.csv,장애등급.csv,장애등급,UNIQUE,Reference,5.0,120.0,"[""KKKKK KnK"", ""KKKKK nK"", ""KKKKKK KnK"", ""KKKK KnK"", ""KKKKK K KKKKK KnK""]","[50.0, 25.0, 15.0, 5.0, 5.0]",KKKKK nK,시각장애인 1급,청각장애인 6급,정신장애인 4급,30.0,25.0,2
C:/projects/myproject/QDQM/DS_Input/Reference/장애등급.csv,장애등급.csv,장애등급,UNIQUE,Reference,5.0,120.0,"[""KKKKK KnK"", ""KKKKK nK"", ""KKKKKK KnK"", ""KKKK KnK"", ""KKKKK K KKKKK KnK""]","[50.0, 25.0, 15.0, 5.0, 5.0]",KKKKKK KnK,뇌병변장애인 제1급,호흡기장애인 제6급,자폐성장애인 제4급,18.0,15.0,3
C:/projects/myproject/QDQM/DS_Input/Reference/전표종류.csv,전표종류.csv,전표종류,Text,Reference,100.0,220.0,"[""KKKKKK"", ""KKKKKKKK"", ""KKKKKKKKKK"", ""KKKKKKKKK"", ""KKKKKKK"", ""KKKK"", ""KKKK(KK)"", ""KKKKKKKKKKK"", ""KKKKKK(AAAA)"", ""KKKKKKKKsAAAA""]","[7.27, 6.82, 5.45, 4.09, 3.64, 2.73, 2.73, 2.27, 1.82, 1.82]",KKKKKK,가지급금전표,피지지급정산,어음회계전표,16.0,7.27,1
C:/projects/myproject/QDQM/DS_Input/Reference/전표종류.csv,전표종류.csv,전표종류,Text,Reference,100.0,220.0,"[""KKKKKK"", ""KKKKKKKK"", ""KKKKKKKKKK"", ""KKKKKKKKK"", ""KKKKKKK"", ""KKKK"", ""KKKK(KK)"", ""KKKKKKKKKKK"", ""KKKKKK(AAAA)"", ""KKKKKKKKsAAAA""]","[7.27, 6.82, 5.45, 4.09, 3.64, 2.73, 2.73, 2.27, 1.82, 1.82]",KKKKKKKK,감가상각전표처리,프로젝트전표처리,선수수익계상전표,15.0,6.82,2
C:/projects/myproject/QDQM/DS_Input/Reference/전표종류.csv,전표종류.csv,전표종류,Text,Reference,100.0,220.0,"[""KKKKKK"", ""KKKKKKKK"", ""KKKKKKKKKK"", ""KKKKKKKKK"", ""KKKKKKK"", ""KKKK"", ""KKKK(KK)"", ""KKKKKKKKKKK"", ""KKKKKK(AAAA)"", ""KKKKKKKKsAAAA""]","[7.27, 6.82, 5.45, 4.09, 3.64, 2.73, 2.73, 2.27, 1.82, 1.82]",KKKKKKKKKK,구매외주매입정산처리,프로젝트조달정산처리,프로젝트수입미착대체,12.0,5.45,3
C:/projects/myproject/QDQM/DS_Input/Reference/전화국가번호.csv,전화국가번호.csv,전화국가번호,UNIQUE,Reference,10.0,244.0,"[""nnn"", ""nn"", ""sn nnn"", ""snnn n"", ""snn nnnn"", ""snnn nn"", ""n"", ""snnnn"", ""snn nn"", ""snn nnn""]","[66.39, 18.03, 9.84, 1.64, 1.23, 0.82, 0.82, 0.41, 0.41, 0.41]",nnn,211,998,382,162.0,66.39,1
C:/projects/myproject/QDQM/DS_Input/Reference/전화국가번호.csv,전화국가번호.csv,전화국가번호,UNIQUE,Reference,10.0,244.0,"[""nnn"", ""nn"", ""sn nnn"", ""snnn n"", ""snn nnnn"", ""snnn nn"", ""n"", ""snnnn"", ""snn nn"", ""snn nnn""]","[66.39, 18.03, 9.84, 1.64, 1.23, 0.82, 0.82, 0.41, 0.41, 0.41]",nn,20,98,55,44.0,18.03,2
C:/projects/myproject/QDQM/DS_Input/Reference/전화국가번호.csv,전화국가번호.csv,전화국가번호,UNIQUE,Reference,10.0,244.0,"[""nnn"", ""nn"", ""sn nnn"", ""snnn n"", ""snn nnnn"", ""snnn nn"", ""n"", ""snnnn"", ""snn nn"", ""snn nnn""]","[66.39, 18.03, 9.84, 1.64, 1.23, 0.82, 0.82, 0.41, 0.41, 0.41]",sn nnn,+1 242,+1 939,+1 671,24.0,9.84,3
C:/projects/myproject/QDQM/DS_Input/Reference/전화지역번호.csv,전화지역번호.csv,전화지역번호,UNIQUE,Reference,2.0,22.0,"[""nnn"", ""nn""]","[95.45, 4.55]",nnn,010,070,043,21.0,95.45,1
C:/projects/myproject/QDQM/DS_Input/Reference/전화지역번호.csv,전화지역번호.csv,전화지역번호,UNIQUE,Reference,2.0,22.0,"[""nnn"", ""nn""]","[95.45, 4.55]",nn,02,02,02,1.0,4.55,2
C:/projects/myproject/QDQM/DS_Input/Reference/조직.csv,조직.csv,조직,UNIQUE,Reference,13.0,812.0,"[""KKKK"", ""KKKKK"", ""KKKKKK"", ""KKKKnK"", ""KKK"", ""KKnK"", ""AAKKK"", ""KKnnK"", ""KKKnK"", ""KKnKK""]","[36.21, 32.88, 16.01, 6.28, 3.2, 3.2, 0.74, 0.49, 0.37, 0.25]",KKKK,강동지점,횡성지점,수지지점,294.0,36.21,1
C:/projects/myproject/QDQM/DS_Input/Reference/조직.csv,조직.csv,조직,UNIQUE,Reference,13.0,812.0,"[""KKKK"", ""KKKKK"", ""KKKKKK"", ""KKKKnK"", ""KKK"", ""KKnK"", ""AAKKK"", ""KKnnK"", ""KKKnK"", ""KKnKK""]","[36.21, 32.88, 16.01, 6.28, 3.2, 3.2, 0.74, 0.49, 0.37, 0.25]",KKKKK,감사기획팀,회계관리실,시작개발팀,267.0,32.88,2
C:/projects/myproject/QDQM/DS_Input/Reference/조직.csv,조직.csv,조직,UNIQUE,Reference,13.0,812.0,"[""KKKK"", ""KKKKK"", ""KKKKKK"", ""KKKKnK"", ""KKK"", ""KKnK"", ""AAKKK"", ""KKnnK"", ""KKKnK"", ""KKnKK""]","[36.21, 32.88, 16.01, 6.28, 3.2, 3.2, 0.74, 0.49, 0.37, 0.25]",KKKKKK,강남버스지점,서비스지원팀,동부지역본부,130.0,16.01,3
C:/projects/myproject/QDQM/DS_Input/Reference/종교.csv,종교.csv,종교,,Reference,3.0,9.0,"[""KKK"", ""KK"", ""KKKK""]","[55.56, 22.22, 22.22]",KKK,기독교,천주교,원불교,5.0,55.56,1
C:/projects/myproject/QDQM/DS_Input/Reference/종교.csv,종교.csv,종교,,Reference,3.0,9.0,"[""KKK"", ""KK"", ""KKKK""]","[55.56, 22.22, 22.22]",KK,불교,유교,유교,2.0,22.22,2
C:/projects/myproject/QDQM/DS_Input/Reference/종교.csv,종교.csv,종교,,Reference,3.0,9.0,"[""KKK"", ""KK"", ""KKKK""]","[55.56, 22.22, 22.22]",KKKK,기타종교,이슬람교,이슬람교,2.0,22.22,3
C:/projects/myproject/QDQM/DS_Input/Reference/좌표계.csv,좌표계.csv,좌표계,,Reference,5.0,8.0,"[""AAA"", ""AAAAAA"", ""AAAA"", ""AA"", ""AAA-A""]","[37.5, 25.0, 12.5, 12.5, 12.5]",AAA,GRS,WGS,UTM,3.0,37.5,1
C:/projects/myproject/QDQM/DS_Input/Reference/좌표계.csv,좌표계.csv,좌표계,,Reference,5.0,8.0,"[""AAA"", ""AAAAAA"", ""AAAA"", ""AA"", ""AAA-A""]","[37.5, 25.0, 12.5, 12.5, 12.5]",AAAAAA,BESSEL,KATECH,KATECH,2.0,25.0,2
C:/projects/myproject/QDQM/DS_Input/Reference/좌표계.csv,좌표계.csv,좌표계,,Reference,5.0,8.0,"[""AAA"", ""AAAAAA"", ""AAAA"", ""AA"", ""AAA-A""]","[37.5, 25.0, 12.5, 12.5, 12.5]",AAAA,EPSG,EPSG,EPSG,1.0,12.5,3
C:/projects/myproject/QDQM/DS_Input/Reference/주거형태.csv,주거형태.csv,주거형태,,Reference,1.0,5.0,"[""KK""]",[100.0],KK,기타,전세,임대,5.0,100.0,1
C:/projects/myproject/QDQM/DS_Input/Reference/주민번호6자리.csv,주민번호6자리.csv,주민번호6자리,YYMMDD,Reference,1.0,10000.0,"[""nnnnnn""]",[100.0],nnnnnn,000101,991231,500121,10000.0,100.0,1
C:/projects/myproject/QDQM/DS_Input/Reference/증권종목코드.csv,증권종목코드.csv,증권종목코드,UNIQUE,Reference,1.0,2668.0,"[""nnnnnn""]",[100.0],nnnnnn,000020,950220,090080,2668.0,100.0,1
C:/projects/myproject/QDQM/DS_Input/Reference/지목.csv,지목.csv,지목,UNIQUE,Reference,5.0,28.0,"[""KK"", ""KKKK"", ""KKK"", ""K"", ""KKKKK""]","[35.71, 28.57, 25.0, 7.14, 3.57]",KK,구거,하천,염전,10.0,35.71,1
C:/projects/myproject/QDQM/DS_Input/Reference/지목.csv,지목.csv,지목,UNIQUE,Reference,5.0,28.0,"[""KK"", ""KKKK"", ""KKK"", ""K"", ""KKKKK""]","[35.71, 28.57, 25.0, 7.14, 3.57]",KKKK,공원용지,학교용지,창고용지,8.0,28.57,2
C:/projects/myproject/QDQM/DS_Input/Reference/지목.csv,지목.csv,지목,UNIQUE,Reference,5.0,28.0,"[""KK"", ""KKKK"", ""KKK"", ""K"", ""KKKKK""]","[35.71, 28.57, 25.0, 7.14, 3.57]",KKK,과수원,주차장,양어장,7.0,25.0,3
C:/projects/myproject/QDQM/DS_Input/Reference/지방세목.csv,지방세목.csv,지방세목,Text,Reference,21.0,101.0,"[""KKKKK(KK)"", ""KKK(KK)"", ""KKK(KKK)"", ""KKKKK(KKK)"", ""KKKKK"", ""KKK"", ""KKK(KKKK)"", ""KKK(KKKKKK)"", ""KKKK(KKK)"", ""KKKKK(KKKK)""]","[22.4, 16.0, 13.6, 9.6, 8.0, 6.4, 4.8, 2.4, 2.4, 1.6]",KKKKK(KK),공동시설세(기타),지방교육세(항공),지방교육세(기타),28.0,22.4,1
C:/projects/myproject/QDQM/DS_Input/Reference/지방세목.csv,지방세목.csv,지방세목,Text,Reference,21.0,101.0,"[""KKKKK(KK)"", ""KKK(KK)"", ""KKK(KKK)"", ""KKKKK(KKK)"", ""KKKKK"", ""KKK"", ""KKK(KKKK)"", ""KKK(KKKKKK)"", ""KKKK(KKK)"", ""KKKKK(KKKK)""]","[22.4, 16.0, 13.6, 9.6, 8.0, 6.4, 4.8, 2.4, 2.4, 1.6]",KKK(KK),등록세(기타),취득세(차량),재산세(주택),20.0,16.0,2
C:/projects/myproject/QDQM/DS_Input/Reference/지방세목.csv,지방세목.csv,지방세목,Text,Reference,21.0,101.0,"[""KKKKK(KK)"", ""KKK(KK)"", ""KKK(KKK)"", ""KKKKK(KKK)"", ""KKKKK"", ""KKK"", ""KKK(KKKK)"", ""KKK(KKKKKK)"", ""KKKK(KKK)"", ""KKKKK(KKKK)""]","[22.4, 16.0, 13.6, 9.6, 8.0, 6.4, 4.8, 2.4, 2.4, 1.6]",KKK(KKK),등록세(부동산),취득세(항공기),재산세(항공기),17.0,13.6,3
C:/projects/myproject/QDQM/DS_Input/Reference/지방세분류.csv,지방세분류.csv,지방세분류,Text,Reference,46.0,439.0,"[""KKKKK"", ""KKK"", ""KKKKKKK"", ""KKKKKK"", ""KKKKKKKK"", ""KKKK"", ""KKKKKKKKK"", ""KKKKKKKKKK"", ""KKKKK(KK)"", ""KKKKKKKKKKK""]","[20.05, 11.62, 10.48, 10.25, 9.34, 7.29, 5.47, 3.42, 2.96, 2.73]",KKKKK,가로판매점,환지청산금,사료관리법,88.0,20.05,1
C:/projects/myproject/QDQM/DS_Input/Reference/지방세분류.csv,지방세분류.csv,지방세분류,Text,Reference,46.0,439.0,"[""KKKKK"", ""KKK"", ""KKKKKKK"", ""KKKKKK"", ""KKKKKKKK"", ""KKKK"", ""KKKKKKKKK"", ""KKKKKKKKKK"", ""KKKKK(KK)"", ""KKKKKKKKKKK""]","[20.05, 11.62, 10.48, 10.25, 9.34, 7.29, 5.47, 3.42, 2.96, 2.73]",KKK,건축물,호적법,어선법,51.0,11.62,2
C:/projects/myproject/QDQM/DS_Input/Reference/지방세분류.csv,지방세분류.csv,지방세분류,Text,Reference,46.0,439.0,"[""KKKKK"", ""KKK"", ""KKKKKKK"", ""KKKKKK"", ""KKKKKKKK"", ""KKKK"", ""KKKKKKKKK"", ""KKKKKKKKKK"", ""KKKKK(KK)"", ""KKKKKKKKKKK""]","[20.05, 11.62, 10.48, 10.25, 9.34, 7.29, 5.47, 3.42, 2.96, 2.73]",KKKKKKK,개발이익환수법,환경개선부담금,수질환경보전법,46.0,10.48,3
C:/projects/myproject/QDQM/DS_Input/Reference/직군.csv,직군.csv,직군,,Reference,2.0,10.0,"[""KKK"", ""KK""]","[70.0, 30.0]",KKK,기술직,정비직,연구직,7.0,70.0,1
C:/projects/myproject/QDQM/DS_Input/Reference/직군.csv,직군.csv,직군,,Reference,2.0,10.0,"[""KKK"", ""KK""]","[70.0, 30.0]",KK,기타,촉탁,임원,3.0,30.0,2
C:/projects/myproject/QDQM/DS_Input/Reference/직무.csv,직무.csv,직무,Text,Reference,99.0,672.0,"[""KKKK"", ""KKKKKK"", ""KKKK-KK"", ""KKKKK"", ""KKKKKKKK"", ""KK"", ""KKKKKKK"", ""KKKK-KKKK"", ""KKKKKK-KK"", ""KKKK-KKK""]","[23.66, 15.48, 6.4, 4.91, 4.17, 3.87, 3.57, 3.27, 2.08, 1.79]",KKKK,객실승무,환경관리,시트검사,159.0,23.66,1
C:/projects/myproject/QDQM/DS_Input/Reference/직무.csv,직무.csv,직무,Text,Reference,99.0,672.0,"[""KKKK"", ""KKKKKK"", ""KKKK-KK"", ""KKKKK"", ""KKKKKKKK"", ""KK"", ""KKKKKKK"", ""KKKK-KKKK"", ""KKKKKK-KK"", ""KKKK-KKK""]","[23.66, 15.48, 6.4, 4.91, 4.17, 3.87, 3.57, 3.27, 2.08, 1.79]",KKKKKK,고객설문조사,현장공정운영,시트생산기술,104.0,15.48,2
C:/projects/myproject/QDQM/DS_Input/Reference/직무.csv,직무.csv,직무,Text,Reference,99.0,672.0,"[""KKKK"", ""KKKKKK"", ""KKKK-KK"", ""KKKKK"", ""KKKKKKKK"", ""KK"", ""KKKKKKK"", ""KKKK-KKKK"", ""KKKKKK-KK"", ""KKKK-KKK""]","[23.66, 15.48, 6.4, 4.91, 4.17, 3.87, 3.57, 3.27, 2.08, 1.79]",KKKK-KK,공정기술-도장,품질평가-차량,설계원가-차체,43.0,6.4,3
C:/projects/myproject/QDQM/DS_Input/Reference/직업명.csv,직업명.csv,직업명,Text,Reference,62.0,536.0,"[""KKKKK"", ""KKKKKKK"", ""KKK"", ""KKKKKK"", ""KKKK"", ""KKKKKKKK"", ""KKsKKKKK"", ""KKKKKKKKK"", ""KK"", ""KKsKKKKKKK""]","[21.6, 15.27, 14.53, 8.57, 6.33, 3.72, 3.17, 2.98, 2.79, 2.42]",KKKKK,가구조립원,회계사무원,연극연출가,116.0,21.6,1
C:/projects/myproject/QDQM/DS_Input/Reference/직업명.csv,직업명.csv,직업명,Text,Reference,62.0,536.0,"[""KKKKK"", ""KKKKKKK"", ""KKK"", ""KKKKKK"", ""KKKK"", ""KKKKKKKK"", ""KKsKKKKK"", ""KKKKKKKKK"", ""KK"", ""KKsKKKKKKK""]","[21.6, 15.27, 14.53, 8.57, 6.33, 3.72, 3.17, 2.98, 2.79, 2.42]",KKKKKKK,가상현실전문가,환경영향평가원,소방공학기술자,82.0,15.27,2
C:/projects/myproject/QDQM/DS_Input/Reference/직업명.csv,직업명.csv,직업명,Text,Reference,62.0,536.0,"[""KKKKK"", ""KKKKKKK"", ""KKK"", ""KKKKKK"", ""KKKK"", ""KKKKKKKK"", ""KKsKKKKK"", ""KKKKKKKKK"", ""KK"", ""KKsKKKKKKK""]","[21.6, 15.27, 14.53, 8.57, 6.33, 3.72, 3.17, 2.98, 2.79, 2.42]",KKK,간호사,회계사,속기사,78.0,14.53,3
C:/projects/myproject/QDQM/DS_Input/Reference/직업분류.csv,직업분류.csv,직업분류,Text,Reference,26.0,35.0,"[""KKsKKK"", ""KKsKKKK KKK"", ""KKK"", ""KKsKK KKsKKsKKK"", ""KKsKKsKKK"", ""KKK(KKsKKK)"", ""KK KKKK(KKsKK)"", ""KK KKK"", ""KKsKKsKK K KK KKsKKs"", ""KK KKsKKK""]","[17.14, 5.71, 5.71, 5.71, 5.71, 2.86, 2.86, 2.86, 2.86, 2.86]",KKsKKK,건설·채굴직,운전·운송직,보건·의료직,6.0,17.14,1
C:/projects/myproject/QDQM/DS_Input/Reference/직업분류.csv,직업분류.csv,직업분류,Text,Reference,26.0,35.0,"[""KKsKKK"", ""KKsKKKK KKK"", ""KKK"", ""KKsKK KKsKKsKKK"", ""KKsKKsKKK"", ""KKK(KKsKKK)"", ""KK KKKK(KKsKK)"", ""KK KKK"", ""KKsKKsKK K KK KKsKKs"", ""KK KKsKKK""]","[17.14, 5.71, 5.71, 5.71, 5.71, 2.86, 2.86, 2.86, 2.86, 2.86]",KKsKKKK KKK,인문·사회과학 연구직,자연·생명과학 연구직,자연·생명과학 연구직,2.0,5.71,2
C:/projects/myproject/QDQM/DS_Input/Reference/직업분류.csv,직업분류.csv,직업분류,Text,Reference,26.0,35.0,"[""KKsKKK"", ""KKsKKKK KKK"", ""KKK"", ""KKsKK KKsKKsKKK"", ""KKsKKsKKK"", ""KKK(KKsKKK)"", ""KK KKKK(KKsKK)"", ""KK KKK"", ""KKsKKsKK K KK KKsKKs"", ""KK KKsKKK""]","[17.14, 5.71, 5.71, 5.71, 5.71, 2.86, 2.86, 2.86, 2.86, 2.86]",KKK,교육직,법률직,법률직,2.0,5.71,3
C:/projects/myproject/QDQM/DS_Input/Reference/직책.csv,직책.csv,직책,UNIQUE,Reference,4.0,23.0,"[""KK"", ""KKK"", ""KKKKK"", ""KKKK""]","[34.78, 30.43, 21.74, 13.04]",KK,과장,팀장,소장,8.0,34.78,1
C:/projects/myproject/QDQM/DS_Input/Reference/직책.csv,직책.csv,직책,UNIQUE,Reference,4.0,23.0,"[""KK"", ""KKK"", ""KKKKK"", ""KKKK""]","[34.78, 30.43, 21.74, 13.04]",KKK,그룹장,파트장,부회장,7.0,30.43,2
C:/projects/myproject/QDQM/DS_Input/Reference/직책.csv,직책.csv,직책,UNIQUE,Reference,4.0,23.0,"[""KK"", ""KKK"", ""KKKKK"", ""KKKK""]","[34.78, 30.43, 21.74, 13.04]",KKKKK,기술그룹장,보안파트장,기술파트장,5.0,21.74,3
C:/projects/myproject/QDQM/DS_Input/Reference/질병명5.csv,질병명5.csv,질병명5,Text,Reference,203.0,10000.0,"[""KKKKK"", ""KKK"", ""KKKK"", ""KK"", ""KKK K"", ""KKKK("", ""KK KK"", ""KKK(K"", ""KKK(A"", ""KKKK ""]","[29.78, 18.48, 15.47, 8.75, 3.82, 2.81, 2.42, 1.53, 1.13, 1.13]",KKKKK,가려움발진,히스티딘대,심박조율기,2978.0,29.78,1
C:/projects/myproject/QDQM/DS_Input/Reference/질병명5.csv,질병명5.csv,질병명5,Text,Reference,203.0,10000.0,"[""KKKKK"", ""KKK"", ""KKKK"", ""KK"", ""KKK K"", ""KKKK("", ""KK KK"", ""KKK(K"", ""KKK(A"", ""KKKK ""]","[29.78, 18.48, 15.47, 8.75, 3.82, 2.81, 2.42, 1.53, 1.13, 1.13]",KKK,가까운,힘줄의,승용차,1848.0,18.48,2
C:/projects/myproject/QDQM/DS_Input/Reference/질병명5.csv,질병명5.csv,질병명5,Text,Reference,203.0,10000.0,"[""KKKKK"", ""KKK"", ""KKKK"", ""KK"", ""KKK K"", ""KKKK("", ""KK KK"", ""KKK(K"", ""KKK(A"", ""KKKK ""]","[29.78, 18.48, 15.47, 8.75, 3.82, 2.81, 2.42, 1.53, 1.13, 1.13]",KKKK,가수결절,힘줄집의,스멀거림,1547.0,15.47,3
C:/projects/myproject/QDQM/DS_Input/Reference/질병분류코드.csv,질병분류코드.csv,질병분류코드,UNIQUE,Reference,6.0,10000.0,"[""Ann.n"", ""Ann.nn"", ""Ann"", ""Ann.nnn"", ""Ann-Ann"", ""AA""]","[49.0, 29.01, 17.63, 2.79, 1.56, 0.01]",Ann.n,A00.9,Z99.8,Q33.2,4900.0,49.0,1
C:/projects/myproject/QDQM/DS_Input/Reference/질병분류코드.csv,질병분류코드.csv,질병분류코드,UNIQUE,Reference,6.0,10000.0,"[""Ann.n"", ""Ann.nn"", ""Ann"", ""Ann.nnn"", ""Ann-Ann"", ""AA""]","[49.0, 29.01, 17.63, 2.79, 1.56, 0.01]",Ann.nn,A15.20,Z96.68,M46.39,2901.0,29.01,2
C:/projects/myproject/QDQM/DS_Input/Reference/질병분류코드.csv,질병분류코드.csv,질병분류코드,UNIQUE,Reference,6.0,10000.0,"[""Ann.n"", ""Ann.nn"", ""Ann"", ""Ann.nnn"", ""Ann-Ann"", ""AA""]","[49.0, 29.01, 17.63, 2.79, 1.56, 0.01]",Ann,A00,Z98.0,N94.0,1763.0,17.63,3
C:/projects/myproject/QDQM/DS_Input/Reference/질병영문명5.csv,질병영문명5.csv,질병영문명5,UNIQUE,Reference,77.0,3869.0,"[""Aaaaa"", ""Aaaa"", ""Aaa"", ""Aaaa-"", ""Aaaa "", ""aaaaa"", ""Aaa-a"", ""Aaaas"", ""Aaa a"", ""An/An""]","[83.82, 3.93, 1.5, 1.29, 1.16, 0.93, 0.78, 0.75, 0.62, 0.44]",Aaaaa,Aarsk,Zygom,Leuko,3243.0,83.82,1
C:/projects/myproject/QDQM/DS_Input/Reference/질병영문명5.csv,질병영문명5.csv,질병영문명5,UNIQUE,Reference,77.0,3869.0,"[""Aaaaa"", ""Aaaa"", ""Aaa"", ""Aaaa-"", ""Aaaa "", ""aaaaa"", ""Aaa-a"", ""Aaaas"", ""Aaa a"", ""An/An""]","[83.82, 3.93, 1.5, 1.29, 1.16, 0.93, 0.78, 0.75, 0.62, 0.44]",Aaaa,Acid,Zona,Loin,152.0,3.93,2
C:/projects/myproject/QDQM/DS_Input/Reference/질병영문명5.csv,질병영문명5.csv,질병영문명5,UNIQUE,Reference,77.0,3869.0,"[""Aaaaa"", ""Aaaa"", ""Aaa"", ""Aaaa-"", ""Aaaa "", ""aaaaa"", ""Aaa-a"", ""Aaaas"", ""Aaa a"", ""An/An""]","[83.82, 3.93, 1.5, 1.29, 1.16, 0.93, 0.78, 0.75, 0.62, 0.44]",Aaa,Air,Yin,Hoe,58.0,1.5,3
C:/projects/myproject/QDQM/DS_Input/Reference/차종.csv,차종.csv,차종,UNIQUE,Reference,10.0,32.0,"[""KKKKK"", ""KKKKKK"", ""KKK"", ""KKKKKKK"", ""KKKKKKKK"", ""KKKK"", ""nKK"", ""nKKKKKKKK"", ""nKKKK"", ""nKKKKKK""]","[25.0, 18.75, 15.62, 12.5, 6.25, 6.25, 6.25, 3.12, 3.12, 3.12]",KKKKK,기타승용차,화물자동차,승합자동차,8.0,25.0,1
C:/projects/myproject/QDQM/DS_Input/Reference/차종.csv,차종.csv,차종,UNIQUE,Reference,10.0,32.0,"[""KKKKK"", ""KKKKKK"", ""KKK"", ""KKKKKKK"", ""KKKKKKKK"", ""KKKK"", ""nKK"", ""nKKKKKKKK"", ""nKKKK"", ""nKKKKKK""]","[25.0, 18.75, 15.62, 12.5, 6.25, 6.25, 6.25, 3.12, 3.12, 3.12]",KKKKKK,대형일반버스,지프형승용차,소형전세버스,6.0,18.75,2
C:/projects/myproject/QDQM/DS_Input/Reference/차종.csv,차종.csv,차종,UNIQUE,Reference,10.0,32.0,"[""KKKKK"", ""KKKKKK"", ""KKK"", ""KKKKKKK"", ""KKKKKKKK"", ""KKKK"", ""nKK"", ""nKKKKKKKK"", ""nKKKK"", ""nKKKKKK""]","[25.0, 18.75, 15.62, 12.5, 6.25, 6.25, 6.25, 3.12, 3.12, 3.12]",KKK,승용차,화물차,이륜차,5.0,15.62,3
C:/projects/myproject/QDQM/DS_Input/Reference/표준산업대분류.csv,표준산업대분류.csv,표준산업대분류,UNIQUE,Reference,18.0,23.0,"[""KK K KKK"", ""KKK"", ""KK K KKKK"", ""KKK KKKK K KK KKKK K"", ""KKs KK K KKK KKs KK "", ""KKKK KK"", ""KKKKK"", ""KKs KK K KK KKKK"", ""KKs KKs KK K KK KK K"", ""KKs KKK K KKKK KKKK""]","[13.04, 13.04, 8.7, 4.35, 4.35, 4.35, 4.35, 4.35, 4.35, 4.35]",KK K KKK,금융 및 보험업,운수 및 창고업,도매 및 소매업,3.0,13.04,1
C:/projects/myproject/QDQM/DS_Input/Reference/표준산업대분류.csv,표준산업대분류.csv,표준산업대분류,UNIQUE,Reference,18.0,23.0,"[""KK K KKK"", ""KKK"", ""KK K KKKK"", ""KKK KKKK K KK KKKK K"", ""KKs KK K KKK KKs KK "", ""KKKK KK"", ""KKKKK"", ""KKs KK K KK KKKK"", ""KKs KKs KK K KK KK K"", ""KKs KKK K KKKK KKKK""]","[13.04, 13.04, 8.7, 4.35, 4.35, 4.35, 4.35, 4.35, 4.35, 4.35]",KKK,건설업,확인중,제조업,3.0,13.04,2
C:/projects/myproject/QDQM/DS_Input/Reference/표준산업대분류.csv,표준산업대분류.csv,표준산업대분류,UNIQUE,Reference,18.0,23.0,"[""KK K KKK"", ""KKK"", ""KK K KKKK"", ""KKK KKKK K KK KKKK K"", ""KKs KK K KKK KKs KK "", ""KKKK KK"", ""KKKKK"", ""KKs KK K KK KKKK"", ""KKs KKs KK K KK KK K"", ""KKs KKK K KKKK KKKK""]","[13.04, 13.04, 8.7, 4.35, 4.35, 4.35, 4.35, 4.35, 4.35, 4.35]",KK K KKKK,국제 및 외국기관,숙박 및 음식점업,숙박 및 음식점업,2.0,8.7,3
C:/projects/myproject/QDQM/DS_Input/Reference/표준산업분류.csv,표준산업분류.csv,표준산업분류,UNIQUE,Reference,2.0,1236.0,"[""nnnnn"", ""nnnnns""]","[96.52, 3.48]",nnnnn,01110,99009,45120,1193.0,96.52,1
C:/projects/myproject/QDQM/DS_Input/Reference/표준산업분류.csv,표준산업분류.csv,표준산업분류,UNIQUE,Reference,2.0,1236.0,"[""nnnnn"", ""nnnnns""]","[96.52, 3.48]",nnnnns,03111+,96999+,85612+,43.0,3.48,2
C:/projects/myproject/QDQM/DS_Input/Reference/표준산업세분류.csv,표준산업세분류.csv,표준산업세분류,Text,Reference,235.0,497.0,"[""KK KKK"", ""KKKK KKK"", ""KK KK KKK"", ""KKK KKK"", ""KK KKKK KKK"", ""KK KKK KKK"", ""KKKK"", ""KK K KK KKK"", ""KKK"", ""KK KK KKKK""]","[7.24, 4.63, 2.82, 2.82, 2.41, 2.41, 2.21, 2.21, 2.21, 1.81]",KK KKK,가구 소매업,화물 취급업,신발 제조업,36.0,7.24,1
C:/projects/myproject/QDQM/DS_Input/Reference/표준산업세분류.csv,표준산업세분류.csv,표준산업세분류,Text,Reference,235.0,497.0,"[""KK KKK"", ""KKKK KKK"", ""KK KK KKK"", ""KKK KKK"", ""KK KKKK KKK"", ""KK KKK KKK"", ""KKKK"", ""KK K KK KKK"", ""KKK"", ""KK KK KKKK""]","[7.24, 4.63, 2.82, 2.82, 2.41, 2.41, 2.21, 2.21, 2.21, 1.81]",KKKK KKK,가공식품 도매업,화학섬유 제조업,생활용수 공급업,23.0,4.63,2
C:/projects/myproject/QDQM/DS_Input/Reference/표준산업세분류.csv,표준산업세분류.csv,표준산업세분류,Text,Reference,235.0,497.0,"[""KK KKK"", ""KKKK KKK"", ""KK KK KKK"", ""KKK KKK"", ""KK KKKK KKK"", ""KK KKK KKK"", ""KKKK"", ""KK K KK KKK"", ""KKK"", ""KK KK KKKK""]","[7.24, 4.63, 2.82, 2.82, 2.41, 2.41, 2.21, 2.21, 2.21, 1.81]",KK KK KKK,공중 보건 의료업,항공 화물 운송업,목재 가구 제조업,14.0,2.82,3
C:/projects/myproject/QDQM/DS_Input/Reference/표준산업세세분류.csv,표준산업세세분류.csv,표준산업세세분류,Text,Reference,399.0,1198.0,"[""KK KKK"", ""KKK KKK"", ""KKKK KKK"", ""KK KK KKK"", ""KKKK"", ""KKK KK KKK"", ""KK KKK KKK"", ""KK KKKK KKK"", ""KKK"", ""KK K KK KKK""]","[7.26, 4.34, 3.92, 3.76, 2.92, 2.67, 2.42, 2.34, 2.25, 2.09]",KK KKK,가구 소매업,화력 발전업,소주 제조업,87.0,7.26,1
C:/projects/myproject/QDQM/DS_Input/Reference/표준산업세세분류.csv,표준산업세세분류.csv,표준산업세세분류,Text,Reference,399.0,1198.0,"[""KK KKK"", ""KKK KKK"", ""KKKK KKK"", ""KK KK KKK"", ""KKKK"", ""KKK KK KKK"", ""KK KKK KKK"", ""KK KKKK KKK"", ""KKK"", ""KK K KK KKK""]","[7.26, 4.34, 3.92, 3.76, 2.92, 2.67, 2.42, 2.34, 2.25, 2.09]",KKK KKK,가금류 도축업,화장품 제조업,스키장 운영업,52.0,4.34,2
C:/projects/myproject/QDQM/DS_Input/Reference/표준산업세세분류.csv,표준산업세세분류.csv,표준산업세세분류,Text,Reference,399.0,1198.0,"[""KK KKK"", ""KKK KKK"", ""KKKK KKK"", ""KK KK KKK"", ""KKKK"", ""KKK KK KKK"", ""KK KKK KKK"", ""KK KKKK KKK"", ""KKK"", ""KK K KK KKK""]","[7.26, 4.34, 3.92, 3.76, 2.92, 2.67, 2.42, 2.34, 2.25, 2.09]",KKKK KKK,가전제품 소매업,환경설비 건설업,시외버스 운송업,47.0,3.92,3
C:/projects/myproject/QDQM/DS_Input/Reference/표준산업소분류.csv,표준산업소분류.csv,표준산업소분류,Text,Reference,122.0,236.0,"[""KK KKK"", ""KKKK KKK"", ""KK KK KKK"", ""KK K KKKK KKK"", ""KK KKKK KKK"", ""KKK"", ""KK KKKK"", ""KKK KKK"", ""KK KK KKKK"", ""KKK KK KKK""]","[7.63, 5.08, 4.24, 2.97, 2.97, 2.97, 2.54, 2.54, 2.12, 1.69]",KK KKK,가구 제조업,해상 운송업,악기 제조업,18.0,7.63,1
C:/projects/myproject/QDQM/DS_Input/Reference/표준산업소분류.csv,표준산업소분류.csv,표준산업소분류,Text,Reference,122.0,236.0,"[""KK KKK"", ""KKKK KKK"", ""KK KK KKK"", ""KK K KKKK KKK"", ""KK KKKK KKK"", ""KKK"", ""KK KKKK"", ""KKK KKK"", ""KK KK KKKK"", ""KKK KK KKK""]","[7.63, 5.08, 4.24, 2.97, 2.97, 2.97, 2.54, 2.54, 2.12, 1.69]",KKKK KKK,건설장비 운영업,화학섬유 제조업,생활용품 도매업,12.0,5.08,2
C:/projects/myproject/QDQM/DS_Input/Reference/표준산업소분류.csv,표준산업소분류.csv,표준산업소분류,Text,Reference,122.0,236.0,"[""KK KKK"", ""KKKK KKK"", ""KK KK KKK"", ""KK K KKKK KKK"", ""KK KKKK KKK"", ""KKK"", ""KK KKKK"", ""KKK KKK"", ""KK KK KKKK"", ""KKK KK KKK""]","[7.63, 5.08, 4.24, 2.97, 2.97, 2.97, 2.54, 2.54, 2.12, 1.69]",KK KK KKK,공중 보건 의료업,항공 화물 운송업,육상 여객 운송업,10.0,4.24,3
C:/projects/myproject/QDQM/DS_Input/Reference/품목_영문명.csv,품목_영문명.csv,품목_영문명,UNIQUE,Reference,320.0,748.0,"[""Aaaaaaaa"", ""Aaaaaaa"", ""Aaaaaaa Aaaaaaa"", ""Aaaaaaaaa Aaaaaaaa"", ""Aaaaaa Aaaaaaaaa"", ""Aaaaaaaaa Aaaaaaa"", ""Aaaaaa Aaaaaaa"", ""Aaaaaa"", ""Aaaaaa Aaaa"", ""Aaaaaa Aaaaaaaaaaaaa""]","[2.81, 2.27, 2.14, 2.01, 2.01, 2.01, 1.74, 1.74, 1.6, 1.47]",Aaaaaaaa,Bilberry,Xylanase,Inositol,21.0,2.81,1
C:/projects/myproject/QDQM/DS_Input/Reference/품목_영문명.csv,품목_영문명.csv,품목_영문명,UNIQUE,Reference,320.0,748.0,"[""Aaaaaaaa"", ""Aaaaaaa"", ""Aaaaaaa Aaaaaaa"", ""Aaaaaaaaa Aaaaaaaa"", ""Aaaaaa Aaaaaaaaa"", ""Aaaaaaaaa Aaaaaaa"", ""Aaaaaa Aaaaaaa"", ""Aaaaaa"", ""Aaaaaa Aaaa"", ""Aaaaaa Aaaaaaaaaaaaa""]","[2.81, 2.27, 2.14, 2.01, 2.01, 2.01, 1.74, 1.74, 1.6, 1.47]",Aaaaaaa,Beeswax,Xylitol,Gelatin,17.0,2.27,2
C:/projects/myproject/QDQM/DS_Input/Reference/품목_영문명.csv,품목_영문명.csv,품목_영문명,UNIQUE,Reference,320.0,748.0,"[""Aaaaaaaa"", ""Aaaaaaa"", ""Aaaaaaa Aaaaaaa"", ""Aaaaaaaaa Aaaaaaaa"", ""Aaaaaa Aaaaaaaaa"", ""Aaaaaaaaa Aaaaaaa"", ""Aaaaaa Aaaaaaa"", ""Aaaaaa"", ""Aaaaaa Aaaa"", ""Aaaaaa Aaaaaaaaaaaaa""]","[2.81, 2.27, 2.14, 2.01, 2.01, 2.01, 1.74, 1.74, 1.6, 1.47]",Aaaaaaa Aaaaaaa,Alfalfa Extract,Tagetes Extract,Ferrous Sulfate,16.0,2.14,3
C:/projects/myproject/QDQM/DS_Input/Reference/품목명.csv,품목명.csv,품목명,Text,Reference,466.0,6431.0,"[""KKKK"", ""KKK"", ""KKKKK"", ""KKKKKK"", ""KK"", ""KKKKKKK"", ""KKKKKKKK"", ""KKKKKKKKK"", ""KKKKKKKKKK"", ""K""]","[20.56, 15.91, 15.8, 10.43, 9.41, 6.89, 3.03, 1.85, 0.9, 0.68]",KKKK,가공두부,히야신스,새치염장,1322.0,20.56,1
C:/projects/myproject/QDQM/DS_Input/Reference/품목명.csv,품목명.csv,품목명,Text,Reference,466.0,6431.0,"[""KKKK"", ""KKK"", ""KKKKK"", ""KKKKKK"", ""KK"", ""KKKKKKK"", ""KKKKKKKK"", ""KKKKKKKKK"", ""KKKKKKKKKK"", ""K""]","[20.56, 15.91, 15.8, 10.43, 9.41, 6.89, 3.03, 1.85, 0.9, 0.68]",KKK,가공유,흰목이,삼백초,1023.0,15.91,2
C:/projects/myproject/QDQM/DS_Input/Reference/품목명.csv,품목명.csv,품목명,Text,Reference,466.0,6431.0,"[""KKKK"", ""KKK"", ""KKKKK"", ""KKKKKK"", ""KK"", ""KKKKKKK"", ""KKKKKKKK"", ""KKKKKKKKK"", ""KKKKKKKKKK"", ""K""]","[20.56, 15.91, 15.8, 10.43, 9.41, 6.89, 3.03, 1.85, 0.9, 0.68]",KKKKK,가공유크림,힐사이리사,사사파릴라,1016.0,15.8,3
C:/projects/myproject/QDQM/DS_Input/Reference/품목분류코드.csv,품목분류코드.csv,품목분류코드,UNIQUE,Reference,5.0,6690.0,"[""Annnnnnnnnnnnn"", ""AnnnnAAnnnnnnn"", ""AnnnnnnnnAAnnn"", ""AnnnnnnnnAnnnn"", ""AnnnnAnnnnnnnn""]","[91.33, 3.36, 1.96, 1.85, 1.49]",Annnnnnnnnnnnn,A0000000000000,Z3800100000000,B0206070000000,6110.0,91.33,1
C:/projects/myproject/QDQM/DS_Input/Reference/품목분류코드.csv,품목분류코드.csv,품목분류코드,UNIQUE,Reference,5.0,6690.0,"[""Annnnnnnnnnnnn"", ""AnnnnAAnnnnnnn"", ""AnnnnnnnnAAnnn"", ""AnnnnnnnnAnnnn"", ""AnnnnAnnnnnnnn""]","[91.33, 3.36, 1.96, 1.85, 1.49]",AnnnnAAnnnnnnn,B0203AA0000000,B0203BS0036000,B0203AW0007000,225.0,3.36,2
C:/projects/myproject/QDQM/DS_Input/Reference/품목분류코드.csv,품목분류코드.csv,품목분류코드,UNIQUE,Reference,5.0,6690.0,"[""Annnnnnnnnnnnn"", ""AnnnnAAnnnnnnn"", ""AnnnnnnnnAAnnn"", ""AnnnnnnnnAnnnn"", ""AnnnnAnnnnnnnn""]","[91.33, 3.36, 1.96, 1.85, 1.49]",AnnnnnnnnAAnnn,B01010100FA000,B03010300FH000,B01010900FB000,131.0,1.96,3
C:/projects/myproject/QDQM/DS_Input/Reference/한국성씨.csv,한국성씨.csv,한국성씨,,Reference,2.0,186.0,"[""K"", ""KK""]","[95.58, 4.42]",K,가,후,신,497.0,95.58,1
C:/projects/myproject/QDQM/DS_Input/Reference/한국성씨.csv,한국성씨.csv,한국성씨,,Reference,2.0,186.0,"[""K"", ""KK""]","[95.58, 4.42]",KK,남궁,황보,선우,23.0,4.42,2
C:/projects/myproject/QDQM/DS_Input/Reference/한국성씨_한자.csv,한국성씨_한자.csv,한국성씨_한자,,Reference,4.0,510.0,"[""s"", ""ss"", ""s-"", ""-""]","[95.38, 4.23, 0.19, 0.19]",s,㘙,龐,武,496.0,95.38,1
C:/projects/myproject/QDQM/DS_Input/Reference/한국성씨_한자.csv,한국성씨_한자.csv,한국성씨_한자,,Reference,4.0,510.0,"[""s"", ""ss"", ""s-"", ""-""]","[95.38, 4.23, 0.19, 0.19]",ss,南宫,黃甫,蘚于,22.0,4.23,2
C:/projects/myproject/QDQM/DS_Input/Reference/한국성씨_한자.csv,한국성씨_한자.csv,한국성씨_한자,,Reference,4.0,510.0,"[""s"", ""ss"", ""s-"", ""-""]","[95.38, 4.23, 0.19, 0.19]",s-,諸-,諸-,諸-,1.0,0.19,3
C:/projects/myproject/QDQM/DS_Input/Reference/한글성명.csv,한글성명.csv,한글성명,KOR_NAME,Reference,1.0,80.0,"[""KKK""]",[100.0],KKK,강가가,황가가,양가가,80.0,100.0,1
C:/projects/myproject/QDQM/DS_Input/Reference/항공기제작사9.csv,항공기제작사9.csv,항공기제작사9,UNIQUE,Reference,27.0,36.0,"[""AAAAAAAA"", ""AAAAAA"", ""AAAAA AAAAAAAA"", ""AAAAA"", ""AAAAAA AAAAAAAA"", ""AAAA"", ""AAAAAAAAAA.Aaa."", ""AAAAAAAAAAAA-AAAAAAA"", ""AAAAAAAAAA"", ""AAAAAAA AAAAAAAA""]","[13.89, 11.11, 5.56, 5.56, 2.78, 2.78, 2.78, 2.78, 2.78, 2.78]",AAAAAAAA,CANADAIR,SIKORSKY,ROBINSON,5.0,13.89,1
C:/projects/myproject/QDQM/DS_Input/Reference/항공기제작사9.csv,항공기제작사9.csv,항공기제작사9,UNIQUE,Reference,27.0,36.0,"[""AAAAAAAA"", ""AAAAAA"", ""AAAAA AAAAAAAA"", ""AAAAA"", ""AAAAAA AAAAAAAA"", ""AAAA"", ""AAAAAAAAAA.Aaa."", ""AAAAAAAAAAAA-AAAAAAA"", ""AAAAAAAAAA"", ""AAAAAAA AAAAAAAA""]","[13.89, 11.11, 5.56, 5.56, 2.78, 2.78, 2.78, 2.78, 2.78, 2.78]",AAAAAA,AIRBUS,FOKKER,CESSNA,4.0,11.11,2
C:/projects/myproject/QDQM/DS_Input/Reference/항공기제작사9.csv,항공기제작사9.csv,항공기제작사9,UNIQUE,Reference,27.0,36.0,"[""AAAAAAAA"", ""AAAAAA"", ""AAAAA AAAAAAAA"", ""AAAAA"", ""AAAAAA AAAAAAAA"", ""AAAA"", ""AAAAAAAAAA.Aaa."", ""AAAAAAAAAAAA-AAAAAAA"", ""AAAAAAAAAA"", ""AAAAAAA AAAAAAAA""]","[13.89, 11.11, 5.56, 5.56, 2.78, 2.78, 2.78, 2.78, 2.78, 2.78]",AAAAA AAAAAAAA,PIPER AIRCRAFF,PIPER AIRCRAFT,PIPER AIRCRAFT,2.0,5.56,3
C:/projects/myproject/QDQM/DS_Input/Reference/항공기종류.csv,항공기종류.csv,항공기종류,UNIQUE,Reference,68.0,119.0,"[""Annn-nnn"", ""AA-nnn"", ""AA-nnnAn"", ""Annn-nnnA"", ""A-nnn"", ""AA-nnnA"", ""AAAAnnn"", ""AA-nn"", ""AAAAAAnnnA"", ""AAnnnA""]","[13.45, 5.04, 4.2, 3.36, 2.52, 2.52, 2.52, 2.52, 2.52, 2.52]",Annn-nnn,A321-100,B777-300,B737-800,16.0,13.45,1
C:/projects/myproject/QDQM/DS_Input/Reference/항공기종류.csv,항공기종류.csv,항공기종류,UNIQUE,Reference,68.0,119.0,"[""Annn-nnn"", ""AA-nnn"", ""AA-nnnAn"", ""Annn-nnnA"", ""A-nnn"", ""AA-nnnA"", ""AAAAnnn"", ""AA-nn"", ""AAAAAAnnnA"", ""AAnnnA""]","[13.45, 5.04, 4.2, 3.36, 2.52, 2.52, 2.52, 2.52, 2.52, 2.52]",AA-nnn,BK-117,SF-600,MD-900,6.0,5.04,2
C:/projects/myproject/QDQM/DS_Input/Reference/항공기종류.csv,항공기종류.csv,항공기종류,UNIQUE,Reference,68.0,119.0,"[""Annn-nnn"", ""AA-nnn"", ""AA-nnnAn"", ""Annn-nnnA"", ""A-nnn"", ""AA-nnnA"", ""AAAAnnn"", ""AA-nn"", ""AAAAAAnnnA"", ""AAnnnA""]","[13.45, 5.04, 4.2, 3.36, 2.52, 2.52, 2.52, 2.52, 2.52, 2.52]",AA-nnnAn,AS-332L1,AS-365N3,AS-350B2,5.0,4.2,3
C:/projects/myproject/QDQM/DS_Input/Reference/행정동.csv,행정동.csv,행정동,UNIQUE,Reference,20.0,3163.0,"[""KKK"", ""KKnK"", ""KKKnK"", ""KKKK"", ""KK"", ""KKKKK"", ""KKKKnK"", ""KnK"", ""KKn.nK"", ""KK.KKK""]","[62.12, 20.99, 9.48, 2.56, 1.49, 0.82, 0.73, 0.41, 0.38, 0.22]",KKK,가경동,흥해읍,송라면,1965.0,62.12,1
C:/projects/myproject/QDQM/DS_Input/Reference/행정동.csv,행정동.csv,행정동,UNIQUE,Reference,20.0,3163.0,"[""KKK"", ""KKnK"", ""KKKnK"", ""KKKK"", ""KK"", ""KKKKK"", ""KKKKnK"", ""KnK"", ""KKn.nK"", ""KK.KKK""]","[62.12, 20.99, 9.48, 2.56, 1.49, 0.82, 0.73, 0.41, 0.38, 0.22]",KKnK,가락1동,휴천3동,송림1동,664.0,20.99,2
C:/projects/myproject/QDQM/DS_Input/Reference/행정동.csv,행정동.csv,행정동,UNIQUE,Reference,20.0,3163.0,"[""KKK"", ""KKnK"", ""KKKnK"", ""KKKK"", ""KK"", ""KKKKK"", ""KKKKnK"", ""KnK"", ""KKn.nK"", ""KK.KKK""]","[62.12, 20.99, 9.48, 2.56, 1.49, 0.82, 0.73, 0.41, 0.38, 0.22]",KKKnK,가야제1동,휘경제2동,상대원2동,300.0,9.48,3
C:/projects/myproject/QDQM/DS_Input/Reference/행정동코드.csv,행정동코드.csv,행정동코드,UNIQUE,Reference,1.0,3498.0,"[""nnnnnnnnnn""]",[100.0],nnnnnnnnnn,1111051500,5013062000,4211066000,3498.0,100.0,1
C:/projects/myproject/QDQM/DS_Input/Test/Z검증용데이터.csv,Z검증용데이터.csv,Business,Alpha_Flag,Test,1.0,2.0,"[""A""]",[100.0],A,D,I,D,1901.0,100.0,1
C:/projects/myproject/QDQM/DS_Input/Test/Z검증용데이터.csv,Z검증용데이터.csv,CP,Alpha_Flag,Test,1.0,2.0,"[""A""]",[100.0],A,C,P,C,1831.0,100.0,1
C:/projects/myproject/QDQM/DS_Input/Test/Z검증용데이터.csv,Z검증용데이터.csv,Customer,Text,Test,229.0,1836.0,"[""KKK"", ""KKKK"", ""KKKKK"", ""KKKKKK"", ""KK"", ""(K)KKKK"", ""(K)KKKKK"", ""KKKKKKKK"", ""KKKKKKK"", ""(K)KKKKKK""]","[28.33, 13.16, 7.11, 4.05, 3.26, 2.53, 2.21, 2.16, 2.0, 2.0]",KKK,강병헌,휴먼웰,신전사,538.0,28.33,1
C:/projects/myproject/QDQM/DS_Input/Test/Z검증용데이터.csv,Z검증용데이터.csv,Customer,Text,Test,229.0,1836.0,"[""KKK"", ""KKKK"", ""KKKKK"", ""KKKKKK"", ""KK"", ""(K)KKKK"", ""(K)KKKKK"", ""KKKKKKKK"", ""KKKKKKK"", ""(K)KKKKKK""]","[28.33, 13.16, 7.11, 4.05, 3.26, 2.53, 2.21, 2.16, 2.0, 2.0]",KKKK,가람가온,힙합보이,신아물류,250.0,13.16,2
C:/projects/myproject/QDQM/DS_Input/Test/Z검증용데이터.csv,Z검증용데이터.csv,Customer,Text,Test,229.0,1836.0,"[""KKK"", ""KKKK"", ""KKKKK"", ""KKKKKK"", ""KK"", ""(K)KKKK"", ""(K)KKKKK"", ""KKKKKKKK"", ""KKKKKKK"", ""(K)KKKKKK""]","[28.33, 13.16, 7.11, 4.05, 3.26, 2.53, 2.21, 2.16, 2.0, 2.0]",KKKKK,가방이야기,황금왕족발,신흥모자점,135.0,7.11,3
C:/projects/myproject/QDQM/DS_Input/Test/Z검증용데이터.csv,Z검증용데이터.csv,GEN_TIMESTAMP,TIMESTAMP,Test,1.0,1906.0,"[""nnnn-nn-nn nn:nn:nn.""]",[100.0],nnnn-nn-nn nn:nn:nn.,2026-02-04 17:04:52.776883,2026-02-04 17:04:52.778788,2026-02-04 17:04:52.777836,1906.0,100.0,1
C:/projects/myproject/QDQM/DS_Input/Test/Z검증용데이터.csv,Z검증용데이터.csv,ID,UNIQUE,Test,2.0,1906.0,"[""nnnnnnn"", ""Annnnnn""]","[76.86, 23.14]",nnnnnnn,0000729,9127734,3005665,1465.0,76.86,1
C:/projects/myproject/QDQM/DS_Input/Test/Z검증용데이터.csv,Z검증용데이터.csv,ID,UNIQUE,Test,2.0,1906.0,"[""nnnnnnn"", ""Annnnnn""]","[76.86, 23.14]",Annnnnn,S117253,S183567,S149051,441.0,23.14,2
C:/projects/myproject/QDQM/DS_Input/Test/Z검증용데이터.csv,Z검증용데이터.csv,가공주소,ADDRESS,Test,769.0,1906.0,"[""KK KKK KKK nnn-n"", ""KK KKK KKK nnn-nn"", ""KK KKK KKK KKK nnn-"", ""KK KKK KKKnnn-n"", ""KK KKK KKKnnn-nn"", ""KK KKK KKK KKK nnn-n"", ""KK KKK KKK KKKnnn-n"", ""KK KKK KKK KKK nnnn"", ""KK KKK KKKnn-n"", ""KK KKK KKKnnnn-n""]","[3.99, 3.67, 2.89, 2.83, 2.52, 2.47, 1.15, 1.1, 0.94, 0.94]",KK KKK KKK nnn-n,강원 속초시 청학동 482-9,충북 제천시 청전동 600-9,서울 강남구 대치동 976-7,76.0,3.99,1
C:/projects/myproject/QDQM/DS_Input/Test/Z검증용데이터.csv,Z검증용데이터.csv,가공주소,ADDRESS,Test,769.0,1906.0,"[""KK KKK KKK nnn-n"", ""KK KKK KKK nnn-nn"", ""KK KKK KKK KKK nnn-"", ""KK KKK KKKnnn-n"", ""KK KKK KKKnnn-nn"", ""KK KKK KKK KKK nnn-n"", ""KK KKK KKK KKKnnn-n"", ""KK KKK KKK KKK nnnn"", ""KK KKK KKKnn-n"", ""KK KKK KKKnnnn-n""]","[3.99, 3.67, 2.89, 2.83, 2.52, 2.47, 1.15, 1.1, 0.94, 0.94]",KK KKK KKK nnn-nn,강원 속초시 금호동 482-96,충남 아산시 배미동 156-25,서울 강서구 염창동 282-22,70.0,3.67,2
C:/projects/myproject/QDQM/DS_Input/Test/Z검증용데이터.csv,Z검증용데이터.csv,가공주소,ADDRESS,Test,769.0,1906.0,"[""KK KKK KKK nnn-n"", ""KK KKK KKK nnn-nn"", ""KK KKK KKK KKK nnn-"", ""KK KKK KKKnnn-n"", ""KK KKK KKKnnn-nn"", ""KK KKK KKK KKK nnn-n"", ""KK KKK KKK KKKnnn-n"", ""KK KKK KKK KKK nnnn"", ""KK KKK KKKnn-n"", ""KK KKK KKKnnnn-n""]","[3.99, 3.67, 2.89, 2.83, 2.52, 2.47, 1.15, 1.1, 0.94, 0.94]",KK KKK KKK KKK nnn-,강원 영월군 영월읍 영흥리 971-,충북 청주시 흥덕구 가경동 415-,경기 안양시 만안구 안양동 710-,55.0,2.89,3
C:/projects/myproject/QDQM/DS_Input/Test/Z검증용데이터.csv,Z검증용데이터.csv,금액,,Test,3.0,1365.0,"[""nnnn"", ""nnn"", ""nnnnn""]","[79.96, 10.91, 9.13]",nnnn,1008,9990,3552,1524.0,79.96,1
C:/projects/myproject/QDQM/DS_Input/Test/Z검증용데이터.csv,Z검증용데이터.csv,금액,,Test,3.0,1365.0,"[""nnnn"", ""nnn"", ""nnnnn""]","[79.96, 10.91, 9.13]",nnn,113,996,600,208.0,10.91,2
C:/projects/myproject/QDQM/DS_Input/Test/Z검증용데이터.csv,Z검증용데이터.csv,금액,,Test,3.0,1365.0,"[""nnnn"", ""nnn"", ""nnnnn""]","[79.96, 10.91, 9.13]",nnnnn,10011,27648,13872,174.0,9.13,3
C:/projects/myproject/QDQM/DS_Input/Test/Z검증용데이터.csv,Z검증용데이터.csv,날짜포맷다양,YYYYMMDD,Test,3.0,1484.0,"[""nnnn-nn-nn"", ""nnnnKnnKnnK"", ""nnnnnnnn""]","[91.55, 8.34, 0.1]",nnnn-nn-nn,0000-00-00,2023-12-12,2018-02-26,1745.0,91.55,1
C:/projects/myproject/QDQM/DS_Input/Test/Z검증용데이터.csv,Z검증용데이터.csv,날짜포맷다양,YYYYMMDD,Test,3.0,1484.0,"[""nnnn-nn-nn"", ""nnnnKnnKnnK"", ""nnnnnnnn""]","[91.55, 8.34, 0.1]",nnnnKnnKnnK,0000년00월00일,2023년12월08일,2016년08월24일,159.0,8.34,2
C:/projects/myproject/QDQM/DS_Input/Test/Z검증용데이터.csv,Z검증용데이터.csv,날짜포맷다양,YYYYMMDD,Test,3.0,1484.0,"[""nnnn-nn-nn"", ""nnnnKnnKnnK"", ""nnnnnnnn""]","[91.55, 8.34, 0.1]",nnnnnnnn,20100730,20230314,20230314,2.0,0.1,3
C:/projects/myproject/QDQM/DS_Input/Test/Z검증용데이터.csv,Z검증용데이터.csv,단가,,Test,4.0,226.0,"[""nnnn"", ""nnn"", ""n"", ""nn""]","[90.71, 8.97, 0.26, 0.05]",nnnn,1000,3000,1990,1729.0,90.71,1
C:/projects/myproject/QDQM/DS_Input/Test/Z검증용데이터.csv,Z검증용데이터.csv,단가,,Test,4.0,226.0,"[""nnnn"", ""nnn"", ""n"", ""nn""]","[90.71, 8.97, 0.26, 0.05]",nnn,800,990,900,171.0,8.97,2
C:/projects/myproject/QDQM/DS_Input/Test/Z검증용데이터.csv,Z검증용데이터.csv,단가,,Test,4.0,226.0,"[""nnnn"", ""nnn"", ""n"", ""nn""]","[90.71, 8.97, 0.26, 0.05]",n,1,5,3,5.0,0.26,3
C:/projects/myproject/QDQM/DS_Input/Test/Z검증용데이터.csv,Z검증용데이터.csv,담당부서,Text,Test,43.0,226.0,"[""KK"", ""KKK"", ""."", ""KKKK"", ""KKKKK"", ""nnnnnnnnnn"", ""KKKKKK"", ""KKKKKKK"", ""s"", ""..""]","[48.45, 29.24, 6.1, 3.59, 3.26, 2.42, 1.17, 0.67, 0.67, 0.33]",KK,강동,평택,관리,580.0,48.45,1
C:/projects/myproject/QDQM/DS_Input/Test/Z검증용데이터.csv,Z검증용데이터.csv,담당부서,Text,Test,43.0,226.0,"[""KK"", ""KKK"", ""."", ""KKKK"", ""KKKKK"", ""nnnnnnnnnn"", ""KKKKKK"", ""KKKKKKK"", ""s"", ""..""]","[48.45, 29.24, 6.1, 3.59, 3.26, 2.42, 1.17, 0.67, 0.67, 0.33]",KKK,각매장,홍보팀,관리팀,350.0,29.24,2
C:/projects/myproject/QDQM/DS_Input/Test/Z검증용데이터.csv,Z검증용데이터.csv,담당부서,Text,Test,43.0,226.0,"[""KK"", ""KKK"", ""."", ""KKKK"", ""KKKKK"", ""nnnnnnnnnn"", ""KKKKKK"", ""KKKKKKK"", ""s"", ""..""]","[48.45, 29.24, 6.1, 3.59, 3.26, 2.42, 1.17, 0.67, 0.67, 0.33]",.,.,.,.,73.0,6.1,3
C:/projects/myproject/QDQM/DS_Input/Test/Z검증용데이터.csv,Z검증용데이터.csv,사업자,,Test,2.0,1783.0,"[""nnnnnnnnnn"", ""nnnn-nn-nn""]","[96.33, 3.67]",nnnnnnnnnn,1010541013,9999940458,2520701889,1787.0,96.33,1
C:/projects/myproject/QDQM/DS_Input/Test/Z검증용데이터.csv,Z검증용데이터.csv,사업자,,Test,2.0,1783.0,"[""nnnnnnnnnn"", ""nnnn-nn-nn""]","[96.33, 3.67]",nnnn-nn-nn,1999-01-01,2023-12-12,2020-02-25,68.0,3.67,2
C:/projects/myproject/QDQM/DS_Input/Test/Z검증용데이터.csv,Z검증용데이터.csv,수량,,Test,6.0,97.0,"[""nn"", ""n"", ""nnn"", ""nnnnnn"", ""nnnnn"", ""nnnnnnn""]","[79.49, 19.1, 1.1, 0.21, 0.05, 0.05]",nn,10,96,23,1515.0,79.49,1
C:/projects/myproject/QDQM/DS_Input/Test/Z검증용데이터.csv,Z검증용데이터.csv,수량,,Test,6.0,97.0,"[""nn"", ""n"", ""nnn"", ""nnnnnn"", ""nnnnn"", ""nnnnnnn""]","[79.49, 19.1, 1.1, 0.21, 0.05, 0.05]",n,1,9,6,364.0,19.1,2
C:/projects/myproject/QDQM/DS_Input/Test/Z검증용데이터.csv,Z검증용데이터.csv,수량,,Test,6.0,97.0,"[""nn"", ""n"", ""nnn"", ""nnnnnn"", ""nnnnn"", ""nnnnnnn""]","[79.49, 19.1, 1.1, 0.21, 0.05, 0.05]",nnn,100,150,106,21.0,1.1,3
C:/projects/myproject/QDQM/DS_Input/Test/Z검증용데이터.csv,Z검증용데이터.csv,우편번호,,Test,3.0,936.0,"[""nnnnnn"", ""nnnnn"", ""nnn-n""]","[82.7, 17.22, 0.07]",nnnnnn,100051,791861,407050,1114.0,82.7,1
C:/projects/myproject/QDQM/DS_Input/Test/Z검증용데이터.csv,Z검증용데이터.csv,우편번호,,Test,3.0,936.0,"[""nnnnnn"", ""nnnnn"", ""nnn-n""]","[82.7, 17.22, 0.07]",nnnnn,01611,63626,13202,232.0,17.22,2
C:/projects/myproject/QDQM/DS_Input/Test/Z검증용데이터.csv,Z검증용데이터.csv,우편번호,,Test,3.0,936.0,"[""nnnnnn"", ""nnnnn"", ""nnn-n""]","[82.7, 17.22, 0.07]",nnn-n,577-2,577-2,577-2,1.0,0.07,3
C:/projects/myproject/QDQM/DS_Input/Test/Z검증용데이터.csv,Z검증용데이터.csv,집하지우편번호,,Test,3.0,1575.0,"[""nnnnnn"", ""nnnnn"", ""nnnn""]","[60.2, 31.98, 7.82]",nnnnnn,100021.0,791861.0,413831.0,1124.0,60.2,1
C:/projects/myproject/QDQM/DS_Input/Test/Z검증용데이터.csv,Z검증용데이터.csv,집하지우편번호,,Test,3.0,1575.0,"[""nnnnnn"", ""nnnnn"", ""nnnn""]","[60.2, 31.98, 7.82]",nnnnn,10003.0,63626.0,26346.0,597.0,31.98,2
C:/projects/myproject/QDQM/DS_Input/Test/Z검증용데이터.csv,Z검증용데이터.csv,집하지우편번호,,Test,3.0,1575.0,"[""nnnnnn"", ""nnnnn"", ""nnnn""]","[60.2, 31.98, 7.82]",nnnn,1002.0,8862.0,5568.0,146.0,7.82,3
C:/projects/myproject/QDQM/DS_Input/Test/Z검증용데이터.csv,Z검증용데이터.csv,판매원사번,,Test,3.0,489.0,"[""nnnnnnn"", ""KK"", ""KKK""]","[97.87, 1.1, 1.03]",nnnnnnn,0010010,9999999,1479295,1423.0,97.87,1
C:/projects/myproject/QDQM/DS_Input/Test/Z검증용데이터.csv,Z검증용데이터.csv,판매원사번,,Test,3.0,489.0,"[""nnnnnnn"", ""KK"", ""KKK""]","[97.87, 1.1, 1.03]",KK,관리,영업,담당,16.0,1.1,2
C:/projects/myproject/QDQM/DS_Input/Test/Z검증용데이터.csv,Z검증용데이터.csv,판매원사번,,Test,3.0,489.0,"[""nnnnnnn"", ""KK"", ""KKK""]","[97.87, 1.1, 1.03]",KKK,관리부,영업부,영업부,15.0,1.03,3
C:/projects/myproject/QDQM/DS_Input/Test/Z검증용데이터.csv,Z검증용데이터.csv,판매점소,,Test,4.0,77.0,"[""AAAAA"", ""AAAAAAA"", ""AAAAAA"", ""AA""]","[58.86, 37.29, 3.8, 0.05]",AAAAA,BKKBR,ULSBR,KWJBR,1116.0,58.86,1
C:/projects/myproject/QDQM/DS_Input/Test/Z검증용데이터.csv,Z검증용데이터.csv,판매점소,,Test,4.0,77.0,"[""AAAAA"", ""AAAAAAA"", ""AAAAAA"", ""AA""]","[58.86, 37.29, 3.8, 0.05]",AAAAAAA,ANDOCHT,YONOCHT,KBKOCHT,707.0,37.29,2
C:/projects/myproject/QDQM/DS_Input/Test/Z검증용데이터.csv,Z검증용데이터.csv,판매점소,,Test,4.0,77.0,"[""AAAAA"", ""AAAAAAA"", ""AAAAAA"", ""AA""]","[58.86, 37.29, 3.8, 0.05]",AAAAAA,PDGBRG,SUWCHT,PDGBRG,72.0,3.8,3
C:/projects/myproject/QDQM/DS_Input/Test/Z사용자.csv,Z사용자.csv,EMAIL,EMAIL,Test,106.0,1994.0,"[""aaaaa@aaaaaa.aaa"", ""aaaaaa@aaaaaa.aaa"", ""aaaaaaa@aaaaaa.aaa"", ""aaaaaaaa@aaaaaa.aaa"", ""aaaaaaaaa@aaaaaa.aaa"", ""aaaa@aaaaaa.aaa"", ""aaaaaaaaaa@aaaaaa.aa"", ""AAAAAA@aaaaaa.aaa"", ""AAAAA@aaaaaa.aaa"", ""aaannnn@aaaaaa.aaa""]","[24.01, 23.26, 13.6, 10.06, 7.08, 7.04, 3.06, 0.96, 0.79, 0.7]",aaaaa@aaaaaa.aaa,arhan@hanjin.com,zhlim@hanjin.com,kdlee@hanjin.com,549.0,24.01,1
C:/projects/myproject/QDQM/DS_Input/Test/Z사용자.csv,Z사용자.csv,EMAIL,EMAIL,Test,106.0,1994.0,"[""aaaaa@aaaaaa.aaa"", ""aaaaaa@aaaaaa.aaa"", ""aaaaaaa@aaaaaa.aaa"", ""aaaaaaaa@aaaaaa.aaa"", ""aaaaaaaaa@aaaaaa.aaa"", ""aaaa@aaaaaa.aaa"", ""aaaaaaaaaa@aaaaaa.aa"", ""AAAAAA@aaaaaa.aaa"", ""AAAAA@aaaaaa.aaa"", ""aaannnn@aaaaaa.aaa""]","[24.01, 23.26, 13.6, 10.06, 7.08, 7.04, 3.06, 0.96, 0.79, 0.7]",aaaaaa@aaaaaa.aaa,ajsong@hanjin.com,ywmoon@hanjin.com,jyshim@hanjin.com,532.0,23.26,2
C:/projects/myproject/QDQM/DS_Input/Test/Z사용자.csv,Z사용자.csv,EMAIL,EMAIL,Test,106.0,1994.0,"[""aaaaa@aaaaaa.aaa"", ""aaaaaa@aaaaaa.aaa"", ""aaaaaaa@aaaaaa.aaa"", ""aaaaaaaa@aaaaaa.aaa"", ""aaaaaaaaa@aaaaaa.aaa"", ""aaaa@aaaaaa.aaa"", ""aaaaaaaaaa@aaaaaa.aa"", ""AAAAAA@aaaaaa.aaa"", ""AAAAA@aaaaaa.aaa"", ""aaannnn@aaaaaa.aaa""]","[24.01, 23.26, 13.6, 10.06, 7.08, 7.04, 3.06, 0.96, 0.79, 0.7]",aaaaaaa@aaaaaa.aaa,bgjeong@hanjin.com,yunskim@hanjin.com,kapskim@hanjin.com,311.0,13.6,3
C:/projects/myproject/QDQM/DS_Input/Test/Z사용자.csv,Z사용자.csv,GEN_TIMESTAMP,TIMESTAMP,Test,1.0,2361.0,"[""nnnn-nn-nn nn:nn:nn.""]",[100.0],nnnn-nn-nn nn:nn:nn.,2026-02-04 17:04:52.808841,2026-02-04 17:04:52.811201,2026-02-04 17:04:52.810021,2361.0,100.0,1
C:/projects/myproject/QDQM/DS_Input/Test/Z사용자.csv,Z사용자.csv,권한코드,,Test,2.0,5.0,"[""n"", ""A""]","[99.49, 0.51]",n,1,9,5,2349.0,99.49,1
C:/projects/myproject/QDQM/DS_Input/Test/Z사용자.csv,Z사용자.csv,권한코드,,Test,2.0,5.0,"[""n"", ""A""]","[99.49, 0.51]",A,A,S,S,12.0,0.51,2
C:/projects/myproject/QDQM/DS_Input/Test/Z사용자.csv,Z사용자.csv,등록일자,YYYYMMDD,Test,1.0,642.0,"[""nnnnnnnn""]",[100.0],nnnnnnnn,20011201,20231220,20070112,2361.0,100.0,1
C:/projects/myproject/QDQM/DS_Input/Test/Z사용자.csv,Z사용자.csv,비밀번호,,Test,2118.0,2126.0,"[""nnnAnAnnnAnnnAnnnAAA"", ""AnnnnAAnnnAnAAnAnnAA"", ""AnAAnnAAAnAnAnnnnAAn"", ""aannnnannnaaanannnnn"", ""annnnanannnnannnaaan"", ""nnnnnnnAnAnAnnAnAAnn"", ""AAnAAAAAAnnnnAnnnnnn"", ""AAnAAAAAnnnAAnnnAnnn"", ""AnnAnAnAnAAnnAAAnnnA"", ""AAnnnAAnnnnnAnAnnAAn""]","[1.86, 0.55, 0.55, 0.42, 0.38, 0.25, 0.21, 0.21, 0.21, 0.17]",nnnAnAnnnAnnnAnnnAAA,551C4C968C503B291CDD4A0DAA15EC31,551C4C968C503B291CDD4A0DAA15EC31,551C4C968C503B291CDD4A0DAA15EC31,44.0,1.86,1
C:/projects/myproject/QDQM/DS_Input/Test/Z사용자.csv,Z사용자.csv,비밀번호,,Test,2118.0,2126.0,"[""nnnAnAnnnAnnnAnnnAAA"", ""AnnnnAAnnnAnAAnAnnAA"", ""AnAAnnAAAnAnAnnnnAAn"", ""aannnnannnaaanannnnn"", ""annnnanannnnannnaaan"", ""nnnnnnnAnAnAnnAnAAnn"", ""AAnAAAAAAnnnnAnnnnnn"", ""AAnAAAAAnnnAAnnnAnnn"", ""AnnAnAnAnAAnnAAAnnnA"", ""AAnnnAAnnnnnAnAnnAAn""]","[1.86, 0.55, 0.55, 0.42, 0.38, 0.25, 0.21, 0.21, 0.21, 0.17]",AnnnnAAnnnAnAAnAnnAA,E4390EB627E0EF7A50AA60230C7C1F12,E4390EB627E0EF7A50AA60230C7C1F12,E4390EB627E0EF7A50AA60230C7C1F12,13.0,0.55,2
C:/projects/myproject/QDQM/DS_Input/Test/Z사용자.csv,Z사용자.csv,비밀번호,,Test,2118.0,2126.0,"[""nnnAnAnnnAnnnAnnnAAA"", ""AnnnnAAnnnAnAAnAnnAA"", ""AnAAnnAAAnAnAnnnnAAn"", ""aannnnannnaaanannnnn"", ""annnnanannnnannnaaan"", ""nnnnnnnAnAnAnnAnAAnn"", ""AAnAAAAAAnnnnAnnnnnn"", ""AAnAAAAAnnnAAnnnAnnn"", ""AnnAnAnAnAAnnAAAnnnA"", ""AAnnnAAnnnnnAnAnnAAn""]","[1.86, 0.55, 0.55, 0.42, 0.38, 0.25, 0.21, 0.21, 0.21, 0.17]",AnAAnnAAAnAnAnnnnAAn,F8DA93DCE6C7C5456EE15BBB2CD2A86E,F8DA93DCE6C7C5456EE15BBB2CD2A86E,F8DA93DCE6C7C5456EE15BBB2CD2A86E,13.0,0.55,3
C:/projects/myproject/QDQM/DS_Input/Test/Z사용자.csv,Z사용자.csv,사원번호,UNIQUE,Test,13.0,2361.0,"[""nnnnnnn"", ""Annnnnn"", ""AAAnnnn"", ""AAnnnnn"", ""nnnnnn"", ""aaaaaa"", ""aaannnn"", ""KKK"", ""aaaaa"", ""aaaa""]","[92.76, 4.07, 1.78, 0.72, 0.21, 0.13, 0.08, 0.04, 0.04, 0.04]",nnnnnnn,0010010,9951933,1710332,2190.0,92.76,1
C:/projects/myproject/QDQM/DS_Input/Test/Z사용자.csv,Z사용자.csv,사원번호,UNIQUE,Test,13.0,2361.0,"[""nnnnnnn"", ""Annnnnn"", ""AAAnnnn"", ""AAnnnnn"", ""nnnnnn"", ""aaaaaa"", ""aaannnn"", ""KKK"", ""aaaaa"", ""aaaa""]","[92.76, 4.07, 1.78, 0.72, 0.21, 0.13, 0.08, 0.04, 0.04, 0.04]",Annnnnn,B311102,R310354,H000074,96.0,4.07,2
C:/projects/myproject/QDQM/DS_Input/Test/Z사용자.csv,Z사용자.csv,사원번호,UNIQUE,Test,13.0,2361.0,"[""nnnnnnn"", ""Annnnnn"", ""AAAnnnn"", ""AAnnnnn"", ""nnnnnn"", ""aaaaaa"", ""aaannnn"", ""KKK"", ""aaaaa"", ""aaaa""]","[92.76, 4.07, 1.78, 0.72, 0.21, 0.13, 0.08, 0.04, 0.04, 0.04]",AAAnnnn,HJB0062,HJT0863,HJT0107,42.0,1.78,3
C:/projects/myproject/QDQM/DS_Input/Test/Z사용자.csv,Z사용자.csv,입사일자,YYYYMMDD,Test,2.0,1138.0,"[""nnnnnnnn"", ""nnnnnnn""]","[99.96, 0.04]",nnnnnnnn,19671212.0,20231219.0,20010824.0,2344.0,99.96,1
C:/projects/myproject/QDQM/DS_Input/Test/Z사용자.csv,Z사용자.csv,입사일자,YYYYMMDD,Test,2.0,1138.0,"[""nnnnnnnn"", ""nnnnnnn""]","[99.96, 0.04]",nnnnnnn,2008121.0,2008121.0,2008121.0,1.0,0.04,2
C:/projects/myproject/QDQM/DS_Input/Test/Z사용자.csv,Z사용자.csv,전화번호,CELLPHONE,Test,11.0,2052.0,"[""nnn-nnnn-nnnn"", ""nnn-nnn-nnnn"", ""nn-nnn-nnnn"", ""nn-nnnn-nnnn"", ""nn)nnn-nnnn"", ""nnn-nnnn-nnn"", ""nnn-nnn-nnnnn"", ""nnn--"", ""nnnnnnsnnnn"", ""nnn-nnnn-nnnnn""]","[56.42, 35.79, 3.81, 3.52, 0.17, 0.08, 0.04, 0.04, 0.04, 0.04]",nnn-nnnn-nnnn,010-0000-0000,019-9673-2000,010-7108-6748,1332.0,56.42,1
C:/projects/myproject/QDQM/DS_Input/Test/Z사용자.csv,Z사용자.csv,전화번호,CELLPHONE,Test,11.0,2052.0,"[""nnn-nnnn-nnnn"", ""nnn-nnn-nnnn"", ""nn-nnn-nnnn"", ""nn-nnnn-nnnn"", ""nn)nnn-nnnn"", ""nnn-nnnn-nnn"", ""nnn-nnn-nnnnn"", ""nnn--"", ""nnnnnnsnnnn"", ""nnn-nnnn-nnnnn""]","[56.42, 35.79, 3.81, 3.52, 0.17, 0.08, 0.04, 0.04, 0.04, 0.04]",nnn-nnn-nnnn,010-287-4444,019-840-4650,016-510-3605,845.0,35.79,2
C:/projects/myproject/QDQM/DS_Input/Test/Z사용자.csv,Z사용자.csv,전화번호,CELLPHONE,Test,11.0,2052.0,"[""nnn-nnnn-nnnn"", ""nnn-nnn-nnnn"", ""nn-nnn-nnnn"", ""nn-nnnn-nnnn"", ""nn)nnn-nnnn"", ""nnn-nnnn-nnn"", ""nnn-nnn-nnnnn"", ""nnn--"", ""nnnnnnsnnnn"", ""nnn-nnnn-nnnnn""]","[56.42, 35.79, 3.81, 3.52, 0.17, 0.08, 0.04, 0.04, 0.04, 0.04]",nn-nnn-nnnn,02-000-0000,02-324-1212,02-310-6531,90.0,3.81,3
C:/projects/myproject/QDQM/DS_Input/Test/Z사용자.csv,Z사용자.csv,전화번호1,TEL,Test,13.0,1186.0,"[""nnn-nnn-nnnn"", ""nn-nnn-nnnn"", ""nn-nnnn-nnnn"", ""nnn-nnnn-nnnn"", ""nnn-nnn-nnnnsn"", ""nnn-nnn-nnnn/n"", ""nn-nnnn-nnnnsn"", ""nnn-nnn-nnn"", ""nn)nnn-nnnn"", ""nn-nnn-nnn""]","[45.91, 29.27, 12.18, 5.81, 2.91, 2.46, 0.75, 0.2, 0.2, 0.15]",nnn-nnn-nnnn,010-310-6513,064-900-8066,043-236-1031,916.0,45.91,1
C:/projects/myproject/QDQM/DS_Input/Test/Z사용자.csv,Z사용자.csv,전화번호1,TEL,Test,13.0,1186.0,"[""nnn-nnn-nnnn"", ""nn-nnn-nnnn"", ""nn-nnnn-nnnn"", ""nnn-nnnn-nnnn"", ""nnn-nnn-nnnnsn"", ""nnn-nnn-nnnn/n"", ""nn-nnnn-nnnnsn"", ""nnn-nnn-nnn"", ""nn)nnn-nnnn"", ""nn-nnn-nnn""]","[45.91, 29.27, 12.18, 5.81, 2.91, 2.46, 0.75, 0.2, 0.2, 0.15]",nn-nnn-nnnn,02-000-0000,02-876-3053,02-728-5584,584.0,29.27,2
C:/projects/myproject/QDQM/DS_Input/Test/Z사용자.csv,Z사용자.csv,전화번호1,TEL,Test,13.0,1186.0,"[""nnn-nnn-nnnn"", ""nn-nnn-nnnn"", ""nn-nnnn-nnnn"", ""nnn-nnnn-nnnn"", ""nnn-nnn-nnnnsn"", ""nnn-nnn-nnnn/n"", ""nn-nnnn-nnnnsn"", ""nnn-nnn-nnn"", ""nn)nnn-nnnn"", ""nn-nnn-nnn""]","[45.91, 29.27, 12.18, 5.81, 2.91, 2.46, 0.75, 0.2, 0.2, 0.15]",nn-nnnn-nnnn,02-0000-0000,02-6592-6988,02-3273-1264,243.0,12.18,3
C:/projects/myproject/QDQM/DS_Input/Test/Z사용자.csv,Z사용자.csv,점소코드,,Test,1.0,229.0,"[""nnnn""]",[100.0],nnnn,1111,1613,1185,2361.0,100.0,1
C:/projects/myproject/QDQM/DS_Input/Test/Z사용자.csv,Z사용자.csv,주민등록번호,SINGLE VALUE,Test,1.0,1.0,"[""aaaaaaaa""]",[100.0],aaaaaaaa,nullnull,nullnull,nullnull,355.0,100.0,1
C:/projects/myproject/QDQM/DS_Input/Test/Z사용자.csv,Z사용자.csv,직급,Text,Test,29.0,119.0,"[""KK"", ""nK"", ""KKKK"", ""KKKKKn"", ""KKK"", ""KKKKKK"", ""KKnK"", ""KKKKK"", ""KKKn"", ""A/AKKK""]","[37.78, 26.6, 20.88, 3.39, 2.63, 2.16, 1.52, 1.31, 1.14, 0.8]",KK,감독,팀장,사원,892.0,37.78,1
C:/projects/myproject/QDQM/DS_Input/Test/Z사용자.csv,Z사용자.csv,직급,Text,Test,29.0,119.0,"[""KK"", ""nK"", ""KKKK"", ""KKKKKn"", ""KKK"", ""KKKKKK"", ""KKnK"", ""KKKKK"", ""KKKn"", ""A/AKKK""]","[37.78, 26.6, 20.88, 3.39, 2.63, 2.16, 1.52, 1.31, 1.14, 0.8]",nK,1급,6급,3급,628.0,26.6,2
C:/projects/myproject/QDQM/DS_Input/Test/Z사용자.csv,Z사용자.csv,직급,Text,Test,29.0,119.0,"[""KK"", ""nK"", ""KKKK"", ""KKKKKn"", ""KKK"", ""KKKKKK"", ""KKnK"", ""KKKKK"", ""KKKn"", ""A/AKKK""]","[37.78, 26.6, 20.88, 3.39, 2.63, 2.16, 1.52, 1.31, 1.14, 0.8]",KKKK,물류감독,파견직원,물류기사,493.0,20.88,3
C:/projects/myproject/QDQM/DS_Input/Test/Z사용자.csv,Z사용자.csv,팀명,Text,Test,84.0,567.0,"[""KKK"", ""KKKKKK"", ""KKKKK"", ""KKKK"", ""KKKKKKK"", ""KKAAAK"", ""KKKKKKKKK"", ""KKKKKKKK"", ""KKKKnK"", ""nAAKKK""]","[29.45, 23.94, 13.43, 8.9, 7.16, 2.58, 1.4, 1.19, 1.02, 0.93]",KKK,감사실,회계팀,판매팀,695.0,29.45,1
C:/projects/myproject/QDQM/DS_Input/Test/Z사용자.csv,Z사용자.csv,팀명,Text,Test,84.0,567.0,"[""KKK"", ""KKKKKK"", ""KKKKK"", ""KKKK"", ""KKKKKKK"", ""KKAAAK"", ""KKKKKKKKK"", ""KKKKKKKK"", ""KKKKnK"", ""nAAKKK""]","[29.45, 23.94, 13.43, 8.9, 7.16, 2.58, 1.4, 1.19, 1.02, 0.93]",KKKKKK,강남택배센터,호남지역본부,수원택배지점,565.0,23.94,2
C:/projects/myproject/QDQM/DS_Input/Test/Z사용자.csv,Z사용자.csv,팀명,Text,Test,84.0,567.0,"[""KKK"", ""KKKKKK"", ""KKKKK"", ""KKKK"", ""KKKKKKK"", ""KKAAAK"", ""KKKKKKKKK"", ""KKKKKKKK"", ""KKKKnK"", ""nAAKKK""]","[29.45, 23.94, 13.43, 8.9, 7.16, 2.58, 1.4, 1.19, 1.02, 0.93]",KKKKK,강릉택배팀,해운포워딩,시설관재팀,317.0,13.43,3
C:/projects/myproject/QDQM/DS_Input/Test/Z사용자.csv,Z사용자.csv,휴대폰번호,CELLPHONE,Test,10.0,1908.0,"[""nnn-nnnn-nnnn"", ""nnn-nnn-nnnn"", ""--"", ""nnn--"", ""nnn-nnnn-nnn"", ""-saaasaaaassaaasaas-"", ""nnn-nnn-nnnnn"", ""nnnnnnsnnnn"", ""nnn-nnnn-nnnnn"", ""nnn-nnn-nnn""]","[54.29, 36.19, 9.09, 0.13, 0.09, 0.04, 0.04, 0.04, 0.04, 0.04]",nnn-nnnn-nnnn,010-0000-0000,019-9673-2000,010-7132-2716,1260.0,54.29,1
C:/projects/myproject/QDQM/DS_Input/Test/Z사용자.csv,Z사용자.csv,휴대폰번호,CELLPHONE,Test,10.0,1908.0,"[""nnn-nnnn-nnnn"", ""nnn-nnn-nnnn"", ""--"", ""nnn--"", ""nnn-nnnn-nnn"", ""-saaasaaaassaaasaas-"", ""nnn-nnn-nnnnn"", ""nnnnnnsnnnn"", ""nnn-nnnn-nnnnn"", ""nnn-nnn-nnn""]","[54.29, 36.19, 9.09, 0.13, 0.09, 0.04, 0.04, 0.04, 0.04, 0.04]",nnn-nnn-nnnn,010-287-4444,019-840-4650,016-510-5861,840.0,36.19,2
C:/projects/myproject/QDQM/DS_Input/Test/Z사용자.csv,Z사용자.csv,휴대폰번호,CELLPHONE,Test,10.0,1908.0,"[""nnn-nnnn-nnnn"", ""nnn-nnn-nnnn"", ""--"", ""nnn--"", ""nnn-nnnn-nnn"", ""-saaasaaaassaaasaas-"", ""nnn-nnn-nnnnn"", ""nnnnnnsnnnn"", ""nnn-nnnn-nnnnn"", ""nnn-nnn-nnn""]","[54.29, 36.19, 9.09, 0.13, 0.09, 0.04, 0.04, 0.04, 0.04, 0.04]",--,--,--,--,211.0,9.09,3
C:/projects/myproject/QDQM/DS_Input/Test/Z코드변동성예제.csv,Z코드변동성예제.csv,GEN_TIMESTAMP,TIMESTAMP,Test,1.0,206.0,"[""nnnn-nn-nn nn:nn:nn.""]",[100.0],nnnn-nn-nn nn:nn:nn.,2026-02-04 17:04:52.839128,2026-02-04 17:04:52.839333,2026-02-04 17:04:52.839231,206.0,100.0,1
C:/projects/myproject/QDQM/DS_Input/Test/Z코드변동성예제.csv,Z코드변동성예제.csv,사업자,Text,Test,62.0,205.0,"[""KKKK"", ""KKKKK"", ""KKK"", ""KKKKKK"", ""KKKKKKK"", ""(K)KKKK"", ""KKKK KKK"", ""(K)KKKKK"", ""KKKK KKKKK"", ""(K)KKKKKKK""]","[20.39, 10.19, 8.25, 6.8, 3.88, 3.88, 3.4, 2.91, 2.43, 2.43]",KKKK,군서물산,한일건기,셀럼세탁,42.0,20.39,1
C:/projects/myproject/QDQM/DS_Input/Test/Z코드변동성예제.csv,Z코드변동성예제.csv,사업자,Text,Test,62.0,205.0,"[""KKKK"", ""KKKKK"", ""KKK"", ""KKKKKK"", ""KKKKKKK"", ""(K)KKKK"", ""KKKK KKK"", ""(K)KKKKK"", ""KKKK KKKKK"", ""(K)KKKKKKK""]","[20.39, 10.19, 8.25, 6.8, 3.88, 3.88, 3.4, 2.91, 2.43, 2.43]",KKKKK,경남천막사,한진위수탁,아이미스틱,21.0,10.19,2
C:/projects/myproject/QDQM/DS_Input/Test/Z코드변동성예제.csv,Z코드변동성예제.csv,사업자,Text,Test,62.0,205.0,"[""KKKK"", ""KKKKK"", ""KKK"", ""KKKKKK"", ""KKKKKKK"", ""(K)KKKK"", ""KKKK KKK"", ""(K)KKKKK"", ""KKKK KKKKK"", ""(K)KKKKKKK""]","[20.39, 10.19, 8.25, 6.8, 3.88, 3.88, 3.4, 2.91, 2.43, 2.43]",KKK,곰블랑,헤쎄드,모카샵,17.0,8.25,3
C:/projects/myproject/QDQM/DS_Input/Test/Z코드변동성예제.csv,Z코드변동성예제.csv,코드,,Test,3.0,202.0,"[""Annnnn"", ""AAnnnnn"", ""nnnnnn""]","[53.4, 38.83, 7.77]",Annnnn,A11100,A77112,A15200,110.0,53.4,1
C:/projects/myproject/QDQM/DS_Input/Test/Z코드변동성예제.csv,Z코드변동성예제.csv,코드,,Test,3.0,202.0,"[""Annnnn"", ""AAnnnnn"", ""nnnnnn""]","[53.4, 38.83, 7.77]",AAnnnnn,BB10000,BB81910,BB41310,80.0,38.83,2
C:/projects/myproject/QDQM/DS_Input/Test/Z코드변동성예제.csv,Z코드변동성예제.csv,코드,,Test,3.0,202.0,"[""Annnnn"", ""AAnnnnn"", ""nnnnnn""]","[53.4, 38.83, 7.77]",nnnnnn,411113,752000,515511,16.0,7.77,3
