FilePath,FileName,ColumnName,MasterType,PK,FK,Attribute,Level_Depth,Level_Depth_Internal,Level_Relationship,Level_Relationship_Internal,Level0_Matched(%),Level1_Column,Level1_File,Level1_MasterType,Level1_Matched(%),Level2_Column,Level2_File,Level2_MasterType,Level2_Matched(%),Level3_Column,Level3_File,Level3_MasterType,Level3_Matched(%),Level4_Column,Level4_File,Level4_MasterType,Level4_Matched(%),CodeColumn_1,CodeFile_1,CodeFilePath_1,CodeType_1,Matched_1,Matched(%)_1,CodeColumn_2,CodeFile_2,CodeFilePath_2,CodeType_2,Matched_2,Matched(%)_2,CodeColumn_3,CodeFile_3,CodeFilePath_3,CodeType_3,Matched_3,Matched(%)_3,CodeColumn_4,CodeFile_4,CodeFilePath_4,CodeType_4,Matched_4,Matched(%)_4
C:/projects/myproject/QDQM/DS_Input/Internal/CONTRACT.csv,CONTRACT.csv,CONTRACT_NO,Master,1,,,0,0,,,,,,,,,,,,,,,,,,,,,,,,,,,,,,,,,,,,,,,,,,,
C:/projects/myproject/QDQM/DS_Input/Internal/CONTRACT.csv,CONTRACT.csv,CUSTOMER,Master,0,,,0,0,,,,,,,,,,,,,,,,,,,,,,,,,,,,,,,,,,,,,,,,,,,
C:/projects/myproject/QDQM/DS_Input/Internal/CONTRACT.csv,CONTRACT.csv,CUST_NO,Master,0,,유효사업자번호3,1,0,사업자등록번호3.csv.유효사업자번호3,,,유효사업자번호3,사업자등록번호3.csv,Reference,88.89,,,,,,,,,,,,,유효사업자번호3,사업자등록번호3.csv,C:/projects/myproject/QDQM/DS_Input/Reference/사업자등록번호3.csv,Reference,16.0,88.89,,,,,,,,,,,,,,,,,,
C:/projects/myproject/QDQM/DS_Input/Internal/CONTRACT.csv,CONTRACT.csv,CONTRACT_DATE,Master,0,,,3,3,CUSTOMER.csv.판매일 -> 기업고객.csv.판매일 -> 기업고객.csv.판매일,CUSTOMER.csv.판매일 -> 기업고객.csv.판매일 -> 기업고객.csv.판매일,,판매일,CUSTOMER.csv,Master,66.06,판매일,기업고객.csv,Master,96.56,판매일,기업고객.csv,Master,63.71,,,,,판매일,CUSTOMER.csv,C:/projects/myproject/QDQM/DS_Input/Internal/CUSTOMER.csv,Master,2528.0,66.06,근무시작일자,사원마스터.csv,C:/projects/myproject/QDQM/DS_Input/Internal/사원마스터.csv,Master,2458.0,64.23,판매일,기업고객.csv,C:/projects/myproject/QDQM/DS_Input/Internal/기업고객.csv,Master,2438.0,63.71,,,,,,
C:/projects/myproject/QDQM/DS_Input/Internal/CONTRACT.csv,CONTRACT.csv,CONTRACT_ORG_CD,Master,0,,,3,3,CUSTOMER.csv.판매점소 -> 기업고객.csv.판매점소 -> 택배_고객.csv.판매점소,CUSTOMER.csv.판매점소 -> 기업고객.csv.판매점소 -> 택배_고객.csv.판매점소,,판매점소,CUSTOMER.csv,Master,92.13,판매점소,기업고객.csv,Master,96.77,판매점소,택배_고객.csv,Master,85.39,,,,,판매점소,CUSTOMER.csv,C:/projects/myproject/QDQM/DS_Input/Internal/CUSTOMER.csv,Master,82.0,92.13,판매점소,기업고객.csv,C:/projects/myproject/QDQM/DS_Input/Internal/기업고객.csv,Master,80.0,89.89,판매점소,택배_고객.csv,C:/projects/myproject/QDQM/DS_Input/Internal/택배_고객.csv,Master,76.0,85.39,,,,,,
C:/projects/myproject/QDQM/DS_Input/Internal/CONTRACT.csv,CONTRACT.csv,SALES_EMP,Master,0,,,1,1,기업고객.csv.판매원사번,기업고객.csv.판매원사번,,판매원사번,기업고객.csv,Master,75.25,,,,,,,,,,,,,판매원사번,기업고객.csv,C:/projects/myproject/QDQM/DS_Input/Internal/기업고객.csv,Master,748.0,75.25,,,,,,,,,,,,,,,,,,
C:/projects/myproject/QDQM/DS_Input/Internal/CONTRACT.csv,CONTRACT.csv,ZIP,Master,0,,우편번호3,1,0,우편번호3.csv.우편번호3,,,우편번호3,우편번호3.csv,Reference,65.23,,,,,,,,,,,,,우편번호3,우편번호3.csv,C:/projects/myproject/QDQM/DS_Input/Reference/우편번호3.csv,Reference,332.0,65.23,,,,,,,,,,,,,,,,,,
C:/projects/myproject/QDQM/DS_Input/Internal/CONTRACT.csv,CONTRACT.csv,ADDR,Master,0,,,0,0,,,,,,,,,,,,,,,,,,,,,,,,,,,,,,,,,,,,,,,,,,,
C:/projects/myproject/QDQM/DS_Input/Internal/CONTRACT.csv,CONTRACT.csv,RETURN_ZIP,Master,0,,우편번호3,1,0,우편번호3.csv.우편번호3,,,우편번호3,우편번호3.csv,Reference,65.23,,,,,,,,,,,,,우편번호3,우편번호3.csv,C:/projects/myproject/QDQM/DS_Input/Reference/우편번호3.csv,Reference,334.0,65.23,,,,,,,,,,,,,,,,,,
C:/projects/myproject/QDQM/DS_Input/Internal/CONTRACT.csv,CONTRACT.csv,RETURN_ADDR,Master,0,,,0,0,,,,,,,,,,,,,,,,,,,,,,,,,,,,,,,,,,,,,,,,,,,
C:/projects/myproject/QDQM/DS_Input/Internal/CONTRACT.csv,CONTRACT.csv,START_DATE,Master,0,,,0,0,,,,,,,,,,,,,,,,,,,,,,,,,,,,,,,,,,,,,,,,,,,
C:/projects/myproject/QDQM/DS_Input/Internal/CONTRACT.csv,CONTRACT.csv,END_DATE,Master,0,,,0,0,,,,,,,,,,,,,,,,,,,,,,,,,,,,,,,,,,,,,,,,,,,
C:/projects/myproject/QDQM/DS_Input/Internal/CONTRACT.csv,CONTRACT.csv,ORG_CODE,Master,0,FK,,3,3,ORGNIZATION.csv.조직코드 -> 택배_조직도.csv.조직코드 -> 배송점.csv.배송점코드,ORGNIZATION.csv.조직코드 -> 택배_조직도.csv.조직코드 -> 배송점.csv.배송점코드,,조직코드,ORGNIZATION.csv,Master,98.13,조직코드,택배_조직도.csv,Master,100.0,배송점코드,배송점.csv,Master,86.98,,,,,조직코드,ORGNIZATION.csv,C:/projects/myproject/QDQM/DS_Input/Internal/ORGNIZATION.csv,Master,1100.0,98.13,조직코드,택배_조직도.csv,C:/projects/myproject/QDQM/DS_Input/Internal/택배_조직도.csv,Master,1100.0,98.13,배송점코드,배송점.csv,C:/projects/myproject/QDQM/DS_Input/Internal/배송점.csv,Master,975.0,86.98,,,,,,
C:/projects/myproject/QDQM/DS_Input/Internal/CONTRACT.csv,CONTRACT.csv,EMP_NO,Master,0,,,0,0,,,,,,,,,,,,,,,,,,,,,,,,,,,,,,,,,,,,,,,,,,,
C:/projects/myproject/QDQM/DS_Input/Internal/CONTRACT.csv,CONTRACT.csv,REQUEST_ORG,Master,0,,,3,3,CONTRACT.csv.CORRECT_ORG -> 조직_수입관리.csv.OIO_ORG_COD -> 지점코드.csv.OIO_ORG_COD,CONTRACT.csv.CORRECT_ORG -> 조직_수입관리.csv.OIO_ORG_COD -> 지점코드.csv.OIO_ORG_COD,,CORRECT_ORG,CONTRACT.csv,Master,95.45,OIO_ORG_COD,조직_수입관리.csv,Master,91.82,OIO_ORG_COD,지점코드.csv,Master,91.82,,,,,CORRECT_ORG,CONTRACT.csv,C:/projects/myproject/QDQM/DS_Input/Internal/CONTRACT.csv,Master,105.0,95.45,OIO_ORG_COD,조직_수입관리.csv,C:/projects/myproject/QDQM/DS_Input/Internal/조직_수입관리.csv,Master,101.0,91.82,OIO_ORG_COD,지점코드.csv,C:/projects/myproject/QDQM/DS_Input/Internal/지점코드.csv,Master,101.0,91.82,,,,,,
C:/projects/myproject/QDQM/DS_Input/Internal/CONTRACT.csv,CONTRACT.csv,CORRECT_ORG,Master,0,,,3,3,CONTRACT.csv.REQUEST_ORG -> CUSTOMER.csv.수금점소 -> 기업고객.csv.수금점소,CONTRACT.csv.REQUEST_ORG -> CUSTOMER.csv.수금점소 -> 기업고객.csv.수금점소,,REQUEST_ORG,CONTRACT.csv,Master,95.45,수금점소,CUSTOMER.csv,Master,91.82,수금점소,기업고객.csv,Master,91.82,,,,,REQUEST_ORG,CONTRACT.csv,C:/projects/myproject/QDQM/DS_Input/Internal/CONTRACT.csv,Master,105.0,95.45,수금점소,CUSTOMER.csv,C:/projects/myproject/QDQM/DS_Input/Internal/CUSTOMER.csv,Master,101.0,91.82,수금점소,기업고객.csv,C:/projects/myproject/QDQM/DS_Input/Internal/기업고객.csv,Master,101.0,91.82,,,,,,
C:/projects/myproject/QDQM/DS_Input/Internal/CONTRACT.csv,CONTRACT.csv,COST_ORG,Master,0,,,3,3,사용자.csv.점소코드 -> Z사용자.csv.점소코드 -> Z사용자.csv.점소코드,사용자.csv.점소코드 -> Z사용자.csv.점소코드 -> Z사용자.csv.점소코드,,점소코드,사용자.csv,Master,97.92,점소코드,Z사용자.csv,Test,80.63,점소코드,Z사용자.csv,Test,93.75,,,,,점소코드,사용자.csv,C:/projects/myproject/QDQM/DS_Input/Internal/사용자.csv,Master,94.0,97.92,수입조직,CUSTOMER.csv,C:/projects/myproject/QDQM/DS_Input/Internal/CUSTOMER.csv,Master,90.0,93.75,점소코드,Z사용자.csv,C:/projects/myproject/QDQM/DS_Input/Test/Z사용자.csv,Test,90.0,93.75,,,,,,
C:/projects/myproject/QDQM/DS_Input/Internal/CONTRACT.csv,CONTRACT.csv,PAY_TYPE,Master,0,,,0,0,,,,,,,,,,,,,,,,,,,,,,,,,,,,,,,,,,,,,,,,,,,
C:/projects/myproject/QDQM/DS_Input/Internal/CONTRACT.csv,CONTRACT.csv,PRICE,Master,0,,,0,0,,,,,,,,,,,,,,,,,,,,,,,,,,,,,,,,,,,,,,,,,,,
C:/projects/myproject/QDQM/DS_Input/Internal/CONTRACT.csv,CONTRACT.csv,COMMISION,Master,0,,,0,0,,,,,,,,,,,,,,,,,,,,,,,,,,,,,,,,,,,,,,,,,,,
C:/projects/myproject/QDQM/DS_Input/Internal/CONTRACT.csv,CONTRACT.csv,DEVELOP_ORG,Master,0,,,3,3,CONTRACT.csv.ORG_CODE -> ORGNIZATION.csv.조직코드 -> 택배_조직도.csv.조직코드,CONTRACT.csv.ORG_CODE -> ORGNIZATION.csv.조직코드 -> 택배_조직도.csv.조직코드,,ORG_CODE,CONTRACT.csv,Master,99.54,조직코드,ORGNIZATION.csv,Master,98.13,조직코드,택배_조직도.csv,Master,100.0,,,,,ORG_CODE,CONTRACT.csv,C:/projects/myproject/QDQM/DS_Input/Internal/CONTRACT.csv,Master,431.0,99.54,조직코드,ORGNIZATION.csv,C:/projects/myproject/QDQM/DS_Input/Internal/ORGNIZATION.csv,Master,424.0,97.92,조직코드,택배_조직도.csv,C:/projects/myproject/QDQM/DS_Input/Internal/택배_조직도.csv,Master,424.0,97.92,,,,,,
C:/projects/myproject/QDQM/DS_Input/Internal/CONTRACT.csv,CONTRACT.csv,IMAGE,Master,0,,,0,0,,,,,,,,,,,,,,,,,,,,,,,,,,,,,,,,,,,,,,,,,,,
C:/projects/myproject/QDQM/DS_Input/Internal/CONTRACT.csv,CONTRACT.csv,GOOD_YN,Master,0,,,0,0,,,,,,,,,,,,,,,,,,,,,,,,,,,,,,,,,,,,,,,,,,,
C:/projects/myproject/QDQM/DS_Input/Internal/CONTRACT.csv,CONTRACT.csv,ENT_EMP,Master,0,,,2,2,기업고객.csv.최종변경자사번 -> CUSTOMER.csv.최종변경자사번,기업고객.csv.최종변경자사번 -> CUSTOMER.csv.최종변경자사번,,최종변경자사번,기업고객.csv,Master,75.46,최종변경자사번,CUSTOMER.csv,Master,77.8,,,,,,,,,최종변경자사번,기업고객.csv,C:/projects/myproject/QDQM/DS_Input/Internal/기업고객.csv,Master,206.0,75.46,,,,,,,,,,,,,,,,,,
C:/projects/myproject/QDQM/DS_Input/Internal/CONTRACT.csv,CONTRACT.csv,UPDATE_EMP,Master,0,,,0,0,,,,,,,,,,,,,,,,,,,,,,,,,,,,,,,,,,,,,,,,,,,
C:/projects/myproject/QDQM/DS_Input/Internal/CONTRACT.csv,CONTRACT.csv,ENT_DATE,Master,1,,,0,0,,,,,,,,,,,,,,,,,,,,,,,,,,,,,,,,,,,,,,,,,,,
C:/projects/myproject/QDQM/DS_Input/Internal/CUSTOMER.csv,CUSTOMER.csv,고객번호,Master,1,,,0,0,,,,,,,,,,,,,,,,,,,,,,,,,,,,,,,,,,,,,,,,,,,
C:/projects/myproject/QDQM/DS_Input/Internal/CUSTOMER.csv,CUSTOMER.csv,사업구분,Master,0,,,0,0,,,,,,,,,,,,,,,,,,,,,,,,,,,,,,,,,,,,,,,,,,,
C:/projects/myproject/QDQM/DS_Input/Internal/CUSTOMER.csv,CUSTOMER.csv,고객명,Master,0,,,1,1,기업고객.csv.기업고객명,기업고객.csv.기업고객명,,기업고객명,기업고객.csv,Master,95.96,,,,,,,,,,,,,기업고객명,기업고객.csv,C:/projects/myproject/QDQM/DS_Input/Internal/기업고객.csv,Master,6836.0,95.96,,,,,,,,,,,,,,,,,,
C:/projects/myproject/QDQM/DS_Input/Internal/CUSTOMER.csv,CUSTOMER.csv,영문고객명,Master,0,,,0,0,,,,,,,,,,,,,,,,,,,,,,,,,,,,,,,,,,,,,,,,,,,
C:/projects/myproject/QDQM/DS_Input/Internal/CUSTOMER.csv,CUSTOMER.csv,국가코드,Master,0,,,0,0,,,,,,,,,,,,,,,,,,,,,,,,,,,,,,,,,,,,,,,,,,,
C:/projects/myproject/QDQM/DS_Input/Internal/CUSTOMER.csv,CUSTOMER.csv,주민_사업자등록번호,Master,0,,유효사업자번호3,2,1,기업고객.csv.기업사업자등록번호 -> 사업자등록번호3.csv.유효사업자번호3,기업고객.csv.기업사업자등록번호,,기업사업자등록번호,기업고객.csv,Master,96.03,유효사업자번호3,사업자등록번호3.csv,Reference,77.07,,,,,,,,,기업사업자등록번호,기업고객.csv,C:/projects/myproject/QDQM/DS_Input/Internal/기업고객.csv,Master,6722.0,96.03,유효사업자번호3,사업자등록번호3.csv,C:/projects/myproject/QDQM/DS_Input/Reference/사업자등록번호3.csv,Reference,558.0,77.07,,,,,,,,,,,,
C:/projects/myproject/QDQM/DS_Input/Internal/CUSTOMER.csv,CUSTOMER.csv,우편번호,Master,0,,우편번호3,4,3,기업고객.csv.기업우편번호 -> CUSTOMER.csv.청구지우편번호 -> 기업고객.csv.청구지우편번호 -> 우편번호3.csv.우편번호3,기업고객.csv.기업우편번호 -> CUSTOMER.csv.청구지우편번호 -> 기업고객.csv.청구지우편번호,,기업우편번호,기업고객.csv,Master,93.75,청구지우편번호,CUSTOMER.csv,Master,87.15,청구지우편번호,기업고객.csv,Master,83.23,우편번호3,우편번호3.csv,Reference,75.0,기업우편번호,기업고객.csv,C:/projects/myproject/QDQM/DS_Input/Internal/기업고객.csv,Master,3014.0,93.75,청구지우편번호,CUSTOMER.csv,C:/projects/myproject/QDQM/DS_Input/Internal/CUSTOMER.csv,Master,2802.0,87.15,청구지우편번호,기업고객.csv,C:/projects/myproject/QDQM/DS_Input/Internal/기업고객.csv,Master,2676.0,83.23,우편번호3,우편번호3.csv,C:/projects/myproject/QDQM/DS_Input/Reference/우편번호3.csv,Reference,336.0,75.0
C:/projects/myproject/QDQM/DS_Input/Internal/CUSTOMER.csv,CUSTOMER.csv,주소,Master,0,,,0,0,,,,,,,,,,,,,,,,,,,,,,,,,,,,,,,,,,,,,,,,,,,
C:/projects/myproject/QDQM/DS_Input/Internal/CUSTOMER.csv,CUSTOMER.csv,청구부서,Master,0,,,3,3,기업고객.csv.청구부서 -> CUSTOMER.csv.담당부서 -> 기업고객.csv.담당부서,기업고객.csv.청구부서 -> CUSTOMER.csv.담당부서 -> 기업고객.csv.담당부서,,청구부서,기업고객.csv,Master,99.43,담당부서,CUSTOMER.csv,Master,89.52,담당부서,기업고객.csv,Master,89.24,,,,,청구부서,기업고객.csv,C:/projects/myproject/QDQM/DS_Input/Internal/기업고객.csv,Master,351.0,99.43,담당부서,CUSTOMER.csv,C:/projects/myproject/QDQM/DS_Input/Internal/CUSTOMER.csv,Master,316.0,89.52,담당부서,기업고객.csv,C:/projects/myproject/QDQM/DS_Input/Internal/기업고객.csv,Master,315.0,89.24,,,,,,
C:/projects/myproject/QDQM/DS_Input/Internal/CUSTOMER.csv,CUSTOMER.csv,청구지우편번호,Master,0,,우편번호3,4,3,기업고객.csv.청구지우편번호 -> CUSTOMER.csv.우편번호 -> 기업고객.csv.기업우편번호 -> 우편번호3.csv.우편번호3,기업고객.csv.청구지우편번호 -> CUSTOMER.csv.우편번호 -> 기업고객.csv.기업우편번호,,청구지우편번호,기업고객.csv,Master,88.73,우편번호,CUSTOMER.csv,Master,77.6,기업우편번호,기업고객.csv,Master,74.19,우편번호3,우편번호3.csv,Reference,76.33,청구지우편번호,기업고객.csv,C:/projects/myproject/QDQM/DS_Input/Internal/기업고객.csv,Master,3204.0,88.73,우편번호,CUSTOMER.csv,C:/projects/myproject/QDQM/DS_Input/Internal/CUSTOMER.csv,Master,2802.0,77.6,기업우편번호,기업고객.csv,C:/projects/myproject/QDQM/DS_Input/Internal/기업고객.csv,Master,2679.0,74.19,우편번호3,우편번호3.csv,C:/projects/myproject/QDQM/DS_Input/Reference/우편번호3.csv,Reference,358.0,76.33
C:/projects/myproject/QDQM/DS_Input/Internal/CUSTOMER.csv,CUSTOMER.csv,청구지주소,Master,0,,,0,0,,,,,,,,,,,,,,,,,,,,,,,,,,,,,,,,,,,,,,,,,,,
C:/projects/myproject/QDQM/DS_Input/Internal/CUSTOMER.csv,CUSTOMER.csv,판매일,Master,0,,,3,3,기업고객.csv.판매일 -> CONTRACT.csv.CONTRACT_DATE -> 사원마스터.csv.근무시작일자,기업고객.csv.판매일 -> CONTRACT.csv.CONTRACT_DATE -> 사원마스터.csv.근무시작일자,,판매일,기업고객.csv,Master,96.56,CONTRACT_DATE,CONTRACT.csv,Master,65.97,근무시작일자,사원마스터.csv,Master,64.87,,,,,판매일,기업고객.csv,C:/projects/myproject/QDQM/DS_Input/Internal/기업고객.csv,Master,3700.0,96.56,CONTRACT_DATE,CONTRACT.csv,C:/projects/myproject/QDQM/DS_Input/Internal/CONTRACT.csv,Master,2528.0,65.97,근무시작일자,사원마스터.csv,C:/projects/myproject/QDQM/DS_Input/Internal/사원마스터.csv,Master,2486.0,64.87,,,,,,
C:/projects/myproject/QDQM/DS_Input/Internal/CUSTOMER.csv,CUSTOMER.csv,판매점소,Master,0,,,3,3,기업고객.csv.판매점소 -> CONTRACT.csv.CONTRACT_ORG_CD -> 택배_고객.csv.판매점소,기업고객.csv.판매점소 -> CONTRACT.csv.CONTRACT_ORG_CD -> 택배_고객.csv.판매점소,,판매점소,기업고객.csv,Master,96.77,CONTRACT_ORG_CD,CONTRACT.csv,Master,88.17,판매점소,택배_고객.csv,Master,82.8,,,,,판매점소,기업고객.csv,C:/projects/myproject/QDQM/DS_Input/Internal/기업고객.csv,Master,90.0,96.77,CONTRACT_ORG_CD,CONTRACT.csv,C:/projects/myproject/QDQM/DS_Input/Internal/CONTRACT.csv,Master,82.0,88.17,판매점소,택배_고객.csv,C:/projects/myproject/QDQM/DS_Input/Internal/택배_고객.csv,Master,77.0,82.8,,,,,,
C:/projects/myproject/QDQM/DS_Input/Internal/CUSTOMER.csv,CUSTOMER.csv,판매원사번,Master,0,,,2,2,기업고객.csv.판매원사번 -> CONTRACT.csv.SALES_EMP,기업고객.csv.판매원사번 -> CONTRACT.csv.SALES_EMP,,판매원사번,기업고객.csv,Master,68.46,SALES_EMP,CONTRACT.csv,Master,79.91,,,,,,,,,판매원사번,기업고객.csv,C:/projects/myproject/QDQM/DS_Input/Internal/기업고객.csv,Master,686.0,68.46,,,,,,,,,,,,,,,,,,
C:/projects/myproject/QDQM/DS_Input/Internal/CUSTOMER.csv,CUSTOMER.csv,담당부서,Master,0,,,1,1,기업고객.csv.담당부서,기업고객.csv.담당부서,,담당부서,기업고객.csv,Master,99.87,,,,,,,,,,,,,담당부서,기업고객.csv,C:/projects/myproject/QDQM/DS_Input/Internal/기업고객.csv,Master,794.0,99.87,,,,,,,,,,,,,,,,,,
C:/projects/myproject/QDQM/DS_Input/Internal/CUSTOMER.csv,CUSTOMER.csv,집하지우편번호,Master,0,,우편번호3,2,1,기업고객.csv.집하지우편번호 -> 우편번호3.csv.우편번호3,기업고객.csv.집하지우편번호,,집하지우편번호,기업고객.csv,Master,91.33,우편번호3,우편번호3.csv,Reference,77.35,,,,,,,,,집하지우편번호,기업고객.csv,C:/projects/myproject/QDQM/DS_Input/Internal/기업고객.csv,Master,4085.0,91.33,우편번호3,우편번호3.csv,C:/projects/myproject/QDQM/DS_Input/Reference/우편번호3.csv,Reference,379.0,77.35,,,,,,,,,,,,
C:/projects/myproject/QDQM/DS_Input/Internal/CUSTOMER.csv,CUSTOMER.csv,집하지대번지,Master,0,,,0,0,,,,,,,,,,,,,,,,,,,,,,,,,,,,,,,,,,,,,,,,,,,
C:/projects/myproject/QDQM/DS_Input/Internal/CUSTOMER.csv,CUSTOMER.csv,집하지소번지,Master,0,,,1,1,CUSTOMER.csv.집하지대번지,CUSTOMER.csv.집하지대번지,,집하지대번지,CUSTOMER.csv,Master,75.37,,,,,,,,,,,,,집하지대번지,CUSTOMER.csv,C:/projects/myproject/QDQM/DS_Input/Internal/CUSTOMER.csv,Master,153.0,75.37,,,,,,,,,,,,,,,,,,
C:/projects/myproject/QDQM/DS_Input/Internal/CUSTOMER.csv,CUSTOMER.csv,집하지주소,Master,0,,,0,0,,,,,,,,,,,,,,,,,,,,,,,,,,,,,,,,,,,,,,,,,,,
C:/projects/myproject/QDQM/DS_Input/Internal/CUSTOMER.csv,CUSTOMER.csv,1ST_STREET,Master,0,,,0,0,,,,,,,,,,,,,,,,,,,,,,,,,,,,,,,,,,,,,,,,,,,
C:/projects/myproject/QDQM/DS_Input/Internal/CUSTOMER.csv,CUSTOMER.csv,계약기간종료일,Master,0,,,1,1,기업고객.csv.계약기간종료일,기업고객.csv.계약기간종료일,,계약기간종료일,기업고객.csv,Master,99.03,,,,,,,,,,,,,계약기간종료일,기업고객.csv,C:/projects/myproject/QDQM/DS_Input/Internal/기업고객.csv,Master,3677.0,99.03,,,,,,,,,,,,,,,,,,
C:/projects/myproject/QDQM/DS_Input/Internal/CUSTOMER.csv,CUSTOMER.csv,청구점소,Master,0,,,3,3,기업고객.csv.청구점소 -> CUSTOMER.csv.수금점소 -> 기업고객.csv.수금점소,기업고객.csv.청구점소 -> CUSTOMER.csv.수금점소 -> 기업고객.csv.수금점소,,청구점소,기업고객.csv,Master,100.0,수금점소,CUSTOMER.csv,Master,95.41,수금점소,기업고객.csv,Master,95.41,,,,,청구점소,기업고객.csv,C:/projects/myproject/QDQM/DS_Input/Internal/기업고객.csv,Master,109.0,100.0,수금점소,CUSTOMER.csv,C:/projects/myproject/QDQM/DS_Input/Internal/CUSTOMER.csv,Master,104.0,95.41,수금점소,기업고객.csv,C:/projects/myproject/QDQM/DS_Input/Internal/기업고객.csv,Master,104.0,95.41,,,,,,
C:/projects/myproject/QDQM/DS_Input/Internal/CUSTOMER.csv,CUSTOMER.csv,수금점소,Master,0,,,3,3,기업고객.csv.수금점소 -> CUSTOMER.csv.청구점소 -> 기업고객.csv.청구점소,기업고객.csv.수금점소 -> CUSTOMER.csv.청구점소 -> 기업고객.csv.청구점소,,수금점소,기업고객.csv,Master,99.13,청구점소,CUSTOMER.csv,Master,90.43,청구점소,기업고객.csv,Master,90.43,,,,,수금점소,기업고객.csv,C:/projects/myproject/QDQM/DS_Input/Internal/기업고객.csv,Master,114.0,99.13,청구점소,CUSTOMER.csv,C:/projects/myproject/QDQM/DS_Input/Internal/CUSTOMER.csv,Master,104.0,90.43,청구점소,기업고객.csv,C:/projects/myproject/QDQM/DS_Input/Internal/기업고객.csv,Master,104.0,90.43,,,,,,
C:/projects/myproject/QDQM/DS_Input/Internal/CUSTOMER.csv,CUSTOMER.csv,최종수정일시,Master,0,,,3,3,기업고객.csv.최종수정일시 -> 고객마스터.csv.등록일시 -> 고객마스터.csv.최종사원업데이트일시,기업고객.csv.최종수정일시 -> 고객마스터.csv.등록일시 -> 고객마스터.csv.최종사원업데이트일시,,최종수정일시,기업고객.csv,Master,92.57,등록일시,고객마스터.csv,Master,88.51,최종사원업데이트일시,고객마스터.csv,Master,76.82,,,,,최종수정일시,기업고객.csv,C:/projects/myproject/QDQM/DS_Input/Internal/기업고객.csv,Master,1845.0,92.57,등록일시,고객마스터.csv,C:/projects/myproject/QDQM/DS_Input/Internal/고객마스터.csv,Master,1764.0,88.51,최종사원업데이트일시,고객마스터.csv,C:/projects/myproject/QDQM/DS_Input/Internal/고객마스터.csv,Master,1531.0,76.82,,,,,,
C:/projects/myproject/QDQM/DS_Input/Internal/CUSTOMER.csv,CUSTOMER.csv,최종변경자사번,Master,0,,,1,1,기업고객.csv.최종변경자사번,기업고객.csv.최종변경자사번,,최종변경자사번,기업고객.csv,Master,74.46,,,,,,,,,,,,,최종변경자사번,기업고객.csv,C:/projects/myproject/QDQM/DS_Input/Internal/기업고객.csv,Master,347.0,74.46,,,,,,,,,,,,,,,,,,
C:/projects/myproject/QDQM/DS_Input/Internal/CUSTOMER.csv,CUSTOMER.csv,집하점소,Master,0,FK,,3,3,ORGNIZATION.csv.조직코드 -> 택배_조직도.csv.조직코드 -> 기업고객.csv.집하점소,ORGNIZATION.csv.조직코드 -> 택배_조직도.csv.조직코드 -> 기업고객.csv.집하점소,,조직코드,ORGNIZATION.csv,Master,99.11,조직코드,택배_조직도.csv,Master,100.0,집하점소,기업고객.csv,Master,95.12,,,,,조직코드,ORGNIZATION.csv,C:/projects/myproject/QDQM/DS_Input/Internal/ORGNIZATION.csv,Master,1118.0,99.11,조직코드,택배_조직도.csv,C:/projects/myproject/QDQM/DS_Input/Internal/택배_조직도.csv,Master,1118.0,99.11,집하점소,기업고객.csv,C:/projects/myproject/QDQM/DS_Input/Internal/기업고객.csv,Master,1073.0,95.12,,,,,,
C:/projects/myproject/QDQM/DS_Input/Internal/CUSTOMER.csv,CUSTOMER.csv,수입조직,Master,0,,,3,3,기업고객.csv.수입조직 -> 사용자.csv.점소코드 -> Z사용자.csv.점소코드,기업고객.csv.수입조직 -> 사용자.csv.점소코드 -> Z사용자.csv.점소코드,,수입조직,기업고객.csv,Master,98.97,점소코드,사용자.csv,Master,96.91,점소코드,Z사용자.csv,Test,94.85,,,,,수입조직,기업고객.csv,C:/projects/myproject/QDQM/DS_Input/Internal/기업고객.csv,Master,96.0,98.97,점소코드,사용자.csv,C:/projects/myproject/QDQM/DS_Input/Internal/사용자.csv,Master,94.0,96.91,점소코드,Z사용자.csv,C:/projects/myproject/QDQM/DS_Input/Test/Z사용자.csv,Test,92.0,94.85,,,,,,
C:/projects/myproject/QDQM/DS_Input/Internal/CUSTOMER.csv,CUSTOMER.csv,법인번호,Master,0,,,1,1,기업고객.csv.기업법인번호,기업고객.csv.기업법인번호,,기업법인번호,기업고객.csv,Master,99.34,,,,,,,,,,,,,기업법인번호,기업고객.csv,C:/projects/myproject/QDQM/DS_Input/Internal/기업고객.csv,Master,151.0,99.34,,,,,,,,,,,,,,,,,,
C:/projects/myproject/QDQM/DS_Input/Internal/ORGNIZATION.csv,ORGNIZATION.csv,조직코드,Master,1,FK,,1,1,택배_조직도.csv.조직코드,택배_조직도.csv.조직코드,,조직코드,택배_조직도.csv,Master,100.0,,,,,,,,,,,,,조직코드,택배_조직도.csv,C:/projects/myproject/QDQM/DS_Input/Internal/택배_조직도.csv,Master,3836.0,100.0,,,,,,,,,,,,,,,,,,
C:/projects/myproject/QDQM/DS_Input/Internal/ORGNIZATION.csv,ORGNIZATION.csv,상위조직코드,Master,0,,,3,3,택배_조직도.csv.상위조직코드 -> ORGNIZATION.csv.조직코드 -> 택배_조직도.csv.조직코드,택배_조직도.csv.상위조직코드 -> ORGNIZATION.csv.조직코드 -> 택배_조직도.csv.조직코드,,상위조직코드,택배_조직도.csv,Master,100.0,조직코드,ORGNIZATION.csv,Master,98.24,조직코드,택배_조직도.csv,Master,98.24,,,,,상위조직코드,택배_조직도.csv,C:/projects/myproject/QDQM/DS_Input/Internal/택배_조직도.csv,Master,626.0,100.0,조직코드,ORGNIZATION.csv,C:/projects/myproject/QDQM/DS_Input/Internal/ORGNIZATION.csv,Master,615.0,98.24,조직코드,택배_조직도.csv,C:/projects/myproject/QDQM/DS_Input/Internal/택배_조직도.csv,Master,615.0,98.24,,,,,,
C:/projects/myproject/QDQM/DS_Input/Internal/ORGNIZATION.csv,ORGNIZATION.csv,조직명,Master,0,,,2,2,택배_조직도.csv.조직명 -> 배송점.csv.배송점명,택배_조직도.csv.조직명 -> 배송점.csv.배송점명,,조직명,택배_조직도.csv,Master,100.0,배송점명,배송점.csv,Master,67.61,,,,,,,,,조직명,택배_조직도.csv,C:/projects/myproject/QDQM/DS_Input/Internal/택배_조직도.csv,Master,3643.0,100.0,배송점명,배송점.csv,C:/projects/myproject/QDQM/DS_Input/Internal/배송점.csv,Master,2463.0,67.61,,,,,,,,,,,,
C:/projects/myproject/QDQM/DS_Input/Internal/ORGNIZATION.csv,ORGNIZATION.csv,조직구분코드,Master,0,,,1,1,택배_조직도.csv.조직구분코드,택배_조직도.csv.조직구분코드,,조직구분코드,택배_조직도.csv,Master,100.0,,,,,,,,,,,,,조직구분코드,택배_조직도.csv,C:/projects/myproject/QDQM/DS_Input/Internal/택배_조직도.csv,Master,15.0,100.0,,,,,,,,,,,,,,,,,,
C:/projects/myproject/QDQM/DS_Input/Internal/ORGNIZATION.csv,ORGNIZATION.csv,조직관리유형코드,Master,0,,,0,0,,,,,,,,,,,,,,,,,,,,,,,,,,,,,,,,,,,,,,,,,,,
C:/projects/myproject/QDQM/DS_Input/Internal/ORGNIZATION.csv,ORGNIZATION.csv,조직권역구분코드,Master,0,,,0,0,,,,,,,,,,,,,,,,,,,,,,,,,,,,,,,,,,,,,,,,,,,
C:/projects/myproject/QDQM/DS_Input/Internal/ORGNIZATION.csv,ORGNIZATION.csv,조직계약시작일자,Master,0,,,3,3,택배_조직도.csv.조직계약시작일자 -> 사원마스터.csv.근무시작일자 -> 사원기본.csv.시근일자,택배_조직도.csv.조직계약시작일자 -> 사원마스터.csv.근무시작일자 -> 사원기본.csv.시근일자,,조직계약시작일자,택배_조직도.csv,Master,100.0,근무시작일자,사원마스터.csv,Master,77.95,시근일자,사원기본.csv,Master,72.31,,,,,조직계약시작일자,택배_조직도.csv,C:/projects/myproject/QDQM/DS_Input/Internal/택배_조직도.csv,Master,567.0,100.0,근무시작일자,사원마스터.csv,C:/projects/myproject/QDQM/DS_Input/Internal/사원마스터.csv,Master,442.0,77.95,시근일자,사원기본.csv,C:/projects/myproject/QDQM/DS_Input/Internal/사원기본.csv,Master,410.0,72.31,,,,,,
C:/projects/myproject/QDQM/DS_Input/Internal/ORGNIZATION.csv,ORGNIZATION.csv,조직계약종료일자,Master,0,,,3,3,택배_조직도.csv.조직계약종료일자 -> 배송점.csv.조직계약종료일자 -> CUSTOMER.csv.계약기간종료일,택배_조직도.csv.조직계약종료일자 -> 배송점.csv.조직계약종료일자 -> CUSTOMER.csv.계약기간종료일,,조직계약종료일자,택배_조직도.csv,Master,100.0,조직계약종료일자,배송점.csv,Master,91.82,계약기간종료일,CUSTOMER.csv,Master,84.55,,,,,조직계약종료일자,택배_조직도.csv,C:/projects/myproject/QDQM/DS_Input/Internal/택배_조직도.csv,Master,110.0,100.0,조직계약종료일자,배송점.csv,C:/projects/myproject/QDQM/DS_Input/Internal/배송점.csv,Master,101.0,91.82,계약기간종료일,CUSTOMER.csv,C:/projects/myproject/QDQM/DS_Input/Internal/CUSTOMER.csv,Master,93.0,84.55,,,,,,
C:/projects/myproject/QDQM/DS_Input/Internal/ORGNIZATION.csv,ORGNIZATION.csv,조직폐쇄일자,Master,0,,,3,3,택배_조직도.csv.조직폐쇄일자 -> 배송점.csv.조직폐쇄일자 -> 사원마스터.csv.근무시작일자,택배_조직도.csv.조직폐쇄일자 -> 배송점.csv.조직폐쇄일자 -> 사원마스터.csv.근무시작일자,,조직폐쇄일자,택배_조직도.csv,Master,100.0,조직폐쇄일자,배송점.csv,Master,82.09,근무시작일자,사원마스터.csv,Master,68.16,,,,,조직폐쇄일자,택배_조직도.csv,C:/projects/myproject/QDQM/DS_Input/Internal/택배_조직도.csv,Master,201.0,100.0,조직폐쇄일자,배송점.csv,C:/projects/myproject/QDQM/DS_Input/Internal/배송점.csv,Master,165.0,82.09,근무시작일자,사원마스터.csv,C:/projects/myproject/QDQM/DS_Input/Internal/사원마스터.csv,Master,137.0,68.16,,,,,,
C:/projects/myproject/QDQM/DS_Input/Internal/ORGNIZATION.csv,ORGNIZATION.csv,영문조직명,Master,0,,,0,0,,,,,,,,,,,,,,,,,,,,,,,,,,,,,,,,,,,,,,,,,,,
C:/projects/myproject/QDQM/DS_Input/Internal/ORGNIZATION.csv,ORGNIZATION.csv,팩스번호,Master,0,,,2,2,택배_조직도.csv.팩스번호 -> 배송점.csv.팩스번호,택배_조직도.csv.팩스번호 -> 배송점.csv.팩스번호,,팩스번호,택배_조직도.csv,Master,100.0,팩스번호,배송점.csv,Master,76.18,,,,,,,,,팩스번호,택배_조직도.csv,C:/projects/myproject/QDQM/DS_Input/Internal/택배_조직도.csv,Master,680.0,100.0,팩스번호,배송점.csv,C:/projects/myproject/QDQM/DS_Input/Internal/배송점.csv,Master,518.0,76.18,,,,,,,,,,,,
C:/projects/myproject/QDQM/DS_Input/Internal/ORGNIZATION.csv,ORGNIZATION.csv,우편번호,Master,0,,우편번호3,3,2,택배_조직도.csv.우편번호 -> 배송점.csv.우편번호 -> 우편번호3.csv.우편번호3,택배_조직도.csv.우편번호 -> 배송점.csv.우편번호,,우편번호,택배_조직도.csv,Master,100.0,우편번호,배송점.csv,Master,86.68,우편번호3,우편번호3.csv,Reference,78.23,,,,,우편번호,택배_조직도.csv,C:/projects/myproject/QDQM/DS_Input/Internal/택배_조직도.csv,Master,1547.0,100.0,우편번호,배송점.csv,C:/projects/myproject/QDQM/DS_Input/Internal/배송점.csv,Master,1341.0,86.68,우편번호3,우편번호3.csv,C:/projects/myproject/QDQM/DS_Input/Reference/우편번호3.csv,Reference,345.0,78.23,,,,,,
C:/projects/myproject/QDQM/DS_Input/Internal/ORGNIZATION.csv,ORGNIZATION.csv,기본주소,Master,0,,,0,0,,,,,,,,,,,,,,,,,,,,,,,,,,,,,,,,,,,,,,,,,,,
C:/projects/myproject/QDQM/DS_Input/Internal/ORGNIZATION.csv,ORGNIZATION.csv,수입조직코드,Master,0,,,3,3,택배_조직도.csv.수입조직코드 -> 조직_수입관리.csv.OIO_ORG_COD -> 지점코드.csv.OIO_ORG_COD,택배_조직도.csv.수입조직코드 -> 조직_수입관리.csv.OIO_ORG_COD -> 지점코드.csv.OIO_ORG_COD,,수입조직코드,택배_조직도.csv,Master,100.0,OIO_ORG_COD,조직_수입관리.csv,Master,96.43,OIO_ORG_COD,지점코드.csv,Master,96.43,,,,,수입조직코드,택배_조직도.csv,C:/projects/myproject/QDQM/DS_Input/Internal/택배_조직도.csv,Master,84.0,100.0,OIO_ORG_COD,조직_수입관리.csv,C:/projects/myproject/QDQM/DS_Input/Internal/조직_수입관리.csv,Master,81.0,96.43,OIO_ORG_COD,지점코드.csv,C:/projects/myproject/QDQM/DS_Input/Internal/지점코드.csv,Master,81.0,96.43,,,,,,
C:/projects/myproject/QDQM/DS_Input/Internal/ORGNIZATION.csv,ORGNIZATION.csv,수입신규조직코드,Master,0,,,3,3,택배_조직도.csv.수입신규조직코드 -> 사용자.csv.점소코드 -> 조직_수입관리.csv.OIO_ORG_NCD,택배_조직도.csv.수입신규조직코드 -> 사용자.csv.점소코드 -> 조직_수입관리.csv.OIO_ORG_NCD,,수입신규조직코드,택배_조직도.csv,Master,100.0,점소코드,사용자.csv,Master,96.43,OIO_ORG_NCD,조직_수입관리.csv,Master,95.24,,,,,수입신규조직코드,택배_조직도.csv,C:/projects/myproject/QDQM/DS_Input/Internal/택배_조직도.csv,Master,84.0,100.0,점소코드,사용자.csv,C:/projects/myproject/QDQM/DS_Input/Internal/사용자.csv,Master,81.0,96.43,OIO_ORG_NCD,조직_수입관리.csv,C:/projects/myproject/QDQM/DS_Input/Internal/조직_수입관리.csv,Master,80.0,95.24,,,,,,
C:/projects/myproject/QDQM/DS_Input/Internal/ORGNIZATION.csv,ORGNIZATION.csv,좌표구분코드,Master,0,,,0,0,,,,,,,,,,,,,,,,,,,,,,,,,,,,,,,,,,,,,,,,,,,
C:/projects/myproject/QDQM/DS_Input/Internal/ORGNIZATION.csv,ORGNIZATION.csv,X좌표,Master,0,,,1,1,택배_조직도.csv.X좌표,택배_조직도.csv.X좌표,,X좌표,택배_조직도.csv,Master,100.0,,,,,,,,,,,,,X좌표,택배_조직도.csv,C:/projects/myproject/QDQM/DS_Input/Internal/택배_조직도.csv,Master,758.0,100.0,,,,,,,,,,,,,,,,,,
C:/projects/myproject/QDQM/DS_Input/Internal/ORGNIZATION.csv,ORGNIZATION.csv,Y좌표,Master,0,,,1,1,택배_조직도.csv.Y좌표,택배_조직도.csv.Y좌표,,Y좌표,택배_조직도.csv,Master,100.0,,,,,,,,,,,,,Y좌표,택배_조직도.csv,C:/projects/myproject/QDQM/DS_Input/Internal/택배_조직도.csv,Master,754.0,100.0,,,,,,,,,,,,,,,,,,
C:/projects/myproject/QDQM/DS_Input/Internal/ORGNIZATION.csv,ORGNIZATION.csv,사업자등록번호,Master,0,,유효사업자번호3,4,3,택배_조직도.csv.사업자등록번호 -> 배송점.csv.사업자등록번호 -> PRM계약.csv.사업자번호 -> 사업자등록번호3.csv.유효사업자번호3,택배_조직도.csv.사업자등록번호 -> 배송점.csv.사업자등록번호 -> PRM계약.csv.사업자번호,,사업자등록번호,택배_조직도.csv,Master,100.0,사업자등록번호,배송점.csv,Master,94.46,사업자번호,PRM계약.csv,Master,61.22,유효사업자번호3,사업자등록번호3.csv,Reference,80.65,사업자등록번호,택배_조직도.csv,C:/projects/myproject/QDQM/DS_Input/Internal/택배_조직도.csv,Master,1444.0,100.0,사업자등록번호,배송점.csv,C:/projects/myproject/QDQM/DS_Input/Internal/배송점.csv,Master,1364.0,94.46,사업자번호,PRM계약.csv,C:/projects/myproject/QDQM/DS_Input/Internal/PRM계약.csv,Master,884.0,61.22,유효사업자번호3,사업자등록번호3.csv,C:/projects/myproject/QDQM/DS_Input/Reference/사업자등록번호3.csv,Reference,396.0,80.65
C:/projects/myproject/QDQM/DS_Input/Internal/ORGNIZATION.csv,ORGNIZATION.csv,최수정일시,Master,0,,,2,2,고객마스터.csv.등록일시 -> 고객마스터.csv.최종사원업데이트일시,고객마스터.csv.등록일시 -> 고객마스터.csv.최종사원업데이트일시,,등록일시,고객마스터.csv,Master,88.51,최종사원업데이트일시,고객마스터.csv,Master,76.02,,,,,,,,,등록일시,고객마스터.csv,C:/projects/myproject/QDQM/DS_Input/Internal/고객마스터.csv,Master,809.0,88.51,최종사원업데이트일시,고객마스터.csv,C:/projects/myproject/QDQM/DS_Input/Internal/고객마스터.csv,Master,684.0,74.84,,,,,,,,,,,,
C:/projects/myproject/QDQM/DS_Input/Internal/ORGNIZATION.csv,ORGNIZATION.csv,최종수정자,Master,0,,,3,3,택배_조직도.csv.최종업데이트사원번호 -> 배송점.csv.최종수정자 -> 사용자.csv.사원번호,택배_조직도.csv.최종업데이트사원번호 -> 배송점.csv.최종수정자 -> 사용자.csv.사원번호,,최종업데이트사원번호,택배_조직도.csv,Master,100.0,최종수정자,배송점.csv,Master,80.71,사원번호,사용자.csv,Master,75.56,,,,,최종업데이트사원번호,택배_조직도.csv,C:/projects/myproject/QDQM/DS_Input/Internal/택배_조직도.csv,Master,311.0,100.0,최종수정자,배송점.csv,C:/projects/myproject/QDQM/DS_Input/Internal/배송점.csv,Master,251.0,80.71,사원번호,사용자.csv,C:/projects/myproject/QDQM/DS_Input/Internal/사용자.csv,Master,235.0,75.56,,,,,,
C:/projects/myproject/QDQM/DS_Input/Internal/PII샘플데이터.csv,PII샘플데이터.csv,고객명,Master,0,,,0,0,,,,,,,,,,,,,,,,,,,,,,,,,,,,,,,,,,,,,,,,,,,
C:/projects/myproject/QDQM/DS_Input/Internal/PII샘플데이터.csv,PII샘플데이터.csv,Gender,Master,0,,,0,0,,,,,,,,,,,,,,,,,,,,,,,,,,,,,,,,,,,,,,,,,,,
C:/projects/myproject/QDQM/DS_Input/Internal/PII샘플데이터.csv,PII샘플데이터.csv,나이,Master,0,,전화국가번호,4,3,CUSTOMER.csv.집하지대번지 -> Z검증용데이터.csv.수량 -> CUSTOMER.csv.집하지소번지 -> 전화국가번호.csv.전화국가번호,CUSTOMER.csv.집하지대번지 -> Z검증용데이터.csv.수량 -> CUSTOMER.csv.집하지소번지,,집하지대번지,CUSTOMER.csv,Master,100.0,수량,Z검증용데이터.csv,Test,88.24,집하지소번지,CUSTOMER.csv,Master,76.47,전화국가번호,전화국가번호.csv,Reference,64.71,집하지대번지,CUSTOMER.csv,C:/projects/myproject/QDQM/DS_Input/Internal/CUSTOMER.csv,Master,17.0,100.0,수량,Z검증용데이터.csv,C:/projects/myproject/QDQM/DS_Input/Test/Z검증용데이터.csv,Test,15.0,88.24,집하지소번지,CUSTOMER.csv,C:/projects/myproject/QDQM/DS_Input/Internal/CUSTOMER.csv,Master,13.0,76.47,전화국가번호,전화국가번호.csv,C:/projects/myproject/QDQM/DS_Input/Reference/전화국가번호.csv,Reference,11.0,64.71
C:/projects/myproject/QDQM/DS_Input/Internal/PII샘플데이터.csv,PII샘플데이터.csv,고객주소,Master,0,,,0,0,,,,,,,,,,,,,,,,,,,,,,,,,,,,,,,,,,,,,,,,,,,
C:/projects/myproject/QDQM/DS_Input/Internal/PII샘플데이터.csv,PII샘플데이터.csv,휴대전화번호,Master,0,,,0,0,,,,,,,,,,,,,,,,,,,,,,,,,,,,,,,,,,,,,,,,,,,
C:/projects/myproject/QDQM/DS_Input/Internal/PII샘플데이터.csv,PII샘플데이터.csv,Email,Master,1,,,0,0,,,,,,,,,,,,,,,,,,,,,,,,,,,,,,,,,,,,,,,,,,,
C:/projects/myproject/QDQM/DS_Input/Internal/PII샘플데이터.csv,PII샘플데이터.csv,Tel,Master,1,,,0,0,,,,,,,,,,,,,,,,,,,,,,,,,,,,,,,,,,,,,,,,,,,
C:/projects/myproject/QDQM/DS_Input/Internal/PII샘플데이터.csv,PII샘플데이터.csv,여권번호 (Passport No.),Master,1,,,0,0,,,,,,,,,,,,,,,,,,,,,,,,,,,,,,,,,,,,,,,,,,,
C:/projects/myproject/QDQM/DS_Input/Internal/PII샘플데이터.csv,PII샘플데이터.csv,유형,Master,0,,,0,0,,,,,,,,,,,,,,,,,,,,,,,,,,,,,,,,,,,,,,,,,,,
C:/projects/myproject/QDQM/DS_Input/Internal/PII샘플데이터.csv,PII샘플데이터.csv,지역,Master,0,,시도명,2,1,university_code_2.csv.시도 -> 시도명.csv.시도명,university_code_2.csv.시도,,시도,university_code_2.csv,Master,100.0,시도명,시도명.csv,Reference,93.33,,,,,,,,,시도,university_code_2.csv,C:/projects/myproject/QDQM/DS_Input/Internal/university_code_2.csv,Master,15.0,100.0,시도명,시도명.csv,C:/projects/myproject/QDQM/DS_Input/Reference/시도명.csv,Reference,14.0,93.33,,,,,,,,,,,,
C:/projects/myproject/QDQM/DS_Input/Internal/PII샘플데이터.csv,PII샘플데이터.csv,외국인등록번호 (ALRN),Master,1,,,0,0,,,,,,,,,,,,,,,,,,,,,,,,,,,,,,,,,,,,,,,,,,,
C:/projects/myproject/QDQM/DS_Input/Internal/PII샘플데이터.csv,PII샘플데이터.csv,성별/연대,Master,0,,,0,0,,,,,,,,,,,,,,,,,,,,,,,,,,,,,,,,,,,,,,,,,,,
C:/projects/myproject/QDQM/DS_Input/Internal/PII샘플데이터.csv,PII샘플데이터.csv,구분,Master,0,,,0,0,,,,,,,,,,,,,,,,,,,,,,,,,,,,,,,,,,,,,,,,,,,
C:/projects/myproject/QDQM/DS_Input/Internal/PII샘플데이터.csv,PII샘플데이터.csv,기타샘플데이터,Master,0,,,0,0,,,,,,,,,,,,,,,,,,,,,,,,,,,,,,,,,,,,,,,,,,,
C:/projects/myproject/QDQM/DS_Input/Internal/PII샘플데이터.csv,PII샘플데이터.csv,카드번호 (Card No.),Master,1,,,0,0,,,,,,,,,,,,,,,,,,,,,,,,,,,,,,,,,,,,,,,,,,,
C:/projects/myproject/QDQM/DS_Input/Internal/PII샘플데이터.csv,PII샘플데이터.csv,카드브랜드,Master,0,,,0,0,,,,,,,,,,,,,,,,,,,,,,,,,,,,,,,,,,,,,,,,,,,
C:/projects/myproject/QDQM/DS_Input/Internal/PII샘플데이터.csv,PII샘플데이터.csv,계좌번호 (Account),Master,1,,,0,0,,,,,,,,,,,,,,,,,,,,,,,,,,,,,,,,,,,,,,,,,,,
C:/projects/myproject/QDQM/DS_Input/Internal/PII샘플데이터.csv,PII샘플데이터.csv,Bank,Master,0,,,0,0,,,,,,,,,,,,,,,,,,,,,,,,,,,,,,,,,,,,,,,,,,,
C:/projects/myproject/QDQM/DS_Input/Internal/PII샘플데이터.csv,PII샘플데이터.csv,의료/건강,Master,1,,,0,0,,,,,,,,,,,,,,,,,,,,,,,,,,,,,,,,,,,,,,,,,,,
C:/projects/myproject/QDQM/DS_Input/Internal/PII샘플데이터.csv,PII샘플데이터.csv,분류,Master,0,,,0,0,,,,,,,,,,,,,,,,,,,,,,,,,,,,,,,,,,,,,,,,,,,
C:/projects/myproject/QDQM/DS_Input/Internal/PII샘플데이터.csv,PII샘플데이터.csv,IP 주소,Master,0,,,0,0,,,,,,,,,,,,,,,,,,,,,,,,,,,,,,,,,,,,,,,,,,,
C:/projects/myproject/QDQM/DS_Input/Internal/PII샘플데이터.csv,PII샘플데이터.csv,유형.1,Master,0,,,0,0,,,,,,,,,,,,,,,,,,,,,,,,,,,,,,,,,,,,,,,,,,,
C:/projects/myproject/QDQM/DS_Input/Internal/PII샘플데이터.csv,PII샘플데이터.csv,MAC 주소 (Sample),Master,0,,,0,0,,,,,,,,,,,,,,,,,,,,,,,,,,,,,,,,,,,,,,,,,,,
C:/projects/myproject/QDQM/DS_Input/Internal/PII샘플데이터.csv,PII샘플데이터.csv,표기법,Master,0,,,0,0,,,,,,,,,,,,,,,,,,,,,,,,,,,,,,,,,,,,,,,,,,,
C:/projects/myproject/QDQM/DS_Input/Internal/PII샘플데이터.csv,PII샘플데이터.csv,ADID_GAID,Master,1,,,0,0,,,,,,,,,,,,,,,,,,,,,,,,,,,,,,,,,,,,,,,,,,,
C:/projects/myproject/QDQM/DS_Input/Internal/PII샘플데이터.csv,PII샘플데이터.csv,ADID_IDFA,Master,1,,,0,0,,,,,,,,,,,,,,,,,,,,,,,,,,,,,,,,,,,,,,,,,,,
C:/projects/myproject/QDQM/DS_Input/Internal/PII샘플데이터.csv,PII샘플데이터.csv,MOBILE,Master,0,,,0,0,,,,,,,,,,,,,,,,,,,,,,,,,,,,,,,,,,,,,,,,,,,
C:/projects/myproject/QDQM/DS_Input/Internal/PII샘플데이터.csv,PII샘플데이터.csv,유선전화,Master,0,,,0,0,,,,,,,,,,,,,,,,,,,,,,,,,,,,,,,,,,,,,,,,,,,
C:/projects/myproject/QDQM/DS_Input/Internal/PII샘플데이터.csv,PII샘플데이터.csv,NetworkID,Master,1,,,0,0,,,,,,,,,,,,,,,,,,,,,,,,,,,,,,,,,,,,,,,,,,,
C:/projects/myproject/QDQM/DS_Input/Internal/PII샘플데이터.csv,PII샘플데이터.csv,Driver_License,Master,1,,,0,0,,,,,,,,,,,,,,,,,,,,,,,,,,,,,,,,,,,,,,,,,,,
C:/projects/myproject/QDQM/DS_Input/Internal/PII샘플데이터.csv,PII샘플데이터.csv,Unnamed: 30,Master,0,,,0,0,,,,,,,,,,,,,,,,,,,,,,,,,,,,,,,,,,,,,,,,,,,
C:/projects/myproject/QDQM/DS_Input/Internal/PII샘플데이터.csv,PII샘플데이터.csv,주민등록번호 (노출),Master,1,,,0,0,,,,,,,,,,,,,,,,,,,,,,,,,,,,,,,,,,,,,,,,,,,
C:/projects/myproject/QDQM/DS_Input/Internal/PII샘플데이터.csv,PII샘플데이터.csv,주민등록번호(마스킹),Master,1,,,0,0,,,,,,,,,,,,,,,,,,,,,,,,,,,,,,,,,,,,,,,,,,,
C:/projects/myproject/QDQM/DS_Input/Internal/PII샘플데이터.csv,PII샘플데이터.csv,대상 정보 (생년월일 / 성별 구분),Master,0,,,0,0,,,,,,,,,,,,,,,,,,,,,,,,,,,,,,,,,,,,,,,,,,,
C:/projects/myproject/QDQM/DS_Input/Internal/PRM계약.csv,PRM계약.csv,PRM계약번호,Master,1,,,0,0,,,,,,,,,,,,,,,,,,,,,,,,,,,,,,,,,,,,,,,,,,,
C:/projects/myproject/QDQM/DS_Input/Internal/PRM계약.csv,PRM계약.csv,사업자번호,Master,0,,유효사업자번호3,4,3,ORGNIZATION.csv.사업자등록번호 -> 택배_조직도.csv.사업자등록번호 -> 배송점.csv.사업자등록번호 -> 사업자등록번호3.csv.유효사업자번호3,ORGNIZATION.csv.사업자등록번호 -> 택배_조직도.csv.사업자등록번호 -> 배송점.csv.사업자등록번호,,사업자등록번호,ORGNIZATION.csv,Master,65.72,사업자등록번호,택배_조직도.csv,Master,100.0,사업자등록번호,배송점.csv,Master,62.9,유효사업자번호3,사업자등록번호3.csv,Reference,80.08,사업자등록번호,ORGNIZATION.csv,C:/projects/myproject/QDQM/DS_Input/Internal/ORGNIZATION.csv,Master,884.0,65.72,사업자등록번호,택배_조직도.csv,C:/projects/myproject/QDQM/DS_Input/Internal/택배_조직도.csv,Master,884.0,65.72,사업자등록번호,배송점.csv,C:/projects/myproject/QDQM/DS_Input/Internal/배송점.csv,Master,846.0,62.9,유효사업자번호3,사업자등록번호3.csv,C:/projects/myproject/QDQM/DS_Input/Reference/사업자등록번호3.csv,Reference,426.0,80.08
C:/projects/myproject/QDQM/DS_Input/Internal/PRM계약.csv,PRM계약.csv,계약명,Master,0,,,0,0,,,,,,,,,,,,,,,,,,,,,,,,,,,,,,,,,,,,,,,,,,,
C:/projects/myproject/QDQM/DS_Input/Internal/PRM계약.csv,PRM계약.csv,계약구분,Master,0,,,0,0,,,,,,,,,,,,,,,,,,,,,,,,,,,,,,,,,,,,,,,,,,,
C:/projects/myproject/QDQM/DS_Input/Internal/PRM계약.csv,PRM계약.csv,계약형태,Master,0,,,0,0,,,,,,,,,,,,,,,,,,,,,,,,,,,,,,,,,,,,,,,,,,,
C:/projects/myproject/QDQM/DS_Input/Internal/PRM계약.csv,PRM계약.csv,사업자명,Master,0,,,0,0,,,,,,,,,,,,,,,,,,,,,,,,,,,,,,,,,,,,,,,,,,,
C:/projects/myproject/QDQM/DS_Input/Internal/PRM계약.csv,PRM계약.csv,업태,Master,0,,,0,0,,,,,,,,,,,,,,,,,,,,,,,,,,,,,,,,,,,,,,,,,,,
C:/projects/myproject/QDQM/DS_Input/Internal/PRM계약.csv,PRM계약.csv,업종,Master,0,,업종명2,1,0,업종명2.csv.업종명2,,,업종명2,업종명2.csv,Reference,63.04,,,,,,,,,,,,,업종명2,업종명2.csv,C:/projects/myproject/QDQM/DS_Input/Reference/업종명2.csv,Reference,58.0,63.04,,,,,,,,,,,,,,,,,,
C:/projects/myproject/QDQM/DS_Input/Internal/PRM계약.csv,PRM계약.csv,계약등록일,Master,0,,,3,3,사원기본.csv.시근일자 -> 사원마스터.csv.근무시작일자 -> CUSTOMER.csv.판매일,사원기본.csv.시근일자 -> 사원마스터.csv.근무시작일자 -> CUSTOMER.csv.판매일,,시근일자,사원기본.csv,Master,84.38,근무시작일자,사원마스터.csv,Master,69.22,판매일,CUSTOMER.csv,Master,74.51,,,,,시근일자,사원기본.csv,C:/projects/myproject/QDQM/DS_Input/Internal/사원기본.csv,Master,470.0,84.38,근무시작일자,사원마스터.csv,C:/projects/myproject/QDQM/DS_Input/Internal/사원마스터.csv,Master,468.0,84.02,판매일,CUSTOMER.csv,C:/projects/myproject/QDQM/DS_Input/Internal/CUSTOMER.csv,Master,415.0,74.51,,,,,,
C:/projects/myproject/QDQM/DS_Input/Internal/PRM계약.csv,PRM계약.csv,최초계약일,Master,0,,,3,3,PRM계약.csv.계약등록일 -> 사원기본.csv.시근일자 -> 사원마스터.csv.근무시작일자,PRM계약.csv.계약등록일 -> 사원기본.csv.시근일자 -> 사원마스터.csv.근무시작일자,,계약등록일,PRM계약.csv,Master,94.41,시근일자,사원기본.csv,Master,84.38,근무시작일자,사원마스터.csv,Master,69.22,,,,,계약등록일,PRM계약.csv,C:/projects/myproject/QDQM/DS_Input/Internal/PRM계약.csv,Master,270.0,94.41,근무시작일자,사원마스터.csv,C:/projects/myproject/QDQM/DS_Input/Internal/사원마스터.csv,Master,242.0,84.62,판매일,CUSTOMER.csv,C:/projects/myproject/QDQM/DS_Input/Internal/CUSTOMER.csv,Master,239.0,83.57,,,,,,
C:/projects/myproject/QDQM/DS_Input/Internal/PRM계약.csv,PRM계약.csv,계약개시일,Master,0,,,4,4,PRM계약.csv.최초계약일 -> PRM계약.csv.계약등록일 -> 사원기본.csv.시근일자 -> 사원마스터.csv.근무시작일자,PRM계약.csv.최초계약일 -> PRM계약.csv.계약등록일 -> 사원기본.csv.시근일자 -> 사원마스터.csv.근무시작일자,,최초계약일,PRM계약.csv,Master,83.48,계약등록일,PRM계약.csv,Master,94.41,시근일자,사원기본.csv,Master,84.38,근무시작일자,사원마스터.csv,Master,69.22,최초계약일,PRM계약.csv,C:/projects/myproject/QDQM/DS_Input/Internal/PRM계약.csv,Master,96.0,83.48,시근일자,사원기본.csv,C:/projects/myproject/QDQM/DS_Input/Internal/사원기본.csv,Master,93.0,80.87,판매일,CUSTOMER.csv,C:/projects/myproject/QDQM/DS_Input/Internal/CUSTOMER.csv,Master,90.0,78.26,,,,,,
C:/projects/myproject/QDQM/DS_Input/Internal/PRM계약.csv,PRM계약.csv,계약종료일,Master,0,,,3,3,CUSTOMER.csv.계약기간종료일 -> 기업고객.csv.계약기간종료일 -> 계약마스터.csv.계약종료일,CUSTOMER.csv.계약기간종료일 -> 기업고객.csv.계약기간종료일 -> 계약마스터.csv.계약종료일,,계약기간종료일,CUSTOMER.csv,Master,72.34,계약기간종료일,기업고객.csv,Master,99.03,계약종료일,계약마스터.csv,Master,61.7,,,,,계약기간종료일,CUSTOMER.csv,C:/projects/myproject/QDQM/DS_Input/Internal/CUSTOMER.csv,Master,68.0,72.34,계약기간종료일,기업고객.csv,C:/projects/myproject/QDQM/DS_Input/Internal/기업고객.csv,Master,68.0,72.34,계약종료일,계약마스터.csv,C:/projects/myproject/QDQM/DS_Input/Internal/계약마스터.csv,Master,58.0,61.7,,,,,,
C:/projects/myproject/QDQM/DS_Input/Internal/PRM계약.csv,PRM계약.csv,운영점소대,Master,0,,,0,0,,,,,,,,,,,,,,,,,,,,,,,,,,,,,,,,,,,,,,,,,,,
C:/projects/myproject/QDQM/DS_Input/Internal/PRM계약.csv,PRM계약.csv,운영점소중,Master,0,,,0,0,,,,,,,,,,,,,,,,,,,,,,,,,,,,,,,,,,,,,,,,,,,
C:/projects/myproject/QDQM/DS_Input/Internal/PRM계약.csv,PRM계약.csv,운영점소,Master,0,,,0,0,,,,,,,,,,,,,,,,,,,,,,,,,,,,,,,,,,,,,,,,,,,
C:/projects/myproject/QDQM/DS_Input/Internal/PRM계약.csv,PRM계약.csv,최종변경일시,Master,0,,,0,0,,,,,,,,,,,,,,,,,,,,,,,,,,,,,,,,,,,,,,,,,,,
C:/projects/myproject/QDQM/DS_Input/Internal/PRM계약.csv,PRM계약.csv,ETL일시,Master,0,,,0,0,,,,,,,,,,,,,,,,,,,,,,,,,,,,,,,,,,,,,,,,,,,
C:/projects/myproject/QDQM/DS_Input/Internal/test.csv,test.csv,ID,Master,1,,,3,3,CUSTOMER.csv.집하지대번지 -> CUSTOMER.csv.집하지소번지 -> Z검증용데이터.csv.수량,CUSTOMER.csv.집하지대번지 -> CUSTOMER.csv.집하지소번지 -> Z검증용데이터.csv.수량,,집하지대번지,CUSTOMER.csv,Master,100.0,집하지소번지,CUSTOMER.csv,Master,100.0,수량,Z검증용데이터.csv,Test,100.0,,,,,집하지대번지,CUSTOMER.csv,C:/projects/myproject/QDQM/DS_Input/Internal/CUSTOMER.csv,Master,32.0,100.0,집하지소번지,CUSTOMER.csv,C:/projects/myproject/QDQM/DS_Input/Internal/CUSTOMER.csv,Master,32.0,100.0,수량,Z검증용데이터.csv,C:/projects/myproject/QDQM/DS_Input/Test/Z검증용데이터.csv,Test,32.0,100.0,,,,,,
C:/projects/myproject/QDQM/DS_Input/Internal/test.csv,test.csv,Name,Master,0,,,1,1,test.csv.Name2,test.csv.Name2,,Name2,test.csv,Master,68.75,,,,,,,,,,,,,Name2,test.csv,C:/projects/myproject/QDQM/DS_Input/Internal/test.csv,Master,11.0,68.75,,,,,,,,,,,,,,,,,,
C:/projects/myproject/QDQM/DS_Input/Internal/test.csv,test.csv,Sex,Master,0,,,0,0,,,,,,,,,,,,,,,,,,,,,,,,,,,,,,,,,,,,,,,,,,,
C:/projects/myproject/QDQM/DS_Input/Internal/test.csv,test.csv,SexE,Master,0,,,0,0,,,,,,,,,,,,,,,,,,,,,,,,,,,,,,,,,,,,,,,,,,,
C:/projects/myproject/QDQM/DS_Input/Internal/test.csv,test.csv,Age,Master,0,,,0,0,,,,,,,,,,,,,,,,,,,,,,,,,,,,,,,,,,,,,,,,,,,
C:/projects/myproject/QDQM/DS_Input/Internal/test.csv,test.csv,Country,Master,0,,,0,0,,,,,,,,,,,,,,,,,,,,,,,,,,,,,,,,,,,,,,,,,,,
C:/projects/myproject/QDQM/DS_Input/Internal/test.csv,test.csv,Tel,Master,0,,,0,0,,,,,,,,,,,,,,,,,,,,,,,,,,,,,,,,,,,,,,,,,,,
C:/projects/myproject/QDQM/DS_Input/Internal/test.csv,test.csv,Addr,Master,0,,,0,0,,,,,,,,,,,,,,,,,,,,,,,,,,,,,,,,,,,,,,,,,,,
C:/projects/myproject/QDQM/DS_Input/Internal/test.csv,test.csv,Cell Phone,Master,0,,,0,0,,,,,,,,,,,,,,,,,,,,,,,,,,,,,,,,,,,,,,,,,,,
C:/projects/myproject/QDQM/DS_Input/Internal/test.csv,test.csv,Desc,Master,0,,,0,0,,,,,,,,,,,,,,,,,,,,,,,,,,,,,,,,,,,,,,,,,,,
C:/projects/myproject/QDQM/DS_Input/Internal/test.csv,test.csv,Address,Master,0,,,0,0,,,,,,,,,,,,,,,,,,,,,,,,,,,,,,,,,,,,,,,,,,,
C:/projects/myproject/QDQM/DS_Input/Internal/test.csv,test.csv,Year,Master,0,,,0,0,,,,,,,,,,,,,,,,,,,,,,,,,,,,,,,,,,,,,,,,,,,
C:/projects/myproject/QDQM/DS_Input/Internal/test.csv,test.csv,YearMonth,Master,0,,,0,0,,,,,,,,,,,,,,,,,,,,,,,,,,,,,,,,,,,,,,,,,,,
C:/projects/myproject/QDQM/DS_Input/Internal/test.csv,test.csv,Email,Master,0,,,0,0,,,,,,,,,,,,,,,,,,,,,,,,,,,,,,,,,,,,,,,,,,,
C:/projects/myproject/QDQM/DS_Input/Internal/test.csv,test.csv,Name2,Master,0,,,1,1,test.csv.Name,test.csv.Name,,Name,test.csv,Master,78.57,,,,,,,,,,,,,Name,test.csv,C:/projects/myproject/QDQM/DS_Input/Internal/test.csv,Master,11.0,78.57,,,,,,,,,,,,,,,,,,
C:/projects/myproject/QDQM/DS_Input/Internal/test.csv,test.csv,전화번호,Master,0,,,0,0,,,,,,,,,,,,,,,,,,,,,,,,,,,,,,,,,,,,,,,,,,,
C:/projects/myproject/QDQM/DS_Input/Internal/test.csv,test.csv,YYYYMMDD,Master,0,,,0,0,,,,,,,,,,,,,,,,,,,,,,,,,,,,,,,,,,,,,,,,,,,
C:/projects/myproject/QDQM/DS_Input/Internal/test.csv,test.csv,시도,Master,0,,시도명,1,0,시도명.csv.시도명,,,시도명,시도명.csv,Reference,95.45,,,,,,,,,,,,,시도명,시도명.csv,C:/projects/myproject/QDQM/DS_Input/Reference/시도명.csv,Reference,21.0,95.45,,,,,,,,,,,,,,,,,,
C:/projects/myproject/QDQM/DS_Input/Internal/test.csv,test.csv,YYMMDD,Master,0,,,0,0,,,,,,,,,,,,,,,,,,,,,,,,,,,,,,,,,,,,,,,,,,,
C:/projects/myproject/QDQM/DS_Input/Internal/test.csv,test.csv,업체명,Master,0,,,0,0,,,,,,,,,,,,,,,,,,,,,,,,,,,,,,,,,,,,,,,,,,,
C:/projects/myproject/QDQM/DS_Input/Internal/test.csv,test.csv,차량번호,Master,0,,,0,0,,,,,,,,,,,,,,,,,,,,,,,,,,,,,,,,,,,,,,,,,,,
C:/projects/myproject/QDQM/DS_Input/Internal/test.csv,test.csv,TimeStamp,Master,0,,,0,0,,,,,,,,,,,,,,,,,,,,,,,,,,,,,,,,,,,,,,,,,,,
C:/projects/myproject/QDQM/DS_Input/Internal/test.csv,test.csv,주민등록번호,Master,0,,,0,0,,,,,,,,,,,,,,,,,,,,,,,,,,,,,,,,,,,,,,,,,,,
C:/projects/myproject/QDQM/DS_Input/Internal/university_code_2.csv,university_code_2.csv,학교코드,Master,0,,,0,0,,,,,,,,,,,,,,,,,,,,,,,,,,,,,,,,,,,,,,,,,,,
C:/projects/myproject/QDQM/DS_Input/Internal/university_code_2.csv,university_code_2.csv,학교명,Master,0,,,0,0,,,,,,,,,,,,,,,,,,,,,,,,,,,,,,,,,,,,,,,,,,,
C:/projects/myproject/QDQM/DS_Input/Internal/university_code_2.csv,university_code_2.csv,학제,Master,0,,업종명2,1,0,업종명2.csv.업종명2,,,업종명2,업종명2.csv,Reference,64.29,,,,,,,,,,,,,업종명2,업종명2.csv,C:/projects/myproject/QDQM/DS_Input/Reference/업종명2.csv,Reference,9.0,64.29,,,,,,,,,,,,,,,,,,
C:/projects/myproject/QDQM/DS_Input/Internal/university_code_2.csv,university_code_2.csv,대학원구분,Master,0,,,0,0,,,,,,,,,,,,,,,,,,,,,,,,,,,,,,,,,,,,,,,,,,,
C:/projects/myproject/QDQM/DS_Input/Internal/university_code_2.csv,university_code_2.csv,학교상태,Master,0,,,0,0,,,,,,,,,,,,,,,,,,,,,,,,,,,,,,,,,,,,,,,,,,,
C:/projects/myproject/QDQM/DS_Input/Internal/university_code_2.csv,university_code_2.csv,본분교,Master,0,,,0,0,,,,,,,,,,,,,,,,,,,,,,,,,,,,,,,,,,,,,,,,,,,
C:/projects/myproject/QDQM/DS_Input/Internal/university_code_2.csv,university_code_2.csv,시도,Master,0,,시도명,3,2,PII샘플데이터.csv.지역 -> 영업소.csv.영업소약명 -> 시도명.csv.시도명,PII샘플데이터.csv.지역 -> 영업소.csv.영업소약명,,지역,PII샘플데이터.csv,Master,88.24,영업소약명,영업소.csv,Master,64.71,시도명,시도명.csv,Reference,94.12,,,,,지역,PII샘플데이터.csv,C:/projects/myproject/QDQM/DS_Input/Internal/PII샘플데이터.csv,Master,15.0,88.24,영업소약명,영업소.csv,C:/projects/myproject/QDQM/DS_Input/Internal/영업소.csv,Master,11.0,64.71,시도명,시도명.csv,C:/projects/myproject/QDQM/DS_Input/Reference/시도명.csv,Reference,16.0,94.12,,,,,,
C:/projects/myproject/QDQM/DS_Input/Internal/university_code_2.csv,university_code_2.csv,시군구,Master,0,,,0,0,,,,,,,,,,,,,,,,,,,,,,,,,,,,,,,,,,,,,,,,,,,
C:/projects/myproject/QDQM/DS_Input/Internal/university_code_2.csv,university_code_2.csv,설립,Master,0,,,0,0,,,,,,,,,,,,,,,,,,,,,,,,,,,,,,,,,,,,,,,,,,,
C:/projects/myproject/QDQM/DS_Input/Internal/university_code_2.csv,university_code_2.csv,주야구분,Master,0,,,0,0,,,,,,,,,,,,,,,,,,,,,,,,,,,,,,,,,,,,,,,,,,,
C:/projects/myproject/QDQM/DS_Input/Internal/university_code_2.csv,university_code_2.csv,주소,Master,0,,,0,0,,,,,,,,,,,,,,,,,,,,,,,,,,,,,,,,,,,,,,,,,,,
C:/projects/myproject/QDQM/DS_Input/Internal/university_code_2.csv,university_code_2.csv,우편번호,Master,0,,우편번호3,1,0,우편번호3.csv.우편번호3,,,우편번호3,우편번호3.csv,Reference,81.51,,,,,,,,,,,,,우편번호3,우편번호3.csv,C:/projects/myproject/QDQM/DS_Input/Reference/우편번호3.csv,Reference,313.0,81.51,,,,,,,,,,,,,,,,,,
C:/projects/myproject/QDQM/DS_Input/Internal/university_code_2.csv,university_code_2.csv,전화번호,Master,0,,,0,0,,,,,,,,,,,,,,,,,,,,,,,,,,,,,,,,,,,,,,,,,,,
C:/projects/myproject/QDQM/DS_Input/Internal/university_code_2.csv,university_code_2.csv,팩스번호,Master,0,,,0,0,,,,,,,,,,,,,,,,,,,,,,,,,,,,,,,,,,,,,,,,,,,
C:/projects/myproject/QDQM/DS_Input/Internal/university_code_2.csv,university_code_2.csv,홈페이지,Master,0,,,0,0,,,,,,,,,,,,,,,,,,,,,,,,,,,,,,,,,,,,,,,,,,,
C:/projects/myproject/QDQM/DS_Input/Internal/university_code_2.csv,university_code_2.csv,학교명(한자),Master,0,,,0,0,,,,,,,,,,,,,,,,,,,,,,,,,,,,,,,,,,,,,,,,,,,
C:/projects/myproject/QDQM/DS_Input/Internal/university_code_2.csv,university_code_2.csv,학교명(영문),Master,0,,,0,0,,,,,,,,,,,,,,,,,,,,,,,,,,,,,,,,,,,,,,,,,,,
C:/projects/myproject/QDQM/DS_Input/Internal/university_code_2.csv,university_code_2.csv,지번주소,Master,0,,,0,0,,,,,,,,,,,,,,,,,,,,,,,,,,,,,,,,,,,,,,,,,,,
C:/projects/myproject/QDQM/DS_Input/Internal/university_code_2.csv,university_code_2.csv,위도,Master,0,,,0,0,,,,,,,,,,,,,,,,,,,,,,,,,,,,,,,,,,,,,,,,,,,
C:/projects/myproject/QDQM/DS_Input/Internal/university_code_2.csv,university_code_2.csv,경도,Master,0,,,0,0,,,,,,,,,,,,,,,,,,,,,,,,,,,,,,,,,,,,,,,,,,,
C:/projects/myproject/QDQM/DS_Input/Internal/university_code_2.csv,university_code_2.csv,학교개교일,Master,0,,,0,0,,,,,,,,,,,,,,,,,,,,,,,,,,,,,,,,,,,,,,,,,,,
C:/projects/myproject/QDQM/DS_Input/Internal/university_code_2.csv,university_code_2.csv,총장명,Master,0,,,0,0,,,,,,,,,,,,,,,,,,,,,,,,,,,,,,,,,,,,,,,,,,,
C:/projects/myproject/QDQM/DS_Input/Internal/Z코드변동성예제.csv,Z코드변동성예제.csv,코드,Master,0,,,0,0,,,,,,,,,,,,,,,,,,,,,,,,,,,,,,,,,,,,,,,,,,,
C:/projects/myproject/QDQM/DS_Input/Internal/Z코드변동성예제.csv,Z코드변동성예제.csv,사업자,Master,0,,,0,0,,,,,,,,,,,,,,,,,,,,,,,,,,,,,,,,,,,,,,,,,,,
C:/projects/myproject/QDQM/DS_Input/Internal/Z코드변동성예제.csv,Z코드변동성예제.csv,GEN_TIMESTAMP,Master,0,,,0,0,,,,,,,,,,,,,,,,,,,,,,,,,,,,,,,,,,,,,,,,,,,
C:/projects/myproject/QDQM/DS_Input/Internal/계약마스터.csv,계약마스터.csv,계약적용월,Master,0,,,0,0,,,,,,,,,,,,,,,,,,,,,,,,,,,,,,,,,,,,,,,,,,,
C:/projects/myproject/QDQM/DS_Input/Internal/계약마스터.csv,계약마스터.csv,계약관리번호,Master,0,,,0,0,,,,,,,,,,,,,,,,,,,,,,,,,,,,,,,,,,,,,,,,,,,
C:/projects/myproject/QDQM/DS_Input/Internal/계약마스터.csv,계약마스터.csv,계약번호,Master,0,,,0,0,,,,,,,,,,,,,,,,,,,,,,,,,,,,,,,,,,,,,,,,,,,
C:/projects/myproject/QDQM/DS_Input/Internal/계약마스터.csv,계약마스터.csv,소사업코드,Master,0,,,3,3,관리회계_사업.csv.사업코드 -> 사업코드관리.csv.business_level6_cd -> 사업코드관리.csv.사업코드,관리회계_사업.csv.사업코드 -> 사업코드관리.csv.business_level6_cd -> 사업코드관리.csv.사업코드,,사업코드,관리회계_사업.csv,Master,100.0,business_level6_cd,사업코드관리.csv,Master,76.05,사업코드,사업코드관리.csv,Master,100.0,,,,,사업코드,관리회계_사업.csv,C:/projects/myproject/QDQM/DS_Input/Internal/관리회계_사업.csv,Master,60.0,100.0,business_level6_cd,사업코드관리.csv,C:/projects/myproject/QDQM/DS_Input/Internal/사업코드관리.csv,Master,60.0,100.0,사업코드,사업코드관리.csv,C:/projects/myproject/QDQM/DS_Input/Internal/사업코드관리.csv,Master,60.0,100.0,,,,,,
C:/projects/myproject/QDQM/DS_Input/Internal/계약마스터.csv,계약마스터.csv,팀코드,Master,0,,,2,2,사용자.csv.HR시스템소속코드 -> 관리회계_조직그룹상세.csv.귀속부서조직코드,사용자.csv.HR시스템소속코드 -> 관리회계_조직그룹상세.csv.귀속부서조직코드,,HR시스템소속코드,사용자.csv,Master,89.47,귀속부서조직코드,관리회계_조직그룹상세.csv,Master,69.47,,,,,,,,,HR시스템소속코드,사용자.csv,C:/projects/myproject/QDQM/DS_Input/Internal/사용자.csv,Master,85.0,89.47,귀속부서조직코드,관리회계_조직그룹상세.csv,C:/projects/myproject/QDQM/DS_Input/Internal/관리회계_조직그룹상세.csv,Master,66.0,69.47,,,,,,,,,,,,
C:/projects/myproject/QDQM/DS_Input/Internal/계약마스터.csv,계약마스터.csv,계약구분,Master,0,,,0,0,,,,,,,,,,,,,,,,,,,,,,,,,,,,,,,,,,,,,,,,,,,
C:/projects/myproject/QDQM/DS_Input/Internal/계약마스터.csv,계약마스터.csv,소사업명,Master,0,,,0,0,,,,,,,,,,,,,,,,,,,,,,,,,,,,,,,,,,,,,,,,,,,
C:/projects/myproject/QDQM/DS_Input/Internal/계약마스터.csv,계약마스터.csv,팀명,Master,0,,,2,2,사용자.csv.팀명 -> Z사용자.csv.팀명,사용자.csv.팀명 -> Z사용자.csv.팀명,,팀명,사용자.csv,Master,77.78,팀명,Z사용자.csv,Test,64.44,,,,,,,,,팀명,사용자.csv,C:/projects/myproject/QDQM/DS_Input/Internal/사용자.csv,Master,70.0,77.78,팀명,Z사용자.csv,C:/projects/myproject/QDQM/DS_Input/Test/Z사용자.csv,Test,58.0,64.44,,,,,,,,,,,,
C:/projects/myproject/QDQM/DS_Input/Internal/계약마스터.csv,계약마스터.csv,사업자번호,Master,0,,유효사업자번호3,1,0,사업자등록번호3.csv.유효사업자번호3,,,유효사업자번호3,사업자등록번호3.csv,Reference,77.08,,,,,,,,,,,,,유효사업자번호3,사업자등록번호3.csv,C:/projects/myproject/QDQM/DS_Input/Reference/사업자등록번호3.csv,Reference,612.0,77.08,,,,,,,,,,,,,,,,,,
C:/projects/myproject/QDQM/DS_Input/Internal/계약마스터.csv,계약마스터.csv,고객명,Master,0,,,0,0,,,,,,,,,,,,,,,,,,,,,,,,,,,,,,,,,,,,,,,,,,,
C:/projects/myproject/QDQM/DS_Input/Internal/계약마스터.csv,계약마스터.csv,계약개시일,Master,0,,,3,3,사원기본.csv.사직일자 -> 사원마스터.csv.사직일자 -> 사원마스터.csv.근무시작일자,사원기본.csv.사직일자 -> 사원마스터.csv.사직일자 -> 사원마스터.csv.근무시작일자,,사직일자,사원기본.csv,Master,66.71,사직일자,사원마스터.csv,Master,66.22,근무시작일자,사원마스터.csv,Master,60.92,,,,,사직일자,사원기본.csv,C:/projects/myproject/QDQM/DS_Input/Internal/사원기본.csv,Master,495.0,66.71,시근일자,사원기본.csv,C:/projects/myproject/QDQM/DS_Input/Internal/사원기본.csv,Master,474.0,63.88,근무시작일자,사원마스터.csv,C:/projects/myproject/QDQM/DS_Input/Internal/사원마스터.csv,Master,452.0,60.92,,,,,,
C:/projects/myproject/QDQM/DS_Input/Internal/계약마스터.csv,계약마스터.csv,계약종료일,Master,0,,,0,0,,,,,,,,,,,,,,,,,,,,,,,,,,,,,,,,,,,,,,,,,,,
C:/projects/myproject/QDQM/DS_Input/Internal/계약마스터.csv,계약마스터.csv,물량단위,Master,0,,단위_대문자,1,0,단위대문자.csv.단위_대문자,,,단위_대문자,단위대문자.csv,Reference,90.91,,,,,,,,,,,,,단위_대문자,단위대문자.csv,C:/projects/myproject/QDQM/DS_Input/Reference/단위대문자.csv,Reference,10.0,90.91,,,,,,,,,,,,,,,,,,
C:/projects/myproject/QDQM/DS_Input/Internal/계약마스터.csv,계약마스터.csv,예상물량년,Master,0,,,0,0,,,,,,,,,,,,,,,,,,,,,,,,,,,,,,,,,,,,,,,,,,,
C:/projects/myproject/QDQM/DS_Input/Internal/계약마스터.csv,계약마스터.csv,최초생성자ID,Master,0,,,0,0,,,,,,,,,,,,,,,,,,,,,,,,,,,,,,,,,,,,,,,,,,,
C:/projects/myproject/QDQM/DS_Input/Internal/계약마스터.csv,계약마스터.csv,최초생성일시,Master,0,,,0,0,,,,,,,,,,,,,,,,,,,,,,,,,,,,,,,,,,,,,,,,,,,
C:/projects/myproject/QDQM/DS_Input/Internal/계약마스터.csv,계약마스터.csv,ESB_STATUS,Master,0,,,0,0,,,,,,,,,,,,,,,,,,,,,,,,,,,,,,,,,,,,,,,,,,,
C:/projects/myproject/QDQM/DS_Input/Internal/계약마스터.csv,계약마스터.csv,최종변경일시,Master,0,,,0,0,,,,,,,,,,,,,,,,,,,,,,,,,,,,,,,,,,,,,,,,,,,
C:/projects/myproject/QDQM/DS_Input/Internal/계약마스터.csv,계약마스터.csv,ETL일시,Master,0,,,0,0,,,,,,,,,,,,,,,,,,,,,,,,,,,,,,,,,,,,,,,,,,,
C:/projects/myproject/QDQM/DS_Input/Internal/계정과목코드.csv,계정과목코드.csv,계정과목코드,Master,1,FK,,2,2,관리회계계정.csv.관리회계계정코드 -> 계정코드관리.csv.하위계정과목코드,관리회계계정.csv.관리회계계정코드 -> 계정코드관리.csv.하위계정과목코드,,관리회계계정코드,관리회계계정.csv,Master,100.0,하위계정과목코드,계정코드관리.csv,Master,80.49,,,,,,,,,관리회계계정코드,관리회계계정.csv,C:/projects/myproject/QDQM/DS_Input/Internal/관리회계계정.csv,Master,410.0,100.0,하위계정과목코드,계정코드관리.csv,C:/projects/myproject/QDQM/DS_Input/Internal/계정코드관리.csv,Master,330.0,80.49,,,,,,,,,,,,
C:/projects/myproject/QDQM/DS_Input/Internal/계정과목코드.csv,계정과목코드.csv,계정과목명,Master,0,,계정과목,3,2,관리회계계정.csv.계정명 -> 계정코드관리.csv.하위계정과목명 -> 계정과목.csv.계정과목,관리회계계정.csv.계정명 -> 계정코드관리.csv.하위계정과목명,,계정명,관리회계계정.csv,Master,100.0,하위계정과목명,계정코드관리.csv,Master,83.93,계정과목,계정과목.csv,Reference,85.97,,,,,계정명,관리회계계정.csv,C:/projects/myproject/QDQM/DS_Input/Internal/관리회계계정.csv,Master,392.0,100.0,하위계정과목명,계정코드관리.csv,C:/projects/myproject/QDQM/DS_Input/Internal/계정코드관리.csv,Master,329.0,83.93,계정과목,계정과목.csv,C:/projects/myproject/QDQM/DS_Input/Reference/계정과목.csv,Reference,337.0,85.97,,,,,,
C:/projects/myproject/QDQM/DS_Input/Internal/계정과목코드.csv,계정과목코드.csv,상위계정과목코드,Master,0,,,3,3,관리회계계정.csv.관리회계상위계정코드 -> 계정과목코드.csv.계정과목코드 -> 관리회계계정.csv.관리회계계정코드,관리회계계정.csv.관리회계상위계정코드 -> 계정과목코드.csv.계정과목코드 -> 관리회계계정.csv.관리회계계정코드,,관리회계상위계정코드,관리회계계정.csv,Master,100.0,계정과목코드,계정과목코드.csv,Master,98.41,관리회계계정코드,관리회계계정.csv,Master,98.41,,,,,관리회계상위계정코드,관리회계계정.csv,C:/projects/myproject/QDQM/DS_Input/Internal/관리회계계정.csv,Master,63.0,100.0,계정과목코드,계정과목코드.csv,C:/projects/myproject/QDQM/DS_Input/Internal/계정과목코드.csv,Master,62.0,98.41,관리회계계정코드,관리회계계정.csv,C:/projects/myproject/QDQM/DS_Input/Internal/관리회계계정.csv,Master,62.0,98.41,,,,,,
C:/projects/myproject/QDQM/DS_Input/Internal/계정과목코드.csv,계정과목코드.csv,계정유형코드,Master,0,,,1,1,관리회계계정.csv.관리회계계정유형코드,관리회계계정.csv.관리회계계정유형코드,,관리회계계정유형코드,관리회계계정.csv,Master,100.0,,,,,,,,,,,,,관리회계계정유형코드,관리회계계정.csv,C:/projects/myproject/QDQM/DS_Input/Internal/관리회계계정.csv,Master,16.0,100.0,,,,,,,,,,,,,,,,,,
C:/projects/myproject/QDQM/DS_Input/Internal/계정과목코드.csv,계정과목코드.csv,계정속성값1,Master,0,,,0,0,,,,,,,,,,,,,,,,,,,,,,,,,,,,,,,,,,,,,,,,,,,
C:/projects/myproject/QDQM/DS_Input/Internal/계정과목코드.csv,계정과목코드.csv,계정속성값2,Master,1,,,0,0,,,,,,,,,,,,,,,,,,,,,,,,,,,,,,,,,,,,,,,,,,,
C:/projects/myproject/QDQM/DS_Input/Internal/계정과목코드.csv,계정과목코드.csv,최초생성자ID,Master,0,,,0,0,,,,,,,,,,,,,,,,,,,,,,,,,,,,,,,,,,,,,,,,,,,
C:/projects/myproject/QDQM/DS_Input/Internal/계정과목코드.csv,계정과목코드.csv,최초생성일시,Master,0,,,0,0,,,,,,,,,,,,,,,,,,,,,,,,,,,,,,,,,,,,,,,,,,,
C:/projects/myproject/QDQM/DS_Input/Internal/계정과목코드.csv,계정과목코드.csv,최종갱신자ID,Master,0,,,0,0,,,,,,,,,,,,,,,,,,,,,,,,,,,,,,,,,,,,,,,,,,,
C:/projects/myproject/QDQM/DS_Input/Internal/계정과목코드.csv,계정과목코드.csv,최종변경일시,Master,0,,,0,0,,,,,,,,,,,,,,,,,,,,,,,,,,,,,,,,,,,,,,,,,,,
C:/projects/myproject/QDQM/DS_Input/Internal/계정과목코드.csv,계정과목코드.csv,ETL일시,Master,0,,,0,0,,,,,,,,,,,,,,,,,,,,,,,,,,,,,,,,,,,,,,,,,,,
C:/projects/myproject/QDQM/DS_Input/Internal/계정코드관리.csv,계정코드관리.csv,수익비용구분코드,Master,0,,,0,0,,,,,,,,,,,,,,,,,,,,,,,,,,,,,,,,,,,,,,,,,,,
C:/projects/myproject/QDQM/DS_Input/Internal/계정코드관리.csv,계정코드관리.csv,수익비용구분명,Master,0,,,0,0,,,,,,,,,,,,,,,,,,,,,,,,,,,,,,,,,,,,,,,,,,,
C:/projects/myproject/QDQM/DS_Input/Internal/계정코드관리.csv,계정코드관리.csv,상위계정과목코드,Master,0,,,0,0,,,,,,,,,,,,,,,,,,,,,,,,,,,,,,,,,,,,,,,,,,,
C:/projects/myproject/QDQM/DS_Input/Internal/계정코드관리.csv,계정코드관리.csv,상위계정과목명,Master,0,,,0,0,,,,,,,,,,,,,,,,,,,,,,,,,,,,,,,,,,,,,,,,,,,
C:/projects/myproject/QDQM/DS_Input/Internal/계정코드관리.csv,계정코드관리.csv,계정과목코드,Master,0,FK,,3,3,계정과목코드.csv.계정과목코드 -> 관리회계계정.csv.관리회계계정코드 -> 관리회계계정.csv.관리회계계정코드,계정과목코드.csv.계정과목코드 -> 관리회계계정.csv.관리회계계정코드 -> 관리회계계정.csv.관리회계계정코드,,계정과목코드,계정과목코드.csv,Master,100.0,관리회계계정코드,관리회계계정.csv,Master,100.0,관리회계계정코드,관리회계계정.csv,Master,100.0,,,,,계정과목코드,계정과목코드.csv,C:/projects/myproject/QDQM/DS_Input/Internal/계정과목코드.csv,Master,55.0,100.0,상위계정과목코드,계정과목코드.csv,C:/projects/myproject/QDQM/DS_Input/Internal/계정과목코드.csv,Master,55.0,100.0,관리회계계정코드,관리회계계정.csv,C:/projects/myproject/QDQM/DS_Input/Internal/관리회계계정.csv,Master,55.0,100.0,,,,,,
C:/projects/myproject/QDQM/DS_Input/Internal/계정코드관리.csv,계정코드관리.csv,계정과목명,Master,0,,계정과목,3,2,계정과목코드.csv.계정과목명 -> 관리회계계정.csv.계정명 -> 계정과목.csv.계정과목,계정과목코드.csv.계정과목명 -> 관리회계계정.csv.계정명,,계정과목명,계정과목코드.csv,Master,100.0,계정명,관리회계계정.csv,Master,100.0,계정과목,계정과목.csv,Reference,100.0,,,,,계정과목명,계정과목코드.csv,C:/projects/myproject/QDQM/DS_Input/Internal/계정과목코드.csv,Master,55.0,100.0,계정명,관리회계계정.csv,C:/projects/myproject/QDQM/DS_Input/Internal/관리회계계정.csv,Master,55.0,100.0,계정과목,계정과목.csv,C:/projects/myproject/QDQM/DS_Input/Reference/계정과목.csv,Reference,55.0,100.0,,,,,,
C:/projects/myproject/QDQM/DS_Input/Internal/계정코드관리.csv,계정코드관리.csv,하위계정과목코드,Master,1,FK,,2,2,계정과목코드.csv.계정과목코드 -> 관리회계계정.csv.관리회계계정코드,계정과목코드.csv.계정과목코드 -> 관리회계계정.csv.관리회계계정코드,,계정과목코드,계정과목코드.csv,Master,100.0,관리회계계정코드,관리회계계정.csv,Master,100.0,,,,,,,,,계정과목코드,계정과목코드.csv,C:/projects/myproject/QDQM/DS_Input/Internal/계정과목코드.csv,Master,330.0,100.0,관리회계계정코드,관리회계계정.csv,C:/projects/myproject/QDQM/DS_Input/Internal/관리회계계정.csv,Master,330.0,100.0,,,,,,,,,,,,
C:/projects/myproject/QDQM/DS_Input/Internal/계정코드관리.csv,계정코드관리.csv,하위계정과목명,Master,0,,계정과목,3,2,계정과목코드.csv.계정과목명 -> 관리회계계정.csv.계정명 -> 계정과목.csv.계정과목,계정과목코드.csv.계정과목명 -> 관리회계계정.csv.계정명,,계정과목명,계정과목코드.csv,Master,99.7,계정명,관리회계계정.csv,Master,100.0,계정과목,계정과목.csv,Reference,87.88,,,,,계정과목명,계정과목코드.csv,C:/projects/myproject/QDQM/DS_Input/Internal/계정과목코드.csv,Master,329.0,99.7,계정명,관리회계계정.csv,C:/projects/myproject/QDQM/DS_Input/Internal/관리회계계정.csv,Master,329.0,99.7,계정과목,계정과목.csv,C:/projects/myproject/QDQM/DS_Input/Reference/계정과목.csv,Reference,290.0,87.88,,,,,,
C:/projects/myproject/QDQM/DS_Input/Internal/계정코드관리.csv,계정코드관리.csv,정렬순서,Master,1,FK,,3,3,관리회계_사업.csv.정렬순서 -> 관리회계계정.csv.정렬순서 -> 관리회계계정.csv.정렬순서,관리회계_사업.csv.정렬순서 -> 관리회계계정.csv.정렬순서 -> 관리회계계정.csv.정렬순서,,정렬순서,관리회계_사업.csv,Master,99.39,정렬순서,관리회계계정.csv,Master,99.27,정렬순서,관리회계계정.csv,Master,99.39,,,,,정렬순서,관리회계_사업.csv,C:/projects/myproject/QDQM/DS_Input/Internal/관리회계_사업.csv,Master,328.0,99.39,정렬순서,관리회계_조직그룹상세.csv,C:/projects/myproject/QDQM/DS_Input/Internal/관리회계_조직그룹상세.csv,Master,328.0,99.39,정렬순서,관리회계계정.csv,C:/projects/myproject/QDQM/DS_Input/Internal/관리회계계정.csv,Master,328.0,99.39,,,,,,
C:/projects/myproject/QDQM/DS_Input/Internal/계정코드관리.csv,계정코드관리.csv,최초생성자ID,Master,0,,,0,0,,,,,,,,,,,,,,,,,,,,,,,,,,,,,,,,,,,,,,,,,,,
C:/projects/myproject/QDQM/DS_Input/Internal/계정코드관리.csv,계정코드관리.csv,최초생성일시,Master,0,,,0,0,,,,,,,,,,,,,,,,,,,,,,,,,,,,,,,,,,,,,,,,,,,
C:/projects/myproject/QDQM/DS_Input/Internal/계정코드관리.csv,계정코드관리.csv,last_update_dtm,Master,0,,,0,0,,,,,,,,,,,,,,,,,,,,,,,,,,,,,,,,,,,,,,,,,,,
C:/projects/myproject/QDQM/DS_Input/Internal/계정코드관리.csv,계정코드관리.csv,etl_dtm,Master,0,,,0,0,,,,,,,,,,,,,,,,,,,,,,,,,,,,,,,,,,,,,,,,,,,
C:/projects/myproject/QDQM/DS_Input/Internal/고객마스터.csv,고객마스터.csv,고객번호,Master,1,,유효사업자번호3,1,0,사업자등록번호3.csv.유효사업자번호3,,,유효사업자번호3,사업자등록번호3.csv,Reference,100.0,,,,,,,,,,,,,유효사업자번호3,사업자등록번호3.csv,C:/projects/myproject/QDQM/DS_Input/Reference/사업자등록번호3.csv,Reference,2.0,100.0,,,,,,,,,,,,,,,,,,
C:/projects/myproject/QDQM/DS_Input/Internal/고객마스터.csv,고객마스터.csv,고객명,Master,0,,,0,0,,,,,,,,,,,,,,,,,,,,,,,,,,,,,,,,,,,,,,,,,,,
C:/projects/myproject/QDQM/DS_Input/Internal/고객마스터.csv,고객마스터.csv,고객구분코드,Master,0,,,0,0,,,,,,,,,,,,,,,,,,,,,,,,,,,,,,,,,,,,,,,,,,,
C:/projects/myproject/QDQM/DS_Input/Internal/고객마스터.csv,고객마스터.csv,사업자등록번호,Master,0,,,0,0,,,,,,,,,,,,,,,,,,,,,,,,,,,,,,,,,,,,,,,,,,,
C:/projects/myproject/QDQM/DS_Input/Internal/고객마스터.csv,고객마스터.csv,법인등록번호,Master,0,,,2,2,CUSTOMER.csv.법인번호 -> 기업고객.csv.기업법인번호,CUSTOMER.csv.법인번호 -> 기업고객.csv.기업법인번호,,법인번호,CUSTOMER.csv,Master,61.82,기업법인번호,기업고객.csv,Master,99.34,,,,,,,,,법인번호,CUSTOMER.csv,C:/projects/myproject/QDQM/DS_Input/Internal/CUSTOMER.csv,Master,68.0,61.82,기업법인번호,기업고객.csv,C:/projects/myproject/QDQM/DS_Input/Internal/기업고객.csv,Master,67.0,60.91,,,,,,,,,,,,
C:/projects/myproject/QDQM/DS_Input/Internal/고객마스터.csv,고객마스터.csv,업태,Master,0,,,0,0,,,,,,,,,,,,,,,,,,,,,,,,,,,,,,,,,,,,,,,,,,,
C:/projects/myproject/QDQM/DS_Input/Internal/고객마스터.csv,고객마스터.csv,업종명,Master,0,,,0,0,,,,,,,,,,,,,,,,,,,,,,,,,,,,,,,,,,,,,,,,,,,
C:/projects/myproject/QDQM/DS_Input/Internal/고객마스터.csv,고객마스터.csv,주소,Master,0,,,0,0,,,,,,,,,,,,,,,,,,,,,,,,,,,,,,,,,,,,,,,,,,,
C:/projects/myproject/QDQM/DS_Input/Internal/고객마스터.csv,고객마스터.csv,우편번호,Master,0,,우편번호3,1,0,우편번호3.csv.우편번호3,,,우편번호3,우편번호3.csv,Reference,85.09,,,,,,,,,,,,,우편번호3,우편번호3.csv,C:/projects/myproject/QDQM/DS_Input/Reference/우편번호3.csv,Reference,291.0,85.09,,,,,,,,,,,,,,,,,,
C:/projects/myproject/QDQM/DS_Input/Internal/고객마스터.csv,고객마스터.csv,거래중지여부,Master,0,,,0,0,,,,,,,,,,,,,,,,,,,,,,,,,,,,,,,,,,,,,,,,,,,
C:/projects/myproject/QDQM/DS_Input/Internal/고객마스터.csv,고객마스터.csv,거래중지사유,Master,0,,,0,0,,,,,,,,,,,,,,,,,,,,,,,,,,,,,,,,,,,,,,,,,,,
C:/projects/myproject/QDQM/DS_Input/Internal/고객마스터.csv,고객마스터.csv,SFDC고객ID,Master,1,,,0,0,,,,,,,,,,,,,,,,,,,,,,,,,,,,,,,,,,,,,,,,,,,
C:/projects/myproject/QDQM/DS_Input/Internal/고객마스터.csv,고객마스터.csv,등록일시,Master,0,,,1,1,고객마스터.csv.최종사원업데이트일시,고객마스터.csv.최종사원업데이트일시,,최종사원업데이트일시,고객마스터.csv,Master,76.02,,,,,,,,,,,,,최종사원업데이트일시,고객마스터.csv,C:/projects/myproject/QDQM/DS_Input/Internal/고객마스터.csv,Master,2431.0,76.02,,,,,,,,,,,,,,,,,,
C:/projects/myproject/QDQM/DS_Input/Internal/고객마스터.csv,고객마스터.csv,최종사원업데이트일시,Master,0,,,1,1,고객마스터.csv.등록일시,고객마스터.csv.등록일시,,등록일시,고객마스터.csv,Master,89.18,,,,,,,,,,,,,등록일시,고객마스터.csv,C:/projects/myproject/QDQM/DS_Input/Internal/고객마스터.csv,Master,2431.0,89.18,,,,,,,,,,,,,,,,,,
C:/projects/myproject/QDQM/DS_Input/Internal/고객유형.csv,고객유형.csv,고객유형코드,Master,0,,,0,0,,,,,,,,,,,,,,,,,,,,,,,,,,,,,,,,,,,,,,,,,,,
C:/projects/myproject/QDQM/DS_Input/Internal/고객유형.csv,고객유형.csv,고객유형명,Master,0,,,0,0,,,,,,,,,,,,,,,,,,,,,,,,,,,,,,,,,,,,,,,,,,,
C:/projects/myproject/QDQM/DS_Input/Internal/고객유형.csv,고객유형.csv,사용여부,Master,0,,,0,0,,,,,,,,,,,,,,,,,,,,,,,,,,,,,,,,,,,,,,,,,,,
C:/projects/myproject/QDQM/DS_Input/Internal/고객유형.csv,고객유형.csv,등록일시,Master,0,,,0,0,,,,,,,,,,,,,,,,,,,,,,,,,,,,,,,,,,,,,,,,,,,
C:/projects/myproject/QDQM/DS_Input/Internal/고객유형.csv,고객유형.csv,등록사용자ID,Master,0,,,0,0,,,,,,,,,,,,,,,,,,,,,,,,,,,,,,,,,,,,,,,,,,,
C:/projects/myproject/QDQM/DS_Input/Internal/고객유형.csv,고객유형.csv,변경사용자ID,Master,0,,,0,0,,,,,,,,,,,,,,,,,,,,,,,,,,,,,,,,,,,,,,,,,,,
C:/projects/myproject/QDQM/DS_Input/Internal/고객유형.csv,고객유형.csv,최종변경일시,Master,0,,,0,0,,,,,,,,,,,,,,,,,,,,,,,,,,,,,,,,,,,,,,,,,,,
C:/projects/myproject/QDQM/DS_Input/Internal/고객유형.csv,고객유형.csv,ETL일시,Master,0,,,0,0,,,,,,,,,,,,,,,,,,,,,,,,,,,,,,,,,,,,,,,,,,,
C:/projects/myproject/QDQM/DS_Input/Internal/관리회계_계정그룹.csv,관리회계_계정그룹.csv,배부계정GROUP코드,Master,0,,,0,0,,,,,,,,,,,,,,,,,,,,,,,,,,,,,,,,,,,,,,,,,,,
C:/projects/myproject/QDQM/DS_Input/Internal/관리회계_계정그룹.csv,관리회계_계정그룹.csv,배부계정GROUP명,Master,0,,,0,0,,,,,,,,,,,,,,,,,,,,,,,,,,,,,,,,,,,,,,,,,,,
C:/projects/myproject/QDQM/DS_Input/Internal/관리회계_계정그룹.csv,관리회계_계정그룹.csv,정렬순서,Master,0,,,0,0,,,,,,,,,,,,,,,,,,,,,,,,,,,,,,,,,,,,,,,,,,,
C:/projects/myproject/QDQM/DS_Input/Internal/관리회계_계정그룹.csv,관리회계_계정그룹.csv,사용여부,Master,0,,,0,0,,,,,,,,,,,,,,,,,,,,,,,,,,,,,,,,,,,,,,,,,,,
C:/projects/myproject/QDQM/DS_Input/Internal/관리회계_계정그룹.csv,관리회계_계정그룹.csv,최초생성자ID,Master,0,,,0,0,,,,,,,,,,,,,,,,,,,,,,,,,,,,,,,,,,,,,,,,,,,
C:/projects/myproject/QDQM/DS_Input/Internal/관리회계_계정그룹.csv,관리회계_계정그룹.csv,최초생성일시,Master,0,,,0,0,,,,,,,,,,,,,,,,,,,,,,,,,,,,,,,,,,,,,,,,,,,
C:/projects/myproject/QDQM/DS_Input/Internal/관리회계_계정그룹.csv,관리회계_계정그룹.csv,최종갱신자ID,Master,0,,,0,0,,,,,,,,,,,,,,,,,,,,,,,,,,,,,,,,,,,,,,,,,,,
C:/projects/myproject/QDQM/DS_Input/Internal/관리회계_계정그룹.csv,관리회계_계정그룹.csv,최종변경일시,Master,0,,,0,0,,,,,,,,,,,,,,,,,,,,,,,,,,,,,,,,,,,,,,,,,,,
C:/projects/myproject/QDQM/DS_Input/Internal/관리회계_계정그룹.csv,관리회계_계정그룹.csv,ETL일시,Master,0,,,0,0,,,,,,,,,,,,,,,,,,,,,,,,,,,,,,,,,,,,,,,,,,,
C:/projects/myproject/QDQM/DS_Input/Internal/관리회계_계정그룹상세.csv,관리회계_계정그룹상세.csv,배부계정GROUP코드,Master,0,,,0,0,,,,,,,,,,,,,,,,,,,,,,,,,,,,,,,,,,,,,,,,,,,
C:/projects/myproject/QDQM/DS_Input/Internal/관리회계_계정그룹상세.csv,관리회계_계정그룹상세.csv,계정코드,Master,1,FK,,3,3,계정과목코드.csv.계정과목코드 -> 관리회계계정.csv.관리회계계정코드 -> 계정코드관리.csv.하위계정과목코드,계정과목코드.csv.계정과목코드 -> 관리회계계정.csv.관리회계계정코드 -> 계정코드관리.csv.하위계정과목코드,,계정과목코드,계정과목코드.csv,Master,100.0,관리회계계정코드,관리회계계정.csv,Master,100.0,하위계정과목코드,계정코드관리.csv,Master,97.85,,,,,계정과목코드,계정과목코드.csv,C:/projects/myproject/QDQM/DS_Input/Internal/계정과목코드.csv,Master,93.0,100.0,관리회계계정코드,관리회계계정.csv,C:/projects/myproject/QDQM/DS_Input/Internal/관리회계계정.csv,Master,93.0,100.0,하위계정과목코드,계정코드관리.csv,C:/projects/myproject/QDQM/DS_Input/Internal/계정코드관리.csv,Master,91.0,97.85,,,,,,
C:/projects/myproject/QDQM/DS_Input/Internal/관리회계_계정그룹상세.csv,관리회계_계정그룹상세.csv,정렬순서,Master,1,FK,,3,3,계정코드관리.csv.정렬순서 -> 관리회계_사업.csv.정렬순서 -> 관리회계계정.csv.정렬순서,계정코드관리.csv.정렬순서 -> 관리회계_사업.csv.정렬순서 -> 관리회계계정.csv.정렬순서,,정렬순서,계정코드관리.csv,Master,97.83,정렬순서,관리회계_사업.csv,Master,99.39,정렬순서,관리회계계정.csv,Master,99.27,,,,,정렬순서,계정코드관리.csv,C:/projects/myproject/QDQM/DS_Input/Internal/계정코드관리.csv,Master,90.0,97.83,정렬순서,관리회계_사업.csv,C:/projects/myproject/QDQM/DS_Input/Internal/관리회계_사업.csv,Master,90.0,97.83,정렬순서,관리회계_조직그룹상세.csv,C:/projects/myproject/QDQM/DS_Input/Internal/관리회계_조직그룹상세.csv,Master,90.0,97.83,,,,,,
C:/projects/myproject/QDQM/DS_Input/Internal/관리회계_계정그룹상세.csv,관리회계_계정그룹상세.csv,사용여부,Master,0,,,0,0,,,,,,,,,,,,,,,,,,,,,,,,,,,,,,,,,,,,,,,,,,,
C:/projects/myproject/QDQM/DS_Input/Internal/관리회계_계정그룹상세.csv,관리회계_계정그룹상세.csv,최초생성자ID,Master,0,,,0,0,,,,,,,,,,,,,,,,,,,,,,,,,,,,,,,,,,,,,,,,,,,
C:/projects/myproject/QDQM/DS_Input/Internal/관리회계_계정그룹상세.csv,관리회계_계정그룹상세.csv,최초생성일시,Master,0,,,0,0,,,,,,,,,,,,,,,,,,,,,,,,,,,,,,,,,,,,,,,,,,,
C:/projects/myproject/QDQM/DS_Input/Internal/관리회계_계정그룹상세.csv,관리회계_계정그룹상세.csv,최종갱신자ID,Master,0,,,0,0,,,,,,,,,,,,,,,,,,,,,,,,,,,,,,,,,,,,,,,,,,,
C:/projects/myproject/QDQM/DS_Input/Internal/관리회계_계정그룹상세.csv,관리회계_계정그룹상세.csv,최종변경일시,Master,0,,,0,0,,,,,,,,,,,,,,,,,,,,,,,,,,,,,,,,,,,,,,,,,,,
C:/projects/myproject/QDQM/DS_Input/Internal/관리회계_계정그룹상세.csv,관리회계_계정그룹상세.csv,ETL일시,Master,0,,,0,0,,,,,,,,,,,,,,,,,,,,,,,,,,,,,,,,,,,,,,,,,,,
C:/projects/myproject/QDQM/DS_Input/Internal/관리회계_고객.csv,관리회계_고객.csv,사업자등록번호,Master,1,,유효사업자번호3,1,0,사업자등록번호3.csv.유효사업자번호3,,,유효사업자번호3,사업자등록번호3.csv,Reference,76.18,,,,,,,,,,,,,유효사업자번호3,사업자등록번호3.csv,C:/projects/myproject/QDQM/DS_Input/Reference/사업자등록번호3.csv,Reference,614.0,76.18,,,,,,,,,,,,,,,,,,
C:/projects/myproject/QDQM/DS_Input/Internal/관리회계_고객.csv,관리회계_고객.csv,고객명,Master,0,,,0,0,,,,,,,,,,,,,,,,,,,,,,,,,,,,,,,,,,,,,,,,,,,
C:/projects/myproject/QDQM/DS_Input/Internal/관리회계_고객.csv,관리회계_고객.csv,법인번호,Master,0,,법인번호7,1,0,법인번호7.csv.법인번호7,,,법인번호7,법인번호7.csv,Reference,80.57,,,,,,,,,,,,,법인번호7,법인번호7.csv,C:/projects/myproject/QDQM/DS_Input/Reference/법인번호7.csv,Reference,228.0,80.57,,,,,,,,,,,,,,,,,,
C:/projects/myproject/QDQM/DS_Input/Internal/관리회계_고객.csv,관리회계_고객.csv,고객구분코드,Master,0,,,0,0,,,,,,,,,,,,,,,,,,,,,,,,,,,,,,,,,,,,,,,,,,,
C:/projects/myproject/QDQM/DS_Input/Internal/관리회계_고객.csv,관리회계_고객.csv,최초생성자ID,Master,0,,,0,0,,,,,,,,,,,,,,,,,,,,,,,,,,,,,,,,,,,,,,,,,,,
C:/projects/myproject/QDQM/DS_Input/Internal/관리회계_고객.csv,관리회계_고객.csv,최초생성일시,Master,0,,,1,1,관리회계_고객.csv.최종변경일시,관리회계_고객.csv.최종변경일시,,최종변경일시,관리회계_고객.csv,Master,98.83,,,,,,,,,,,,,최종변경일시,관리회계_고객.csv,C:/projects/myproject/QDQM/DS_Input/Internal/관리회계_고객.csv,Master,254.0,98.83,,,,,,,,,,,,,,,,,,
C:/projects/myproject/QDQM/DS_Input/Internal/관리회계_고객.csv,관리회계_고객.csv,최종갱신자ID,Master,0,,,0,0,,,,,,,,,,,,,,,,,,,,,,,,,,,,,,,,,,,,,,,,,,,
C:/projects/myproject/QDQM/DS_Input/Internal/관리회계_고객.csv,관리회계_고객.csv,최종변경일시,Master,0,,,1,1,관리회계_고객.csv.최초생성일시,관리회계_고객.csv.최초생성일시,,최초생성일시,관리회계_고객.csv,Master,99.22,,,,,,,,,,,,,최초생성일시,관리회계_고객.csv,C:/projects/myproject/QDQM/DS_Input/Internal/관리회계_고객.csv,Master,254.0,99.22,,,,,,,,,,,,,,,,,,
C:/projects/myproject/QDQM/DS_Input/Internal/관리회계_고객.csv,관리회계_고객.csv,ETL일시,Master,0,,,0,0,,,,,,,,,,,,,,,,,,,,,,,,,,,,,,,,,,,,,,,,,,,
C:/projects/myproject/QDQM/DS_Input/Internal/관리회계_사업.csv,관리회계_사업.csv,사업유형코드,Master,0,,,0,0,,,,,,,,,,,,,,,,,,,,,,,,,,,,,,,,,,,,,,,,,,,
C:/projects/myproject/QDQM/DS_Input/Internal/관리회계_사업.csv,관리회계_사업.csv,사업코드,Master,0,,,3,3,사업코드관리.csv.business_level6_cd -> 사업코드관리.csv.사업코드 -> CUSTOMER.csv.집하지대번지,사업코드관리.csv.business_level6_cd -> 사업코드관리.csv.사업코드 -> CUSTOMER.csv.집하지대번지,,business_level6_cd,사업코드관리.csv,Master,76.05,사업코드,사업코드관리.csv,Master,76.05,집하지대번지,CUSTOMER.csv,Master,66.81,,,,,business_level6_cd,사업코드관리.csv,C:/projects/myproject/QDQM/DS_Input/Internal/사업코드관리.csv,Master,181.0,76.05,사업코드,사업코드관리.csv,C:/projects/myproject/QDQM/DS_Input/Internal/사업코드관리.csv,Master,181.0,76.05,집하지대번지,CUSTOMER.csv,C:/projects/myproject/QDQM/DS_Input/Internal/CUSTOMER.csv,Master,159.0,66.81,,,,,,
C:/projects/myproject/QDQM/DS_Input/Internal/관리회계_사업.csv,관리회계_사업.csv,유효시작일자V,Master,0,,,0,0,,,,,,,,,,,,,,,,,,,,,,,,,,,,,,,,,,,,,,,,,,,
C:/projects/myproject/QDQM/DS_Input/Internal/관리회계_사업.csv,관리회계_사업.csv,사업명,Master,0,,,3,3,사업코드관리.csv.business_level6_name -> 사업코드관리.csv.사업명 -> 사업코드관리.csv.business_level5_name,사업코드관리.csv.business_level6_name -> 사업코드관리.csv.사업명 -> 사업코드관리.csv.business_level5_name,,business_level6_name,사업코드관리.csv,Master,89.13,사업명,사업코드관리.csv,Master,100.0,business_level5_name,사업코드관리.csv,Master,76.09,,,,,business_level6_name,사업코드관리.csv,C:/projects/myproject/QDQM/DS_Input/Internal/사업코드관리.csv,Master,164.0,89.13,사업명,사업코드관리.csv,C:/projects/myproject/QDQM/DS_Input/Internal/사업코드관리.csv,Master,164.0,89.13,business_level5_name,사업코드관리.csv,C:/projects/myproject/QDQM/DS_Input/Internal/사업코드관리.csv,Master,140.0,76.09,,,,,,
C:/projects/myproject/QDQM/DS_Input/Internal/관리회계_사업.csv,관리회계_사업.csv,상위사업코드,Master,0,,,3,3,관리회계_사업.csv.사업코드 -> 사업코드관리.csv.business_level6_cd -> 사업코드관리.csv.business_level6_cd,관리회계_사업.csv.사업코드 -> 사업코드관리.csv.business_level6_cd -> 사업코드관리.csv.business_level6_cd,,사업코드,관리회계_사업.csv,Master,100.0,business_level6_cd,사업코드관리.csv,Master,76.05,business_level6_cd,사업코드관리.csv,Master,97.5,,,,,사업코드,관리회계_사업.csv,C:/projects/myproject/QDQM/DS_Input/Internal/관리회계_사업.csv,Master,80.0,100.0,business_level5_cd,사업코드관리.csv,C:/projects/myproject/QDQM/DS_Input/Internal/사업코드관리.csv,Master,78.0,97.5,business_level6_cd,사업코드관리.csv,C:/projects/myproject/QDQM/DS_Input/Internal/사업코드관리.csv,Master,78.0,97.5,,,,,,
C:/projects/myproject/QDQM/DS_Input/Internal/관리회계_사업.csv,관리회계_사업.csv,사업LEVEL코드,Master,0,,,0,0,,,,,,,,,,,,,,,,,,,,,,,,,,,,,,,,,,,,,,,,,,,
C:/projects/myproject/QDQM/DS_Input/Internal/관리회계_사업.csv,관리회계_사업.csv,유효종료일자V,Master,0,,,0,0,,,,,,,,,,,,,,,,,,,,,,,,,,,,,,,,,,,,,,,,,,,
C:/projects/myproject/QDQM/DS_Input/Internal/관리회계_사업.csv,관리회계_사업.csv,정렬순서,Master,1,FK,,3,3,관리회계계정.csv.정렬순서 -> 관리회계_조직그룹상세.csv.정렬순서 -> 사업코드관리.csv.정렬순서,관리회계계정.csv.정렬순서 -> 관리회계_조직그룹상세.csv.정렬순서 -> 사업코드관리.csv.정렬순서,,정렬순서,관리회계계정.csv,Master,99.27,정렬순서,관리회계_조직그룹상세.csv,Master,84.71,정렬순서,사업코드관리.csv,Master,83.98,,,,,정렬순서,관리회계계정.csv,C:/projects/myproject/QDQM/DS_Input/Internal/관리회계계정.csv,Master,409.0,99.27,정렬순서,관리회계_조직그룹상세.csv,C:/projects/myproject/QDQM/DS_Input/Internal/관리회계_조직그룹상세.csv,Master,349.0,84.71,정렬순서,사업코드관리.csv,C:/projects/myproject/QDQM/DS_Input/Internal/사업코드관리.csv,Master,346.0,83.98,,,,,,
C:/projects/myproject/QDQM/DS_Input/Internal/관리회계_사업.csv,관리회계_사업.csv,최초생성자ID,Master,0,,,0,0,,,,,,,,,,,,,,,,,,,,,,,,,,,,,,,,,,,,,,,,,,,
C:/projects/myproject/QDQM/DS_Input/Internal/관리회계_사업.csv,관리회계_사업.csv,최초생성일시,Master,0,,,0,0,,,,,,,,,,,,,,,,,,,,,,,,,,,,,,,,,,,,,,,,,,,
C:/projects/myproject/QDQM/DS_Input/Internal/관리회계_사업.csv,관리회계_사업.csv,최종갱신자ID,Master,0,,,0,0,,,,,,,,,,,,,,,,,,,,,,,,,,,,,,,,,,,,,,,,,,,
C:/projects/myproject/QDQM/DS_Input/Internal/관리회계_사업.csv,관리회계_사업.csv,최종변경일시,Master,0,,,0,0,,,,,,,,,,,,,,,,,,,,,,,,,,,,,,,,,,,,,,,,,,,
C:/projects/myproject/QDQM/DS_Input/Internal/관리회계_사업.csv,관리회계_사업.csv,ETL일시,Master,0,,,0,0,,,,,,,,,,,,,,,,,,,,,,,,,,,,,,,,,,,,,,,,,,,
C:/projects/myproject/QDQM/DS_Input/Internal/관리회계_조직그룹.csv,관리회계_조직그룹.csv,귀속부서조직GROUP코드,Master,0,,,0,0,,,,,,,,,,,,,,,,,,,,,,,,,,,,,,,,,,,,,,,,,,,
C:/projects/myproject/QDQM/DS_Input/Internal/관리회계_조직그룹.csv,관리회계_조직그룹.csv,귀속부서조직GROUP명,Master,0,,,0,0,,,,,,,,,,,,,,,,,,,,,,,,,,,,,,,,,,,,,,,,,,,
C:/projects/myproject/QDQM/DS_Input/Internal/관리회계_조직그룹.csv,관리회계_조직그룹.csv,정렬순서,Master,0,,,0,0,,,,,,,,,,,,,,,,,,,,,,,,,,,,,,,,,,,,,,,,,,,
C:/projects/myproject/QDQM/DS_Input/Internal/관리회계_조직그룹.csv,관리회계_조직그룹.csv,사용여부,Master,0,,,0,0,,,,,,,,,,,,,,,,,,,,,,,,,,,,,,,,,,,,,,,,,,,
C:/projects/myproject/QDQM/DS_Input/Internal/관리회계_조직그룹.csv,관리회계_조직그룹.csv,최초생성자ID,Master,0,,,0,0,,,,,,,,,,,,,,,,,,,,,,,,,,,,,,,,,,,,,,,,,,,
C:/projects/myproject/QDQM/DS_Input/Internal/관리회계_조직그룹.csv,관리회계_조직그룹.csv,최초생성일시,Master,0,,,1,1,관리회계_조직그룹.csv.최종변경일시,관리회계_조직그룹.csv.최종변경일시,,최종변경일시,관리회계_조직그룹.csv,Master,100.0,,,,,,,,,,,,,최종변경일시,관리회계_조직그룹.csv,C:/projects/myproject/QDQM/DS_Input/Internal/관리회계_조직그룹.csv,Master,10.0,100.0,,,,,,,,,,,,,,,,,,
C:/projects/myproject/QDQM/DS_Input/Internal/관리회계_조직그룹.csv,관리회계_조직그룹.csv,최종갱신자ID,Master,0,,,0,0,,,,,,,,,,,,,,,,,,,,,,,,,,,,,,,,,,,,,,,,,,,
C:/projects/myproject/QDQM/DS_Input/Internal/관리회계_조직그룹.csv,관리회계_조직그룹.csv,최종변경일시,Master,0,,,1,1,관리회계_조직그룹.csv.최초생성일시,관리회계_조직그룹.csv.최초생성일시,,최초생성일시,관리회계_조직그룹.csv,Master,100.0,,,,,,,,,,,,,최초생성일시,관리회계_조직그룹.csv,C:/projects/myproject/QDQM/DS_Input/Internal/관리회계_조직그룹.csv,Master,10.0,100.0,,,,,,,,,,,,,,,,,,
C:/projects/myproject/QDQM/DS_Input/Internal/관리회계_조직그룹.csv,관리회계_조직그룹.csv,ETL일시,Master,0,,,0,0,,,,,,,,,,,,,,,,,,,,,,,,,,,,,,,,,,,,,,,,,,,
C:/projects/myproject/QDQM/DS_Input/Internal/관리회계_조직그룹상세.csv,관리회계_조직그룹상세.csv,귀속부서조직GROUP코드,Master,0,,,0,0,,,,,,,,,,,,,,,,,,,,,,,,,,,,,,,,,,,,,,,,,,,
C:/projects/myproject/QDQM/DS_Input/Internal/관리회계_조직그룹상세.csv,관리회계_조직그룹상세.csv,귀속부서조직코드,Master,0,,,1,1,사용자.csv.HR시스템소속코드,사용자.csv.HR시스템소속코드,,HR시스템소속코드,사용자.csv,Master,64.89,,,,,,,,,,,,,HR시스템소속코드,사용자.csv,C:/projects/myproject/QDQM/DS_Input/Internal/사용자.csv,Master,183.0,64.89,,,,,,,,,,,,,,,,,,
C:/projects/myproject/QDQM/DS_Input/Internal/관리회계_조직그룹상세.csv,관리회계_조직그룹상세.csv,정렬순서,Master,1,FK,,3,3,관리회계_사업.csv.정렬순서 -> 관리회계계정.csv.정렬순서 -> 사업코드관리.csv.정렬순서,관리회계_사업.csv.정렬순서 -> 관리회계계정.csv.정렬순서 -> 사업코드관리.csv.정렬순서,,정렬순서,관리회계_사업.csv,Master,100.0,정렬순서,관리회계계정.csv,Master,99.27,정렬순서,사업코드관리.csv,Master,99.14,,,,,정렬순서,관리회계_사업.csv,C:/projects/myproject/QDQM/DS_Input/Internal/관리회계_사업.csv,Master,349.0,100.0,정렬순서,관리회계계정.csv,C:/projects/myproject/QDQM/DS_Input/Internal/관리회계계정.csv,Master,349.0,100.0,정렬순서,사업코드관리.csv,C:/projects/myproject/QDQM/DS_Input/Internal/사업코드관리.csv,Master,346.0,99.14,,,,,,
C:/projects/myproject/QDQM/DS_Input/Internal/관리회계_조직그룹상세.csv,관리회계_조직그룹상세.csv,사용여부,Master,0,,,0,0,,,,,,,,,,,,,,,,,,,,,,,,,,,,,,,,,,,,,,,,,,,
C:/projects/myproject/QDQM/DS_Input/Internal/관리회계_조직그룹상세.csv,관리회계_조직그룹상세.csv,최초생성자ID,Master,0,,,0,0,,,,,,,,,,,,,,,,,,,,,,,,,,,,,,,,,,,,,,,,,,,
C:/projects/myproject/QDQM/DS_Input/Internal/관리회계_조직그룹상세.csv,관리회계_조직그룹상세.csv,최초생성일시,Master,0,,,0,0,,,,,,,,,,,,,,,,,,,,,,,,,,,,,,,,,,,,,,,,,,,
C:/projects/myproject/QDQM/DS_Input/Internal/관리회계_조직그룹상세.csv,관리회계_조직그룹상세.csv,최종갱신자ID,Master,0,,,0,0,,,,,,,,,,,,,,,,,,,,,,,,,,,,,,,,,,,,,,,,,,,
C:/projects/myproject/QDQM/DS_Input/Internal/관리회계_조직그룹상세.csv,관리회계_조직그룹상세.csv,최종변경일시,Master,0,,,0,0,,,,,,,,,,,,,,,,,,,,,,,,,,,,,,,,,,,,,,,,,,,
C:/projects/myproject/QDQM/DS_Input/Internal/관리회계_조직그룹상세.csv,관리회계_조직그룹상세.csv,ETL일시,Master,0,,,0,0,,,,,,,,,,,,,,,,,,,,,,,,,,,,,,,,,,,,,,,,,,,
C:/projects/myproject/QDQM/DS_Input/Internal/관리회계계정.csv,관리회계계정.csv,관리회계계정코드,Master,1,FK,,2,2,계정과목코드.csv.계정과목코드 -> 계정코드관리.csv.하위계정과목코드,계정과목코드.csv.계정과목코드 -> 계정코드관리.csv.하위계정과목코드,,계정과목코드,계정과목코드.csv,Master,100.0,하위계정과목코드,계정코드관리.csv,Master,80.49,,,,,,,,,계정과목코드,계정과목코드.csv,C:/projects/myproject/QDQM/DS_Input/Internal/계정과목코드.csv,Master,410.0,100.0,하위계정과목코드,계정코드관리.csv,C:/projects/myproject/QDQM/DS_Input/Internal/계정코드관리.csv,Master,330.0,80.49,,,,,,,,,,,,
C:/projects/myproject/QDQM/DS_Input/Internal/관리회계계정.csv,관리회계계정.csv,계정명,Master,0,,계정과목,3,2,계정과목코드.csv.계정과목명 -> 계정코드관리.csv.하위계정과목명 -> 계정과목.csv.계정과목,계정과목코드.csv.계정과목명 -> 계정코드관리.csv.하위계정과목명,,계정과목명,계정과목코드.csv,Master,100.0,하위계정과목명,계정코드관리.csv,Master,83.93,계정과목,계정과목.csv,Reference,85.97,,,,,계정과목명,계정과목코드.csv,C:/projects/myproject/QDQM/DS_Input/Internal/계정과목코드.csv,Master,392.0,100.0,하위계정과목명,계정코드관리.csv,C:/projects/myproject/QDQM/DS_Input/Internal/계정코드관리.csv,Master,329.0,83.93,계정과목,계정과목.csv,C:/projects/myproject/QDQM/DS_Input/Reference/계정과목.csv,Reference,337.0,85.97,,,,,,
C:/projects/myproject/QDQM/DS_Input/Internal/관리회계계정.csv,관리회계계정.csv,관리회계상위계정코드,Master,0,,,3,3,계정과목코드.csv.상위계정과목코드 -> 계정과목코드.csv.계정과목코드 -> 관리회계계정.csv.관리회계계정코드,계정과목코드.csv.상위계정과목코드 -> 계정과목코드.csv.계정과목코드 -> 관리회계계정.csv.관리회계계정코드,,상위계정과목코드,계정과목코드.csv,Master,100.0,계정과목코드,계정과목코드.csv,Master,98.41,관리회계계정코드,관리회계계정.csv,Master,98.41,,,,,상위계정과목코드,계정과목코드.csv,C:/projects/myproject/QDQM/DS_Input/Internal/계정과목코드.csv,Master,63.0,100.0,계정과목코드,계정과목코드.csv,C:/projects/myproject/QDQM/DS_Input/Internal/계정과목코드.csv,Master,62.0,98.41,관리회계계정코드,관리회계계정.csv,C:/projects/myproject/QDQM/DS_Input/Internal/관리회계계정.csv,Master,62.0,98.41,,,,,,
C:/projects/myproject/QDQM/DS_Input/Internal/관리회계계정.csv,관리회계계정.csv,관리회계계정유형코드,Master,0,,,1,1,계정과목코드.csv.계정유형코드,계정과목코드.csv.계정유형코드,,계정유형코드,계정과목코드.csv,Master,100.0,,,,,,,,,,,,,계정유형코드,계정과목코드.csv,C:/projects/myproject/QDQM/DS_Input/Internal/계정과목코드.csv,Master,16.0,100.0,,,,,,,,,,,,,,,,,,
C:/projects/myproject/QDQM/DS_Input/Internal/관리회계계정.csv,관리회계계정.csv,관리회계계정속성값1,Master,0,,,0,0,,,,,,,,,,,,,,,,,,,,,,,,,,,,,,,,,,,,,,,,,,,
C:/projects/myproject/QDQM/DS_Input/Internal/관리회계계정.csv,관리회계계정.csv,관리회계계정속성값2,Master,1,,,0,0,,,,,,,,,,,,,,,,,,,,,,,,,,,,,,,,,,,,,,,,,,,
C:/projects/myproject/QDQM/DS_Input/Internal/관리회계계정.csv,관리회계계정.csv,정렬순서,Master,1,FK,,3,3,관리회계_사업.csv.정렬순서 -> 관리회계_조직그룹상세.csv.정렬순서 -> 사업코드관리.csv.정렬순서,관리회계_사업.csv.정렬순서 -> 관리회계_조직그룹상세.csv.정렬순서 -> 사업코드관리.csv.정렬순서,,정렬순서,관리회계_사업.csv,Master,99.76,정렬순서,관리회계_조직그룹상세.csv,Master,85.12,정렬순서,사업코드관리.csv,Master,84.39,,,,,정렬순서,관리회계_사업.csv,C:/projects/myproject/QDQM/DS_Input/Internal/관리회계_사업.csv,Master,409.0,99.76,정렬순서,관리회계_조직그룹상세.csv,C:/projects/myproject/QDQM/DS_Input/Internal/관리회계_조직그룹상세.csv,Master,349.0,85.12,정렬순서,사업코드관리.csv,C:/projects/myproject/QDQM/DS_Input/Internal/사업코드관리.csv,Master,346.0,84.39,,,,,,
C:/projects/myproject/QDQM/DS_Input/Internal/관리회계계정.csv,관리회계계정.csv,최초생성자ID,Master,0,,,0,0,,,,,,,,,,,,,,,,,,,,,,,,,,,,,,,,,,,,,,,,,,,
C:/projects/myproject/QDQM/DS_Input/Internal/관리회계계정.csv,관리회계계정.csv,최초생성일시,Master,0,,,0,0,,,,,,,,,,,,,,,,,,,,,,,,,,,,,,,,,,,,,,,,,,,
C:/projects/myproject/QDQM/DS_Input/Internal/관리회계계정.csv,관리회계계정.csv,최종갱신자ID,Master,0,,,0,0,,,,,,,,,,,,,,,,,,,,,,,,,,,,,,,,,,,,,,,,,,,
C:/projects/myproject/QDQM/DS_Input/Internal/관리회계계정.csv,관리회계계정.csv,최종변경일시,Master,0,,,0,0,,,,,,,,,,,,,,,,,,,,,,,,,,,,,,,,,,,,,,,,,,,
C:/projects/myproject/QDQM/DS_Input/Internal/관리회계계정.csv,관리회계계정.csv,ETL일시,Master,0,,,0,0,,,,,,,,,,,,,,,,,,,,,,,,,,,,,,,,,,,,,,,,,,,
C:/projects/myproject/QDQM/DS_Input/Internal/관리회계계정.csv,관리회계계정.csv,create_time,Master,1,,,0,0,,,,,,,,,,,,,,,,,,,,,,,,,,,,,,,,,,,,,,,,,,,
C:/projects/myproject/QDQM/DS_Input/Internal/기업고객.csv,기업고객.csv,기업고객번호,Master,0,,,0,0,,,,,,,,,,,,,,,,,,,,,,,,,,,,,,,,,,,,,,,,,,,
C:/projects/myproject/QDQM/DS_Input/Internal/기업고객.csv,기업고객.csv,개인기업고객구분,Master,0,,,0,0,,,,,,,,,,,,,,,,,,,,,,,,,,,,,,,,,,,,,,,,,,,
C:/projects/myproject/QDQM/DS_Input/Internal/기업고객.csv,기업고객.csv,사업구분,Master,0,,,0,0,,,,,,,,,,,,,,,,,,,,,,,,,,,,,,,,,,,,,,,,,,,
C:/projects/myproject/QDQM/DS_Input/Internal/기업고객.csv,기업고객.csv,기업고객명,Master,0,,,1,1,CUSTOMER.csv.고객명,CUSTOMER.csv.고객명,,고객명,CUSTOMER.csv,Master,100.0,,,,,,,,,,,,,고객명,CUSTOMER.csv,C:/projects/myproject/QDQM/DS_Input/Internal/CUSTOMER.csv,Master,6836.0,100.0,,,,,,,,,,,,,,,,,,
C:/projects/myproject/QDQM/DS_Input/Internal/기업고객.csv,기업고객.csv,영문고객명,Master,0,,,0,0,,,,,,,,,,,,,,,,,,,,,,,,,,,,,,,,,,,,,,,,,,,
C:/projects/myproject/QDQM/DS_Input/Internal/기업고객.csv,기업고객.csv,국가코드,Master,0,,,0,0,,,,,,,,,,,,,,,,,,,,,,,,,,,,,,,,,,,,,,,,,,,
C:/projects/myproject/QDQM/DS_Input/Internal/기업고객.csv,기업고객.csv,기업사업자등록번호,Master,0,,유효사업자번호3,2,1,CUSTOMER.csv.주민_사업자등록번호 -> 사업자등록번호3.csv.유효사업자번호3,CUSTOMER.csv.주민_사업자등록번호,,주민_사업자등록번호,CUSTOMER.csv,Master,100.0,유효사업자번호3,사업자등록번호3.csv,Reference,77.38,,,,,,,,,주민_사업자등록번호,CUSTOMER.csv,C:/projects/myproject/QDQM/DS_Input/Internal/CUSTOMER.csv,Master,6722.0,100.0,유효사업자번호3,사업자등록번호3.csv,C:/projects/myproject/QDQM/DS_Input/Reference/사업자등록번호3.csv,Reference,544.0,77.38,,,,,,,,,,,,
C:/projects/myproject/QDQM/DS_Input/Internal/기업고객.csv,기업고객.csv,기업우편번호,Master,0,,,3,3,CUSTOMER.csv.우편번호 -> 기업고객.csv.청구지우편번호 -> CUSTOMER.csv.청구지우편번호,CUSTOMER.csv.우편번호 -> 기업고객.csv.청구지우편번호 -> CUSTOMER.csv.청구지우편번호,,우편번호,CUSTOMER.csv,Master,93.75,청구지우편번호,기업고객.csv,Master,86.94,청구지우편번호,CUSTOMER.csv,Master,83.33,,,,,우편번호,CUSTOMER.csv,C:/projects/myproject/QDQM/DS_Input/Internal/CUSTOMER.csv,Master,3014.0,93.75,청구지우편번호,기업고객.csv,C:/projects/myproject/QDQM/DS_Input/Internal/기업고객.csv,Master,2795.0,86.94,청구지우편번호,CUSTOMER.csv,C:/projects/myproject/QDQM/DS_Input/Internal/CUSTOMER.csv,Master,2679.0,83.33,,,,,,
C:/projects/myproject/QDQM/DS_Input/Internal/기업고객.csv,기업고객.csv,주소,Master,0,,,0,0,,,,,,,,,,,,,,,,,,,,,,,,,,,,,,,,,,,,,,,,,,,
C:/projects/myproject/QDQM/DS_Input/Internal/기업고객.csv,기업고객.csv,청구부서,Master,0,,,3,3,CUSTOMER.csv.청구부서 -> CUSTOMER.csv.담당부서 -> 기업고객.csv.담당부서,CUSTOMER.csv.청구부서 -> CUSTOMER.csv.담당부서 -> 기업고객.csv.담당부서,,청구부서,CUSTOMER.csv,Master,99.72,담당부서,CUSTOMER.csv,Master,89.49,담당부서,기업고객.csv,Master,89.49,,,,,청구부서,CUSTOMER.csv,C:/projects/myproject/QDQM/DS_Input/Internal/CUSTOMER.csv,Master,351.0,99.72,담당부서,CUSTOMER.csv,C:/projects/myproject/QDQM/DS_Input/Internal/CUSTOMER.csv,Master,315.0,89.49,담당부서,기업고객.csv,C:/projects/myproject/QDQM/DS_Input/Internal/기업고객.csv,Master,315.0,89.49,,,,,,
C:/projects/myproject/QDQM/DS_Input/Internal/기업고객.csv,기업고객.csv,청구지우편번호,Master,0,,,3,3,CUSTOMER.csv.청구지우편번호 -> 기업고객.csv.기업우편번호 -> CUSTOMER.csv.우편번호,CUSTOMER.csv.청구지우편번호 -> 기업고객.csv.기업우편번호 -> CUSTOMER.csv.우편번호,,청구지우편번호,CUSTOMER.csv,Master,95.13,기업우편번호,기업고객.csv,Master,82.99,우편번호,CUSTOMER.csv,Master,79.45,,,,,청구지우편번호,CUSTOMER.csv,C:/projects/myproject/QDQM/DS_Input/Internal/CUSTOMER.csv,Master,3204.0,95.13,기업우편번호,기업고객.csv,C:/projects/myproject/QDQM/DS_Input/Internal/기업고객.csv,Master,2795.0,82.99,우편번호,CUSTOMER.csv,C:/projects/myproject/QDQM/DS_Input/Internal/CUSTOMER.csv,Master,2676.0,79.45,,,,,,
C:/projects/myproject/QDQM/DS_Input/Internal/기업고객.csv,기업고객.csv,청구지주소,Master,0,,,0,0,,,,,,,,,,,,,,,,,,,,,,,,,,,,,,,,,,,,,,,,,,,
C:/projects/myproject/QDQM/DS_Input/Internal/기업고객.csv,기업고객.csv,판매일,Master,0,,,3,3,CUSTOMER.csv.판매일 -> CONTRACT.csv.CONTRACT_DATE -> 사원마스터.csv.근무시작일자,CUSTOMER.csv.판매일 -> CONTRACT.csv.CONTRACT_DATE -> 사원마스터.csv.근무시작일자,,판매일,CUSTOMER.csv,Master,100.0,CONTRACT_DATE,CONTRACT.csv,Master,65.89,근무시작일자,사원마스터.csv,Master,64.43,,,,,판매일,CUSTOMER.csv,C:/projects/myproject/QDQM/DS_Input/Internal/CUSTOMER.csv,Master,3700.0,100.0,CONTRACT_DATE,CONTRACT.csv,C:/projects/myproject/QDQM/DS_Input/Internal/CONTRACT.csv,Master,2438.0,65.89,근무시작일자,사원마스터.csv,C:/projects/myproject/QDQM/DS_Input/Internal/사원마스터.csv,Master,2384.0,64.43,,,,,,
C:/projects/myproject/QDQM/DS_Input/Internal/기업고객.csv,기업고객.csv,판매점소,Master,0,,,3,3,CUSTOMER.csv.판매점소 -> CONTRACT.csv.CONTRACT_ORG_CD -> 택배_고객.csv.판매점소,CUSTOMER.csv.판매점소 -> CONTRACT.csv.CONTRACT_ORG_CD -> 택배_고객.csv.판매점소,,판매점소,CUSTOMER.csv,Master,100.0,CONTRACT_ORG_CD,CONTRACT.csv,Master,88.89,판매점소,택배_고객.csv,Master,85.56,,,,,판매점소,CUSTOMER.csv,C:/projects/myproject/QDQM/DS_Input/Internal/CUSTOMER.csv,Master,90.0,100.0,CONTRACT_ORG_CD,CONTRACT.csv,C:/projects/myproject/QDQM/DS_Input/Internal/CONTRACT.csv,Master,80.0,88.89,판매점소,택배_고객.csv,C:/projects/myproject/QDQM/DS_Input/Internal/택배_고객.csv,Master,77.0,85.56,,,,,,
C:/projects/myproject/QDQM/DS_Input/Internal/기업고객.csv,기업고객.csv,판매원사번,Master,0,,,2,2,CONTRACT.csv.SALES_EMP -> CUSTOMER.csv.판매원사번,CONTRACT.csv.SALES_EMP -> CUSTOMER.csv.판매원사번,,SALES_EMP,CONTRACT.csv,Master,79.91,판매원사번,CUSTOMER.csv,Master,73.29,,,,,,,,,SALES_EMP,CONTRACT.csv,C:/projects/myproject/QDQM/DS_Input/Internal/CONTRACT.csv,Master,748.0,79.91,판매원사번,CUSTOMER.csv,C:/projects/myproject/QDQM/DS_Input/Internal/CUSTOMER.csv,Master,686.0,73.29,,,,,,,,,,,,
C:/projects/myproject/QDQM/DS_Input/Internal/기업고객.csv,기업고객.csv,담당부서,Master,0,,,1,1,CUSTOMER.csv.담당부서,CUSTOMER.csv.담당부서,,담당부서,CUSTOMER.csv,Master,100.0,,,,,,,,,,,,,담당부서,CUSTOMER.csv,C:/projects/myproject/QDQM/DS_Input/Internal/CUSTOMER.csv,Master,794.0,100.0,,,,,,,,,,,,,,,,,,
C:/projects/myproject/QDQM/DS_Input/Internal/기업고객.csv,기업고객.csv,집하지우편번호,Master,0,,우편번호3,2,1,CUSTOMER.csv.집하지우편번호 -> 우편번호3.csv.우편번호3,CUSTOMER.csv.집하지우편번호,,집하지우편번호,CUSTOMER.csv,Master,96.23,우편번호3,우편번호3.csv,Reference,66.39,,,,,,,,,집하지우편번호,CUSTOMER.csv,C:/projects/myproject/QDQM/DS_Input/Internal/CUSTOMER.csv,Master,4085.0,96.23,우편번호3,우편번호3.csv,C:/projects/myproject/QDQM/DS_Input/Reference/우편번호3.csv,Reference,322.0,66.39,,,,,,,,,,,,
C:/projects/myproject/QDQM/DS_Input/Internal/기업고객.csv,기업고객.csv,집하지주소,Master,0,,,0,0,,,,,,,,,,,,,,,,,,,,,,,,,,,,,,,,,,,,,,,,,,,
C:/projects/myproject/QDQM/DS_Input/Internal/기업고객.csv,기업고객.csv,1ST_STREET,Master,0,,,0,0,,,,,,,,,,,,,,,,,,,,,,,,,,,,,,,,,,,,,,,,,,,
C:/projects/myproject/QDQM/DS_Input/Internal/기업고객.csv,기업고객.csv,계약기간종료일,Master,0,,,1,1,CUSTOMER.csv.계약기간종료일,CUSTOMER.csv.계약기간종료일,,계약기간종료일,CUSTOMER.csv,Master,100.0,,,,,,,,,,,,,계약기간종료일,CUSTOMER.csv,C:/projects/myproject/QDQM/DS_Input/Internal/CUSTOMER.csv,Master,3677.0,100.0,,,,,,,,,,,,,,,,,,
C:/projects/myproject/QDQM/DS_Input/Internal/기업고객.csv,기업고객.csv,청구점소,Master,0,,,3,3,CUSTOMER.csv.청구점소 -> CUSTOMER.csv.수금점소 -> 기업고객.csv.수금점소,CUSTOMER.csv.청구점소 -> CUSTOMER.csv.수금점소 -> 기업고객.csv.수금점소,,청구점소,CUSTOMER.csv,Master,100.0,수금점소,CUSTOMER.csv,Master,95.41,수금점소,기업고객.csv,Master,95.41,,,,,청구점소,CUSTOMER.csv,C:/projects/myproject/QDQM/DS_Input/Internal/CUSTOMER.csv,Master,109.0,100.0,수금점소,CUSTOMER.csv,C:/projects/myproject/QDQM/DS_Input/Internal/CUSTOMER.csv,Master,104.0,95.41,수금점소,기업고객.csv,C:/projects/myproject/QDQM/DS_Input/Internal/기업고객.csv,Master,104.0,95.41,,,,,,
C:/projects/myproject/QDQM/DS_Input/Internal/기업고객.csv,기업고객.csv,수금점소,Master,0,,,3,3,CUSTOMER.csv.수금점소 -> CUSTOMER.csv.청구점소 -> 기업고객.csv.청구점소,CUSTOMER.csv.수금점소 -> CUSTOMER.csv.청구점소 -> 기업고객.csv.청구점소,,수금점소,CUSTOMER.csv,Master,100.0,청구점소,CUSTOMER.csv,Master,91.23,청구점소,기업고객.csv,Master,91.23,,,,,수금점소,CUSTOMER.csv,C:/projects/myproject/QDQM/DS_Input/Internal/CUSTOMER.csv,Master,114.0,100.0,청구점소,CUSTOMER.csv,C:/projects/myproject/QDQM/DS_Input/Internal/CUSTOMER.csv,Master,104.0,91.23,청구점소,기업고객.csv,C:/projects/myproject/QDQM/DS_Input/Internal/기업고객.csv,Master,104.0,91.23,,,,,,
C:/projects/myproject/QDQM/DS_Input/Internal/기업고객.csv,기업고객.csv,최종수정일시,Master,0,,,3,3,CUSTOMER.csv.최종수정일시 -> 고객마스터.csv.등록일시 -> 고객마스터.csv.최종사원업데이트일시,CUSTOMER.csv.최종수정일시 -> 고객마스터.csv.등록일시 -> 고객마스터.csv.최종사원업데이트일시,,최종수정일시,CUSTOMER.csv,Master,100.0,등록일시,고객마스터.csv,Master,88.4,최종사원업데이트일시,고객마스터.csv,Master,77.02,,,,,최종수정일시,CUSTOMER.csv,C:/projects/myproject/QDQM/DS_Input/Internal/CUSTOMER.csv,Master,1845.0,100.0,등록일시,고객마스터.csv,C:/projects/myproject/QDQM/DS_Input/Internal/고객마스터.csv,Master,1631.0,88.4,최종사원업데이트일시,고객마스터.csv,C:/projects/myproject/QDQM/DS_Input/Internal/고객마스터.csv,Master,1421.0,77.02,,,,,,
C:/projects/myproject/QDQM/DS_Input/Internal/기업고객.csv,기업고객.csv,최종변경자사번,Master,0,,,1,1,CUSTOMER.csv.최종변경자사번,CUSTOMER.csv.최종변경자사번,,최종변경자사번,CUSTOMER.csv,Master,77.8,,,,,,,,,,,,,최종변경자사번,CUSTOMER.csv,C:/projects/myproject/QDQM/DS_Input/Internal/CUSTOMER.csv,Master,347.0,77.8,,,,,,,,,,,,,,,,,,
C:/projects/myproject/QDQM/DS_Input/Internal/기업고객.csv,기업고객.csv,집하점소,Master,0,FK,,3,3,ORGNIZATION.csv.조직코드 -> 택배_조직도.csv.조직코드 -> 배송점.csv.배송점코드,ORGNIZATION.csv.조직코드 -> 택배_조직도.csv.조직코드 -> 배송점.csv.배송점코드,,조직코드,ORGNIZATION.csv,Master,97.94,조직코드,택배_조직도.csv,Master,100.0,배송점코드,배송점.csv,Master,86.67,,,,,조직코드,ORGNIZATION.csv,C:/projects/myproject/QDQM/DS_Input/Internal/ORGNIZATION.csv,Master,1095.0,97.94,조직코드,택배_조직도.csv,C:/projects/myproject/QDQM/DS_Input/Internal/택배_조직도.csv,Master,1095.0,97.94,배송점코드,배송점.csv,C:/projects/myproject/QDQM/DS_Input/Internal/배송점.csv,Master,969.0,86.67,,,,,,
C:/projects/myproject/QDQM/DS_Input/Internal/기업고객.csv,기업고객.csv,수입조직,Master,0,,,3,3,CUSTOMER.csv.수입조직 -> 사용자.csv.점소코드 -> Z사용자.csv.점소코드,CUSTOMER.csv.수입조직 -> 사용자.csv.점소코드 -> Z사용자.csv.점소코드,,수입조직,CUSTOMER.csv,Master,100.0,점소코드,사용자.csv,Master,96.88,점소코드,Z사용자.csv,Test,94.79,,,,,수입조직,CUSTOMER.csv,C:/projects/myproject/QDQM/DS_Input/Internal/CUSTOMER.csv,Master,96.0,100.0,점소코드,사용자.csv,C:/projects/myproject/QDQM/DS_Input/Internal/사용자.csv,Master,93.0,96.88,점소코드,Z사용자.csv,C:/projects/myproject/QDQM/DS_Input/Test/Z사용자.csv,Test,91.0,94.79,,,,,,
C:/projects/myproject/QDQM/DS_Input/Internal/기업고객.csv,기업고객.csv,기업법인번호,Master,0,,,1,1,CUSTOMER.csv.법인번호,CUSTOMER.csv.법인번호,,법인번호,CUSTOMER.csv,Master,99.34,,,,,,,,,,,,,법인번호,CUSTOMER.csv,C:/projects/myproject/QDQM/DS_Input/Internal/CUSTOMER.csv,Master,151.0,99.34,,,,,,,,,,,,,,,,,,
C:/projects/myproject/QDQM/DS_Input/Internal/기업고객.csv,기업고객.csv,최종변경일시,Master,0,,,0,0,,,,,,,,,,,,,,,,,,,,,,,,,,,,,,,,,,,,,,,,,,,
C:/projects/myproject/QDQM/DS_Input/Internal/기업고객.csv,기업고객.csv,ETL일시,Master,0,,,0,0,,,,,,,,,,,,,,,,,,,,,,,,,,,,,,,,,,,,,,,,,,,
C:/projects/myproject/QDQM/DS_Input/Internal/미배송사유코드.csv,미배송사유코드.csv,사유코드,Master,0,,,3,3,CUSTOMER.csv.집하지소번지 -> CUSTOMER.csv.집하지대번지 -> test.csv.ID,CUSTOMER.csv.집하지소번지 -> CUSTOMER.csv.집하지대번지 -> test.csv.ID,,집하지소번지,CUSTOMER.csv,Master,80.0,집하지대번지,CUSTOMER.csv,Master,75.37,ID,test.csv,Master,75.0,,,,,집하지소번지,CUSTOMER.csv,C:/projects/myproject/QDQM/DS_Input/Internal/CUSTOMER.csv,Master,32.0,80.0,집하지대번지,CUSTOMER.csv,C:/projects/myproject/QDQM/DS_Input/Internal/CUSTOMER.csv,Master,31.0,77.5,ID,test.csv,C:/projects/myproject/QDQM/DS_Input/Internal/test.csv,Master,30.0,75.0,,,,,,
C:/projects/myproject/QDQM/DS_Input/Internal/미배송사유코드.csv,미배송사유코드.csv,작업코드,Master,0,,,1,1,CUSTOMER.csv.집하지대번지,CUSTOMER.csv.집하지대번지,,집하지대번지,CUSTOMER.csv,Master,66.67,,,,,,,,,,,,,집하지대번지,CUSTOMER.csv,C:/projects/myproject/QDQM/DS_Input/Internal/CUSTOMER.csv,Master,8.0,66.67,,,,,,,,,,,,,,,,,,
C:/projects/myproject/QDQM/DS_Input/Internal/미배송사유코드.csv,미배송사유코드.csv,사유명,Master,0,,,0,0,,,,,,,,,,,,,,,,,,,,,,,,,,,,,,,,,,,,,,,,,,,
C:/projects/myproject/QDQM/DS_Input/Internal/미배송사유코드.csv,미배송사유코드.csv,사유명(영문),Master,0,,,0,0,,,,,,,,,,,,,,,,,,,,,,,,,,,,,,,,,,,,,,,,,,,
C:/projects/myproject/QDQM/DS_Input/Internal/미배송사유코드.csv,미배송사유코드.csv,최종변경일시,Master,0,,,0,0,,,,,,,,,,,,,,,,,,,,,,,,,,,,,,,,,,,,,,,,,,,
C:/projects/myproject/QDQM/DS_Input/Internal/미배송사유코드.csv,미배송사유코드.csv,ETL일시,Master,0,,,0,0,,,,,,,,,,,,,,,,,,,,,,,,,,,,,,,,,,,,,,,,,,,
C:/projects/myproject/QDQM/DS_Input/Internal/배송점.csv,배송점.csv,배송점코드,Master,1,FK,,2,2,ORGNIZATION.csv.조직코드 -> 택배_조직도.csv.조직코드,ORGNIZATION.csv.조직코드 -> 택배_조직도.csv.조직코드,,조직코드,ORGNIZATION.csv,Master,100.0,조직코드,택배_조직도.csv,Master,100.0,,,,,,,,,조직코드,ORGNIZATION.csv,C:/projects/myproject/QDQM/DS_Input/Internal/ORGNIZATION.csv,Master,2530.0,100.0,조직코드,택배_조직도.csv,C:/projects/myproject/QDQM/DS_Input/Internal/택배_조직도.csv,Master,2530.0,100.0,,,,,,,,,,,,
C:/projects/myproject/QDQM/DS_Input/Internal/배송점.csv,배송점.csv,상위조직코드,Master,0,,,3,3,ORGNIZATION.csv.상위조직코드 -> 택배_조직도.csv.상위조직코드 -> ORGNIZATION.csv.조직코드,ORGNIZATION.csv.상위조직코드 -> 택배_조직도.csv.상위조직코드 -> ORGNIZATION.csv.조직코드,,상위조직코드,ORGNIZATION.csv,Master,100.0,상위조직코드,택배_조직도.csv,Master,100.0,조직코드,ORGNIZATION.csv,Master,99.78,,,,,상위조직코드,ORGNIZATION.csv,C:/projects/myproject/QDQM/DS_Input/Internal/ORGNIZATION.csv,Master,455.0,100.0,상위조직코드,택배_조직도.csv,C:/projects/myproject/QDQM/DS_Input/Internal/택배_조직도.csv,Master,455.0,100.0,조직코드,ORGNIZATION.csv,C:/projects/myproject/QDQM/DS_Input/Internal/ORGNIZATION.csv,Master,454.0,99.78,,,,,,
C:/projects/myproject/QDQM/DS_Input/Internal/배송점.csv,배송점.csv,배송점명,Master,0,,,2,2,ORGNIZATION.csv.조직명 -> 택배_조직도.csv.조직명,ORGNIZATION.csv.조직명 -> 택배_조직도.csv.조직명,,조직명,ORGNIZATION.csv,Master,100.0,조직명,택배_조직도.csv,Master,100.0,,,,,,,,,조직명,ORGNIZATION.csv,C:/projects/myproject/QDQM/DS_Input/Internal/ORGNIZATION.csv,Master,2463.0,100.0,조직명,택배_조직도.csv,C:/projects/myproject/QDQM/DS_Input/Internal/택배_조직도.csv,Master,2463.0,100.0,,,,,,,,,,,,
C:/projects/myproject/QDQM/DS_Input/Internal/배송점.csv,배송점.csv,조직구분코드,Master,0,,,0,0,,,,,,,,,,,,,,,,,,,,,,,,,,,,,,,,,,,,,,,,,,,
C:/projects/myproject/QDQM/DS_Input/Internal/배송점.csv,배송점.csv,조직관리유형코드,Master,0,,,0,0,,,,,,,,,,,,,,,,,,,,,,,,,,,,,,,,,,,,,,,,,,,
C:/projects/myproject/QDQM/DS_Input/Internal/배송점.csv,배송점.csv,조직권역구분코드,Master,0,,,0,0,,,,,,,,,,,,,,,,,,,,,,,,,,,,,,,,,,,,,,,,,,,
C:/projects/myproject/QDQM/DS_Input/Internal/배송점.csv,배송점.csv,조직계약시작일자,Master,0,,,3,3,ORGNIZATION.csv.조직계약시작일자 -> 택배_조직도.csv.조직계약시작일자 -> 사원마스터.csv.근무시작일자,ORGNIZATION.csv.조직계약시작일자 -> 택배_조직도.csv.조직계약시작일자 -> 사원마스터.csv.근무시작일자,,조직계약시작일자,ORGNIZATION.csv,Master,100.0,조직계약시작일자,택배_조직도.csv,Master,100.0,근무시작일자,사원마스터.csv,Master,79.7,,,,,조직계약시작일자,ORGNIZATION.csv,C:/projects/myproject/QDQM/DS_Input/Internal/ORGNIZATION.csv,Master,394.0,100.0,조직계약시작일자,택배_조직도.csv,C:/projects/myproject/QDQM/DS_Input/Internal/택배_조직도.csv,Master,394.0,100.0,근무시작일자,사원마스터.csv,C:/projects/myproject/QDQM/DS_Input/Internal/사원마스터.csv,Master,314.0,79.7,,,,,,
C:/projects/myproject/QDQM/DS_Input/Internal/배송점.csv,배송점.csv,조직계약종료일자,Master,0,,,3,3,ORGNIZATION.csv.조직계약종료일자 -> 택배_조직도.csv.조직계약종료일자 -> CUSTOMER.csv.계약기간종료일,ORGNIZATION.csv.조직계약종료일자 -> 택배_조직도.csv.조직계약종료일자 -> CUSTOMER.csv.계약기간종료일,,조직계약종료일자,ORGNIZATION.csv,Master,100.0,조직계약종료일자,택배_조직도.csv,Master,100.0,계약기간종료일,CUSTOMER.csv,Master,88.12,,,,,조직계약종료일자,ORGNIZATION.csv,C:/projects/myproject/QDQM/DS_Input/Internal/ORGNIZATION.csv,Master,101.0,100.0,조직계약종료일자,택배_조직도.csv,C:/projects/myproject/QDQM/DS_Input/Internal/택배_조직도.csv,Master,101.0,100.0,계약기간종료일,CUSTOMER.csv,C:/projects/myproject/QDQM/DS_Input/Internal/CUSTOMER.csv,Master,89.0,88.12,,,,,,
C:/projects/myproject/QDQM/DS_Input/Internal/배송점.csv,배송점.csv,조직폐쇄일자,Master,0,,,3,3,ORGNIZATION.csv.조직폐쇄일자 -> 택배_조직도.csv.조직폐쇄일자 -> 사원마스터.csv.근무시작일자,ORGNIZATION.csv.조직폐쇄일자 -> 택배_조직도.csv.조직폐쇄일자 -> 사원마스터.csv.근무시작일자,,조직폐쇄일자,ORGNIZATION.csv,Master,100.0,조직폐쇄일자,택배_조직도.csv,Master,100.0,근무시작일자,사원마스터.csv,Master,67.27,,,,,조직폐쇄일자,ORGNIZATION.csv,C:/projects/myproject/QDQM/DS_Input/Internal/ORGNIZATION.csv,Master,165.0,100.0,조직폐쇄일자,택배_조직도.csv,C:/projects/myproject/QDQM/DS_Input/Internal/택배_조직도.csv,Master,165.0,100.0,근무시작일자,사원마스터.csv,C:/projects/myproject/QDQM/DS_Input/Internal/사원마스터.csv,Master,111.0,67.27,,,,,,
C:/projects/myproject/QDQM/DS_Input/Internal/배송점.csv,배송점.csv,영문조직명,Master,0,,,0,0,,,,,,,,,,,,,,,,,,,,,,,,,,,,,,,,,,,,,,,,,,,
C:/projects/myproject/QDQM/DS_Input/Internal/배송점.csv,배송점.csv,팩스번호,Master,0,,,2,2,ORGNIZATION.csv.팩스번호 -> 택배_조직도.csv.팩스번호,ORGNIZATION.csv.팩스번호 -> 택배_조직도.csv.팩스번호,,팩스번호,ORGNIZATION.csv,Master,100.0,팩스번호,택배_조직도.csv,Master,100.0,,,,,,,,,팩스번호,ORGNIZATION.csv,C:/projects/myproject/QDQM/DS_Input/Internal/ORGNIZATION.csv,Master,518.0,100.0,팩스번호,택배_조직도.csv,C:/projects/myproject/QDQM/DS_Input/Internal/택배_조직도.csv,Master,518.0,100.0,,,,,,,,,,,,
C:/projects/myproject/QDQM/DS_Input/Internal/배송점.csv,배송점.csv,우편번호,Master,0,,우편번호3,3,2,ORGNIZATION.csv.우편번호 -> 택배_조직도.csv.우편번호 -> 우편번호3.csv.우편번호3,ORGNIZATION.csv.우편번호 -> 택배_조직도.csv.우편번호,,우편번호,ORGNIZATION.csv,Master,100.0,우편번호,택배_조직도.csv,Master,100.0,우편번호3,우편번호3.csv,Reference,78.87,,,,,우편번호,ORGNIZATION.csv,C:/projects/myproject/QDQM/DS_Input/Internal/ORGNIZATION.csv,Master,1341.0,100.0,우편번호,택배_조직도.csv,C:/projects/myproject/QDQM/DS_Input/Internal/택배_조직도.csv,Master,1341.0,100.0,우편번호3,우편번호3.csv,C:/projects/myproject/QDQM/DS_Input/Reference/우편번호3.csv,Reference,336.0,78.87,,,,,,
C:/projects/myproject/QDQM/DS_Input/Internal/배송점.csv,배송점.csv,기본주소,Master,0,,,0,0,,,,,,,,,,,,,,,,,,,,,,,,,,,,,,,,,,,,,,,,,,,
C:/projects/myproject/QDQM/DS_Input/Internal/배송점.csv,배송점.csv,상세주소,Master,0,,,0,0,,,,,,,,,,,,,,,,,,,,,,,,,,,,,,,,,,,,,,,,,,,
C:/projects/myproject/QDQM/DS_Input/Internal/배송점.csv,배송점.csv,사업자등록번호,Master,0,,유효사업자번호3,4,3,ORGNIZATION.csv.사업자등록번호 -> 택배_조직도.csv.사업자등록번호 -> PRM계약.csv.사업자번호 -> 사업자등록번호3.csv.유효사업자번호3,ORGNIZATION.csv.사업자등록번호 -> 택배_조직도.csv.사업자등록번호 -> PRM계약.csv.사업자번호,,사업자등록번호,ORGNIZATION.csv,Master,100.0,사업자등록번호,택배_조직도.csv,Master,100.0,사업자번호,PRM계약.csv,Master,62.02,유효사업자번호3,사업자등록번호3.csv,Reference,80.46,사업자등록번호,ORGNIZATION.csv,C:/projects/myproject/QDQM/DS_Input/Internal/ORGNIZATION.csv,Master,1364.0,100.0,사업자등록번호,택배_조직도.csv,C:/projects/myproject/QDQM/DS_Input/Internal/택배_조직도.csv,Master,1364.0,100.0,사업자번호,PRM계약.csv,C:/projects/myproject/QDQM/DS_Input/Internal/PRM계약.csv,Master,846.0,62.02,유효사업자번호3,사업자등록번호3.csv,C:/projects/myproject/QDQM/DS_Input/Reference/사업자등록번호3.csv,Reference,387.0,80.46
C:/projects/myproject/QDQM/DS_Input/Internal/배송점.csv,배송점.csv,최수정일시,Master,0,,,3,3,ORGNIZATION.csv.최수정일시 -> 고객마스터.csv.등록일시 -> 고객마스터.csv.최종사원업데이트일시,ORGNIZATION.csv.최수정일시 -> 고객마스터.csv.등록일시 -> 고객마스터.csv.최종사원업데이트일시,,최수정일시,ORGNIZATION.csv,Master,100.0,등록일시,고객마스터.csv,Master,88.51,최종사원업데이트일시,고객마스터.csv,Master,76.02,,,,,최수정일시,ORGNIZATION.csv,C:/projects/myproject/QDQM/DS_Input/Internal/ORGNIZATION.csv,Master,502.0,100.0,등록일시,고객마스터.csv,C:/projects/myproject/QDQM/DS_Input/Internal/고객마스터.csv,Master,448.0,89.24,최종사원업데이트일시,고객마스터.csv,C:/projects/myproject/QDQM/DS_Input/Internal/고객마스터.csv,Master,373.0,74.3,,,,,,
C:/projects/myproject/QDQM/DS_Input/Internal/배송점.csv,배송점.csv,최종수정자,Master,0,,,3,3,ORGNIZATION.csv.최종수정자 -> 택배_조직도.csv.최종업데이트사원번호 -> 사용자.csv.사원번호,ORGNIZATION.csv.최종수정자 -> 택배_조직도.csv.최종업데이트사원번호 -> 사용자.csv.사원번호,,최종수정자,ORGNIZATION.csv,Master,100.0,최종업데이트사원번호,택배_조직도.csv,Master,100.0,사원번호,사용자.csv,Master,76.89,,,,,최종수정자,ORGNIZATION.csv,C:/projects/myproject/QDQM/DS_Input/Internal/ORGNIZATION.csv,Master,251.0,100.0,최종업데이트사원번호,택배_조직도.csv,C:/projects/myproject/QDQM/DS_Input/Internal/택배_조직도.csv,Master,251.0,100.0,사원번호,사용자.csv,C:/projects/myproject/QDQM/DS_Input/Internal/사용자.csv,Master,193.0,76.89,,,,,,
C:/projects/myproject/QDQM/DS_Input/Internal/법인정보.csv,법인정보.csv,법인번호,Master,1,,법인번호7,1,0,법인번호7.csv.법인번호7,,,법인번호7,법인번호7.csv,Reference,75.49,,,,,,,,,,,,,법인번호7,법인번호7.csv,C:/projects/myproject/QDQM/DS_Input/Reference/법인번호7.csv,Reference,462.0,75.49,,,,,,,,,,,,,,,,,,
C:/projects/myproject/QDQM/DS_Input/Internal/법인정보.csv,법인정보.csv,법인명,Master,0,,,0,0,,,,,,,,,,,,,,,,,,,,,,,,,,,,,,,,,,,,,,,,,,,
C:/projects/myproject/QDQM/DS_Input/Internal/법인정보.csv,법인정보.csv,최초생성자ID,Master,0,,,0,0,,,,,,,,,,,,,,,,,,,,,,,,,,,,,,,,,,,,,,,,,,,
C:/projects/myproject/QDQM/DS_Input/Internal/법인정보.csv,법인정보.csv,최초생성일시,Master,0,,,0,0,,,,,,,,,,,,,,,,,,,,,,,,,,,,,,,,,,,,,,,,,,,
C:/projects/myproject/QDQM/DS_Input/Internal/법인정보.csv,법인정보.csv,최종갱신자ID,Master,0,,,0,0,,,,,,,,,,,,,,,,,,,,,,,,,,,,,,,,,,,,,,,,,,,
C:/projects/myproject/QDQM/DS_Input/Internal/법인정보.csv,법인정보.csv,최종변경일시,Master,0,,,0,0,,,,,,,,,,,,,,,,,,,,,,,,,,,,,,,,,,,,,,,,,,,
C:/projects/myproject/QDQM/DS_Input/Internal/법인정보.csv,법인정보.csv,ETL일시,Master,0,,,0,0,,,,,,,,,,,,,,,,,,,,,,,,,,,,,,,,,,,,,,,,,,,
C:/projects/myproject/QDQM/DS_Input/Internal/사업구분.csv,사업구분.csv,사업구분코드,Master,1,,,0,0,,,,,,,,,,,,,,,,,,,,,,,,,,,,,,,,,,,,,,,,,,,
C:/projects/myproject/QDQM/DS_Input/Internal/사업구분.csv,사업구분.csv,사업입체구분,Master,0,,,0,0,,,,,,,,,,,,,,,,,,,,,,,,,,,,,,,,,,,,,,,,,,,
C:/projects/myproject/QDQM/DS_Input/Internal/사업구분.csv,사업구분.csv,계정코드,Master,0,,,0,0,,,,,,,,,,,,,,,,,,,,,,,,,,,,,,,,,,,,,,,,,,,
C:/projects/myproject/QDQM/DS_Input/Internal/사업구분.csv,사업구분.csv,사업구분한글명,Master,0,,,0,0,,,,,,,,,,,,,,,,,,,,,,,,,,,,,,,,,,,,,,,,,,,
C:/projects/myproject/QDQM/DS_Input/Internal/사업구분.csv,사업구분.csv,사업구분영문명,Master,0,,,0,0,,,,,,,,,,,,,,,,,,,,,,,,,,,,,,,,,,,,,,,,,,,
C:/projects/myproject/QDQM/DS_Input/Internal/사업구분.csv,사업구분.csv,한글CHARGE명,Master,0,,,0,0,,,,,,,,,,,,,,,,,,,,,,,,,,,,,,,,,,,,,,,,,,,
C:/projects/myproject/QDQM/DS_Input/Internal/사업구분.csv,사업구분.csv,영문CHARCE명,Master,0,,,0,0,,,,,,,,,,,,,,,,,,,,,,,,,,,,,,,,,,,,,,,,,,,
C:/projects/myproject/QDQM/DS_Input/Internal/사업구분.csv,사업구분.csv,등록일자,Master,0,,,3,3,사원기본.csv.시근일자 -> 사원마스터.csv.근무시작일자 -> CONTRACT.csv.CONTRACT_DATE,사원기본.csv.시근일자 -> 사원마스터.csv.근무시작일자 -> CONTRACT.csv.CONTRACT_DATE,,시근일자,사원기본.csv,Master,69.77,근무시작일자,사원마스터.csv,Master,69.22,CONTRACT_DATE,CONTRACT.csv,Master,62.79,,,,,시근일자,사원기본.csv,C:/projects/myproject/QDQM/DS_Input/Internal/사원기본.csv,Master,60.0,69.77,근무시작일자,사원마스터.csv,C:/projects/myproject/QDQM/DS_Input/Internal/사원마스터.csv,Master,58.0,67.44,CONTRACT_DATE,CONTRACT.csv,C:/projects/myproject/QDQM/DS_Input/Internal/CONTRACT.csv,Master,54.0,62.79,,,,,,
C:/projects/myproject/QDQM/DS_Input/Internal/사업구분.csv,사업구분.csv,수정일자,Master,0,,,3,3,사원기본.csv.시근일자 -> 사원마스터.csv.근무시작일자 -> 기업고객.csv.판매일,사원기본.csv.시근일자 -> 사원마스터.csv.근무시작일자 -> 기업고객.csv.판매일,,시근일자,사원기본.csv,Master,81.82,근무시작일자,사원마스터.csv,Master,69.22,판매일,기업고객.csv,Master,74.55,,,,,시근일자,사원기본.csv,C:/projects/myproject/QDQM/DS_Input/Internal/사원기본.csv,Master,45.0,81.82,판매일,CUSTOMER.csv,C:/projects/myproject/QDQM/DS_Input/Internal/CUSTOMER.csv,Master,41.0,74.55,판매일,기업고객.csv,C:/projects/myproject/QDQM/DS_Input/Internal/기업고객.csv,Master,41.0,74.55,,,,,,
C:/projects/myproject/QDQM/DS_Input/Internal/사업구분.csv,사업구분.csv,폐기일자,Master,0,,,3,3,CUSTOMER.csv.판매일 -> 기업고객.csv.판매일 -> 택배_고객.csv.판매일,CUSTOMER.csv.판매일 -> 기업고객.csv.판매일 -> 택배_고객.csv.판매일,,판매일,CUSTOMER.csv,Master,84.62,판매일,기업고객.csv,Master,96.56,판매일,택배_고객.csv,Master,76.92,,,,,판매일,CUSTOMER.csv,C:/projects/myproject/QDQM/DS_Input/Internal/CUSTOMER.csv,Master,11.0,84.62,판매일,기업고객.csv,C:/projects/myproject/QDQM/DS_Input/Internal/기업고객.csv,Master,11.0,84.62,판매일,택배_고객.csv,C:/projects/myproject/QDQM/DS_Input/Internal/택배_고객.csv,Master,10.0,76.92,,,,,,
C:/projects/myproject/QDQM/DS_Input/Internal/사업구분.csv,사업구분.csv,폐기여부,Master,0,,,0,0,,,,,,,,,,,,,,,,,,,,,,,,,,,,,,,,,,,,,,,,,,,
C:/projects/myproject/QDQM/DS_Input/Internal/사업구분.csv,사업구분.csv,처리자사번,Master,0,FK,,3,3,사용자.csv.사원번호 -> 사용자.csv.처리자사번 -> Z사용자.csv.사원번호,사용자.csv.사원번호 -> 사용자.csv.처리자사번 -> Z사용자.csv.사원번호,,사원번호,사용자.csv,Master,100.0,처리자사번,사용자.csv,Master,91.67,사원번호,Z사용자.csv,Test,66.67,,,,,사원번호,사용자.csv,C:/projects/myproject/QDQM/DS_Input/Internal/사용자.csv,Master,12.0,100.0,처리자사번,사용자.csv,C:/projects/myproject/QDQM/DS_Input/Internal/사용자.csv,Master,11.0,91.67,사원번호,Z사용자.csv,C:/projects/myproject/QDQM/DS_Input/Test/Z사용자.csv,Test,8.0,66.67,,,,,,
C:/projects/myproject/QDQM/DS_Input/Internal/사업구분.csv,사업구분.csv,부대청구대상여부,Master,0,,,0,0,,,,,,,,,,,,,,,,,,,,,,,,,,,,,,,,,,,,,,,,,,,
C:/projects/myproject/QDQM/DS_Input/Internal/사업구분.csv,사업구분.csv,기타미수금여부,Master,0,,,0,0,,,,,,,,,,,,,,,,,,,,,,,,,,,,,,,,,,,,,,,,,,,
C:/projects/myproject/QDQM/DS_Input/Internal/사업구분.csv,사업구분.csv,면세청구대상여부,Master,0,,,0,0,,,,,,,,,,,,,,,,,,,,,,,,,,,,,,,,,,,,,,,,,,,
C:/projects/myproject/QDQM/DS_Input/Internal/사업구분.csv,사업구분.csv,ERP_COA_ACCOUNT,Master,0,,,0,0,,,,,,,,,,,,,,,,,,,,,,,,,,,,,,,,,,,,,,,,,,,
C:/projects/myproject/QDQM/DS_Input/Internal/사업구분.csv,사업구분.csv,ERP_COA_DIVS,Master,0,,,3,3,관리회계_사업.csv.사업코드 -> 사업코드관리.csv.business_level6_cd -> 사업코드관리.csv.사업코드,관리회계_사업.csv.사업코드 -> 사업코드관리.csv.business_level6_cd -> 사업코드관리.csv.사업코드,,사업코드,관리회계_사업.csv,Master,100.0,business_level6_cd,사업코드관리.csv,Master,76.05,사업코드,사업코드관리.csv,Master,98.67,,,,,사업코드,관리회계_사업.csv,C:/projects/myproject/QDQM/DS_Input/Internal/관리회계_사업.csv,Master,75.0,100.0,business_level6_cd,사업코드관리.csv,C:/projects/myproject/QDQM/DS_Input/Internal/사업코드관리.csv,Master,74.0,98.67,사업코드,사업코드관리.csv,C:/projects/myproject/QDQM/DS_Input/Internal/사업코드관리.csv,Master,74.0,98.67,,,,,,
C:/projects/myproject/QDQM/DS_Input/Internal/사업구분.csv,사업구분.csv,최종변경일시,Master,0,,,0,0,,,,,,,,,,,,,,,,,,,,,,,,,,,,,,,,,,,,,,,,,,,
C:/projects/myproject/QDQM/DS_Input/Internal/사업구분.csv,사업구분.csv,ETL일시,Master,0,,,0,0,,,,,,,,,,,,,,,,,,,,,,,,,,,,,,,,,,,,,,,,,,,
C:/projects/myproject/QDQM/DS_Input/Internal/사업코드관리.csv,사업코드관리.csv,사업유형코드,Master,0,,,0,0,,,,,,,,,,,,,,,,,,,,,,,,,,,,,,,,,,,,,,,,,,,
C:/projects/myproject/QDQM/DS_Input/Internal/사업코드관리.csv,사업코드관리.csv,전사업코드,Master,0,,,0,0,,,,,,,,,,,,,,,,,,,,,,,,,,,,,,,,,,,,,,,,,,,
C:/projects/myproject/QDQM/DS_Input/Internal/사업코드관리.csv,사업코드관리.csv,전사업명,Master,0,,,0,0,,,,,,,,,,,,,,,,,,,,,,,,,,,,,,,,,,,,,,,,,,,
C:/projects/myproject/QDQM/DS_Input/Internal/사업코드관리.csv,사업코드관리.csv,대사업코드,Master,0,,,0,0,,,,,,,,,,,,,,,,,,,,,,,,,,,,,,,,,,,,,,,,,,,
C:/projects/myproject/QDQM/DS_Input/Internal/사업코드관리.csv,사업코드관리.csv,대사업명,Master,0,,,0,0,,,,,,,,,,,,,,,,,,,,,,,,,,,,,,,,,,,,,,,,,,,
C:/projects/myproject/QDQM/DS_Input/Internal/사업코드관리.csv,사업코드관리.csv,중사업코드,Master,0,,,3,3,관리회계_사업.csv.사업코드 -> 사업코드관리.csv.business_level6_cd -> 사업코드관리.csv.business_level5_cd,관리회계_사업.csv.사업코드 -> 사업코드관리.csv.business_level6_cd -> 사업코드관리.csv.business_level5_cd,,사업코드,관리회계_사업.csv,Master,100.0,business_level6_cd,사업코드관리.csv,Master,76.05,business_level5_cd,사업코드관리.csv,Master,100.0,,,,,사업코드,관리회계_사업.csv,C:/projects/myproject/QDQM/DS_Input/Internal/관리회계_사업.csv,Master,22.0,100.0,상위사업코드,관리회계_사업.csv,C:/projects/myproject/QDQM/DS_Input/Internal/관리회계_사업.csv,Master,22.0,100.0,business_level5_cd,사업코드관리.csv,C:/projects/myproject/QDQM/DS_Input/Internal/사업코드관리.csv,Master,22.0,100.0,,,,,,
C:/projects/myproject/QDQM/DS_Input/Internal/사업코드관리.csv,사업코드관리.csv,중사업명,Master,0,,,3,3,사업코드관리.csv.business_level5_name -> 사업코드관리.csv.business_level6_name -> 사업코드관리.csv.사업명,사업코드관리.csv.business_level5_name -> 사업코드관리.csv.business_level6_name -> 사업코드관리.csv.사업명,,business_level5_name,사업코드관리.csv,Master,100.0,business_level6_name,사업코드관리.csv,Master,100.0,사업명,사업코드관리.csv,Master,100.0,,,,,business_level5_name,사업코드관리.csv,C:/projects/myproject/QDQM/DS_Input/Internal/사업코드관리.csv,Master,22.0,100.0,business_level6_name,사업코드관리.csv,C:/projects/myproject/QDQM/DS_Input/Internal/사업코드관리.csv,Master,22.0,100.0,사업명,사업코드관리.csv,C:/projects/myproject/QDQM/DS_Input/Internal/사업코드관리.csv,Master,22.0,100.0,,,,,,
C:/projects/myproject/QDQM/DS_Input/Internal/사업코드관리.csv,사업코드관리.csv,소사업코드,Master,0,,,3,3,관리회계_사업.csv.사업코드 -> 사업코드관리.csv.business_level6_cd -> 사업코드관리.csv.business_level5_cd,관리회계_사업.csv.사업코드 -> 사업코드관리.csv.business_level6_cd -> 사업코드관리.csv.business_level5_cd,,사업코드,관리회계_사업.csv,Master,100.0,business_level6_cd,사업코드관리.csv,Master,76.05,business_level5_cd,사업코드관리.csv,Master,100.0,,,,,사업코드,관리회계_사업.csv,C:/projects/myproject/QDQM/DS_Input/Internal/관리회계_사업.csv,Master,65.0,100.0,상위사업코드,관리회계_사업.csv,C:/projects/myproject/QDQM/DS_Input/Internal/관리회계_사업.csv,Master,65.0,100.0,business_level5_cd,사업코드관리.csv,C:/projects/myproject/QDQM/DS_Input/Internal/사업코드관리.csv,Master,65.0,100.0,,,,,,
C:/projects/myproject/QDQM/DS_Input/Internal/사업코드관리.csv,사업코드관리.csv,소사업명,Master,0,,,3,3,사업코드관리.csv.business_level5_name -> 사업코드관리.csv.business_level6_name -> 사업코드관리.csv.사업명,사업코드관리.csv.business_level5_name -> 사업코드관리.csv.business_level6_name -> 사업코드관리.csv.사업명,,business_level5_name,사업코드관리.csv,Master,100.0,business_level6_name,사업코드관리.csv,Master,100.0,사업명,사업코드관리.csv,Master,100.0,,,,,business_level5_name,사업코드관리.csv,C:/projects/myproject/QDQM/DS_Input/Internal/사업코드관리.csv,Master,65.0,100.0,business_level6_name,사업코드관리.csv,C:/projects/myproject/QDQM/DS_Input/Internal/사업코드관리.csv,Master,65.0,100.0,사업명,사업코드관리.csv,C:/projects/myproject/QDQM/DS_Input/Internal/사업코드관리.csv,Master,65.0,100.0,,,,,,
C:/projects/myproject/QDQM/DS_Input/Internal/사업코드관리.csv,사업코드관리.csv,business_level5_cd,Master,0,,,3,3,관리회계_사업.csv.사업코드 -> 사업코드관리.csv.business_level6_cd -> 사업코드관리.csv.사업코드,관리회계_사업.csv.사업코드 -> 사업코드관리.csv.business_level6_cd -> 사업코드관리.csv.사업코드,,사업코드,관리회계_사업.csv,Master,100.0,business_level6_cd,사업코드관리.csv,Master,76.05,사업코드,사업코드관리.csv,Master,100.0,,,,,사업코드,관리회계_사업.csv,C:/projects/myproject/QDQM/DS_Input/Internal/관리회계_사업.csv,Master,150.0,100.0,business_level6_cd,사업코드관리.csv,C:/projects/myproject/QDQM/DS_Input/Internal/사업코드관리.csv,Master,150.0,100.0,사업코드,사업코드관리.csv,C:/projects/myproject/QDQM/DS_Input/Internal/사업코드관리.csv,Master,150.0,100.0,,,,,,
C:/projects/myproject/QDQM/DS_Input/Internal/사업코드관리.csv,사업코드관리.csv,business_level5_name,Master,0,,,3,3,사업코드관리.csv.business_level6_name -> 사업코드관리.csv.사업명 -> 관리회계_사업.csv.사업명,사업코드관리.csv.business_level6_name -> 사업코드관리.csv.사업명 -> 관리회계_사업.csv.사업명,,business_level6_name,사업코드관리.csv,Master,100.0,사업명,사업코드관리.csv,Master,100.0,사업명,관리회계_사업.csv,Master,93.96,,,,,business_level6_name,사업코드관리.csv,C:/projects/myproject/QDQM/DS_Input/Internal/사업코드관리.csv,Master,149.0,100.0,사업명,사업코드관리.csv,C:/projects/myproject/QDQM/DS_Input/Internal/사업코드관리.csv,Master,149.0,100.0,사업명,관리회계_사업.csv,C:/projects/myproject/QDQM/DS_Input/Internal/관리회계_사업.csv,Master,140.0,93.96,,,,,,
C:/projects/myproject/QDQM/DS_Input/Internal/사업코드관리.csv,사업코드관리.csv,business_level6_cd,Master,0,,,3,3,관리회계_사업.csv.사업코드 -> 사업코드관리.csv.사업코드 -> CUSTOMER.csv.집하지대번지,관리회계_사업.csv.사업코드 -> 사업코드관리.csv.사업코드 -> CUSTOMER.csv.집하지대번지,,사업코드,관리회계_사업.csv,Master,100.0,사업코드,사업코드관리.csv,Master,100.0,집하지대번지,CUSTOMER.csv,Master,86.74,,,,,사업코드,관리회계_사업.csv,C:/projects/myproject/QDQM/DS_Input/Internal/관리회계_사업.csv,Master,181.0,100.0,사업코드,사업코드관리.csv,C:/projects/myproject/QDQM/DS_Input/Internal/사업코드관리.csv,Master,181.0,100.0,집하지대번지,CUSTOMER.csv,C:/projects/myproject/QDQM/DS_Input/Internal/CUSTOMER.csv,Master,157.0,86.74,,,,,,
C:/projects/myproject/QDQM/DS_Input/Internal/사업코드관리.csv,사업코드관리.csv,business_level6_name,Master,0,,,3,3,사업코드관리.csv.사업명 -> 관리회계_사업.csv.사업명 -> 사업코드관리.csv.business_level5_name,사업코드관리.csv.사업명 -> 관리회계_사업.csv.사업명 -> 사업코드관리.csv.business_level5_name,,사업명,사업코드관리.csv,Master,100.0,사업명,관리회계_사업.csv,Master,91.11,business_level5_name,사업코드관리.csv,Master,82.78,,,,,사업명,사업코드관리.csv,C:/projects/myproject/QDQM/DS_Input/Internal/사업코드관리.csv,Master,180.0,100.0,사업명,관리회계_사업.csv,C:/projects/myproject/QDQM/DS_Input/Internal/관리회계_사업.csv,Master,164.0,91.11,business_level5_name,사업코드관리.csv,C:/projects/myproject/QDQM/DS_Input/Internal/사업코드관리.csv,Master,149.0,82.78,,,,,,
C:/projects/myproject/QDQM/DS_Input/Internal/사업코드관리.csv,사업코드관리.csv,사업코드,Master,0,,,3,3,관리회계_사업.csv.사업코드 -> 사업코드관리.csv.business_level6_cd -> CUSTOMER.csv.집하지대번지,관리회계_사업.csv.사업코드 -> 사업코드관리.csv.business_level6_cd -> CUSTOMER.csv.집하지대번지,,사업코드,관리회계_사업.csv,Master,100.0,business_level6_cd,사업코드관리.csv,Master,76.05,집하지대번지,CUSTOMER.csv,Master,86.74,,,,,사업코드,관리회계_사업.csv,C:/projects/myproject/QDQM/DS_Input/Internal/관리회계_사업.csv,Master,181.0,100.0,business_level6_cd,사업코드관리.csv,C:/projects/myproject/QDQM/DS_Input/Internal/사업코드관리.csv,Master,181.0,100.0,집하지대번지,CUSTOMER.csv,C:/projects/myproject/QDQM/DS_Input/Internal/CUSTOMER.csv,Master,157.0,86.74,,,,,,
C:/projects/myproject/QDQM/DS_Input/Internal/사업코드관리.csv,사업코드관리.csv,사업명,Master,0,,,3,3,사업코드관리.csv.business_level6_name -> 관리회계_사업.csv.사업명 -> 사업코드관리.csv.business_level5_name,사업코드관리.csv.business_level6_name -> 관리회계_사업.csv.사업명 -> 사업코드관리.csv.business_level5_name,,business_level6_name,사업코드관리.csv,Master,100.0,사업명,관리회계_사업.csv,Master,91.11,business_level5_name,사업코드관리.csv,Master,82.78,,,,,business_level6_name,사업코드관리.csv,C:/projects/myproject/QDQM/DS_Input/Internal/사업코드관리.csv,Master,180.0,100.0,사업명,관리회계_사업.csv,C:/projects/myproject/QDQM/DS_Input/Internal/관리회계_사업.csv,Master,164.0,91.11,business_level5_name,사업코드관리.csv,C:/projects/myproject/QDQM/DS_Input/Internal/사업코드관리.csv,Master,149.0,82.78,,,,,,
C:/projects/myproject/QDQM/DS_Input/Internal/사업코드관리.csv,사업코드관리.csv,정렬순서,Master,1,FK,,3,3,관리회계_사업.csv.정렬순서 -> 관리회계계정.csv.정렬순서 -> 관리회계계정.csv.정렬순서,관리회계_사업.csv.정렬순서 -> 관리회계계정.csv.정렬순서 -> 관리회계계정.csv.정렬순서,,정렬순서,관리회계_사업.csv,Master,100.0,정렬순서,관리회계계정.csv,Master,99.27,정렬순서,관리회계계정.csv,Master,100.0,,,,,정렬순서,관리회계_사업.csv,C:/projects/myproject/QDQM/DS_Input/Internal/관리회계_사업.csv,Master,346.0,100.0,정렬순서,관리회계_조직그룹상세.csv,C:/projects/myproject/QDQM/DS_Input/Internal/관리회계_조직그룹상세.csv,Master,346.0,100.0,정렬순서,관리회계계정.csv,C:/projects/myproject/QDQM/DS_Input/Internal/관리회계계정.csv,Master,346.0,100.0,,,,,,
C:/projects/myproject/QDQM/DS_Input/Internal/사업코드관리.csv,사업코드관리.csv,최초생성자ID,Master,0,,,0,0,,,,,,,,,,,,,,,,,,,,,,,,,,,,,,,,,,,,,,,,,,,
C:/projects/myproject/QDQM/DS_Input/Internal/사업코드관리.csv,사업코드관리.csv,최초생성일시,Master,0,,,0,0,,,,,,,,,,,,,,,,,,,,,,,,,,,,,,,,,,,,,,,,,,,
C:/projects/myproject/QDQM/DS_Input/Internal/사업코드관리.csv,사업코드관리.csv,last_update_dtm,Master,0,,,0,0,,,,,,,,,,,,,,,,,,,,,,,,,,,,,,,,,,,,,,,,,,,
C:/projects/myproject/QDQM/DS_Input/Internal/사업코드관리.csv,사업코드관리.csv,etl_dtm,Master,0,,,0,0,,,,,,,,,,,,,,,,,,,,,,,,,,,,,,,,,,,,,,,,,,,
C:/projects/myproject/QDQM/DS_Input/Internal/사용자.csv,사용자.csv,사원번호,Master,1,,,0,0,,,,,,,,,,,,,,,,,,,,,,,,,,,,,,,,,,,,,,,,,,,
C:/projects/myproject/QDQM/DS_Input/Internal/사용자.csv,사용자.csv,점소코드,Master,0,,,3,3,Z사용자.csv.점소코드 -> 조직_수입관리.csv.OIO_ORG_NCD -> 지점코드.csv.OIO_ORG_NCD,Z사용자.csv.점소코드 -> 조직_수입관리.csv.OIO_ORG_NCD -> 지점코드.csv.OIO_ORG_NCD,,점소코드,Z사용자.csv,Test,80.63,OIO_ORG_NCD,조직_수입관리.csv,Master,60.56,OIO_ORG_NCD,지점코드.csv,Master,60.56,,,,,점소코드,Z사용자.csv,C:/projects/myproject/QDQM/DS_Input/Test/Z사용자.csv,Test,229.0,80.63,OIO_ORG_NCD,조직_수입관리.csv,C:/projects/myproject/QDQM/DS_Input/Internal/조직_수입관리.csv,Master,172.0,60.56,OIO_ORG_NCD,지점코드.csv,C:/projects/myproject/QDQM/DS_Input/Internal/지점코드.csv,Master,172.0,60.56,,,,,,
C:/projects/myproject/QDQM/DS_Input/Internal/사용자.csv,사용자.csv,권한코드,Master,0,,,0,0,,,,,,,,,,,,,,,,,,,,,,,,,,,,,,,,,,,,,,,,,,,
C:/projects/myproject/QDQM/DS_Input/Internal/사용자.csv,사용자.csv,비밀번호,Master,0,,,0,0,,,,,,,,,,,,,,,,,,,,,,,,,,,,,,,,,,,,,,,,,,,
C:/projects/myproject/QDQM/DS_Input/Internal/사용자.csv,사용자.csv,한글성명,Master,0,,,0,0,,,,,,,,,,,,,,,,,,,,,,,,,,,,,,,,,,,,,,,,,,,
C:/projects/myproject/QDQM/DS_Input/Internal/사용자.csv,사용자.csv,팀명,Master,0,,,0,0,,,,,,,,,,,,,,,,,,,,,,,,,,,,,,,,,,,,,,,,,,,
C:/projects/myproject/QDQM/DS_Input/Internal/사용자.csv,사용자.csv,직급,Master,0,,,1,1,Z사용자.csv.직급,Z사용자.csv.직급,,직급,Z사용자.csv,Test,73.01,,,,,,,,,,,,,직급,Z사용자.csv,C:/projects/myproject/QDQM/DS_Input/Test/Z사용자.csv,Test,119.0,73.01,,,,,,,,,,,,,,,,,,
C:/projects/myproject/QDQM/DS_Input/Internal/사용자.csv,사용자.csv,직책,Master,0,,,0,0,,,,,,,,,,,,,,,,,,,,,,,,,,,,,,,,,,,,,,,,,,,
C:/projects/myproject/QDQM/DS_Input/Internal/사용자.csv,사용자.csv,FAX번호,Master,0,,,0,0,,,,,,,,,,,,,,,,,,,,,,,,,,,,,,,,,,,,,,,,,,,
C:/projects/myproject/QDQM/DS_Input/Internal/사용자.csv,사용자.csv,EMAIL,Master,0,,,0,0,,,,,,,,,,,,,,,,,,,,,,,,,,,,,,,,,,,,,,,,,,,
C:/projects/myproject/QDQM/DS_Input/Internal/사용자.csv,사용자.csv,등록일자,Master,0,,,3,3,사원마스터.csv.근무시작일자 -> 사원기본.csv.시근일자 -> CUSTOMER.csv.판매일,사원마스터.csv.근무시작일자 -> 사원기본.csv.시근일자 -> CUSTOMER.csv.판매일,,근무시작일자,사원마스터.csv,Master,66.1,시근일자,사원기본.csv,Master,64.82,판매일,CUSTOMER.csv,Master,60.56,,,,,근무시작일자,사원마스터.csv,C:/projects/myproject/QDQM/DS_Input/Internal/사원마스터.csv,Master,704.0,66.1,시근일자,사원기본.csv,C:/projects/myproject/QDQM/DS_Input/Internal/사원기본.csv,Master,681.0,63.94,판매일,CUSTOMER.csv,C:/projects/myproject/QDQM/DS_Input/Internal/CUSTOMER.csv,Master,645.0,60.56,,,,,,
C:/projects/myproject/QDQM/DS_Input/Internal/사용자.csv,사용자.csv,입사일자,Master,0,,,0,0,,,,,,,,,,,,,,,,,,,,,,,,,,,,,,,,,,,,,,,,,,,
C:/projects/myproject/QDQM/DS_Input/Internal/사용자.csv,사용자.csv,사직일자,Master,0,,,0,0,,,,,,,,,,,,,,,,,,,,,,,,,,,,,,,,,,,,,,,,,,,
C:/projects/myproject/QDQM/DS_Input/Internal/사용자.csv,사용자.csv,수금요원여부,Master,0,,,0,0,,,,,,,,,,,,,,,,,,,,,,,,,,,,,,,,,,,,,,,,,,,
C:/projects/myproject/QDQM/DS_Input/Internal/사용자.csv,사용자.csv,수정일자,Master,0,,,3,3,사원마스터.csv.근무시작일자 -> 사원기본.csv.시근일자 -> CONTRACT.csv.CONTRACT_DATE,사원마스터.csv.근무시작일자 -> 사원기본.csv.시근일자 -> CONTRACT.csv.CONTRACT_DATE,,근무시작일자,사원마스터.csv,Master,68.95,시근일자,사원기본.csv,Master,64.82,CONTRACT_DATE,CONTRACT.csv,Master,62.01,,,,,근무시작일자,사원마스터.csv,C:/projects/myproject/QDQM/DS_Input/Internal/사원마스터.csv,Master,815.0,68.95,시근일자,사원기본.csv,C:/projects/myproject/QDQM/DS_Input/Internal/사원기본.csv,Master,776.0,65.65,CONTRACT_DATE,CONTRACT.csv,C:/projects/myproject/QDQM/DS_Input/Internal/CONTRACT.csv,Master,733.0,62.01,,,,,,
C:/projects/myproject/QDQM/DS_Input/Internal/사용자.csv,사용자.csv,폐기일자,Master,0,,,3,3,사용자.csv.수정일자 -> 사원마스터.csv.근무시작일자 -> 사원기본.csv.시근일자,사용자.csv.수정일자 -> 사원마스터.csv.근무시작일자 -> 사원기본.csv.시근일자,,수정일자,사용자.csv,Master,71.74,근무시작일자,사원마스터.csv,Master,68.95,시근일자,사원기본.csv,Master,64.82,,,,,수정일자,사용자.csv,C:/projects/myproject/QDQM/DS_Input/Internal/사용자.csv,Master,358.0,71.74,근무시작일자,사원마스터.csv,C:/projects/myproject/QDQM/DS_Input/Internal/사원마스터.csv,Master,334.0,66.93,시근일자,사원기본.csv,C:/projects/myproject/QDQM/DS_Input/Internal/사원기본.csv,Master,310.0,62.12,,,,,,
C:/projects/myproject/QDQM/DS_Input/Internal/사용자.csv,사용자.csv,폐기여부,Master,0,,,0,0,,,,,,,,,,,,,,,,,,,,,,,,,,,,,,,,,,,,,,,,,,,
C:/projects/myproject/QDQM/DS_Input/Internal/사용자.csv,사용자.csv,처리자사번,Master,0,FK,,2,2,사용자.csv.사원번호 -> Z사용자.csv.사원번호,사용자.csv.사원번호 -> Z사용자.csv.사원번호,,사원번호,사용자.csv,Master,100.0,사원번호,Z사용자.csv,Test,71.05,,,,,,,,,사원번호,사용자.csv,C:/projects/myproject/QDQM/DS_Input/Internal/사용자.csv,Master,380.0,100.0,사원번호,Z사용자.csv,C:/projects/myproject/QDQM/DS_Input/Test/Z사용자.csv,Test,270.0,71.05,,,,,,,,,,,,
C:/projects/myproject/QDQM/DS_Input/Internal/사용자.csv,사용자.csv,수입금담당자여부,Master,0,,,0,0,,,,,,,,,,,,,,,,,,,,,,,,,,,,,,,,,,,,,,,,,,,
C:/projects/myproject/QDQM/DS_Input/Internal/사용자.csv,사용자.csv,수납직원여부,Master,0,,,0,0,,,,,,,,,,,,,,,,,,,,,,,,,,,,,,,,,,,,,,,,,,,
C:/projects/myproject/QDQM/DS_Input/Internal/사용자.csv,사용자.csv,직책2,Master,0,,,0,0,,,,,,,,,,,,,,,,,,,,,,,,,,,,,,,,,,,,,,,,,,,
C:/projects/myproject/QDQM/DS_Input/Internal/사용자.csv,사용자.csv,한웨이 ID,Master,0,FK,,1,1,사용자.csv.사원번호,사용자.csv.사원번호,,사원번호,사용자.csv,Master,97.73,,,,,,,,,,,,,사원번호,사용자.csv,C:/projects/myproject/QDQM/DS_Input/Internal/사용자.csv,Master,1504.0,97.73,,,,,,,,,,,,,,,,,,
C:/projects/myproject/QDQM/DS_Input/Internal/사용자.csv,사용자.csv,비밀번호이력1,Master,0,,,0,0,,,,,,,,,,,,,,,,,,,,,,,,,,,,,,,,,,,,,,,,,,,
C:/projects/myproject/QDQM/DS_Input/Internal/사용자.csv,사용자.csv,비밀번호이력2,Master,0,,,0,0,,,,,,,,,,,,,,,,,,,,,,,,,,,,,,,,,,,,,,,,,,,
C:/projects/myproject/QDQM/DS_Input/Internal/사용자.csv,사용자.csv,비밀번호변경일,Master,0,,,3,3,사원마스터.csv.근무시작일자 -> 사원기본.csv.시근일자 -> CONTRACT.csv.CONTRACT_DATE,사원마스터.csv.근무시작일자 -> 사원기본.csv.시근일자 -> CONTRACT.csv.CONTRACT_DATE,,근무시작일자,사원마스터.csv,Master,75.26,시근일자,사원기본.csv,Master,64.82,CONTRACT_DATE,CONTRACT.csv,Master,63.68,,,,,근무시작일자,사원마스터.csv,C:/projects/myproject/QDQM/DS_Input/Internal/사원마스터.csv,Master,806.0,75.26,시근일자,사원기본.csv,C:/projects/myproject/QDQM/DS_Input/Internal/사원기본.csv,Master,765.0,71.43,CONTRACT_DATE,CONTRACT.csv,C:/projects/myproject/QDQM/DS_Input/Internal/CONTRACT.csv,Master,682.0,63.68,,,,,,
C:/projects/myproject/QDQM/DS_Input/Internal/사용자.csv,사용자.csv,미빌번호오류횟수,Master,0,,,0,0,,,,,,,,,,,,,,,,,,,,,,,,,,,,,,,,,,,,,,,,,,,
C:/projects/myproject/QDQM/DS_Input/Internal/사용자.csv,사용자.csv,계정근거,Master,0,,,0,0,,,,,,,,,,,,,,,,,,,,,,,,,,,,,,,,,,,,,,,,,,,
C:/projects/myproject/QDQM/DS_Input/Internal/사용자.csv,사용자.csv,비매출세금계산서발급제한일,Master,0,,,3,3,사원마스터.csv.근무시작일자 -> 사원기본.csv.시근일자 -> CONTRACT.csv.CONTRACT_DATE,사원마스터.csv.근무시작일자 -> 사원기본.csv.시근일자 -> CONTRACT.csv.CONTRACT_DATE,,근무시작일자,사원마스터.csv,Master,69.61,시근일자,사원기본.csv,Master,64.82,CONTRACT_DATE,CONTRACT.csv,Master,61.33,,,,,근무시작일자,사원마스터.csv,C:/projects/myproject/QDQM/DS_Input/Internal/사원마스터.csv,Master,126.0,69.61,시근일자,사원기본.csv,C:/projects/myproject/QDQM/DS_Input/Internal/사원기본.csv,Master,125.0,69.06,CONTRACT_DATE,CONTRACT.csv,C:/projects/myproject/QDQM/DS_Input/Internal/CONTRACT.csv,Master,111.0,61.33,,,,,,
C:/projects/myproject/QDQM/DS_Input/Internal/사용자.csv,사용자.csv,어음입금표발행제한일,Master,0,,,0,0,,,,,,,,,,,,,,,,,,,,,,,,,,,,,,,,,,,,,,,,,,,
C:/projects/myproject/QDQM/DS_Input/Internal/사용자.csv,사용자.csv,설명,Master,0,,,0,0,,,,,,,,,,,,,,,,,,,,,,,,,,,,,,,,,,,,,,,,,,,
C:/projects/myproject/QDQM/DS_Input/Internal/사용자.csv,사용자.csv,접근권한 IP,Master,0,,,0,0,,,,,,,,,,,,,,,,,,,,,,,,,,,,,,,,,,,,,,,,,,,
C:/projects/myproject/QDQM/DS_Input/Internal/사용자.csv,사용자.csv,사용자계정잠금여부,Master,0,,,0,0,,,,,,,,,,,,,,,,,,,,,,,,,,,,,,,,,,,,,,,,,,,
C:/projects/myproject/QDQM/DS_Input/Internal/사용자.csv,사용자.csv,사용자계정잠금일자,Master,0,,,3,3,사원기본.csv.시근일자 -> 사원마스터.csv.근무시작일자 -> 사원기본.csv.사직일자,사원기본.csv.시근일자 -> 사원마스터.csv.근무시작일자 -> 사원기본.csv.사직일자,,시근일자,사원기본.csv,Master,69.06,근무시작일자,사원마스터.csv,Master,69.22,사직일자,사원기본.csv,Master,60.64,,,,,시근일자,사원기본.csv,C:/projects/myproject/QDQM/DS_Input/Internal/사원기본.csv,Master,279.0,69.06,근무시작일자,사원마스터.csv,C:/projects/myproject/QDQM/DS_Input/Internal/사원마스터.csv,Master,270.0,66.83,사직일자,사원기본.csv,C:/projects/myproject/QDQM/DS_Input/Internal/사원기본.csv,Master,245.0,60.64,,,,,,
C:/projects/myproject/QDQM/DS_Input/Internal/사용자.csv,사용자.csv,HR시스템소속변경일자,Master,0,,,3,3,사원마스터.csv.근무시작일자 -> 사원기본.csv.시근일자 -> CUSTOMER.csv.판매일,사원마스터.csv.근무시작일자 -> 사원기본.csv.시근일자 -> CUSTOMER.csv.판매일,,근무시작일자,사원마스터.csv,Master,87.91,시근일자,사원기본.csv,Master,64.82,판매일,CUSTOMER.csv,Master,75.27,,,,,근무시작일자,사원마스터.csv,C:/projects/myproject/QDQM/DS_Input/Internal/사원마스터.csv,Master,160.0,87.91,시근일자,사원기본.csv,C:/projects/myproject/QDQM/DS_Input/Internal/사원기본.csv,Master,156.0,85.71,판매일,CUSTOMER.csv,C:/projects/myproject/QDQM/DS_Input/Internal/CUSTOMER.csv,Master,137.0,75.27,,,,,,
C:/projects/myproject/QDQM/DS_Input/Internal/사용자.csv,사용자.csv,HR시스템소속코드,Master,0,,,0,0,,,,,,,,,,,,,,,,,,,,,,,,,,,,,,,,,,,,,,,,,,,
C:/projects/myproject/QDQM/DS_Input/Internal/사용자.csv,사용자.csv,비밀번호이력3,Master,0,,,0,0,,,,,,,,,,,,,,,,,,,,,,,,,,,,,,,,,,,,,,,,,,,
C:/projects/myproject/QDQM/DS_Input/Internal/사용자.csv,사용자.csv,비밀번호이력4,Master,0,,,0,0,,,,,,,,,,,,,,,,,,,,,,,,,,,,,,,,,,,,,,,,,,,
C:/projects/myproject/QDQM/DS_Input/Internal/사용자.csv,사용자.csv,최종변경일시,Master,0,,,0,0,,,,,,,,,,,,,,,,,,,,,,,,,,,,,,,,,,,,,,,,,,,
C:/projects/myproject/QDQM/DS_Input/Internal/사용자.csv,사용자.csv,ETL일시,Master,0,,,0,0,,,,,,,,,,,,,,,,,,,,,,,,,,,,,,,,,,,,,,,,,,,
C:/projects/myproject/QDQM/DS_Input/Internal/사원기본.csv,사원기본.csv,사원번호,Master,1,,,0,0,,,,,,,,,,,,,,,,,,,,,,,,,,,,,,,,,,,,,,,,,,,
C:/projects/myproject/QDQM/DS_Input/Internal/사원기본.csv,사원기본.csv,정규비정규,Master,0,,,0,0,,,,,,,,,,,,,,,,,,,,,,,,,,,,,,,,,,,,,,,,,,,
C:/projects/myproject/QDQM/DS_Input/Internal/사원기본.csv,사원기본.csv,소속조직코드,Master,0,FK,,3,3,ORGNIZATION.csv.조직코드 -> 택배_조직도.csv.조직코드 -> 사원마스터.csv.조직코드,ORGNIZATION.csv.조직코드 -> 택배_조직도.csv.조직코드 -> 사원마스터.csv.조직코드,,조직코드,ORGNIZATION.csv,Master,95.09,조직코드,택배_조직도.csv,Master,100.0,조직코드,사원마스터.csv,Master,84.92,,,,,조직코드,ORGNIZATION.csv,C:/projects/myproject/QDQM/DS_Input/Internal/ORGNIZATION.csv,Master,1646.0,95.09,조직코드,택배_조직도.csv,C:/projects/myproject/QDQM/DS_Input/Internal/택배_조직도.csv,Master,1646.0,95.09,조직코드,사원마스터.csv,C:/projects/myproject/QDQM/DS_Input/Internal/사원마스터.csv,Master,1470.0,84.92,,,,,,
C:/projects/myproject/QDQM/DS_Input/Internal/사원기본.csv,사원기본.csv,직종코드,Master,0,,,3,3,CUSTOMER.csv.집하지대번지 -> 사원마스터.csv.직종코드 -> CUSTOMER.csv.집하지소번지,CUSTOMER.csv.집하지대번지 -> 사원마스터.csv.직종코드 -> CUSTOMER.csv.집하지소번지,,집하지대번지,CUSTOMER.csv,Master,96.55,직종코드,사원마스터.csv,Master,96.55,집하지소번지,CUSTOMER.csv,Master,89.66,,,,,집하지대번지,CUSTOMER.csv,C:/projects/myproject/QDQM/DS_Input/Internal/CUSTOMER.csv,Master,28.0,96.55,직종코드,사원마스터.csv,C:/projects/myproject/QDQM/DS_Input/Internal/사원마스터.csv,Master,28.0,96.55,집하지소번지,CUSTOMER.csv,C:/projects/myproject/QDQM/DS_Input/Internal/CUSTOMER.csv,Master,26.0,89.66,,,,,,
C:/projects/myproject/QDQM/DS_Input/Internal/사원기본.csv,사원기본.csv,국내집배구역,Master,0,,,0,0,,,,,,,,,,,,,,,,,,,,,,,,,,,,,,,,,,,,,,,,,,,
C:/projects/myproject/QDQM/DS_Input/Internal/사원기본.csv,사원기본.csv,국제집배구역,Master,0,,,0,0,,,,,,,,,,,,,,,,,,,,,,,,,,,,,,,,,,,,,,,,,,,
C:/projects/myproject/QDQM/DS_Input/Internal/사원기본.csv,사원기본.csv,사직일자,Master,0,,,2,2,사원마스터.csv.사직일자 -> 사원마스터.csv.근무시작일자,사원마스터.csv.사직일자 -> 사원마스터.csv.근무시작일자,,사직일자,사원마스터.csv,Master,66.22,근무시작일자,사원마스터.csv,Master,63.56,,,,,,,,,사직일자,사원마스터.csv,C:/projects/myproject/QDQM/DS_Input/Internal/사원마스터.csv,Master,2021.0,66.22,근무시작일자,사원마스터.csv,C:/projects/myproject/QDQM/DS_Input/Internal/사원마스터.csv,Master,1940.0,63.56,,,,,,,,,,,,
C:/projects/myproject/QDQM/DS_Input/Internal/사원기본.csv,사원기본.csv,소속회사,Master,0,,,0,0,,,,,,,,,,,,,,,,,,,,,,,,,,,,,,,,,,,,,,,,,,,
C:/projects/myproject/QDQM/DS_Input/Internal/사원기본.csv,사원기본.csv,시근일자,Master,0,,,1,1,사원마스터.csv.근무시작일자,사원마스터.csv.근무시작일자,,근무시작일자,사원마스터.csv,Master,69.22,,,,,,,,,,,,,근무시작일자,사원마스터.csv,C:/projects/myproject/QDQM/DS_Input/Internal/사원마스터.csv,Master,2786.0,69.22,,,,,,,,,,,,,,,,,,
C:/projects/myproject/QDQM/DS_Input/Internal/사원기본.csv,사원기본.csv,최종변경일시,Master,0,,,0,0,,,,,,,,,,,,,,,,,,,,,,,,,,,,,,,,,,,,,,,,,,,
C:/projects/myproject/QDQM/DS_Input/Internal/사원기본.csv,사원기본.csv,ETL일시,Master,0,,,0,0,,,,,,,,,,,,,,,,,,,,,,,,,,,,,,,,,,,,,,,,,,,
C:/projects/myproject/QDQM/DS_Input/Internal/사원기본.csv,사원기본.csv,연도,Master,0,,,0,0,,,,,,,,,,,,,,,,,,,,,,,,,,,,,,,,,,,,,,,,,,,
C:/projects/myproject/QDQM/DS_Input/Internal/사원마스터.csv,사원마스터.csv,사원번호,Master,1,,,0,0,,,,,,,,,,,,,,,,,,,,,,,,,,,,,,,,,,,,,,,,,,,
C:/projects/myproject/QDQM/DS_Input/Internal/사원마스터.csv,사원마스터.csv,정규비정규,Master,0,,,0,0,,,,,,,,,,,,,,,,,,,,,,,,,,,,,,,,,,,,,,,,,,,
C:/projects/myproject/QDQM/DS_Input/Internal/사원마스터.csv,사원마스터.csv,조직코드,Master,0,FK,,3,3,ORGNIZATION.csv.조직코드 -> 택배_조직도.csv.조직코드 -> 사원기본.csv.소속조직코드,ORGNIZATION.csv.조직코드 -> 택배_조직도.csv.조직코드 -> 사원기본.csv.소속조직코드,,조직코드,ORGNIZATION.csv,Master,94.97,조직코드,택배_조직도.csv,Master,100.0,소속조직코드,사원기본.csv,Master,85.07,,,,,조직코드,ORGNIZATION.csv,C:/projects/myproject/QDQM/DS_Input/Internal/ORGNIZATION.csv,Master,1641.0,94.97,조직코드,택배_조직도.csv,C:/projects/myproject/QDQM/DS_Input/Internal/택배_조직도.csv,Master,1641.0,94.97,소속조직코드,사원기본.csv,C:/projects/myproject/QDQM/DS_Input/Internal/사원기본.csv,Master,1470.0,85.07,,,,,,
C:/projects/myproject/QDQM/DS_Input/Internal/사원마스터.csv,사원마스터.csv,직종코드,Master,0,,,3,3,사원기본.csv.직종코드 -> CUSTOMER.csv.집하지대번지 -> CUSTOMER.csv.집하지소번지,사원기본.csv.직종코드 -> CUSTOMER.csv.집하지대번지 -> CUSTOMER.csv.집하지소번지,,직종코드,사원기본.csv,Master,100.0,집하지대번지,CUSTOMER.csv,Master,96.55,집하지소번지,CUSTOMER.csv,Master,89.29,,,,,직종코드,사원기본.csv,C:/projects/myproject/QDQM/DS_Input/Internal/사원기본.csv,Master,28.0,100.0,집하지대번지,CUSTOMER.csv,C:/projects/myproject/QDQM/DS_Input/Internal/CUSTOMER.csv,Master,27.0,96.43,집하지소번지,CUSTOMER.csv,C:/projects/myproject/QDQM/DS_Input/Internal/CUSTOMER.csv,Master,25.0,89.29,,,,,,
C:/projects/myproject/QDQM/DS_Input/Internal/사원마스터.csv,사원마스터.csv,국내집배구역,Master,0,,,0,0,,,,,,,,,,,,,,,,,,,,,,,,,,,,,,,,,,,,,,,,,,,
C:/projects/myproject/QDQM/DS_Input/Internal/사원마스터.csv,사원마스터.csv,사직일자,Master,0,,,2,2,사원기본.csv.사직일자 -> 사원마스터.csv.근무시작일자,사원기본.csv.사직일자 -> 사원마스터.csv.근무시작일자,,사직일자,사원기본.csv,Master,69.59,근무시작일자,사원마스터.csv,Master,63.53,,,,,,,,,사직일자,사원기본.csv,C:/projects/myproject/QDQM/DS_Input/Internal/사원기본.csv,Master,2021.0,69.59,근무시작일자,사원마스터.csv,C:/projects/myproject/QDQM/DS_Input/Internal/사원마스터.csv,Master,1845.0,63.53,,,,,,,,,,,,
C:/projects/myproject/QDQM/DS_Input/Internal/사원마스터.csv,사원마스터.csv,소속회사,Master,0,,,1,1,사원기본.csv.소속회사,사원기본.csv.소속회사,,소속회사,사원기본.csv,Master,98.18,,,,,,,,,,,,,소속회사,사원기본.csv,C:/projects/myproject/QDQM/DS_Input/Internal/사원기본.csv,Master,108.0,98.18,,,,,,,,,,,,,,,,,,
C:/projects/myproject/QDQM/DS_Input/Internal/사원마스터.csv,사원마스터.csv,근무시작일자,Master,0,,,1,1,사원기본.csv.시근일자,사원기본.csv.시근일자,,시근일자,사원기본.csv,Master,64.82,,,,,,,,,,,,,시근일자,사원기본.csv,C:/projects/myproject/QDQM/DS_Input/Internal/사원기본.csv,Master,2786.0,64.82,,,,,,,,,,,,,,,,,,
C:/projects/myproject/QDQM/DS_Input/Internal/사원마스터.csv,사원마스터.csv,마감시간,Master,0,,,0,0,,,,,,,,,,,,,,,,,,,,,,,,,,,,,,,,,,,,,,,,,,,
C:/projects/myproject/QDQM/DS_Input/Internal/사원마스터.csv,사원마스터.csv,마감시각여부,Master,0,,,0,0,,,,,,,,,,,,,,,,,,,,,,,,,,,,,,,,,,,,,,,,,,,
C:/projects/myproject/QDQM/DS_Input/Internal/사원마스터.csv,사원마스터.csv,주소,Master,0,,,0,0,,,,,,,,,,,,,,,,,,,,,,,,,,,,,,,,,,,,,,,,,,,
C:/projects/myproject/QDQM/DS_Input/Internal/사원마스터.csv,사원마스터.csv,인사시스템사번,Master,1,FK,,1,1,사원마스터.csv.사원번호,사원마스터.csv.사원번호,,사원번호,사원마스터.csv,Master,62.5,,,,,,,,,,,,,사원번호,사원마스터.csv,C:/projects/myproject/QDQM/DS_Input/Internal/사원마스터.csv,Master,55.0,62.5,,,,,,,,,,,,,,,,,,
C:/projects/myproject/QDQM/DS_Input/Internal/사원마스터.csv,사원마스터.csv,운전면허종류,Master,0,,,0,0,,,,,,,,,,,,,,,,,,,,,,,,,,,,,,,,,,,,,,,,,,,
C:/projects/myproject/QDQM/DS_Input/Internal/사원마스터.csv,사원마스터.csv,화물운송종사자자격취득일,Master,0,,,2,2,사원마스터.csv.근무시작일자 -> 사원기본.csv.시근일자,사원마스터.csv.근무시작일자 -> 사원기본.csv.시근일자,,근무시작일자,사원마스터.csv,Master,62.49,시근일자,사원기본.csv,Master,64.82,,,,,,,,,근무시작일자,사원마스터.csv,C:/projects/myproject/QDQM/DS_Input/Internal/사원마스터.csv,Master,648.0,62.49,,,,,,,,,,,,,,,,,,
C:/projects/myproject/QDQM/DS_Input/Internal/사원마스터.csv,사원마스터.csv,차량번호,Master,0,,,0,0,,,,,,,,,,,,,,,,,,,,,,,,,,,,,,,,,,,,,,,,,,,
C:/projects/myproject/QDQM/DS_Input/Internal/사원마스터.csv,사원마스터.csv,최종변경일시,Master,0,,,0,0,,,,,,,,,,,,,,,,,,,,,,,,,,,,,,,,,,,,,,,,,,,
C:/projects/myproject/QDQM/DS_Input/Internal/사원마스터.csv,사원마스터.csv,ETL일시,Master,0,,,0,0,,,,,,,,,,,,,,,,,,,,,,,,,,,,,,,,,,,,,,,,,,,
C:/projects/myproject/QDQM/DS_Input/Internal/상품분류.csv,상품분류.csv,상품코드,Master,1,FK,,1,1,상품코드.csv.상품코드,상품코드.csv.상품코드,,상품코드,상품코드.csv,Master,100.0,,,,,,,,,,,,,상품코드,상품코드.csv,C:/projects/myproject/QDQM/DS_Input/Internal/상품코드.csv,Master,152.0,100.0,,,,,,,,,,,,,,,,,,
C:/projects/myproject/QDQM/DS_Input/Internal/상품분류.csv,상품분류.csv,사업구분,Master,0,,,0,0,,,,,,,,,,,,,,,,,,,,,,,,,,,,,,,,,,,,,,,,,,,
C:/projects/myproject/QDQM/DS_Input/Internal/상품분류.csv,상품분류.csv,상품명,Master,0,,,0,0,,,,,,,,,,,,,,,,,,,,,,,,,,,,,,,,,,,,,,,,,,,
C:/projects/myproject/QDQM/DS_Input/Internal/상품분류.csv,상품분류.csv,설명,Master,1,,,0,0,,,,,,,,,,,,,,,,,,,,,,,,,,,,,,,,,,,,,,,,,,,
C:/projects/myproject/QDQM/DS_Input/Internal/상품분류.csv,상품분류.csv,판매중지일,Master,0,,,3,3,상품코드.csv.판매중지일 -> CONTRACT.csv.CONTRACT_DATE -> CUSTOMER.csv.판매일,상품코드.csv.판매중지일 -> CONTRACT.csv.CONTRACT_DATE -> CUSTOMER.csv.판매일,,판매중지일,상품코드.csv,Master,100.0,CONTRACT_DATE,CONTRACT.csv,Master,64.71,판매일,CUSTOMER.csv,Master,64.71,,,,,판매중지일,상품코드.csv,C:/projects/myproject/QDQM/DS_Input/Internal/상품코드.csv,Master,17.0,100.0,CONTRACT_DATE,CONTRACT.csv,C:/projects/myproject/QDQM/DS_Input/Internal/CONTRACT.csv,Master,11.0,64.71,판매일,CUSTOMER.csv,C:/projects/myproject/QDQM/DS_Input/Internal/CUSTOMER.csv,Master,11.0,64.71,,,,,,
C:/projects/myproject/QDQM/DS_Input/Internal/상품분류.csv,상품분류.csv,화물종류,Master,0,,,0,0,,,,,,,,,,,,,,,,,,,,,,,,,,,,,,,,,,,,,,,,,,,
C:/projects/myproject/QDQM/DS_Input/Internal/상품분류.csv,상품분류.csv,접수시주의사항,Master,0,,,1,1,상품코드.csv.접수시주의사항,상품코드.csv.접수시주의사항,,접수시주의사항,상품코드.csv,Master,100.0,,,,,,,,,,,,,접수시주의사항,상품코드.csv,C:/projects/myproject/QDQM/DS_Input/Internal/상품코드.csv,Master,62.0,100.0,,,,,,,,,,,,,,,,,,
C:/projects/myproject/QDQM/DS_Input/Internal/상품분류.csv,상품분류.csv,수정자 사번,Master,0,,,0,0,,,,,,,,,,,,,,,,,,,,,,,,,,,,,,,,,,,,,,,,,,,
C:/projects/myproject/QDQM/DS_Input/Internal/상품분류.csv,상품분류.csv,서비스지역 및 요율,Master,1,,,0,0,,,,,,,,,,,,,,,,,,,,,,,,,,,,,,,,,,,,,,,,,,,
C:/projects/myproject/QDQM/DS_Input/Internal/상품분류.csv,상품분류.csv,최종변경일시,Master,0,,,0,0,,,,,,,,,,,,,,,,,,,,,,,,,,,,,,,,,,,,,,,,,,,
C:/projects/myproject/QDQM/DS_Input/Internal/상품분류.csv,상품분류.csv,ETL일시,Master,0,,,0,0,,,,,,,,,,,,,,,,,,,,,,,,,,,,,,,,,,,,,,,,,,,
C:/projects/myproject/QDQM/DS_Input/Internal/상품코드.csv,상품코드.csv,상품코드,Master,1,FK,,1,1,상품분류.csv.상품코드,상품분류.csv.상품코드,,상품코드,상품분류.csv,Master,100.0,,,,,,,,,,,,,상품코드,상품분류.csv,C:/projects/myproject/QDQM/DS_Input/Internal/상품분류.csv,Master,152.0,100.0,,,,,,,,,,,,,,,,,,
C:/projects/myproject/QDQM/DS_Input/Internal/상품코드.csv,상품코드.csv,사업구분,Master,0,,,0,0,,,,,,,,,,,,,,,,,,,,,,,,,,,,,,,,,,,,,,,,,,,
C:/projects/myproject/QDQM/DS_Input/Internal/상품코드.csv,상품코드.csv,상품명,Master,0,,,0,0,,,,,,,,,,,,,,,,,,,,,,,,,,,,,,,,,,,,,,,,,,,
C:/projects/myproject/QDQM/DS_Input/Internal/상품코드.csv,상품코드.csv,설명,Master,1,,,0,0,,,,,,,,,,,,,,,,,,,,,,,,,,,,,,,,,,,,,,,,,,,
C:/projects/myproject/QDQM/DS_Input/Internal/상품코드.csv,상품코드.csv,판매중지일,Master,0,,,3,3,상품분류.csv.판매중지일 -> CONTRACT.csv.CONTRACT_DATE -> CUSTOMER.csv.판매일,상품분류.csv.판매중지일 -> CONTRACT.csv.CONTRACT_DATE -> CUSTOMER.csv.판매일,,판매중지일,상품분류.csv,Master,100.0,CONTRACT_DATE,CONTRACT.csv,Master,64.71,판매일,CUSTOMER.csv,Master,64.71,,,,,판매중지일,상품분류.csv,C:/projects/myproject/QDQM/DS_Input/Internal/상품분류.csv,Master,17.0,100.0,CONTRACT_DATE,CONTRACT.csv,C:/projects/myproject/QDQM/DS_Input/Internal/CONTRACT.csv,Master,11.0,64.71,판매일,CUSTOMER.csv,C:/projects/myproject/QDQM/DS_Input/Internal/CUSTOMER.csv,Master,11.0,64.71,,,,,,
C:/projects/myproject/QDQM/DS_Input/Internal/상품코드.csv,상품코드.csv,서비스금액,Master,0,,,0,0,,,,,,,,,,,,,,,,,,,,,,,,,,,,,,,,,,,,,,,,,,,
C:/projects/myproject/QDQM/DS_Input/Internal/상품코드.csv,상품코드.csv,화물종류,Master,0,,,0,0,,,,,,,,,,,,,,,,,,,,,,,,,,,,,,,,,,,,,,,,,,,
C:/projects/myproject/QDQM/DS_Input/Internal/상품코드.csv,상품코드.csv,배송이상지역,Master,0,,,0,0,,,,,,,,,,,,,,,,,,,,,,,,,,,,,,,,,,,,,,,,,,,
C:/projects/myproject/QDQM/DS_Input/Internal/상품코드.csv,상품코드.csv,접수시주의사항,Master,0,,,1,1,상품분류.csv.접수시주의사항,상품분류.csv.접수시주의사항,,접수시주의사항,상품분류.csv,Master,100.0,,,,,,,,,,,,,접수시주의사항,상품분류.csv,C:/projects/myproject/QDQM/DS_Input/Internal/상품분류.csv,Master,62.0,100.0,,,,,,,,,,,,,,,,,,
C:/projects/myproject/QDQM/DS_Input/Internal/상품코드.csv,상품코드.csv,당일익일구분,Master,0,,,0,0,,,,,,,,,,,,,,,,,,,,,,,,,,,,,,,,,,,,,,,,,,,
C:/projects/myproject/QDQM/DS_Input/Internal/상품코드.csv,상품코드.csv,최종수정일,Master,0,,,0,0,,,,,,,,,,,,,,,,,,,,,,,,,,,,,,,,,,,,,,,,,,,
C:/projects/myproject/QDQM/DS_Input/Internal/상품코드.csv,상품코드.csv,수정자 터미널코드,Master,0,,,0,0,,,,,,,,,,,,,,,,,,,,,,,,,,,,,,,,,,,,,,,,,,,
C:/projects/myproject/QDQM/DS_Input/Internal/상품코드.csv,상품코드.csv,수정자 사번,Master,0,,,0,0,,,,,,,,,,,,,,,,,,,,,,,,,,,,,,,,,,,,,,,,,,,
C:/projects/myproject/QDQM/DS_Input/Internal/상품코드.csv,상품코드.csv,서비스지역 및 요율,Master,1,,,0,0,,,,,,,,,,,,,,,,,,,,,,,,,,,,,,,,,,,,,,,,,,,
C:/projects/myproject/QDQM/DS_Input/Internal/상품코드.csv,상품코드.csv,최종변경일시,Master,0,,,0,0,,,,,,,,,,,,,,,,,,,,,,,,,,,,,,,,,,,,,,,,,,,
C:/projects/myproject/QDQM/DS_Input/Internal/상품코드.csv,상품코드.csv,ETL일시,Master,0,,,0,0,,,,,,,,,,,,,,,,,,,,,,,,,,,,,,,,,,,,,,,,,,,
C:/projects/myproject/QDQM/DS_Input/Internal/선박.csv,선박.csv,선박코드,Master,1,,,0,0,,,,,,,,,,,,,,,,,,,,,,,,,,,,,,,,,,,,,,,,,,,
C:/projects/myproject/QDQM/DS_Input/Internal/선박.csv,선박.csv,선박명_한글,Master,0,,,0,0,,,,,,,,,,,,,,,,,,,,,,,,,,,,,,,,,,,,,,,,,,,
C:/projects/myproject/QDQM/DS_Input/Internal/선박.csv,선박.csv,선박명_영문,Master,0,,,0,0,,,,,,,,,,,,,,,,,,,,,,,,,,,,,,,,,,,,,,,,,,,
C:/projects/myproject/QDQM/DS_Input/Internal/선박.csv,선박.csv,선사코드,Master,0,,선사코드,1,0,선사코드.csv.선사코드,,,선사코드,선사코드.csv,Reference,100.0,,,,,,,,,,,,,선사코드,선사코드.csv,C:/projects/myproject/QDQM/DS_Input/Reference/선사코드.csv,Reference,844.0,100.0,,,,,,,,,,,,,,,,,,
C:/projects/myproject/QDQM/DS_Input/Internal/선박.csv,선박.csv,선박종류코드,Master,0,,,0,0,,,,,,,,,,,,,,,,,,,,,,,,,,,,,,,,,,,,,,,,,,,
C:/projects/myproject/QDQM/DS_Input/Internal/선박.csv,선박.csv,총길이,Master,0,,,1,1,CUSTOMER.csv.집하지대번지,CUSTOMER.csv.집하지대번지,,집하지대번지,CUSTOMER.csv,Master,97.0,,,,,,,,,,,,,집하지대번지,CUSTOMER.csv,C:/projects/myproject/QDQM/DS_Input/Internal/CUSTOMER.csv,Master,97.0,97.0,,,,,,,,,,,,,,,,,,
C:/projects/myproject/QDQM/DS_Input/Internal/선박.csv,선박.csv,총중량,Master,0,,,0,0,,,,,,,,,,,,,,,,,,,,,,,,,,,,,,,,,,,,,,,,,,,
C:/projects/myproject/QDQM/DS_Input/Internal/선박.csv,선박.csv,외내항구분,Master,0,,,0,0,,,,,,,,,,,,,,,,,,,,,,,,,,,,,,,,,,,,,,,,,,,
C:/projects/myproject/QDQM/DS_Input/Internal/선박.csv,선박.csv,사용여부,Master,0,,,0,0,,,,,,,,,,,,,,,,,,,,,,,,,,,,,,,,,,,,,,,,,,,
C:/projects/myproject/QDQM/DS_Input/Internal/선박.csv,선박.csv,비고,Master,0,,,0,0,,,,,,,,,,,,,,,,,,,,,,,,,,,,,,,,,,,,,,,,,,,
C:/projects/myproject/QDQM/DS_Input/Internal/선박.csv,선박.csv,처리일시,Master,0,,,0,0,,,,,,,,,,,,,,,,,,,,,,,,,,,,,,,,,,,,,,,,,,,
C:/projects/myproject/QDQM/DS_Input/Internal/선박.csv,선박.csv,최종변경일시,Master,0,,,0,0,,,,,,,,,,,,,,,,,,,,,,,,,,,,,,,,,,,,,,,,,,,
C:/projects/myproject/QDQM/DS_Input/Internal/선박.csv,선박.csv,ETL일시,Master,0,,,0,0,,,,,,,,,,,,,,,,,,,,,,,,,,,,,,,,,,,,,,,,,,,
C:/projects/myproject/QDQM/DS_Input/Internal/선석.csv,선석.csv,항구코드,Master,0,,Airport_IATA,1,0,Airport_IATA.csv.Airport_IATA,,,Airport_IATA,Airport_IATA.csv,Reference,100.0,,,,,,,,,,,,,Airport_IATA,Airport_IATA.csv,C:/projects/myproject/QDQM/DS_Input/Reference/Airport_IATA.csv,Reference,10.0,100.0,,,,,,,,,,,,,,,,,,
C:/projects/myproject/QDQM/DS_Input/Internal/선석.csv,선석.csv,국가코드,Master,0,,,0,0,,,,,,,,,,,,,,,,,,,,,,,,,,,,,,,,,,,,,,,,,,,
C:/projects/myproject/QDQM/DS_Input/Internal/선석.csv,선석.csv,선석코드,Master,0,,,0,0,,,,,,,,,,,,,,,,,,,,,,,,,,,,,,,,,,,,,,,,,,,
C:/projects/myproject/QDQM/DS_Input/Internal/선석.csv,선석.csv,선석명,Master,0,,,0,0,,,,,,,,,,,,,,,,,,,,,,,,,,,,,,,,,,,,,,,,,,,
C:/projects/myproject/QDQM/DS_Input/Internal/선석.csv,선석.csv,정산용선석명,Master,0,,,0,0,,,,,,,,,,,,,,,,,,,,,,,,,,,,,,,,,,,,,,,,,,,
C:/projects/myproject/QDQM/DS_Input/Internal/선석.csv,선석.csv,수심,Master,0,,,0,0,,,,,,,,,,,,,,,,,,,,,,,,,,,,,,,,,,,,,,,,,,,
C:/projects/myproject/QDQM/DS_Input/Internal/선석.csv,선석.csv,선석길이,Master,0,,,1,1,CUSTOMER.csv.집하지대번지,CUSTOMER.csv.집하지대번지,,집하지대번지,CUSTOMER.csv,Master,85.61,,,,,,,,,,,,,집하지대번지,CUSTOMER.csv,C:/projects/myproject/QDQM/DS_Input/Internal/CUSTOMER.csv,Master,113.0,85.61,,,,,,,,,,,,,,,,,,
C:/projects/myproject/QDQM/DS_Input/Internal/선석.csv,선석.csv,접안능력,Master,0,,,0,0,,,,,,,,,,,,,,,,,,,,,,,,,,,,,,,,,,,,,,,,,,,
C:/projects/myproject/QDQM/DS_Input/Internal/선석.csv,선석.csv,업체코드,Master,0,,,0,0,,,,,,,,,,,,,,,,,,,,,,,,,,,,,,,,,,,,,,,,,,,
C:/projects/myproject/QDQM/DS_Input/Internal/선석.csv,선석.csv,항구상세코드,Master,0,,,0,0,,,,,,,,,,,,,,,,,,,,,,,,,,,,,,,,,,,,,,,,,,,
C:/projects/myproject/QDQM/DS_Input/Internal/선석.csv,선석.csv,조직코드,Master,0,,,0,0,,,,,,,,,,,,,,,,,,,,,,,,,,,,,,,,,,,,,,,,,,,
C:/projects/myproject/QDQM/DS_Input/Internal/선석.csv,선석.csv,한진소유여부,Master,0,,,0,0,,,,,,,,,,,,,,,,,,,,,,,,,,,,,,,,,,,,,,,,,,,
C:/projects/myproject/QDQM/DS_Input/Internal/선석.csv,선석.csv,조회순번,Master,0,,,3,3,CUSTOMER.csv.집하지대번지 -> CUSTOMER.csv.집하지소번지 -> test.csv.ID,CUSTOMER.csv.집하지대번지 -> CUSTOMER.csv.집하지소번지 -> test.csv.ID,,집하지대번지,CUSTOMER.csv,Master,100.0,집하지소번지,CUSTOMER.csv,Master,100.0,ID,test.csv,Master,92.86,,,,,집하지대번지,CUSTOMER.csv,C:/projects/myproject/QDQM/DS_Input/Internal/CUSTOMER.csv,Master,14.0,100.0,집하지소번지,CUSTOMER.csv,C:/projects/myproject/QDQM/DS_Input/Internal/CUSTOMER.csv,Master,14.0,100.0,ID,test.csv,C:/projects/myproject/QDQM/DS_Input/Internal/test.csv,Master,13.0,92.86,,,,,,
C:/projects/myproject/QDQM/DS_Input/Internal/선석.csv,선석.csv,사용여부,Master,0,,,0,0,,,,,,,,,,,,,,,,,,,,,,,,,,,,,,,,,,,,,,,,,,,
C:/projects/myproject/QDQM/DS_Input/Internal/선석.csv,선석.csv,비고,Master,0,,,0,0,,,,,,,,,,,,,,,,,,,,,,,,,,,,,,,,,,,,,,,,,,,
C:/projects/myproject/QDQM/DS_Input/Internal/선석.csv,선석.csv,처리일시,Master,0,,,0,0,,,,,,,,,,,,,,,,,,,,,,,,,,,,,,,,,,,,,,,,,,,
C:/projects/myproject/QDQM/DS_Input/Internal/선석.csv,선석.csv,본선구분,Master,0,,,0,0,,,,,,,,,,,,,,,,,,,,,,,,,,,,,,,,,,,,,,,,,,,
C:/projects/myproject/QDQM/DS_Input/Internal/선석.csv,선석.csv,최종변경일시,Master,0,,,0,0,,,,,,,,,,,,,,,,,,,,,,,,,,,,,,,,,,,,,,,,,,,
C:/projects/myproject/QDQM/DS_Input/Internal/선석.csv,선석.csv,ETL일시,Master,0,,,0,0,,,,,,,,,,,,,,,,,,,,,,,,,,,,,,,,,,,,,,,,,,,
C:/projects/myproject/QDQM/DS_Input/Internal/신용등급.csv,신용등급.csv,신용등급코드,Master,0,,,0,0,,,,,,,,,,,,,,,,,,,,,,,,,,,,,,,,,,,,,,,,,,,
C:/projects/myproject/QDQM/DS_Input/Internal/신용등급.csv,신용등급.csv,신용등급명,Master,0,,,0,0,,,,,,,,,,,,,,,,,,,,,,,,,,,,,,,,,,,,,,,,,,,
C:/projects/myproject/QDQM/DS_Input/Internal/신용등급.csv,신용등급.csv,FROM점수,Master,0,,,0,0,,,,,,,,,,,,,,,,,,,,,,,,,,,,,,,,,,,,,,,,,,,
C:/projects/myproject/QDQM/DS_Input/Internal/신용등급.csv,신용등급.csv,TO점수,Master,0,,,0,0,,,,,,,,,,,,,,,,,,,,,,,,,,,,,,,,,,,,,,,,,,,
C:/projects/myproject/QDQM/DS_Input/Internal/신용등급.csv,신용등급.csv,dt_reg,Master,0,,,0,0,,,,,,,,,,,,,,,,,,,,,,,,,,,,,,,,,,,,,,,,,,,
C:/projects/myproject/QDQM/DS_Input/Internal/신용등급.csv,신용등급.csv,dt_adjt,Master,0,,,0,0,,,,,,,,,,,,,,,,,,,,,,,,,,,,,,,,,,,,,,,,,,,
C:/projects/myproject/QDQM/DS_Input/Internal/신용등급.csv,신용등급.csv,폐기일자,Master,0,,,0,0,,,,,,,,,,,,,,,,,,,,,,,,,,,,,,,,,,,,,,,,,,,
C:/projects/myproject/QDQM/DS_Input/Internal/신용등급.csv,신용등급.csv,yn_abd,Master,0,,,0,0,,,,,,,,,,,,,,,,,,,,,,,,,,,,,,,,,,,,,,,,,,,
C:/projects/myproject/QDQM/DS_Input/Internal/신용등급.csv,신용등급.csv,처리자사번,Master,0,,,0,0,,,,,,,,,,,,,,,,,,,,,,,,,,,,,,,,,,,,,,,,,,,
C:/projects/myproject/QDQM/DS_Input/Internal/신용등급.csv,신용등급.csv,last_update_dtm,Master,0,,,0,0,,,,,,,,,,,,,,,,,,,,,,,,,,,,,,,,,,,,,,,,,,,
C:/projects/myproject/QDQM/DS_Input/Internal/신용등급.csv,신용등급.csv,etl_dtm,Master,0,,,0,0,,,,,,,,,,,,,,,,,,,,,,,,,,,,,,,,,,,,,,,,,,,
C:/projects/myproject/QDQM/DS_Input/Internal/영업소.csv,영업소.csv,영업소코드,Master,1,,,3,3,CUSTOMER.csv.집하지대번지 -> ORGNIZATION.csv.조직코드 -> 조직터미널마스터.csv.터미널조직코드,CUSTOMER.csv.집하지대번지 -> ORGNIZATION.csv.조직코드 -> 조직터미널마스터.csv.터미널조직코드,,집하지대번지,CUSTOMER.csv,Master,88.36,조직코드,ORGNIZATION.csv,Master,71.92,터미널조직코드,조직터미널마스터.csv,Master,71.92,,,,,집하지대번지,CUSTOMER.csv,C:/projects/myproject/QDQM/DS_Input/Internal/CUSTOMER.csv,Master,129.0,88.36,조직코드,ORGNIZATION.csv,C:/projects/myproject/QDQM/DS_Input/Internal/ORGNIZATION.csv,Master,105.0,71.92,터미널조직코드,조직터미널마스터.csv,C:/projects/myproject/QDQM/DS_Input/Internal/조직터미널마스터.csv,Master,105.0,71.92,,,,,,
C:/projects/myproject/QDQM/DS_Input/Internal/영업소.csv,영업소.csv,영업소명,Master,0,,,0,0,,,,,,,,,,,,,,,,,,,,,,,,,,,,,,,,,,,,,,,,,,,
C:/projects/myproject/QDQM/DS_Input/Internal/영업소.csv,영업소.csv,영업소약명,Master,0,,,1,1,영업소.csv.영업소명,영업소.csv.영업소명,,영업소명,영업소.csv,Master,82.58,,,,,,,,,,,,,영업소명,영업소.csv,C:/projects/myproject/QDQM/DS_Input/Internal/영업소.csv,Master,109.0,82.58,,,,,,,,,,,,,,,,,,
C:/projects/myproject/QDQM/DS_Input/Internal/영업소.csv,영업소.csv,건평,Master,0,,,0,0,,,,,,,,,,,,,,,,,,,,,,,,,,,,,,,,,,,,,,,,,,,
C:/projects/myproject/QDQM/DS_Input/Internal/영업소.csv,영업소.csv,우편번호,Master,0,,우편번호구3,4,3,택배_고객.csv.집하지우편번호 -> 택배_고객.csv.고객 청구지우편번호 -> CONTRACT.csv.ZIP -> 우편번호구3.csv.우편번호구3,택배_고객.csv.집하지우편번호 -> 택배_고객.csv.고객 청구지우편번호 -> CONTRACT.csv.ZIP,,집하지우편번호,택배_고객.csv,Master,72.97,고객 청구지우편번호,택배_고객.csv,Master,63.51,ZIP,CONTRACT.csv,Master,62.16,우편번호구3,우편번호구3.csv,Reference,98.18,집하지우편번호,택배_고객.csv,C:/projects/myproject/QDQM/DS_Input/Internal/택배_고객.csv,Master,54.0,72.97,고객 청구지우편번호,택배_고객.csv,C:/projects/myproject/QDQM/DS_Input/Internal/택배_고객.csv,Master,47.0,63.51,ZIP,CONTRACT.csv,C:/projects/myproject/QDQM/DS_Input/Internal/CONTRACT.csv,Master,46.0,62.16,우편번호구3,우편번호구3.csv,C:/projects/myproject/QDQM/DS_Input/Reference/우편번호구3.csv,Reference,54.0,98.18
C:/projects/myproject/QDQM/DS_Input/Internal/영업소.csv,영업소.csv,주소,Master,0,,,0,0,,,,,,,,,,,,,,,,,,,,,,,,,,,,,,,,,,,,,,,,,,,
C:/projects/myproject/QDQM/DS_Input/Internal/영업소.csv,영업소.csv,영업소등급,Master,0,,,0,0,,,,,,,,,,,,,,,,,,,,,,,,,,,,,,,,,,,,,,,,,,,
C:/projects/myproject/QDQM/DS_Input/Internal/영업소.csv,영업소.csv,업무개시일,Master,0,,,3,3,CUSTOMER.csv.판매일 -> 기업고객.csv.판매일 -> 사원기본.csv.시근일자,CUSTOMER.csv.판매일 -> 기업고객.csv.판매일 -> 사원기본.csv.시근일자,,판매일,CUSTOMER.csv,Master,86.96,판매일,기업고객.csv,Master,96.56,시근일자,사원기본.csv,Master,84.06,,,,,판매일,CUSTOMER.csv,C:/projects/myproject/QDQM/DS_Input/Internal/CUSTOMER.csv,Master,60.0,86.96,판매일,기업고객.csv,C:/projects/myproject/QDQM/DS_Input/Internal/기업고객.csv,Master,59.0,85.51,시근일자,사원기본.csv,C:/projects/myproject/QDQM/DS_Input/Internal/사원기본.csv,Master,58.0,84.06,,,,,,
C:/projects/myproject/QDQM/DS_Input/Internal/영업소.csv,영업소.csv,업무중지일,Master,0,,,0,0,,,,,,,,,,,,,,,,,,,,,,,,,,,,,,,,,,,,,,,,,,,
C:/projects/myproject/QDQM/DS_Input/Internal/영업소.csv,영업소.csv,업무종료일,Master,0,,,0,0,,,,,,,,,,,,,,,,,,,,,,,,,,,,,,,,,,,,,,,,,,,
C:/projects/myproject/QDQM/DS_Input/Internal/영업소.csv,영업소.csv,설립일자,Master,0,,,3,3,CONTRACT.csv.CONTRACT_DATE -> CUSTOMER.csv.판매일 -> 기업고객.csv.판매일,CONTRACT.csv.CONTRACT_DATE -> CUSTOMER.csv.판매일 -> 기업고객.csv.판매일,,CONTRACT_DATE,CONTRACT.csv,Master,71.83,판매일,CUSTOMER.csv,Master,66.06,판매일,기업고객.csv,Master,96.56,,,,,CONTRACT_DATE,CONTRACT.csv,C:/projects/myproject/QDQM/DS_Input/Internal/CONTRACT.csv,Master,51.0,71.83,판매일,CUSTOMER.csv,C:/projects/myproject/QDQM/DS_Input/Internal/CUSTOMER.csv,Master,51.0,71.83,근무시작일자,사원마스터.csv,C:/projects/myproject/QDQM/DS_Input/Internal/사원마스터.csv,Master,51.0,71.83,,,,,,
C:/projects/myproject/QDQM/DS_Input/Internal/영업소.csv,영업소.csv,사업자등록번호,Master,0,,유효사업자번호3,4,3,ORGNIZATION.csv.사업자등록번호 -> 택배_조직도.csv.사업자등록번호 -> 택배_조직도.csv.사업자등록번호 -> 사업자등록번호3.csv.유효사업자번호3,ORGNIZATION.csv.사업자등록번호 -> 택배_조직도.csv.사업자등록번호 -> 택배_조직도.csv.사업자등록번호,,사업자등록번호,ORGNIZATION.csv,Master,97.37,사업자등록번호,택배_조직도.csv,Master,100.0,사업자등록번호,택배_조직도.csv,Master,97.37,유효사업자번호3,사업자등록번호3.csv,Reference,87.93,사업자등록번호,ORGNIZATION.csv,C:/projects/myproject/QDQM/DS_Input/Internal/ORGNIZATION.csv,Master,74.0,97.37,사업자등록번호,배송점.csv,C:/projects/myproject/QDQM/DS_Input/Internal/배송점.csv,Master,74.0,97.37,사업자등록번호,택배_조직도.csv,C:/projects/myproject/QDQM/DS_Input/Internal/택배_조직도.csv,Master,74.0,97.37,유효사업자번호3,사업자등록번호3.csv,C:/projects/myproject/QDQM/DS_Input/Reference/사업자등록번호3.csv,Reference,51.0,87.93
C:/projects/myproject/QDQM/DS_Input/Internal/영업소.csv,영업소.csv,업태,Master,0,,,0,0,,,,,,,,,,,,,,,,,,,,,,,,,,,,,,,,,,,,,,,,,,,
C:/projects/myproject/QDQM/DS_Input/Internal/영업소.csv,영업소.csv,업종,Master,0,,,0,0,,,,,,,,,,,,,,,,,,,,,,,,,,,,,,,,,,,,,,,,,,,
C:/projects/myproject/QDQM/DS_Input/Internal/영업소.csv,영업소.csv,계약영업소코드,Master,0,FK,,3,3,영업소.csv.영업소코드 -> CUSTOMER.csv.집하지대번지 -> ORGNIZATION.csv.조직코드,영업소.csv.영업소코드 -> CUSTOMER.csv.집하지대번지 -> ORGNIZATION.csv.조직코드,,영업소코드,영업소.csv,Master,100.0,집하지대번지,CUSTOMER.csv,Master,88.36,조직코드,ORGNIZATION.csv,Master,74.65,,,,,영업소코드,영업소.csv,C:/projects/myproject/QDQM/DS_Input/Internal/영업소.csv,Master,71.0,100.0,집하지대번지,CUSTOMER.csv,C:/projects/myproject/QDQM/DS_Input/Internal/CUSTOMER.csv,Master,64.0,90.14,조직코드,ORGNIZATION.csv,C:/projects/myproject/QDQM/DS_Input/Internal/ORGNIZATION.csv,Master,53.0,74.65,,,,,,
C:/projects/myproject/QDQM/DS_Input/Internal/영업소.csv,영업소.csv,계약구분,Master,0,,,0,0,,,,,,,,,,,,,,,,,,,,,,,,,,,,,,,,,,,,,,,,,,,
C:/projects/myproject/QDQM/DS_Input/Internal/영업소.csv,영업소.csv,보증금,Master,0,,,0,0,,,,,,,,,,,,,,,,,,,,,,,,,,,,,,,,,,,,,,,,,,,
C:/projects/myproject/QDQM/DS_Input/Internal/영업소.csv,영업소.csv,유효기간,Master,0,,,0,0,,,,,,,,,,,,,,,,,,,,,,,,,,,,,,,,,,,,,,,,,,,
C:/projects/myproject/QDQM/DS_Input/Internal/영업소.csv,영업소.csv,보험증권번호,Master,0,,,0,0,,,,,,,,,,,,,,,,,,,,,,,,,,,,,,,,,,,,,,,,,,,
C:/projects/myproject/QDQM/DS_Input/Internal/영업소.csv,영업소.csv,직영가맹여부,Master,0,,,0,0,,,,,,,,,,,,,,,,,,,,,,,,,,,,,,,,,,,,,,,,,,,
C:/projects/myproject/QDQM/DS_Input/Internal/영업소.csv,영업소.csv,상위영업소코드,Master,0,,,3,3,CUSTOMER.csv.집하지대번지 -> 영업소.csv.영업소코드 -> ORGNIZATION.csv.상위조직코드,CUSTOMER.csv.집하지대번지 -> 영업소.csv.영업소코드 -> ORGNIZATION.csv.상위조직코드,,집하지대번지,CUSTOMER.csv,Master,100.0,영업소코드,영업소.csv,Master,100.0,상위조직코드,ORGNIZATION.csv,Master,94.44,,,,,집하지대번지,CUSTOMER.csv,C:/projects/myproject/QDQM/DS_Input/Internal/CUSTOMER.csv,Master,18.0,100.0,영업소코드,영업소.csv,C:/projects/myproject/QDQM/DS_Input/Internal/영업소.csv,Master,18.0,100.0,상위조직코드,ORGNIZATION.csv,C:/projects/myproject/QDQM/DS_Input/Internal/ORGNIZATION.csv,Master,17.0,94.44,,,,,,
C:/projects/myproject/QDQM/DS_Input/Internal/영업소.csv,영업소.csv,집하센터코드,Master,0,,,0,0,,,,,,,,,,,,,,,,,,,,,,,,,,,,,,,,,,,,,,,,,,,
C:/projects/myproject/QDQM/DS_Input/Internal/영업소.csv,영업소.csv,지역구분,Master,0,,,3,3,CUSTOMER.csv.집하지대번지 -> Z검증용데이터.csv.수량 -> CUSTOMER.csv.집하지소번지,CUSTOMER.csv.집하지대번지 -> Z검증용데이터.csv.수량 -> CUSTOMER.csv.집하지소번지,,집하지대번지,CUSTOMER.csv,Master,100.0,수량,Z검증용데이터.csv,Test,100.0,집하지소번지,CUSTOMER.csv,Master,92.86,,,,,집하지대번지,CUSTOMER.csv,C:/projects/myproject/QDQM/DS_Input/Internal/CUSTOMER.csv,Master,14.0,100.0,수량,Z검증용데이터.csv,C:/projects/myproject/QDQM/DS_Input/Test/Z검증용데이터.csv,Test,14.0,100.0,집하지소번지,CUSTOMER.csv,C:/projects/myproject/QDQM/DS_Input/Internal/CUSTOMER.csv,Master,13.0,92.86,,,,,,
C:/projects/myproject/QDQM/DS_Input/Internal/영업소.csv,영업소.csv,분류터미널구분,Master,0,,,0,0,,,,,,,,,,,,,,,,,,,,,,,,,,,,,,,,,,,,,,,,,,,
C:/projects/myproject/QDQM/DS_Input/Internal/영업소.csv,영업소.csv,구동분류기구분값,Master,0,,,0,0,,,,,,,,,,,,,,,,,,,,,,,,,,,,,,,,,,,,,,,,,,,
C:/projects/myproject/QDQM/DS_Input/Internal/영업소.csv,영업소.csv,반품송장권역ZONE,Master,0,,,0,0,,,,,,,,,,,,,,,,,,,,,,,,,,,,,,,,,,,,,,,,,,,
C:/projects/myproject/QDQM/DS_Input/Internal/영업소.csv,영업소.csv,최종변경일시,Master,0,,,0,0,,,,,,,,,,,,,,,,,,,,,,,,,,,,,,,,,,,,,,,,,,,
C:/projects/myproject/QDQM/DS_Input/Internal/영업소.csv,영업소.csv,ETL일시,Master,0,,,0,0,,,,,,,,,,,,,,,,,,,,,,,,,,,,,,,,,,,,,,,,,,,
C:/projects/myproject/QDQM/DS_Input/Internal/조직_수입관리.csv,조직_수입관리.csv,OIO_ORG_COD,Master,1,FK,,1,1,지점코드.csv.OIO_ORG_COD,지점코드.csv.OIO_ORG_COD,,OIO_ORG_COD,지점코드.csv,Master,100.0,,,,,,,,,,,,,OIO_ORG_COD,지점코드.csv,C:/projects/myproject/QDQM/DS_Input/Internal/지점코드.csv,Master,196.0,100.0,,,,,,,,,,,,,,,,,,
C:/projects/myproject/QDQM/DS_Input/Internal/조직_수입관리.csv,조직_수입관리.csv,OIO_ORG_NAM,Master,0,,,2,2,지점코드.csv.OIO_ORG_NAM -> 사용자.csv.팀명,지점코드.csv.OIO_ORG_NAM -> 사용자.csv.팀명,,OIO_ORG_NAM,지점코드.csv,Master,100.0,팀명,사용자.csv,Master,60.71,,,,,,,,,OIO_ORG_NAM,지점코드.csv,C:/projects/myproject/QDQM/DS_Input/Internal/지점코드.csv,Master,196.0,100.0,팀명,사용자.csv,C:/projects/myproject/QDQM/DS_Input/Internal/사용자.csv,Master,119.0,60.71,,,,,,,,,,,,
C:/projects/myproject/QDQM/DS_Input/Internal/조직_수입관리.csv,조직_수입관리.csv,OIO_INC_ORG,Master,0,,,0,0,,,,,,,,,,,,,,,,,,,,,,,,,,,,,,,,,,,,,,,,,,,
C:/projects/myproject/QDQM/DS_Input/Internal/조직_수입관리.csv,조직_수입관리.csv,OIO_ORG_NCD,Master,0,,,3,3,지점코드.csv.OIO_ORG_NCD -> 사용자.csv.점소코드 -> Z사용자.csv.점소코드,지점코드.csv.OIO_ORG_NCD -> 사용자.csv.점소코드 -> Z사용자.csv.점소코드,,OIO_ORG_NCD,지점코드.csv,Master,100.0,점소코드,사용자.csv,Master,91.98,점소코드,Z사용자.csv,Test,80.75,,,,,OIO_ORG_NCD,지점코드.csv,C:/projects/myproject/QDQM/DS_Input/Internal/지점코드.csv,Master,187.0,100.0,점소코드,사용자.csv,C:/projects/myproject/QDQM/DS_Input/Internal/사용자.csv,Master,172.0,91.98,점소코드,Z사용자.csv,C:/projects/myproject/QDQM/DS_Input/Test/Z사용자.csv,Test,151.0,80.75,,,,,,
C:/projects/myproject/QDQM/DS_Input/Internal/조직_수입관리.csv,조직_수입관리.csv,OIO_PIN_COD,Master,0,,,1,1,지점코드.csv.OIO_PIN_COD,지점코드.csv.OIO_PIN_COD,,OIO_PIN_COD,지점코드.csv,Master,100.0,,,,,,,,,,,,,OIO_PIN_COD,지점코드.csv,C:/projects/myproject/QDQM/DS_Input/Internal/지점코드.csv,Master,128.0,100.0,,,,,,,,,,,,,,,,,,
C:/projects/myproject/QDQM/DS_Input/Internal/조직_수입관리.csv,조직_수입관리.csv,OIO_RGT_ENO,Master,0,,,0,0,,,,,,,,,,,,,,,,,,,,,,,,,,,,,,,,,,,,,,,,,,,
C:/projects/myproject/QDQM/DS_Input/Internal/조직_수입관리.csv,조직_수입관리.csv,OIO_RGT_MDH,Master,0,,,0,0,,,,,,,,,,,,,,,,,,,,,,,,,,,,,,,,,,,,,,,,,,,
C:/projects/myproject/QDQM/DS_Input/Internal/조직_수입관리.csv,조직_수입관리.csv,OIO_CHG_ENO,Master,0,,,0,0,,,,,,,,,,,,,,,,,,,,,,,,,,,,,,,,,,,,,,,,,,,
C:/projects/myproject/QDQM/DS_Input/Internal/조직_수입관리.csv,조직_수입관리.csv,OIO_CHG_MDH,Master,0,,,0,0,,,,,,,,,,,,,,,,,,,,,,,,,,,,,,,,,,,,,,,,,,,
C:/projects/myproject/QDQM/DS_Input/Internal/조직_수입관리.csv,조직_수입관리.csv,OIO_END_YMD,Master,0,,,0,0,,,,,,,,,,,,,,,,,,,,,,,,,,,,,,,,,,,,,,,,,,,
C:/projects/myproject/QDQM/DS_Input/Internal/조직_수입관리.csv,조직_수입관리.csv,최종변경일시,Master,0,,,0,0,,,,,,,,,,,,,,,,,,,,,,,,,,,,,,,,,,,,,,,,,,,
C:/projects/myproject/QDQM/DS_Input/Internal/조직_수입관리.csv,조직_수입관리.csv,ETL일시,Master,0,,,0,0,,,,,,,,,,,,,,,,,,,,,,,,,,,,,,,,,,,,,,,,,,,
C:/projects/myproject/QDQM/DS_Input/Internal/조직터미널마스터.csv,조직터미널마스터.csv,터미널조직코드,Master,1,FK,,3,3,ORGNIZATION.csv.조직코드 -> 택배_조직도.csv.조직코드 -> ORGNIZATION.csv.상위조직코드,ORGNIZATION.csv.조직코드 -> 택배_조직도.csv.조직코드 -> ORGNIZATION.csv.상위조직코드,,조직코드,ORGNIZATION.csv,Master,100.0,조직코드,택배_조직도.csv,Master,100.0,상위조직코드,ORGNIZATION.csv,Master,89.59,,,,,조직코드,ORGNIZATION.csv,C:/projects/myproject/QDQM/DS_Input/Internal/ORGNIZATION.csv,Master,557.0,100.0,조직코드,택배_조직도.csv,C:/projects/myproject/QDQM/DS_Input/Internal/택배_조직도.csv,Master,557.0,100.0,상위조직코드,ORGNIZATION.csv,C:/projects/myproject/QDQM/DS_Input/Internal/ORGNIZATION.csv,Master,499.0,89.59,,,,,,
C:/projects/myproject/QDQM/DS_Input/Internal/조직터미널마스터.csv,조직터미널마스터.csv,터미널구분코드,Master,0,,,0,0,,,,,,,,,,,,,,,,,,,,,,,,,,,,,,,,,,,,,,,,,,,
C:/projects/myproject/QDQM/DS_Input/Internal/조직터미널마스터.csv,조직터미널마스터.csv,실제터미널조직코드,Master,0,FK,,3,3,ORGNIZATION.csv.조직코드 -> 택배_조직도.csv.조직코드 -> 택배_조직도.csv.조직코드,ORGNIZATION.csv.조직코드 -> 택배_조직도.csv.조직코드 -> 택배_조직도.csv.조직코드,,조직코드,ORGNIZATION.csv,Master,100.0,조직코드,택배_조직도.csv,Master,100.0,조직코드,택배_조직도.csv,Master,100.0,,,,,조직코드,ORGNIZATION.csv,C:/projects/myproject/QDQM/DS_Input/Internal/ORGNIZATION.csv,Master,426.0,100.0,터미널조직코드,조직터미널마스터.csv,C:/projects/myproject/QDQM/DS_Input/Internal/조직터미널마스터.csv,Master,426.0,100.0,조직코드,택배_조직도.csv,C:/projects/myproject/QDQM/DS_Input/Internal/택배_조직도.csv,Master,426.0,100.0,,,,,,
C:/projects/myproject/QDQM/DS_Input/Internal/조직터미널마스터.csv,조직터미널마스터.csv,대표집배조직코드,Master,0,,,0,0,,,,,,,,,,,,,,,,,,,,,,,,,,,,,,,,,,,,,,,,,,,
C:/projects/myproject/QDQM/DS_Input/Internal/조직터미널마스터.csv,조직터미널마스터.csv,unitiz_goal,Master,0,,,3,3,CUSTOMER.csv.집하지대번지 -> CUSTOMER.csv.집하지소번지 -> 선박.csv.총중량,CUSTOMER.csv.집하지대번지 -> CUSTOMER.csv.집하지소번지 -> 선박.csv.총중량,,집하지대번지,CUSTOMER.csv,Master,100.0,집하지소번지,CUSTOMER.csv,Master,86.84,총중량,선박.csv,Master,65.79,,,,,집하지대번지,CUSTOMER.csv,C:/projects/myproject/QDQM/DS_Input/Internal/CUSTOMER.csv,Master,38.0,100.0,집하지소번지,CUSTOMER.csv,C:/projects/myproject/QDQM/DS_Input/Internal/CUSTOMER.csv,Master,33.0,86.84,총중량,선박.csv,C:/projects/myproject/QDQM/DS_Input/Internal/선박.csv,Master,25.0,65.79,,,,,,
C:/projects/myproject/QDQM/DS_Input/Internal/조직터미널마스터.csv,조직터미널마스터.csv,종료목표작업시분,Master,0,,,0,0,,,,,,,,,,,,,,,,,,,,,,,,,,,,,,,,,,,,,,,,,,,
C:/projects/myproject/QDQM/DS_Input/Internal/조직터미널마스터.csv,조직터미널마스터.csv,첨부파일ID,Master,0,,,0,0,,,,,,,,,,,,,,,,,,,,,,,,,,,,,,,,,,,,,,,,,,,
C:/projects/myproject/QDQM/DS_Input/Internal/조직터미널마스터.csv,조직터미널마스터.csv,터미널영문코드,Master,1,,Airline_IATA,1,0,Airline_IATA.csv.Airline_IATA,,,Airline_IATA,Airline_IATA.csv,Reference,97.73,,,,,,,,,,,,,Airline_IATA,Airline_IATA.csv,C:/projects/myproject/QDQM/DS_Input/Reference/Airline_IATA.csv,Reference,258.0,97.73,,,,,,,,,,,,,,,,,,
C:/projects/myproject/QDQM/DS_Input/Internal/조직터미널마스터.csv,조직터미널마스터.csv,loading_place_addr,Master,0,,,0,0,,,,,,,,,,,,,,,,,,,,,,,,,,,,,,,,,,,,,,,,,,,
C:/projects/myproject/QDQM/DS_Input/Internal/조직터미널마스터.csv,조직터미널마스터.csv,load_chute_cnt,Master,0,,,3,3,CUSTOMER.csv.집하지소번지 -> CUSTOMER.csv.집하지대번지 -> 조직터미널마스터.csv.unload_chute_cnt,CUSTOMER.csv.집하지소번지 -> CUSTOMER.csv.집하지대번지 -> 조직터미널마스터.csv.unload_chute_cnt,,집하지소번지,CUSTOMER.csv,Master,94.44,집하지대번지,CUSTOMER.csv,Master,75.37,unload_chute_cnt,조직터미널마스터.csv,Master,61.11,,,,,집하지소번지,CUSTOMER.csv,C:/projects/myproject/QDQM/DS_Input/Internal/CUSTOMER.csv,Master,17.0,94.44,사유코드,미배송사유코드.csv,C:/projects/myproject/QDQM/DS_Input/Internal/미배송사유코드.csv,Master,14.0,77.78,unload_chute_cnt,조직터미널마스터.csv,C:/projects/myproject/QDQM/DS_Input/Internal/조직터미널마스터.csv,Master,11.0,61.11,,,,,,
C:/projects/myproject/QDQM/DS_Input/Internal/조직터미널마스터.csv,조직터미널마스터.csv,unload_chute_cnt,Master,0,,,3,3,CUSTOMER.csv.집하지소번지 -> CUSTOMER.csv.집하지대번지 -> 미배송사유코드.csv.사유코드,CUSTOMER.csv.집하지소번지 -> CUSTOMER.csv.집하지대번지 -> 미배송사유코드.csv.사유코드,,집하지소번지,CUSTOMER.csv,Master,100.0,집하지대번지,CUSTOMER.csv,Master,75.37,사유코드,미배송사유코드.csv,Master,90.91,,,,,집하지소번지,CUSTOMER.csv,C:/projects/myproject/QDQM/DS_Input/Internal/CUSTOMER.csv,Master,11.0,100.0,load_chute_cnt,조직터미널마스터.csv,C:/projects/myproject/QDQM/DS_Input/Internal/조직터미널마스터.csv,Master,11.0,100.0,사유코드,미배송사유코드.csv,C:/projects/myproject/QDQM/DS_Input/Internal/미배송사유코드.csv,Master,10.0,90.91,,,,,,
C:/projects/myproject/QDQM/DS_Input/Internal/조직터미널마스터.csv,조직터미널마스터.csv,wheel_sorter_install_yn,Master,0,,,0,0,,,,,,,,,,,,,,,,,,,,,,,,,,,,,,,,,,,,,,,,,,,
C:/projects/myproject/QDQM/DS_Input/Internal/조직터미널마스터.csv,조직터미널마스터.csv,usage_cat_cd,Master,0,,,0,0,,,,,,,,,,,,,,,,,,,,,,,,,,,,,,,,,,,,,,,,,,,
C:/projects/myproject/QDQM/DS_Input/Internal/조직터미널마스터.csv,조직터미널마스터.csv,등록일시,Master,0,,,0,0,,,,,,,,,,,,,,,,,,,,,,,,,,,,,,,,,,,,,,,,,,,
C:/projects/myproject/QDQM/DS_Input/Internal/조직터미널마스터.csv,조직터미널마스터.csv,등록사원번호,Master,0,,,0,0,,,,,,,,,,,,,,,,,,,,,,,,,,,,,,,,,,,,,,,,,,,
C:/projects/myproject/QDQM/DS_Input/Internal/조직터미널마스터.csv,조직터미널마스터.csv,최종사원업데이트일시,Master,0,,,0,0,,,,,,,,,,,,,,,,,,,,,,,,,,,,,,,,,,,,,,,,,,,
C:/projects/myproject/QDQM/DS_Input/Internal/조직터미널마스터.csv,조직터미널마스터.csv,최종업데이트사원번호,Master,0,,,3,3,ORGNIZATION.csv.최종수정자 -> 택배_조직도.csv.최종업데이트사원번호 -> 택배_조직도.csv.최종변경사용자ID,ORGNIZATION.csv.최종수정자 -> 택배_조직도.csv.최종업데이트사원번호 -> 택배_조직도.csv.최종변경사용자ID,,최종수정자,ORGNIZATION.csv,Master,100.0,최종업데이트사원번호,택배_조직도.csv,Master,100.0,최종변경사용자ID,택배_조직도.csv,Master,97.5,,,,,최종수정자,ORGNIZATION.csv,C:/projects/myproject/QDQM/DS_Input/Internal/ORGNIZATION.csv,Master,40.0,100.0,최종업데이트사원번호,택배_조직도.csv,C:/projects/myproject/QDQM/DS_Input/Internal/택배_조직도.csv,Master,40.0,100.0,최종변경사용자ID,택배_조직도.csv,C:/projects/myproject/QDQM/DS_Input/Internal/택배_조직도.csv,Master,39.0,97.5,,,,,,
C:/projects/myproject/QDQM/DS_Input/Internal/조직터미널마스터.csv,조직터미널마스터.csv,생성일시,Master,0,,,0,0,,,,,,,,,,,,,,,,,,,,,,,,,,,,,,,,,,,,,,,,,,,
C:/projects/myproject/QDQM/DS_Input/Internal/조직터미널마스터.csv,조직터미널마스터.csv,생성시스템ID,Master,0,,,0,0,,,,,,,,,,,,,,,,,,,,,,,,,,,,,,,,,,,,,,,,,,,
C:/projects/myproject/QDQM/DS_Input/Internal/조직터미널마스터.csv,조직터미널마스터.csv,최종업데이트시스템ID,Master,0,,,0,0,,,,,,,,,,,,,,,,,,,,,,,,,,,,,,,,,,,,,,,,,,,
C:/projects/myproject/QDQM/DS_Input/Internal/조직터미널마스터.csv,조직터미널마스터.csv,최종업데이트일시,Master,0,,,0,0,,,,,,,,,,,,,,,,,,,,,,,,,,,,,,,,,,,,,,,,,,,
C:/projects/myproject/QDQM/DS_Input/Internal/조직터미널마스터.csv,조직터미널마스터.csv,ETL일시,Master,0,,,0,0,,,,,,,,,,,,,,,,,,,,,,,,,,,,,,,,,,,,,,,,,,,
C:/projects/myproject/QDQM/DS_Input/Internal/지점코드.csv,지점코드.csv,OIO_ORG_COD,Master,1,FK,,1,1,조직_수입관리.csv.OIO_ORG_COD,조직_수입관리.csv.OIO_ORG_COD,,OIO_ORG_COD,조직_수입관리.csv,Master,100.0,,,,,,,,,,,,,OIO_ORG_COD,조직_수입관리.csv,C:/projects/myproject/QDQM/DS_Input/Internal/조직_수입관리.csv,Master,196.0,100.0,,,,,,,,,,,,,,,,,,
C:/projects/myproject/QDQM/DS_Input/Internal/지점코드.csv,지점코드.csv,OIO_ORG_NAM,Master,0,,,2,2,조직_수입관리.csv.OIO_ORG_NAM -> 사용자.csv.팀명,조직_수입관리.csv.OIO_ORG_NAM -> 사용자.csv.팀명,,OIO_ORG_NAM,조직_수입관리.csv,Master,100.0,팀명,사용자.csv,Master,60.71,,,,,,,,,OIO_ORG_NAM,조직_수입관리.csv,C:/projects/myproject/QDQM/DS_Input/Internal/조직_수입관리.csv,Master,196.0,100.0,팀명,사용자.csv,C:/projects/myproject/QDQM/DS_Input/Internal/사용자.csv,Master,119.0,60.71,,,,,,,,,,,,
C:/projects/myproject/QDQM/DS_Input/Internal/지점코드.csv,지점코드.csv,OIO_INC_ORG,Master,0,,,0,0,,,,,,,,,,,,,,,,,,,,,,,,,,,,,,,,,,,,,,,,,,,
C:/projects/myproject/QDQM/DS_Input/Internal/지점코드.csv,지점코드.csv,OIO_ORG_NCD,Master,0,,,3,3,조직_수입관리.csv.OIO_ORG_NCD -> 사용자.csv.점소코드 -> Z사용자.csv.점소코드,조직_수입관리.csv.OIO_ORG_NCD -> 사용자.csv.점소코드 -> Z사용자.csv.점소코드,,OIO_ORG_NCD,조직_수입관리.csv,Master,100.0,점소코드,사용자.csv,Master,91.98,점소코드,Z사용자.csv,Test,80.75,,,,,OIO_ORG_NCD,조직_수입관리.csv,C:/projects/myproject/QDQM/DS_Input/Internal/조직_수입관리.csv,Master,187.0,100.0,점소코드,사용자.csv,C:/projects/myproject/QDQM/DS_Input/Internal/사용자.csv,Master,172.0,91.98,점소코드,Z사용자.csv,C:/projects/myproject/QDQM/DS_Input/Test/Z사용자.csv,Test,151.0,80.75,,,,,,
C:/projects/myproject/QDQM/DS_Input/Internal/지점코드.csv,지점코드.csv,OIO_PIN_COD,Master,0,,,1,1,조직_수입관리.csv.OIO_PIN_COD,조직_수입관리.csv.OIO_PIN_COD,,OIO_PIN_COD,조직_수입관리.csv,Master,100.0,,,,,,,,,,,,,OIO_PIN_COD,조직_수입관리.csv,C:/projects/myproject/QDQM/DS_Input/Internal/조직_수입관리.csv,Master,128.0,100.0,,,,,,,,,,,,,,,,,,
C:/projects/myproject/QDQM/DS_Input/Internal/지점코드.csv,지점코드.csv,최종변경일시,Master,0,,,0,0,,,,,,,,,,,,,,,,,,,,,,,,,,,,,,,,,,,,,,,,,,,
C:/projects/myproject/QDQM/DS_Input/Internal/지점코드.csv,지점코드.csv,ETL일시,Master,0,,,0,0,,,,,,,,,,,,,,,,,,,,,,,,,,,,,,,,,,,,,,,,,,,
C:/projects/myproject/QDQM/DS_Input/Internal/택배_고객.csv,택배_고객.csv,고객번호,Master,0,,,0,0,,,,,,,,,,,,,,,,,,,,,,,,,,,,,,,,,,,,,,,,,,,
C:/projects/myproject/QDQM/DS_Input/Internal/택배_고객.csv,택배_고객.csv,개인기업고객구분,Master,0,,,0,0,,,,,,,,,,,,,,,,,,,,,,,,,,,,,,,,,,,,,,,,,,,
C:/projects/myproject/QDQM/DS_Input/Internal/택배_고객.csv,택배_고객.csv,사업구분,Master,0,,,0,0,,,,,,,,,,,,,,,,,,,,,,,,,,,,,,,,,,,,,,,,,,,
C:/projects/myproject/QDQM/DS_Input/Internal/택배_고객.csv,택배_고객.csv,한글고객명,Master,0,,,0,0,,,,,,,,,,,,,,,,,,,,,,,,,,,,,,,,,,,,,,,,,,,
C:/projects/myproject/QDQM/DS_Input/Internal/택배_고객.csv,택배_고객.csv,영문고객명,Master,0,,,0,0,,,,,,,,,,,,,,,,,,,,,,,,,,,,,,,,,,,,,,,,,,,
C:/projects/myproject/QDQM/DS_Input/Internal/택배_고객.csv,택배_고객.csv,국가코드,Master,0,,,0,0,,,,,,,,,,,,,,,,,,,,,,,,,,,,,,,,,,,,,,,,,,,
C:/projects/myproject/QDQM/DS_Input/Internal/택배_고객.csv,택배_고객.csv,주민_사업자등록번호,Master,0,,유효사업자번호3,1,0,사업자등록번호3.csv.유효사업자번호3,,,유효사업자번호3,사업자등록번호3.csv,Reference,87.65,,,,,,,,,,,,,유효사업자번호3,사업자등록번호3.csv,C:/projects/myproject/QDQM/DS_Input/Reference/사업자등록번호3.csv,Reference,220.0,87.65,,,,,,,,,,,,,,,,,,
C:/projects/myproject/QDQM/DS_Input/Internal/택배_고객.csv,택배_고객.csv,사업자등록우편번호,Master,0,,우편번호구3,1,0,우편번호구3.csv.우편번호구3,,,우편번호구3,우편번호구3.csv,Reference,74.12,,,,,,,,,,,,,우편번호구3,우편번호구3.csv,C:/projects/myproject/QDQM/DS_Input/Reference/우편번호구3.csv,Reference,252.0,74.12,,,,,,,,,,,,,,,,,,
C:/projects/myproject/QDQM/DS_Input/Internal/택배_고객.csv,택배_고객.csv,고객 청구부서,Master,0,,,0,0,,,,,,,,,,,,,,,,,,,,,,,,,,,,,,,,,,,,,,,,,,,
C:/projects/myproject/QDQM/DS_Input/Internal/택배_고객.csv,택배_고객.csv,고객 청구지우편번호,Master,0,,우편번호구3,1,0,우편번호구3.csv.우편번호구3,,,우편번호구3,우편번호구3.csv,Reference,79.49,,,,,,,,,,,,,우편번호구3,우편번호구3.csv,C:/projects/myproject/QDQM/DS_Input/Reference/우편번호구3.csv,Reference,248.0,79.49,,,,,,,,,,,,,,,,,,
C:/projects/myproject/QDQM/DS_Input/Internal/택배_고객.csv,택배_고객.csv,판매일,Master,0,,,0,0,,,,,,,,,,,,,,,,,,,,,,,,,,,,,,,,,,,,,,,,,,,
C:/projects/myproject/QDQM/DS_Input/Internal/택배_고객.csv,택배_고객.csv,판매점소,Master,0,,,3,3,CUSTOMER.csv.판매점소 -> 기업고객.csv.판매점소 -> CONTRACT.csv.CONTRACT_ORG_CD,CUSTOMER.csv.판매점소 -> 기업고객.csv.판매점소 -> CONTRACT.csv.CONTRACT_ORG_CD,,판매점소,CUSTOMER.csv,Master,82.8,판매점소,기업고객.csv,Master,96.77,CONTRACT_ORG_CD,CONTRACT.csv,Master,81.72,,,,,판매점소,CUSTOMER.csv,C:/projects/myproject/QDQM/DS_Input/Internal/CUSTOMER.csv,Master,77.0,82.8,판매점소,기업고객.csv,C:/projects/myproject/QDQM/DS_Input/Internal/기업고객.csv,Master,77.0,82.8,CONTRACT_ORG_CD,CONTRACT.csv,C:/projects/myproject/QDQM/DS_Input/Internal/CONTRACT.csv,Master,76.0,81.72,,,,,,
C:/projects/myproject/QDQM/DS_Input/Internal/택배_고객.csv,택배_고객.csv,판매원사번,Master,0,,,3,3,CUSTOMER.csv.판매원사번 -> 기업고객.csv.판매원사번 -> CONTRACT.csv.SALES_EMP,CUSTOMER.csv.판매원사번 -> 기업고객.csv.판매원사번 -> CONTRACT.csv.SALES_EMP,,판매원사번,CUSTOMER.csv,Master,77.03,판매원사번,기업고객.csv,Master,68.46,SALES_EMP,CONTRACT.csv,Master,79.91,,,,,판매원사번,CUSTOMER.csv,C:/projects/myproject/QDQM/DS_Input/Internal/CUSTOMER.csv,Master,483.0,77.03,사원번호,사용자.csv,C:/projects/myproject/QDQM/DS_Input/Internal/사용자.csv,Master,439.0,70.02,,,,,,,,,,,,
C:/projects/myproject/QDQM/DS_Input/Internal/택배_고객.csv,택배_고객.csv,담당부서,Master,0,,,0,0,,,,,,,,,,,,,,,,,,,,,,,,,,,,,,,,,,,,,,,,,,,
C:/projects/myproject/QDQM/DS_Input/Internal/택배_고객.csv,택배_고객.csv,집하지우편번호,Master,0,,우편번호구3,1,0,우편번호구3.csv.우편번호구3,,,우편번호구3,우편번호구3.csv,Reference,81.29,,,,,,,,,,,,,우편번호구3,우편번호구3.csv,C:/projects/myproject/QDQM/DS_Input/Reference/우편번호구3.csv,Reference,252.0,81.29,,,,,,,,,,,,,,,,,,
C:/projects/myproject/QDQM/DS_Input/Internal/택배_고객.csv,택배_고객.csv,수입조직,Master,0,,,3,3,사용자.csv.점소코드 -> Z사용자.csv.점소코드 -> 지점코드.csv.OIO_ORG_NCD,사용자.csv.점소코드 -> Z사용자.csv.점소코드 -> 지점코드.csv.OIO_ORG_NCD,,점소코드,사용자.csv,Master,97.94,점소코드,Z사용자.csv,Test,80.63,OIO_ORG_NCD,지점코드.csv,Master,93.81,,,,,점소코드,사용자.csv,C:/projects/myproject/QDQM/DS_Input/Internal/사용자.csv,Master,95.0,97.94,OIO_ORG_NCD,조직_수입관리.csv,C:/projects/myproject/QDQM/DS_Input/Internal/조직_수입관리.csv,Master,91.0,93.81,OIO_ORG_NCD,지점코드.csv,C:/projects/myproject/QDQM/DS_Input/Internal/지점코드.csv,Master,91.0,93.81,,,,,,
C:/projects/myproject/QDQM/DS_Input/Internal/택배_고객.csv,택배_고객.csv,화주구분,Master,0,,,0,0,,,,,,,,,,,,,,,,,,,,,,,,,,,,,,,,,,,,,,,,,,,
C:/projects/myproject/QDQM/DS_Input/Internal/택배_고객.csv,택배_고객.csv,일정DC율,Master,0,,,0,0,,,,,,,,,,,,,,,,,,,,,,,,,,,,,,,,,,,,,,,,,,,
C:/projects/myproject/QDQM/DS_Input/Internal/택배_고객.csv,택배_고객.csv,업종구분,Master,0,FK,,3,3,상품분류.csv.상품코드 -> 상품코드.csv.상품코드 -> 미배송사유코드.csv.사유코드,상품분류.csv.상품코드 -> 상품코드.csv.상품코드 -> 미배송사유코드.csv.사유코드,,상품코드,상품분류.csv,Master,75.86,상품코드,상품코드.csv,Master,100.0,사유코드,미배송사유코드.csv,Master,72.41,,,,,상품코드,상품분류.csv,C:/projects/myproject/QDQM/DS_Input/Internal/상품분류.csv,Master,22.0,75.86,상품코드,상품코드.csv,C:/projects/myproject/QDQM/DS_Input/Internal/상품코드.csv,Master,22.0,75.86,사유코드,미배송사유코드.csv,C:/projects/myproject/QDQM/DS_Input/Internal/미배송사유코드.csv,Master,21.0,72.41,,,,,,
C:/projects/myproject/QDQM/DS_Input/Internal/택배_고객.csv,택배_고객.csv,업종상세내역,Master,0,,,0,0,,,,,,,,,,,,,,,,,,,,,,,,,,,,,,,,,,,,,,,,,,,
C:/projects/myproject/QDQM/DS_Input/Internal/택배_고객.csv,택배_고객.csv,계약단가,Master,0,,,0,0,,,,,,,,,,,,,,,,,,,,,,,,,,,,,,,,,,,,,,,,,,,
C:/projects/myproject/QDQM/DS_Input/Internal/택배_고객.csv,택배_고객.csv,월예상물량,Master,0,,,0,0,,,,,,,,,,,,,,,,,,,,,,,,,,,,,,,,,,,,,,,,,,,
C:/projects/myproject/QDQM/DS_Input/Internal/택배_고객.csv,택배_고객.csv,최종변경일시,Master,0,,,0,0,,,,,,,,,,,,,,,,,,,,,,,,,,,,,,,,,,,,,,,,,,,
C:/projects/myproject/QDQM/DS_Input/Internal/택배_고객.csv,택배_고객.csv,ETL일시,Master,0,,,0,0,,,,,,,,,,,,,,,,,,,,,,,,,,,,,,,,,,,,,,,,,,,
C:/projects/myproject/QDQM/DS_Input/Internal/택배_조직도.csv,택배_조직도.csv,조직코드,Master,1,FK,,1,1,ORGNIZATION.csv.조직코드,ORGNIZATION.csv.조직코드,,조직코드,ORGNIZATION.csv,Master,100.0,,,,,,,,,,,,,조직코드,ORGNIZATION.csv,C:/projects/myproject/QDQM/DS_Input/Internal/ORGNIZATION.csv,Master,3836.0,100.0,,,,,,,,,,,,,,,,,,
C:/projects/myproject/QDQM/DS_Input/Internal/택배_조직도.csv,택배_조직도.csv,상위조직코드,Master,0,,,3,3,ORGNIZATION.csv.상위조직코드 -> ORGNIZATION.csv.조직코드 -> 택배_조직도.csv.조직코드,ORGNIZATION.csv.상위조직코드 -> ORGNIZATION.csv.조직코드 -> 택배_조직도.csv.조직코드,,상위조직코드,ORGNIZATION.csv,Master,100.0,조직코드,ORGNIZATION.csv,Master,98.24,조직코드,택배_조직도.csv,Master,98.24,,,,,상위조직코드,ORGNIZATION.csv,C:/projects/myproject/QDQM/DS_Input/Internal/ORGNIZATION.csv,Master,626.0,100.0,조직코드,ORGNIZATION.csv,C:/projects/myproject/QDQM/DS_Input/Internal/ORGNIZATION.csv,Master,615.0,98.24,조직코드,택배_조직도.csv,C:/projects/myproject/QDQM/DS_Input/Internal/택배_조직도.csv,Master,615.0,98.24,,,,,,
C:/projects/myproject/QDQM/DS_Input/Internal/택배_조직도.csv,택배_조직도.csv,조직명,Master,0,,,2,2,ORGNIZATION.csv.조직명 -> 배송점.csv.배송점명,ORGNIZATION.csv.조직명 -> 배송점.csv.배송점명,,조직명,ORGNIZATION.csv,Master,100.0,배송점명,배송점.csv,Master,67.61,,,,,,,,,조직명,ORGNIZATION.csv,C:/projects/myproject/QDQM/DS_Input/Internal/ORGNIZATION.csv,Master,3643.0,100.0,배송점명,배송점.csv,C:/projects/myproject/QDQM/DS_Input/Internal/배송점.csv,Master,2463.0,67.61,,,,,,,,,,,,
C:/projects/myproject/QDQM/DS_Input/Internal/택배_조직도.csv,택배_조직도.csv,조직구분코드,Master,0,,,1,1,ORGNIZATION.csv.조직구분코드,ORGNIZATION.csv.조직구분코드,,조직구분코드,ORGNIZATION.csv,Master,100.0,,,,,,,,,,,,,조직구분코드,ORGNIZATION.csv,C:/projects/myproject/QDQM/DS_Input/Internal/ORGNIZATION.csv,Master,15.0,100.0,,,,,,,,,,,,,,,,,,
C:/projects/myproject/QDQM/DS_Input/Internal/택배_조직도.csv,택배_조직도.csv,조직관리유형코드,Master,0,,,0,0,,,,,,,,,,,,,,,,,,,,,,,,,,,,,,,,,,,,,,,,,,,
C:/projects/myproject/QDQM/DS_Input/Internal/택배_조직도.csv,택배_조직도.csv,조직권역구분코드,Master,0,,,0,0,,,,,,,,,,,,,,,,,,,,,,,,,,,,,,,,,,,,,,,,,,,
C:/projects/myproject/QDQM/DS_Input/Internal/택배_조직도.csv,택배_조직도.csv,조직권역구분상세코드,Master,0,,,0,0,,,,,,,,,,,,,,,,,,,,,,,,,,,,,,,,,,,,,,,,,,,
C:/projects/myproject/QDQM/DS_Input/Internal/택배_조직도.csv,택배_조직도.csv,조직계약시작일자,Master,0,,,3,3,ORGNIZATION.csv.조직계약시작일자 -> 사원마스터.csv.근무시작일자 -> 사원기본.csv.시근일자,ORGNIZATION.csv.조직계약시작일자 -> 사원마스터.csv.근무시작일자 -> 사원기본.csv.시근일자,,조직계약시작일자,ORGNIZATION.csv,Master,100.0,근무시작일자,사원마스터.csv,Master,77.95,시근일자,사원기본.csv,Master,72.31,,,,,조직계약시작일자,ORGNIZATION.csv,C:/projects/myproject/QDQM/DS_Input/Internal/ORGNIZATION.csv,Master,567.0,100.0,근무시작일자,사원마스터.csv,C:/projects/myproject/QDQM/DS_Input/Internal/사원마스터.csv,Master,442.0,77.95,시근일자,사원기본.csv,C:/projects/myproject/QDQM/DS_Input/Internal/사원기본.csv,Master,410.0,72.31,,,,,,
C:/projects/myproject/QDQM/DS_Input/Internal/택배_조직도.csv,택배_조직도.csv,조직계약종료일자,Master,0,,,3,3,ORGNIZATION.csv.조직계약종료일자 -> 배송점.csv.조직계약종료일자 -> CUSTOMER.csv.계약기간종료일,ORGNIZATION.csv.조직계약종료일자 -> 배송점.csv.조직계약종료일자 -> CUSTOMER.csv.계약기간종료일,,조직계약종료일자,ORGNIZATION.csv,Master,100.0,조직계약종료일자,배송점.csv,Master,91.82,계약기간종료일,CUSTOMER.csv,Master,84.55,,,,,조직계약종료일자,ORGNIZATION.csv,C:/projects/myproject/QDQM/DS_Input/Internal/ORGNIZATION.csv,Master,110.0,100.0,조직계약종료일자,배송점.csv,C:/projects/myproject/QDQM/DS_Input/Internal/배송점.csv,Master,101.0,91.82,계약기간종료일,CUSTOMER.csv,C:/projects/myproject/QDQM/DS_Input/Internal/CUSTOMER.csv,Master,93.0,84.55,,,,,,
C:/projects/myproject/QDQM/DS_Input/Internal/택배_조직도.csv,택배_조직도.csv,조직폐쇄일자,Master,0,,,3,3,ORGNIZATION.csv.조직폐쇄일자 -> 배송점.csv.조직폐쇄일자 -> 사원마스터.csv.근무시작일자,ORGNIZATION.csv.조직폐쇄일자 -> 배송점.csv.조직폐쇄일자 -> 사원마스터.csv.근무시작일자,,조직폐쇄일자,ORGNIZATION.csv,Master,100.0,조직폐쇄일자,배송점.csv,Master,82.09,근무시작일자,사원마스터.csv,Master,68.16,,,,,조직폐쇄일자,ORGNIZATION.csv,C:/projects/myproject/QDQM/DS_Input/Internal/ORGNIZATION.csv,Master,201.0,100.0,조직폐쇄일자,배송점.csv,C:/projects/myproject/QDQM/DS_Input/Internal/배송점.csv,Master,165.0,82.09,근무시작일자,사원마스터.csv,C:/projects/myproject/QDQM/DS_Input/Internal/사원마스터.csv,Master,137.0,68.16,,,,,,
C:/projects/myproject/QDQM/DS_Input/Internal/택배_조직도.csv,택배_조직도.csv,영문조직명,Master,0,,,0,0,,,,,,,,,,,,,,,,,,,,,,,,,,,,,,,,,,,,,,,,,,,
C:/projects/myproject/QDQM/DS_Input/Internal/택배_조직도.csv,택배_조직도.csv,팩스번호,Master,0,,,2,2,ORGNIZATION.csv.팩스번호 -> 배송점.csv.팩스번호,ORGNIZATION.csv.팩스번호 -> 배송점.csv.팩스번호,,팩스번호,ORGNIZATION.csv,Master,100.0,팩스번호,배송점.csv,Master,76.18,,,,,,,,,팩스번호,ORGNIZATION.csv,C:/projects/myproject/QDQM/DS_Input/Internal/ORGNIZATION.csv,Master,680.0,100.0,팩스번호,배송점.csv,C:/projects/myproject/QDQM/DS_Input/Internal/배송점.csv,Master,518.0,76.18,,,,,,,,,,,,
C:/projects/myproject/QDQM/DS_Input/Internal/택배_조직도.csv,택배_조직도.csv,우편번호,Master,0,,우편번호3,3,2,ORGNIZATION.csv.우편번호 -> 배송점.csv.우편번호 -> 우편번호3.csv.우편번호3,ORGNIZATION.csv.우편번호 -> 배송점.csv.우편번호,,우편번호,ORGNIZATION.csv,Master,100.0,우편번호,배송점.csv,Master,86.68,우편번호3,우편번호3.csv,Reference,78.23,,,,,우편번호,ORGNIZATION.csv,C:/projects/myproject/QDQM/DS_Input/Internal/ORGNIZATION.csv,Master,1547.0,100.0,우편번호,배송점.csv,C:/projects/myproject/QDQM/DS_Input/Internal/배송점.csv,Master,1341.0,86.68,우편번호3,우편번호3.csv,C:/projects/myproject/QDQM/DS_Input/Reference/우편번호3.csv,Reference,345.0,78.23,,,,,,
C:/projects/myproject/QDQM/DS_Input/Internal/택배_조직도.csv,택배_조직도.csv,기본주소,Master,0,,,0,0,,,,,,,,,,,,,,,,,,,,,,,,,,,,,,,,,,,,,,,,,,,
C:/projects/myproject/QDQM/DS_Input/Internal/택배_조직도.csv,택배_조직도.csv,상세주소,Master,0,,,0,0,,,,,,,,,,,,,,,,,,,,,,,,,,,,,,,,,,,,,,,,,,,
C:/projects/myproject/QDQM/DS_Input/Internal/택배_조직도.csv,택배_조직도.csv,수입조직코드,Master,0,,,3,3,ORGNIZATION.csv.수입조직코드 -> 조직_수입관리.csv.OIO_ORG_COD -> 지점코드.csv.OIO_ORG_COD,ORGNIZATION.csv.수입조직코드 -> 조직_수입관리.csv.OIO_ORG_COD -> 지점코드.csv.OIO_ORG_COD,,수입조직코드,ORGNIZATION.csv,Master,100.0,OIO_ORG_COD,조직_수입관리.csv,Master,96.43,OIO_ORG_COD,지점코드.csv,Master,96.43,,,,,수입조직코드,ORGNIZATION.csv,C:/projects/myproject/QDQM/DS_Input/Internal/ORGNIZATION.csv,Master,84.0,100.0,OIO_ORG_COD,조직_수입관리.csv,C:/projects/myproject/QDQM/DS_Input/Internal/조직_수입관리.csv,Master,81.0,96.43,OIO_ORG_COD,지점코드.csv,C:/projects/myproject/QDQM/DS_Input/Internal/지점코드.csv,Master,81.0,96.43,,,,,,
C:/projects/myproject/QDQM/DS_Input/Internal/택배_조직도.csv,택배_조직도.csv,수입신규조직코드,Master,0,,,3,3,ORGNIZATION.csv.수입신규조직코드 -> 사용자.csv.점소코드 -> 조직_수입관리.csv.OIO_ORG_NCD,ORGNIZATION.csv.수입신규조직코드 -> 사용자.csv.점소코드 -> 조직_수입관리.csv.OIO_ORG_NCD,,수입신규조직코드,ORGNIZATION.csv,Master,100.0,점소코드,사용자.csv,Master,96.43,OIO_ORG_NCD,조직_수입관리.csv,Master,95.24,,,,,수입신규조직코드,ORGNIZATION.csv,C:/projects/myproject/QDQM/DS_Input/Internal/ORGNIZATION.csv,Master,84.0,100.0,점소코드,사용자.csv,C:/projects/myproject/QDQM/DS_Input/Internal/사용자.csv,Master,81.0,96.43,OIO_ORG_NCD,조직_수입관리.csv,C:/projects/myproject/QDQM/DS_Input/Internal/조직_수입관리.csv,Master,80.0,95.24,,,,,,
C:/projects/myproject/QDQM/DS_Input/Internal/택배_조직도.csv,택배_조직도.csv,좌표구분코드,Master,0,,,0,0,,,,,,,,,,,,,,,,,,,,,,,,,,,,,,,,,,,,,,,,,,,
C:/projects/myproject/QDQM/DS_Input/Internal/택배_조직도.csv,택배_조직도.csv,X좌표,Master,0,,,1,1,ORGNIZATION.csv.X좌표,ORGNIZATION.csv.X좌표,,X좌표,ORGNIZATION.csv,Master,100.0,,,,,,,,,,,,,X좌표,ORGNIZATION.csv,C:/projects/myproject/QDQM/DS_Input/Internal/ORGNIZATION.csv,Master,758.0,100.0,,,,,,,,,,,,,,,,,,
C:/projects/myproject/QDQM/DS_Input/Internal/택배_조직도.csv,택배_조직도.csv,Y좌표,Master,0,,,1,1,ORGNIZATION.csv.Y좌표,ORGNIZATION.csv.Y좌표,,Y좌표,ORGNIZATION.csv,Master,100.0,,,,,,,,,,,,,Y좌표,ORGNIZATION.csv,C:/projects/myproject/QDQM/DS_Input/Internal/ORGNIZATION.csv,Master,754.0,100.0,,,,,,,,,,,,,,,,,,
C:/projects/myproject/QDQM/DS_Input/Internal/택배_조직도.csv,택배_조직도.csv,사업자등록번호,Master,0,,유효사업자번호3,4,3,ORGNIZATION.csv.사업자등록번호 -> 배송점.csv.사업자등록번호 -> PRM계약.csv.사업자번호 -> 사업자등록번호3.csv.유효사업자번호3,ORGNIZATION.csv.사업자등록번호 -> 배송점.csv.사업자등록번호 -> PRM계약.csv.사업자번호,,사업자등록번호,ORGNIZATION.csv,Master,100.0,사업자등록번호,배송점.csv,Master,94.46,사업자번호,PRM계약.csv,Master,61.22,유효사업자번호3,사업자등록번호3.csv,Reference,80.65,사업자등록번호,ORGNIZATION.csv,C:/projects/myproject/QDQM/DS_Input/Internal/ORGNIZATION.csv,Master,1444.0,100.0,사업자등록번호,배송점.csv,C:/projects/myproject/QDQM/DS_Input/Internal/배송점.csv,Master,1364.0,94.46,사업자번호,PRM계약.csv,C:/projects/myproject/QDQM/DS_Input/Internal/PRM계약.csv,Master,884.0,61.22,유효사업자번호3,사업자등록번호3.csv,C:/projects/myproject/QDQM/DS_Input/Reference/사업자등록번호3.csv,Reference,396.0,80.65
C:/projects/myproject/QDQM/DS_Input/Internal/택배_조직도.csv,택배_조직도.csv,정렬순서,Master,0,,,3,3,CUSTOMER.csv.집하지소번지 -> CUSTOMER.csv.집하지대번지 -> test.csv.ID,CUSTOMER.csv.집하지소번지 -> CUSTOMER.csv.집하지대번지 -> test.csv.ID,,집하지소번지,CUSTOMER.csv,Master,100.0,집하지대번지,CUSTOMER.csv,Master,75.37,ID,test.csv,Master,92.31,,,,,집하지소번지,CUSTOMER.csv,C:/projects/myproject/QDQM/DS_Input/Internal/CUSTOMER.csv,Master,13.0,100.0,사유코드,미배송사유코드.csv,C:/projects/myproject/QDQM/DS_Input/Internal/미배송사유코드.csv,Master,13.0,100.0,ID,test.csv,C:/projects/myproject/QDQM/DS_Input/Internal/test.csv,Master,12.0,92.31,,,,,,
C:/projects/myproject/QDQM/DS_Input/Internal/택배_조직도.csv,택배_조직도.csv,ERP코드,Master,0,,,3,3,사용자.csv.HR시스템소속코드 -> 계약마스터.csv.팀코드 -> 관리회계_조직그룹상세.csv.귀속부서조직코드,사용자.csv.HR시스템소속코드 -> 계약마스터.csv.팀코드 -> 관리회계_조직그룹상세.csv.귀속부서조직코드,,HR시스템소속코드,사용자.csv,Master,95.74,팀코드,계약마스터.csv,Master,93.62,귀속부서조직코드,관리회계_조직그룹상세.csv,Master,91.49,,,,,HR시스템소속코드,사용자.csv,C:/projects/myproject/QDQM/DS_Input/Internal/사용자.csv,Master,45.0,95.74,팀코드,계약마스터.csv,C:/projects/myproject/QDQM/DS_Input/Internal/계약마스터.csv,Master,44.0,93.62,귀속부서조직코드,관리회계_조직그룹상세.csv,C:/projects/myproject/QDQM/DS_Input/Internal/관리회계_조직그룹상세.csv,Master,43.0,91.49,,,,,,
C:/projects/myproject/QDQM/DS_Input/Internal/택배_조직도.csv,택배_조직도.csv,예약접수마감시분,Master,0,FK,,3,3,ORGNIZATION.csv.조직코드 -> 택배_조직도.csv.조직코드 -> 계정코드관리.csv.정렬순서,ORGNIZATION.csv.조직코드 -> 택배_조직도.csv.조직코드 -> 계정코드관리.csv.정렬순서,,조직코드,ORGNIZATION.csv,Master,100.0,조직코드,택배_조직도.csv,Master,100.0,정렬순서,계정코드관리.csv,Master,86.67,,,,,조직코드,ORGNIZATION.csv,C:/projects/myproject/QDQM/DS_Input/Internal/ORGNIZATION.csv,Master,15.0,100.0,조직코드,택배_조직도.csv,C:/projects/myproject/QDQM/DS_Input/Internal/택배_조직도.csv,Master,15.0,100.0,정렬순서,계정코드관리.csv,C:/projects/myproject/QDQM/DS_Input/Internal/계정코드관리.csv,Master,13.0,86.67,,,,,,
C:/projects/myproject/QDQM/DS_Input/Internal/택배_조직도.csv,택배_조직도.csv,조직중구분코드,Master,0,,,0,0,,,,,,,,,,,,,,,,,,,,,,,,,,,,,,,,,,,,,,,,,,,
C:/projects/myproject/QDQM/DS_Input/Internal/택배_조직도.csv,택배_조직도.csv,조직상태,Master,0,,,0,0,,,,,,,,,,,,,,,,,,,,,,,,,,,,,,,,,,,,,,,,,,,
C:/projects/myproject/QDQM/DS_Input/Internal/택배_조직도.csv,택배_조직도.csv,사업장관리번호,Master,0,,,0,0,,,,,,,,,,,,,,,,,,,,,,,,,,,,,,,,,,,,,,,,,,,
C:/projects/myproject/QDQM/DS_Input/Internal/택배_조직도.csv,택배_조직도.csv,적용시작일자,Master,0,,,0,0,,,,,,,,,,,,,,,,,,,,,,,,,,,,,,,,,,,,,,,,,,,
C:/projects/myproject/QDQM/DS_Input/Internal/택배_조직도.csv,택배_조직도.csv,적용종료일자,Master,0,,,0,0,,,,,,,,,,,,,,,,,,,,,,,,,,,,,,,,,,,,,,,,,,,
C:/projects/myproject/QDQM/DS_Input/Internal/택배_조직도.csv,택배_조직도.csv,사용여부,Master,0,,,0,0,,,,,,,,,,,,,,,,,,,,,,,,,,,,,,,,,,,,,,,,,,,
C:/projects/myproject/QDQM/DS_Input/Internal/택배_조직도.csv,택배_조직도.csv,수수료대상여부,Master,0,,,0,0,,,,,,,,,,,,,,,,,,,,,,,,,,,,,,,,,,,,,,,,,,,
C:/projects/myproject/QDQM/DS_Input/Internal/택배_조직도.csv,택배_조직도.csv,등록일시,Master,0,,,0,0,,,,,,,,,,,,,,,,,,,,,,,,,,,,,,,,,,,,,,,,,,,
C:/projects/myproject/QDQM/DS_Input/Internal/택배_조직도.csv,택배_조직도.csv,등록사원번호,Master,0,,,0,0,,,,,,,,,,,,,,,,,,,,,,,,,,,,,,,,,,,,,,,,,,,
C:/projects/myproject/QDQM/DS_Input/Internal/택배_조직도.csv,택배_조직도.csv,사원최종업데이트일시,Master,0,,,0,0,,,,,,,,,,,,,,,,,,,,,,,,,,,,,,,,,,,,,,,,,,,
C:/projects/myproject/QDQM/DS_Input/Internal/택배_조직도.csv,택배_조직도.csv,최종업데이트사원번호,Master,0,,,3,3,ORGNIZATION.csv.최종수정자 -> 배송점.csv.최종수정자 -> 사용자.csv.사원번호,ORGNIZATION.csv.최종수정자 -> 배송점.csv.최종수정자 -> 사용자.csv.사원번호,,최종수정자,ORGNIZATION.csv,Master,100.0,최종수정자,배송점.csv,Master,80.71,사원번호,사용자.csv,Master,75.56,,,,,최종수정자,ORGNIZATION.csv,C:/projects/myproject/QDQM/DS_Input/Internal/ORGNIZATION.csv,Master,311.0,100.0,최종수정자,배송점.csv,C:/projects/myproject/QDQM/DS_Input/Internal/배송점.csv,Master,251.0,80.71,사원번호,사용자.csv,C:/projects/myproject/QDQM/DS_Input/Internal/사용자.csv,Master,235.0,75.56,,,,,,
C:/projects/myproject/QDQM/DS_Input/Internal/택배_조직도.csv,택배_조직도.csv,오전배송가능여부,Master,0,,,0,0,,,,,,,,,,,,,,,,,,,,,,,,,,,,,,,,,,,,,,,,,,,
C:/projects/myproject/QDQM/DS_Input/Internal/택배_조직도.csv,택배_조직도.csv,create_dtm,Master,0,,,0,0,,,,,,,,,,,,,,,,,,,,,,,,,,,,,,,,,,,,,,,,,,,
C:/projects/myproject/QDQM/DS_Input/Internal/택배_조직도.csv,택배_조직도.csv,등록사용자ID,Master,0,,,0,0,,,,,,,,,,,,,,,,,,,,,,,,,,,,,,,,,,,,,,,,,,,
C:/projects/myproject/QDQM/DS_Input/Internal/택배_조직도.csv,택배_조직도.csv,최종변경사용자ID,Master,0,,,3,3,ORGNIZATION.csv.최종수정자 -> 택배_조직도.csv.최종업데이트사원번호 -> 배송점.csv.최종수정자,ORGNIZATION.csv.최종수정자 -> 택배_조직도.csv.최종업데이트사원번호 -> 배송점.csv.최종수정자,,최종수정자,ORGNIZATION.csv,Master,96.19,최종업데이트사원번호,택배_조직도.csv,Master,100.0,최종수정자,배송점.csv,Master,73.33,,,,,최종수정자,ORGNIZATION.csv,C:/projects/myproject/QDQM/DS_Input/Internal/ORGNIZATION.csv,Master,101.0,96.19,최종업데이트사원번호,택배_조직도.csv,C:/projects/myproject/QDQM/DS_Input/Internal/택배_조직도.csv,Master,101.0,96.19,최종수정자,배송점.csv,C:/projects/myproject/QDQM/DS_Input/Internal/배송점.csv,Master,77.0,73.33,,,,,,
C:/projects/myproject/QDQM/DS_Input/Internal/택배_조직도.csv,택배_조직도.csv,last_update_dtm,Master,0,,,0,0,,,,,,,,,,,,,,,,,,,,,,,,,,,,,,,,,,,,,,,,,,,
C:/projects/myproject/QDQM/DS_Input/Internal/택배_조직도.csv,택배_조직도.csv,etl_dtm,Master,0,,,0,0,,,,,,,,,,,,,,,,,,,,,,,,,,,,,,,,,,,,,,,,,,,
C:/projects/myproject/QDQM/DS_Input/Reference/Aircraft_Manufacturer.csv,Aircraft_Manufacturer.csv,Aircraft_Manufacturer,Reference,0,,,0,0,,,,,,,,,,,,,,,,,,,,,,,,,,,,,,,,,,,,,,,,,,,
C:/projects/myproject/QDQM/DS_Input/Reference/Aircraft_Manufacturer_Name.csv,Aircraft_Manufacturer_Name.csv,Aircraft_Manufacturer_Name,Reference,0,,,0,0,,,,,,,,,,,,,,,,,,,,,,,,,,,,,,,,,,,,,,,,,,,
C:/projects/myproject/QDQM/DS_Input/Reference/Aircraft_Model.csv,Aircraft_Model.csv,Aircraft_Model,Reference,1,,,0,0,,,,,,,,,,,,,,,,,,,,,,,,,,,,,,,,,,,,,,,,,,,
C:/projects/myproject/QDQM/DS_Input/Reference/Aircraft_Type.csv,Aircraft_Type.csv,Aircraft_Type,Reference,1,,,0,0,,,,,,,,,,,,,,,,,,,,,,,,,,,,,,,,,,,,,,,,,,,
C:/projects/myproject/QDQM/DS_Input/Reference/Airline_IATA.csv,Airline_IATA.csv,Airline_IATA,Reference,1,,,0,0,,,,,,,,,,,,,,,,,,,,,,,,,,,,,,,,,,,,,,,,,,,
C:/projects/myproject/QDQM/DS_Input/Reference/Airline_ICAO.csv,Airline_ICAO.csv,Airline_ICAO,Reference,1,,,0,0,,,,,,,,,,,,,,,,,,,,,,,,,,,,,,,,,,,,,,,,,,,
C:/projects/myproject/QDQM/DS_Input/Reference/Airline_Name.csv,Airline_Name.csv,Airline_Name,Reference,0,,,0,0,,,,,,,,,,,,,,,,,,,,,,,,,,,,,,,,,,,,,,,,,,,
C:/projects/myproject/QDQM/DS_Input/Reference/Airline_Name_Eng.csv,Airline_Name_Eng.csv,Airline_Name_Eng,Reference,1,,,0,0,,,,,,,,,,,,,,,,,,,,,,,,,,,,,,,,,,,,,,,,,,,
C:/projects/myproject/QDQM/DS_Input/Reference/Airport_IATA.csv,Airport_IATA.csv,Airport_IATA,Reference,1,,,0,0,,,,,,,,,,,,,,,,,,,,,,,,,,,,,,,,,,,,,,,,,,,
C:/projects/myproject/QDQM/DS_Input/Reference/Airport_ICAO.csv,Airport_ICAO.csv,Airport_ICAO,Reference,1,,,0,0,,,,,,,,,,,,,,,,,,,,,,,,,,,,,,,,,,,,,,,,,,,
C:/projects/myproject/QDQM/DS_Input/Reference/Airport_Name.csv,Airport_Name.csv,Airport_Name,Reference,1,,,0,0,,,,,,,,,,,,,,,,,,,,,,,,,,,,,,,,,,,,,,,,,,,
C:/projects/myproject/QDQM/DS_Input/Reference/ATC명5.csv,ATC명5.csv,ATC명5,Reference,1,,,0,0,,,,,,,,,,,,,,,,,,,,,,,,,,,,,,,,,,,,,,,,,,,
C:/projects/myproject/QDQM/DS_Input/Reference/ATC코드.csv,ATC코드.csv,ATC코드,Reference,1,,,0,0,,,,,,,,,,,,,,,,,,,,,,,,,,,,,,,,,,,,,,,,,,,
C:/projects/myproject/QDQM/DS_Input/Reference/City_Eng.csv,City_Eng.csv,City_Eng,Reference,1,,,0,0,,,,,,,,,,,,,,,,,,,,,,,,,,,,,,,,,,,,,,,,,,,
C:/projects/myproject/QDQM/DS_Input/Reference/Country.csv,Country.csv,Country,Reference,0,,,0,0,,,,,,,,,,,,,,,,,,,,,,,,,,,,,,,,,,,,,,,,,,,
C:/projects/myproject/QDQM/DS_Input/Reference/Country_Eng.csv,Country_Eng.csv,Country_Eng,Reference,1,,,0,0,,,,,,,,,,,,,,,,,,,,,,,,,,,,,,,,,,,,,,,,,,,
C:/projects/myproject/QDQM/DS_Input/Reference/Country_ISO2.csv,Country_ISO2.csv,Country_ISO2,Reference,1,,,0,0,,,,,,,,,,,,,,,,,,,,,,,,,,,,,,,,,,,,,,,,,,,
C:/projects/myproject/QDQM/DS_Input/Reference/Country_ISO3.csv,Country_ISO3.csv,Country_ISO3,Reference,1,,,0,0,,,,,,,,,,,,,,,,,,,,,,,,,,,,,,,,,,,,,,,,,,,
C:/projects/myproject/QDQM/DS_Input/Reference/Currency_Code.csv,Currency_Code.csv,Currency_Code,Reference,1,,,0,0,,,,,,,,,,,,,,,,,,,,,,,,,,,,,,,,,,,,,,,,,,,
C:/projects/myproject/QDQM/DS_Input/Reference/Currency_Name.csv,Currency_Name.csv,Currency_Name,Reference,1,,,0,0,,,,,,,,,,,,,,,,,,,,,,,,,,,,,,,,,,,,,,,,,,,
C:/projects/myproject/QDQM/DS_Input/Reference/HS부호.csv,HS부호.csv,HS부호,Reference,1,,,0,0,,,,,,,,,,,,,,,,,,,,,,,,,,,,,,,,,,,,,,,,,,,
C:/projects/myproject/QDQM/DS_Input/Reference/HS영문품목명9.csv,HS영문품목명9.csv,HS영문품목명9,Reference,1,,,0,0,,,,,,,,,,,,,,,,,,,,,,,,,,,,,,,,,,,,,,,,,,,
C:/projects/myproject/QDQM/DS_Input/Reference/HS한글품목명9.csv,HS한글품목명9.csv,HS한글품목명9,Reference,0,,,0,0,,,,,,,,,,,,,,,,,,,,,,,,,,,,,,,,,,,,,,,,,,,
C:/projects/myproject/QDQM/DS_Input/Reference/Region.csv,Region.csv,Region,Reference,0,,,0,0,,,,,,,,,,,,,,,,,,,,,,,,,,,,,,,,,,,,,,,,,,,
C:/projects/myproject/QDQM/DS_Input/Reference/Region_Eng.csv,Region_Eng.csv,Region_Eng,Reference,0,,,0,0,,,,,,,,,,,,,,,,,,,,,,,,,,,,,,,,,,,,,,,,,,,
C:/projects/myproject/QDQM/DS_Input/Reference/Seaport_Code.csv,Seaport_Code.csv,Seaport_Code,Reference,1,,,0,0,,,,,,,,,,,,,,,,,,,,,,,,,,,,,,,,,,,,,,,,,,,
C:/projects/myproject/QDQM/DS_Input/Reference/Seaport_Name9.csv,Seaport_Name9.csv,Seaport_Name9,Reference,1,,,0,0,,,,,,,,,,,,,,,,,,,,,,,,,,,,,,,,,,,,,,,,,,,
C:/projects/myproject/QDQM/DS_Input/Reference/UnitCode.csv,UnitCode.csv,Unit,Reference,1,,,0,0,,,,,,,,,,,,,,,,,,,,,,,,,,,,,,,,,,,,,,,,,,,
C:/projects/myproject/QDQM/DS_Input/Reference/가족관계.csv,가족관계.csv,가족관계,Reference,1,,,0,0,,,,,,,,,,,,,,,,,,,,,,,,,,,,,,,,,,,,,,,,,,,
C:/projects/myproject/QDQM/DS_Input/Reference/건물용도.csv,건물용도.csv,건물용도,Reference,1,,,0,0,,,,,,,,,,,,,,,,,,,,,,,,,,,,,,,,,,,,,,,,,,,
C:/projects/myproject/QDQM/DS_Input/Reference/건설기계.csv,건설기계.csv,건설기계,Reference,1,,,0,0,,,,,,,,,,,,,,,,,,,,,,,,,,,,,,,,,,,,,,,,,,,
C:/projects/myproject/QDQM/DS_Input/Reference/건축물구조.csv,건축물구조.csv,건축물구조,Reference,1,,,0,0,,,,,,,,,,,,,,,,,,,,,,,,,,,,,,,,,,,,,,,,,,,
C:/projects/myproject/QDQM/DS_Input/Reference/계정과목.csv,계정과목.csv,계정과목,Reference,0,,,0,0,,,,,,,,,,,,,,,,,,,,,,,,,,,,,,,,,,,,,,,,,,,
C:/projects/myproject/QDQM/DS_Input/Reference/공사종류.csv,공사종류.csv,공사종류,Reference,1,,,0,0,,,,,,,,,,,,,,,,,,,,,,,,,,,,,,,,,,,,,,,,,,,
C:/projects/myproject/QDQM/DS_Input/Reference/광물.csv,광물.csv,광물,Reference,1,,,0,0,,,,,,,,,,,,,,,,,,,,,,,,,,,,,,,,,,,,,,,,,,,
C:/projects/myproject/QDQM/DS_Input/Reference/국가명.csv,국가명.csv,국가명,Reference,0,,,0,0,,,,,,,,,,,,,,,,,,,,,,,,,,,,,,,,,,,,,,,,,,,
C:/projects/myproject/QDQM/DS_Input/Reference/군구명.csv,군구명.csv,군구명,Reference,0,,,0,0,,,,,,,,,,,,,,,,,,,,,,,,,,,,,,,,,,,,,,,,,,,
C:/projects/myproject/QDQM/DS_Input/Reference/금융회사명.csv,금융회사명.csv,금융회사명,Reference,1,,,0,0,,,,,,,,,,,,,,,,,,,,,,,,,,,,,,,,,,,,,,,,,,,
C:/projects/myproject/QDQM/DS_Input/Reference/기관명.csv,기관명.csv,기관명,Reference,0,,,0,0,,,,,,,,,,,,,,,,,,,,,,,,,,,,,,,,,,,,,,,,,,,
C:/projects/myproject/QDQM/DS_Input/Reference/농림수산시설.csv,농림수산시설.csv,농림수산시설,Reference,1,,,0,0,,,,,,,,,,,,,,,,,,,,,,,,,,,,,,,,,,,,,,,,,,,
C:/projects/myproject/QDQM/DS_Input/Reference/농림축산품종명.csv,농림축산품종명.csv,농림축산품종명,Reference,0,,,0,0,,,,,,,,,,,,,,,,,,,,,,,,,,,,,,,,,,,,,,,,,,,
C:/projects/myproject/QDQM/DS_Input/Reference/농약명9.csv,농약명9.csv,농약명9,Reference,0,,,0,0,,,,,,,,,,,,,,,,,,,,,,,,,,,,,,,,,,,,,,,,,,,
C:/projects/myproject/QDQM/DS_Input/Reference/단위대문자.csv,단위대문자.csv,단위_대문자,Reference,0,,,0,0,,,,,,,,,,,,,,,,,,,,,,,,,,,,,,,,,,,,,,,,,,,
C:/projects/myproject/QDQM/DS_Input/Reference/단위코드.csv,단위코드.csv,단위코드,Reference,0,,,0,0,,,,,,,,,,,,,,,,,,,,,,,,,,,,,,,,,,,,,,,,,,,
C:/projects/myproject/QDQM/DS_Input/Reference/대출종류.csv,대출종류.csv,대출종류,Reference,0,,,0,0,,,,,,,,,,,,,,,,,,,,,,,,,,,,,,,,,,,,,,,,,,,
C:/projects/myproject/QDQM/DS_Input/Reference/대학교.csv,대학교.csv,대학교,Reference,1,,,0,0,,,,,,,,,,,,,,,,,,,,,,,,,,,,,,,,,,,,,,,,,,,
C:/projects/myproject/QDQM/DS_Input/Reference/도로명.csv,도로명.csv,도로명,Reference,0,,,0,0,,,,,,,,,,,,,,,,,,,,,,,,,,,,,,,,,,,,,,,,,,,
C:/projects/myproject/QDQM/DS_Input/Reference/도로명코드.csv,도로명코드.csv,도로명코드,Reference,1,,,0,0,,,,,,,,,,,,,,,,,,,,,,,,,,,,,,,,,,,,,,,,,,,
C:/projects/myproject/QDQM/DS_Input/Reference/면허세.csv,면허세.csv,면허세,Reference,0,,,0,0,,,,,,,,,,,,,,,,,,,,,,,,,,,,,,,,,,,,,,,,,,,
C:/projects/myproject/QDQM/DS_Input/Reference/법인번호7.csv,법인번호7.csv,법인번호7,Reference,1,,,0,0,,,,,,,,,,,,,,,,,,,,,,,,,,,,,,,,,,,,,,,,,,,
C:/projects/myproject/QDQM/DS_Input/Reference/법정동.csv,법정동.csv,법정동,Reference,1,,,0,0,,,,,,,,,,,,,,,,,,,,,,,,,,,,,,,,,,,,,,,,,,,
C:/projects/myproject/QDQM/DS_Input/Reference/법정동코드.csv,법정동코드.csv,법정동코드,Reference,1,,,0,0,,,,,,,,,,,,,,,,,,,,,,,,,,,,,,,,,,,,,,,,,,,
C:/projects/myproject/QDQM/DS_Input/Reference/법정리.csv,법정리.csv,법정리,Reference,1,,,0,0,,,,,,,,,,,,,,,,,,,,,,,,,,,,,,,,,,,,,,,,,,,
C:/projects/myproject/QDQM/DS_Input/Reference/병원명.csv,병원명.csv,병원명,Reference,0,,,0,0,,,,,,,,,,,,,,,,,,,,,,,,,,,,,,,,,,,,,,,,,,,
C:/projects/myproject/QDQM/DS_Input/Reference/보훈분류.csv,보훈분류.csv,보훈분류,Reference,0,,,0,0,,,,,,,,,,,,,,,,,,,,,,,,,,,,,,,,,,,,,,,,,,,
C:/projects/myproject/QDQM/DS_Input/Reference/사업자등록번호3.csv,사업자등록번호3.csv,유효사업자번호3,Reference,1,,,0,0,,,,,,,,,,,,,,,,,,,,,,,,,,,,,,,,,,,,,,,,,,,
C:/projects/myproject/QDQM/DS_Input/Reference/사업자등록번호5.csv,사업자등록번호5.csv,사업자등록번호5,Reference,1,,,0,0,,,,,,,,,,,,,,,,,,,,,,,,,,,,,,,,,,,,,,,,,,,
C:/projects/myproject/QDQM/DS_Input/Reference/사업자등록번호7.csv,사업자등록번호7.csv,사업자등록번호7,Reference,1,,,0,0,,,,,,,,,,,,,,,,,,,,,,,,,,,,,,,,,,,,,,,,,,,
C:/projects/myproject/QDQM/DS_Input/Reference/사업자명5.csv,사업자명5.csv,사업자명5,Reference,0,,,0,0,,,,,,,,,,,,,,,,,,,,,,,,,,,,,,,,,,,,,,,,,,,
C:/projects/myproject/QDQM/DS_Input/Reference/상병코드.csv,상병코드.csv,상병코드,Reference,1,,,0,0,,,,,,,,,,,,,,,,,,,,,,,,,,,,,,,,,,,,,,,,,,,
C:/projects/myproject/QDQM/DS_Input/Reference/상호명5.csv,상호명5.csv,상호명5,Reference,0,,,0,0,,,,,,,,,,,,,,,,,,,,,,,,,,,,,,,,,,,,,,,,,,,
C:/projects/myproject/QDQM/DS_Input/Reference/선박명5.csv,선박명5.csv,선박명5,Reference,1,,,0,0,,,,,,,,,,,,,,,,,,,,,,,,,,,,,,,,,,,,,,,,,,,
C:/projects/myproject/QDQM/DS_Input/Reference/선박코드.csv,선박코드.csv,선박코드,Reference,1,,,0,0,,,,,,,,,,,,,,,,,,,,,,,,,,,,,,,,,,,,,,,,,,,
C:/projects/myproject/QDQM/DS_Input/Reference/선사명5.csv,선사명5.csv,선사명5,Reference,0,,,0,0,,,,,,,,,,,,,,,,,,,,,,,,,,,,,,,,,,,,,,,,,,,
C:/projects/myproject/QDQM/DS_Input/Reference/선사코드.csv,선사코드.csv,선사코드,Reference,1,,,0,0,,,,,,,,,,,,,,,,,,,,,,,,,,,,,,,,,,,,,,,,,,,
C:/projects/myproject/QDQM/DS_Input/Reference/수산업종.csv,수산업종.csv,수산업종,Reference,1,,,0,0,,,,,,,,,,,,,,,,,,,,,,,,,,,,,,,,,,,,,,,,,,,
C:/projects/myproject/QDQM/DS_Input/Reference/시군구명.csv,시군구명.csv,시군구명,Reference,0,,,0,0,,,,,,,,,,,,,,,,,,,,,,,,,,,,,,,,,,,,,,,,,,,
C:/projects/myproject/QDQM/DS_Input/Reference/시도명.csv,시도명.csv,시도명,Reference,1,,,0,0,,,,,,,,,,,,,,,,,,,,,,,,,,,,,,,,,,,,,,,,,,,
C:/projects/myproject/QDQM/DS_Input/Reference/시설물.csv,시설물.csv,시설물,Reference,0,,,0,0,,,,,,,,,,,,,,,,,,,,,,,,,,,,,,,,,,,,,,,,,,,
C:/projects/myproject/QDQM/DS_Input/Reference/식약업체명5.csv,식약업체명5.csv,식약업체명5,Reference,0,,,0,0,,,,,,,,,,,,,,,,,,,,,,,,,,,,,,,,,,,,,,,,,,,
C:/projects/myproject/QDQM/DS_Input/Reference/식약제품명5.csv,식약제품명5.csv,식약제품명5,Reference,0,,,0,0,,,,,,,,,,,,,,,,,,,,,,,,,,,,,,,,,,,,,,,,,,,
C:/projects/myproject/QDQM/DS_Input/Reference/식약주성분코드.csv,식약주성분코드.csv,식약주성분코드,Reference,1,,,0,0,,,,,,,,,,,,,,,,,,,,,,,,,,,,,,,,,,,,,,,,,,,
C:/projects/myproject/QDQM/DS_Input/Reference/업종.csv,업종.csv,업종,Reference,0,,,0,0,,,,,,,,,,,,,,,,,,,,,,,,,,,,,,,,,,,,,,,,,,,
C:/projects/myproject/QDQM/DS_Input/Reference/업종명2.csv,업종명2.csv,업종명2,Reference,1,,,0,0,,,,,,,,,,,,,,,,,,,,,,,,,,,,,,,,,,,,,,,,,,,
C:/projects/myproject/QDQM/DS_Input/Reference/업태명2.csv,업태명2.csv,업태명2,Reference,1,,,0,0,,,,,,,,,,,,,,,,,,,,,,,,,,,,,,,,,,,,,,,,,,,
C:/projects/myproject/QDQM/DS_Input/Reference/연월.csv,연월.csv,연월,Reference,0,,,0,0,,,,,,,,,,,,,,,,,,,,,,,,,,,,,,,,,,,,,,,,,,,
C:/projects/myproject/QDQM/DS_Input/Reference/연월일.csv,연월일.csv,연월일,Reference,0,,,0,0,,,,,,,,,,,,,,,,,,,,,,,,,,,,,,,,,,,,,,,,,,,
C:/projects/myproject/QDQM/DS_Input/Reference/우편번호3.csv,우편번호3.csv,우편번호3,Reference,1,,,0,0,,,,,,,,,,,,,,,,,,,,,,,,,,,,,,,,,,,,,,,,,,,
C:/projects/myproject/QDQM/DS_Input/Reference/우편번호구3.csv,우편번호구3.csv,우편번호구3,Reference,1,,,0,0,,,,,,,,,,,,,,,,,,,,,,,,,,,,,,,,,,,,,,,,,,,
C:/projects/myproject/QDQM/DS_Input/Reference/운송사업자5.csv,운송사업자5.csv,운송사업자5,Reference,0,,,0,0,,,,,,,,,,,,,,,,,,,,,,,,,,,,,,,,,,,,,,,,,,,
C:/projects/myproject/QDQM/DS_Input/Reference/원재료_영문명9.csv,원재료_영문명9.csv,원재료_영문명9,Reference,1,,,0,0,,,,,,,,,,,,,,,,,,,,,,,,,,,,,,,,,,,,,,,,,,,
C:/projects/myproject/QDQM/DS_Input/Reference/원재료_학명9.csv,원재료_학명9.csv,원재료_학명9,Reference,1,,,0,0,,,,,,,,,,,,,,,,,,,,,,,,,,,,,,,,,,,,,,,,,,,
C:/projects/myproject/QDQM/DS_Input/Reference/원재료명9.csv,원재료명9.csv,원재료명9,Reference,0,,,0,0,,,,,,,,,,,,,,,,,,,,,,,,,,,,,,,,,,,,,,,,,,,
C:/projects/myproject/QDQM/DS_Input/Reference/원재료코드.csv,원재료코드.csv,원재료코드,Reference,1,,,0,0,,,,,,,,,,,,,,,,,,,,,,,,,,,,,,,,,,,,,,,,,,,
C:/projects/myproject/QDQM/DS_Input/Reference/유통판매업5.csv,유통판매업5.csv,유통판매업5,Reference,0,,,0,0,,,,,,,,,,,,,,,,,,,,,,,,,,,,,,,,,,,,,,,,,,,
C:/projects/myproject/QDQM/DS_Input/Reference/읍면동.csv,읍면동.csv,읍면동,Reference,1,,,0,0,,,,,,,,,,,,,,,,,,,,,,,,,,,,,,,,,,,,,,,,,,,
C:/projects/myproject/QDQM/DS_Input/Reference/의료기관분류.csv,의료기관분류.csv,의료기관분류,Reference,1,,,0,0,,,,,,,,,,,,,,,,,,,,,,,,,,,,,,,,,,,,,,,,,,,
C:/projects/myproject/QDQM/DS_Input/Reference/의약품명5.csv,의약품명5.csv,의약품명5,Reference,0,,,0,0,,,,,,,,,,,,,,,,,,,,,,,,,,,,,,,,,,,,,,,,,,,
C:/projects/myproject/QDQM/DS_Input/Reference/의약품목기준코드.csv,의약품목기준코드.csv,의약품목기준코드,Reference,1,,,0,0,,,,,,,,,,,,,,,,,,,,,,,,,,,,,,,,,,,,,,,,,,,
C:/projects/myproject/QDQM/DS_Input/Reference/의약품업체명5.csv,의약품업체명5.csv,의약품업체명5,Reference,1,,,0,0,,,,,,,,,,,,,,,,,,,,,,,,,,,,,,,,,,,,,,,,,,,
C:/projects/myproject/QDQM/DS_Input/Reference/의약품표준코드.csv,의약품표준코드.csv,의약품표준코드,Reference,1,,,0,0,,,,,,,,,,,,,,,,,,,,,,,,,,,,,,,,,,,,,,,,,,,
C:/projects/myproject/QDQM/DS_Input/Reference/자격면허명.csv,자격면허명.csv,자격면허명,Reference,0,,,0,0,,,,,,,,,,,,,,,,,,,,,,,,,,,,,,,,,,,,,,,,,,,
C:/projects/myproject/QDQM/DS_Input/Reference/자동차정비업체5.csv,자동차정비업체5.csv,자동차정비업체5,Reference,0,,,0,0,,,,,,,,,,,,,,,,,,,,,,,,,,,,,,,,,,,,,,,,,,,
C:/projects/myproject/QDQM/DS_Input/Reference/자산계정.csv,자산계정.csv,자산계정,Reference,0,,,0,0,,,,,,,,,,,,,,,,,,,,,,,,,,,,,,,,,,,,,,,,,,,
C:/projects/myproject/QDQM/DS_Input/Reference/장애등급.csv,장애등급.csv,장애등급,Reference,1,,,0,0,,,,,,,,,,,,,,,,,,,,,,,,,,,,,,,,,,,,,,,,,,,
C:/projects/myproject/QDQM/DS_Input/Reference/전표종류.csv,전표종류.csv,전표종류,Reference,0,,,0,0,,,,,,,,,,,,,,,,,,,,,,,,,,,,,,,,,,,,,,,,,,,
C:/projects/myproject/QDQM/DS_Input/Reference/전화국가번호.csv,전화국가번호.csv,전화국가번호,Reference,1,,,0,0,,,,,,,,,,,,,,,,,,,,,,,,,,,,,,,,,,,,,,,,,,,
C:/projects/myproject/QDQM/DS_Input/Reference/전화지역번호.csv,전화지역번호.csv,전화지역번호,Reference,1,,,0,0,,,,,,,,,,,,,,,,,,,,,,,,,,,,,,,,,,,,,,,,,,,
C:/projects/myproject/QDQM/DS_Input/Reference/조직.csv,조직.csv,조직,Reference,1,,,0,0,,,,,,,,,,,,,,,,,,,,,,,,,,,,,,,,,,,,,,,,,,,
C:/projects/myproject/QDQM/DS_Input/Reference/종교.csv,종교.csv,종교,Reference,0,,,0,0,,,,,,,,,,,,,,,,,,,,,,,,,,,,,,,,,,,,,,,,,,,
C:/projects/myproject/QDQM/DS_Input/Reference/좌표계.csv,좌표계.csv,좌표계,Reference,0,,,0,0,,,,,,,,,,,,,,,,,,,,,,,,,,,,,,,,,,,,,,,,,,,
C:/projects/myproject/QDQM/DS_Input/Reference/주거형태.csv,주거형태.csv,주거형태,Reference,0,,,0,0,,,,,,,,,,,,,,,,,,,,,,,,,,,,,,,,,,,,,,,,,,,
C:/projects/myproject/QDQM/DS_Input/Reference/주민번호6자리.csv,주민번호6자리.csv,주민번호6자리,Reference,0,,,0,0,,,,,,,,,,,,,,,,,,,,,,,,,,,,,,,,,,,,,,,,,,,
C:/projects/myproject/QDQM/DS_Input/Reference/증권종목코드.csv,증권종목코드.csv,증권종목코드,Reference,1,,,0,0,,,,,,,,,,,,,,,,,,,,,,,,,,,,,,,,,,,,,,,,,,,
C:/projects/myproject/QDQM/DS_Input/Reference/지목.csv,지목.csv,지목,Reference,1,,,0,0,,,,,,,,,,,,,,,,,,,,,,,,,,,,,,,,,,,,,,,,,,,
C:/projects/myproject/QDQM/DS_Input/Reference/지방세목.csv,지방세목.csv,지방세목,Reference,0,,,0,0,,,,,,,,,,,,,,,,,,,,,,,,,,,,,,,,,,,,,,,,,,,
C:/projects/myproject/QDQM/DS_Input/Reference/지방세분류.csv,지방세분류.csv,지방세분류,Reference,0,,,0,0,,,,,,,,,,,,,,,,,,,,,,,,,,,,,,,,,,,,,,,,,,,
C:/projects/myproject/QDQM/DS_Input/Reference/직군.csv,직군.csv,직군,Reference,0,,,0,0,,,,,,,,,,,,,,,,,,,,,,,,,,,,,,,,,,,,,,,,,,,
C:/projects/myproject/QDQM/DS_Input/Reference/직무.csv,직무.csv,직무,Reference,0,,,0,0,,,,,,,,,,,,,,,,,,,,,,,,,,,,,,,,,,,,,,,,,,,
C:/projects/myproject/QDQM/DS_Input/Reference/직업명.csv,직업명.csv,직업명,Reference,0,,,0,0,,,,,,,,,,,,,,,,,,,,,,,,,,,,,,,,,,,,,,,,,,,
C:/projects/myproject/QDQM/DS_Input/Reference/직업분류.csv,직업분류.csv,직업분류,Reference,0,,,0,0,,,,,,,,,,,,,,,,,,,,,,,,,,,,,,,,,,,,,,,,,,,
C:/projects/myproject/QDQM/DS_Input/Reference/직책.csv,직책.csv,직책,Reference,1,,,0,0,,,,,,,,,,,,,,,,,,,,,,,,,,,,,,,,,,,,,,,,,,,
C:/projects/myproject/QDQM/DS_Input/Reference/질병명5.csv,질병명5.csv,질병명5,Reference,0,,,0,0,,,,,,,,,,,,,,,,,,,,,,,,,,,,,,,,,,,,,,,,,,,
C:/projects/myproject/QDQM/DS_Input/Reference/질병분류코드.csv,질병분류코드.csv,질병분류코드,Reference,1,,,0,0,,,,,,,,,,,,,,,,,,,,,,,,,,,,,,,,,,,,,,,,,,,
C:/projects/myproject/QDQM/DS_Input/Reference/질병영문명5.csv,질병영문명5.csv,질병영문명5,Reference,1,,,0,0,,,,,,,,,,,,,,,,,,,,,,,,,,,,,,,,,,,,,,,,,,,
C:/projects/myproject/QDQM/DS_Input/Reference/차종.csv,차종.csv,차종,Reference,1,,,0,0,,,,,,,,,,,,,,,,,,,,,,,,,,,,,,,,,,,,,,,,,,,
C:/projects/myproject/QDQM/DS_Input/Reference/표준산업대분류.csv,표준산업대분류.csv,표준산업대분류,Reference,1,,,0,0,,,,,,,,,,,,,,,,,,,,,,,,,,,,,,,,,,,,,,,,,,,
C:/projects/myproject/QDQM/DS_Input/Reference/표준산업분류.csv,표준산업분류.csv,표준산업분류,Reference,1,,,0,0,,,,,,,,,,,,,,,,,,,,,,,,,,,,,,,,,,,,,,,,,,,
C:/projects/myproject/QDQM/DS_Input/Reference/표준산업세분류.csv,표준산업세분류.csv,표준산업세분류,Reference,0,,,0,0,,,,,,,,,,,,,,,,,,,,,,,,,,,,,,,,,,,,,,,,,,,
C:/projects/myproject/QDQM/DS_Input/Reference/표준산업세세분류.csv,표준산업세세분류.csv,표준산업세세분류,Reference,0,,,0,0,,,,,,,,,,,,,,,,,,,,,,,,,,,,,,,,,,,,,,,,,,,
C:/projects/myproject/QDQM/DS_Input/Reference/표준산업소분류.csv,표준산업소분류.csv,표준산업소분류,Reference,0,,,0,0,,,,,,,,,,,,,,,,,,,,,,,,,,,,,,,,,,,,,,,,,,,
C:/projects/myproject/QDQM/DS_Input/Reference/품목_영문명.csv,품목_영문명.csv,품목_영문명,Reference,1,,,0,0,,,,,,,,,,,,,,,,,,,,,,,,,,,,,,,,,,,,,,,,,,,
C:/projects/myproject/QDQM/DS_Input/Reference/품목명.csv,품목명.csv,품목명,Reference,0,,,0,0,,,,,,,,,,,,,,,,,,,,,,,,,,,,,,,,,,,,,,,,,,,
C:/projects/myproject/QDQM/DS_Input/Reference/품목분류코드.csv,품목분류코드.csv,품목분류코드,Reference,1,,,0,0,,,,,,,,,,,,,,,,,,,,,,,,,,,,,,,,,,,,,,,,,,,
C:/projects/myproject/QDQM/DS_Input/Reference/한국성씨.csv,한국성씨.csv,한국성씨,Reference,0,,,0,0,,,,,,,,,,,,,,,,,,,,,,,,,,,,,,,,,,,,,,,,,,,
C:/projects/myproject/QDQM/DS_Input/Reference/한국성씨_한자.csv,한국성씨_한자.csv,한국성씨_한자,Reference,0,,,0,0,,,,,,,,,,,,,,,,,,,,,,,,,,,,,,,,,,,,,,,,,,,
C:/projects/myproject/QDQM/DS_Input/Reference/한글성명.csv,한글성명.csv,한글성명,Reference,0,,,0,0,,,,,,,,,,,,,,,,,,,,,,,,,,,,,,,,,,,,,,,,,,,
C:/projects/myproject/QDQM/DS_Input/Reference/항공기제작사9.csv,항공기제작사9.csv,항공기제작사9,Reference,1,,,0,0,,,,,,,,,,,,,,,,,,,,,,,,,,,,,,,,,,,,,,,,,,,
C:/projects/myproject/QDQM/DS_Input/Reference/항공기종류.csv,항공기종류.csv,항공기종류,Reference,1,,,0,0,,,,,,,,,,,,,,,,,,,,,,,,,,,,,,,,,,,,,,,,,,,
C:/projects/myproject/QDQM/DS_Input/Reference/행정동.csv,행정동.csv,행정동,Reference,1,,,0,0,,,,,,,,,,,,,,,,,,,,,,,,,,,,,,,,,,,,,,,,,,,
C:/projects/myproject/QDQM/DS_Input/Reference/행정동코드.csv,행정동코드.csv,행정동코드,Reference,1,,,0,0,,,,,,,,,,,,,,,,,,,,,,,,,,,,,,,,,,,,,,,,,,,
C:/projects/myproject/QDQM/DS_Input/Test/Z검증용데이터.csv,Z검증용데이터.csv,ID,Test,1,FK,,1,1,CUSTOMER.csv.고객번호,CUSTOMER.csv.고객번호,,고객번호,CUSTOMER.csv,Master,76.86,,,,,,,,,,,,,고객번호,CUSTOMER.csv,C:/projects/myproject/QDQM/DS_Input/Internal/CUSTOMER.csv,Master,1465.0,76.86,,,,,,,,,,,,,,,,,,
C:/projects/myproject/QDQM/DS_Input/Test/Z검증용데이터.csv,Z검증용데이터.csv,CP,Test,0,,,0,0,,,,,,,,,,,,,,,,,,,,,,,,,,,,,,,,,,,,,,,,,,,
C:/projects/myproject/QDQM/DS_Input/Test/Z검증용데이터.csv,Z검증용데이터.csv,Business,Test,0,,,0,0,,,,,,,,,,,,,,,,,,,,,,,,,,,,,,,,,,,,,,,,,,,
C:/projects/myproject/QDQM/DS_Input/Test/Z검증용데이터.csv,Z검증용데이터.csv,Customer,Test,0,,,2,2,CUSTOMER.csv.고객명 -> 기업고객.csv.기업고객명,CUSTOMER.csv.고객명 -> 기업고객.csv.기업고객명,,고객명,CUSTOMER.csv,Master,76.58,기업고객명,기업고객.csv,Master,95.96,,,,,,,,,고객명,CUSTOMER.csv,C:/projects/myproject/QDQM/DS_Input/Internal/CUSTOMER.csv,Master,1406.0,76.58,기업고객명,기업고객.csv,C:/projects/myproject/QDQM/DS_Input/Internal/기업고객.csv,Master,1339.0,72.93,,,,,,,,,,,,
C:/projects/myproject/QDQM/DS_Input/Test/Z검증용데이터.csv,Z검증용데이터.csv,사업자,Test,0,,유효사업자번호3,3,2,CUSTOMER.csv.주민_사업자등록번호 -> 기업고객.csv.기업사업자등록번호 -> 사업자등록번호3.csv.유효사업자번호3,CUSTOMER.csv.주민_사업자등록번호 -> 기업고객.csv.기업사업자등록번호,,주민_사업자등록번호,CUSTOMER.csv,Master,74.82,기업사업자등록번호,기업고객.csv,Master,96.03,유효사업자번호3,사업자등록번호3.csv,Reference,80.31,,,,,주민_사업자등록번호,CUSTOMER.csv,C:/projects/myproject/QDQM/DS_Input/Internal/CUSTOMER.csv,Master,1334.0,74.82,기업사업자등록번호,기업고객.csv,C:/projects/myproject/QDQM/DS_Input/Internal/기업고객.csv,Master,1270.0,71.23,유효사업자번호3,사업자등록번호3.csv,C:/projects/myproject/QDQM/DS_Input/Reference/사업자등록번호3.csv,Reference,420.0,80.31,,,,,,
C:/projects/myproject/QDQM/DS_Input/Test/Z검증용데이터.csv,Z검증용데이터.csv,우편번호,Test,0,,우편번호3,4,3,CUSTOMER.csv.우편번호 -> 기업고객.csv.기업우편번호 -> CUSTOMER.csv.청구지우편번호 -> 우편번호3.csv.우편번호3,CUSTOMER.csv.우편번호 -> 기업고객.csv.기업우편번호 -> CUSTOMER.csv.청구지우편번호,,우편번호,CUSTOMER.csv,Master,100.0,기업우편번호,기업고객.csv,Master,93.75,청구지우편번호,CUSTOMER.csv,Master,89.64,우편번호3,우편번호3.csv,Reference,70.73,우편번호,CUSTOMER.csv,C:/projects/myproject/QDQM/DS_Input/Internal/CUSTOMER.csv,Master,936.0,100.0,기업우편번호,기업고객.csv,C:/projects/myproject/QDQM/DS_Input/Internal/기업고객.csv,Master,885.0,94.55,청구지우편번호,CUSTOMER.csv,C:/projects/myproject/QDQM/DS_Input/Internal/CUSTOMER.csv,Master,839.0,89.64,우편번호3,우편번호3.csv,C:/projects/myproject/QDQM/DS_Input/Reference/우편번호3.csv,Reference,203.0,70.73
C:/projects/myproject/QDQM/DS_Input/Test/Z검증용데이터.csv,Z검증용데이터.csv,가공주소,Test,0,,,0,0,,,,,,,,,,,,,,,,,,,,,,,,,,,,,,,,,,,,,,,,,,,
C:/projects/myproject/QDQM/DS_Input/Test/Z검증용데이터.csv,Z검증용데이터.csv,날짜포맷다양,Test,0,,,1,1,CONTRACT.csv.START_DATE,CONTRACT.csv.START_DATE,,START_DATE,CONTRACT.csv,Master,62.26,,,,,,,,,,,,,START_DATE,CONTRACT.csv,C:/projects/myproject/QDQM/DS_Input/Internal/CONTRACT.csv,Master,924.0,62.26,,,,,,,,,,,,,,,,,,
C:/projects/myproject/QDQM/DS_Input/Test/Z검증용데이터.csv,Z검증용데이터.csv,판매점소,Test,0,,,3,3,CUSTOMER.csv.판매점소 -> 기업고객.csv.판매점소 -> 기업고객.csv.판매점소,CUSTOMER.csv.판매점소 -> 기업고객.csv.판매점소 -> 기업고객.csv.판매점소,,판매점소,CUSTOMER.csv,Master,97.4,판매점소,기업고객.csv,Master,96.77,판매점소,기업고객.csv,Master,93.51,,,,,판매점소,CUSTOMER.csv,C:/projects/myproject/QDQM/DS_Input/Internal/CUSTOMER.csv,Master,75.0,97.4,CONTRACT_ORG_CD,CONTRACT.csv,C:/projects/myproject/QDQM/DS_Input/Internal/CONTRACT.csv,Master,73.0,94.81,판매점소,기업고객.csv,C:/projects/myproject/QDQM/DS_Input/Internal/기업고객.csv,Master,72.0,93.51,,,,,,
C:/projects/myproject/QDQM/DS_Input/Test/Z검증용데이터.csv,Z검증용데이터.csv,판매원사번,Test,0,,,3,3,CUSTOMER.csv.판매원사번 -> 기업고객.csv.판매원사번 -> CONTRACT.csv.SALES_EMP,CUSTOMER.csv.판매원사번 -> 기업고객.csv.판매원사번 -> CONTRACT.csv.SALES_EMP,,판매원사번,CUSTOMER.csv,Master,98.98,판매원사번,기업고객.csv,Master,68.46,SALES_EMP,CONTRACT.csv,Master,79.91,,,,,판매원사번,CUSTOMER.csv,C:/projects/myproject/QDQM/DS_Input/Internal/CUSTOMER.csv,Master,484.0,98.98,판매원사번,기업고객.csv,C:/projects/myproject/QDQM/DS_Input/Internal/기업고객.csv,Master,326.0,66.67,SALES_EMP,CONTRACT.csv,C:/projects/myproject/QDQM/DS_Input/Internal/CONTRACT.csv,Master,296.0,60.53,,,,,,
C:/projects/myproject/QDQM/DS_Input/Test/Z검증용데이터.csv,Z검증용데이터.csv,담당부서,Test,0,,,2,2,CUSTOMER.csv.담당부서 -> 기업고객.csv.담당부서,CUSTOMER.csv.담당부서 -> 기업고객.csv.담당부서,,담당부서,CUSTOMER.csv,Master,87.17,담당부서,기업고객.csv,Master,99.87,,,,,,,,,담당부서,CUSTOMER.csv,C:/projects/myproject/QDQM/DS_Input/Internal/CUSTOMER.csv,Master,197.0,87.17,담당부서,기업고객.csv,C:/projects/myproject/QDQM/DS_Input/Internal/기업고객.csv,Master,196.0,86.73,,,,,,,,,,,,
C:/projects/myproject/QDQM/DS_Input/Test/Z검증용데이터.csv,Z검증용데이터.csv,집하지우편번호,Test,0,,우편번호3,1,0,우편번호3.csv.우편번호3,,,우편번호3,우편번호3.csv,Reference,67.82,,,,,,,,,,,,,우편번호3,우편번호3.csv,C:/projects/myproject/QDQM/DS_Input/Reference/우편번호3.csv,Reference,293.0,67.82,,,,,,,,,,,,,,,,,,
C:/projects/myproject/QDQM/DS_Input/Test/Z검증용데이터.csv,Z검증용데이터.csv,수량,Test,0,,,2,2,CUSTOMER.csv.집하지대번지 -> CUSTOMER.csv.집하지소번지,CUSTOMER.csv.집하지대번지 -> CUSTOMER.csv.집하지소번지,,집하지대번지,CUSTOMER.csv,Master,91.75,집하지소번지,CUSTOMER.csv,Master,80.41,,,,,,,,,집하지대번지,CUSTOMER.csv,C:/projects/myproject/QDQM/DS_Input/Internal/CUSTOMER.csv,Master,89.0,91.75,집하지소번지,CUSTOMER.csv,C:/projects/myproject/QDQM/DS_Input/Internal/CUSTOMER.csv,Master,78.0,80.41,,,,,,,,,,,,
C:/projects/myproject/QDQM/DS_Input/Test/Z검증용데이터.csv,Z검증용데이터.csv,단가,Test,0,FK,,3,3,계정코드관리.csv.정렬순서 -> 관리회계_사업.csv.정렬순서 -> 관리회계계정.csv.정렬순서,계정코드관리.csv.정렬순서 -> 관리회계_사업.csv.정렬순서 -> 관리회계계정.csv.정렬순서,,정렬순서,계정코드관리.csv,Master,98.23,정렬순서,관리회계_사업.csv,Master,99.39,정렬순서,관리회계계정.csv,Master,99.27,,,,,정렬순서,계정코드관리.csv,C:/projects/myproject/QDQM/DS_Input/Internal/계정코드관리.csv,Master,222.0,98.23,정렬순서,관리회계_사업.csv,C:/projects/myproject/QDQM/DS_Input/Internal/관리회계_사업.csv,Master,222.0,98.23,정렬순서,관리회계_조직그룹상세.csv,C:/projects/myproject/QDQM/DS_Input/Internal/관리회계_조직그룹상세.csv,Master,222.0,98.23,,,,,,
C:/projects/myproject/QDQM/DS_Input/Test/Z검증용데이터.csv,Z검증용데이터.csv,금액,Test,0,,,0,0,,,,,,,,,,,,,,,,,,,,,,,,,,,,,,,,,,,,,,,,,,,
C:/projects/myproject/QDQM/DS_Input/Test/Z검증용데이터.csv,Z검증용데이터.csv,GEN_TIMESTAMP,Test,0,,,0,0,,,,,,,,,,,,,,,,,,,,,,,,,,,,,,,,,,,,,,,,,,,
C:/projects/myproject/QDQM/DS_Input/Test/Z사용자.csv,Z사용자.csv,사원번호,Test,1,FK,,1,1,사용자.csv.사원번호,사용자.csv.사원번호,,사원번호,사용자.csv,Master,100.0,,,,,,,,,,,,,사원번호,사용자.csv,C:/projects/myproject/QDQM/DS_Input/Internal/사용자.csv,Master,2361.0,100.0,,,,,,,,,,,,,,,,,,
C:/projects/myproject/QDQM/DS_Input/Test/Z사용자.csv,Z사용자.csv,점소코드,Test,0,,,3,3,사용자.csv.점소코드 -> 조직_수입관리.csv.OIO_ORG_NCD -> 지점코드.csv.OIO_ORG_NCD,사용자.csv.점소코드 -> 조직_수입관리.csv.OIO_ORG_NCD -> 지점코드.csv.OIO_ORG_NCD,,점소코드,사용자.csv,Master,100.0,OIO_ORG_NCD,조직_수입관리.csv,Master,65.94,OIO_ORG_NCD,지점코드.csv,Master,65.94,,,,,점소코드,사용자.csv,C:/projects/myproject/QDQM/DS_Input/Internal/사용자.csv,Master,229.0,100.0,OIO_ORG_NCD,조직_수입관리.csv,C:/projects/myproject/QDQM/DS_Input/Internal/조직_수입관리.csv,Master,151.0,65.94,OIO_ORG_NCD,지점코드.csv,C:/projects/myproject/QDQM/DS_Input/Internal/지점코드.csv,Master,151.0,65.94,,,,,,
C:/projects/myproject/QDQM/DS_Input/Test/Z사용자.csv,Z사용자.csv,권한코드,Test,0,,,0,0,,,,,,,,,,,,,,,,,,,,,,,,,,,,,,,,,,,,,,,,,,,
C:/projects/myproject/QDQM/DS_Input/Test/Z사용자.csv,Z사용자.csv,비밀번호,Test,0,,,0,0,,,,,,,,,,,,,,,,,,,,,,,,,,,,,,,,,,,,,,,,,,,
C:/projects/myproject/QDQM/DS_Input/Test/Z사용자.csv,Z사용자.csv,한글성명,Test,0,,,0,0,,,,,,,,,,,,,,,,,,,,,,,,,,,,,,,,,,,,,,,,,,,
C:/projects/myproject/QDQM/DS_Input/Test/Z사용자.csv,Z사용자.csv,팀명,Test,0,,,1,1,사용자.csv.팀명,사용자.csv.팀명,,팀명,사용자.csv,Master,100.0,,,,,,,,,,,,,팀명,사용자.csv,C:/projects/myproject/QDQM/DS_Input/Internal/사용자.csv,Master,534.0,100.0,,,,,,,,,,,,,,,,,,
C:/projects/myproject/QDQM/DS_Input/Test/Z사용자.csv,Z사용자.csv,직급,Test,0,,,1,1,사용자.csv.직급,사용자.csv.직급,,직급,사용자.csv,Master,100.0,,,,,,,,,,,,,직급,사용자.csv,C:/projects/myproject/QDQM/DS_Input/Internal/사용자.csv,Master,119.0,100.0,,,,,,,,,,,,,,,,,,
C:/projects/myproject/QDQM/DS_Input/Test/Z사용자.csv,Z사용자.csv,전화번호,Test,0,,,0,0,,,,,,,,,,,,,,,,,,,,,,,,,,,,,,,,,,,,,,,,,,,
C:/projects/myproject/QDQM/DS_Input/Test/Z사용자.csv,Z사용자.csv,전화번호1,Test,0,,,0,0,,,,,,,,,,,,,,,,,,,,,,,,,,,,,,,,,,,,,,,,,,,
C:/projects/myproject/QDQM/DS_Input/Test/Z사용자.csv,Z사용자.csv,휴대폰번호,Test,0,,,0,0,,,,,,,,,,,,,,,,,,,,,,,,,,,,,,,,,,,,,,,,,,,
C:/projects/myproject/QDQM/DS_Input/Test/Z사용자.csv,Z사용자.csv,EMAIL,Test,0,,,1,1,사용자.csv.EMAIL,사용자.csv.EMAIL,,EMAIL,사용자.csv,Master,100.0,,,,,,,,,,,,,EMAIL,사용자.csv,C:/projects/myproject/QDQM/DS_Input/Internal/사용자.csv,Master,1994.0,100.0,,,,,,,,,,,,,,,,,,
C:/projects/myproject/QDQM/DS_Input/Test/Z사용자.csv,Z사용자.csv,주민등록번호,Test,0,,,0,0,,,,,,,,,,,,,,,,,,,,,,,,,,,,,,,,,,,,,,,,,,,
C:/projects/myproject/QDQM/DS_Input/Test/Z사용자.csv,Z사용자.csv,등록일자,Test,0,,,3,3,사용자.csv.등록일자 -> 사원마스터.csv.근무시작일자 -> 사원기본.csv.시근일자,사용자.csv.등록일자 -> 사원마스터.csv.근무시작일자 -> 사원기본.csv.시근일자,,등록일자,사용자.csv,Master,100.0,근무시작일자,사원마스터.csv,Master,66.1,시근일자,사원기본.csv,Master,64.82,,,,,등록일자,사용자.csv,C:/projects/myproject/QDQM/DS_Input/Internal/사용자.csv,Master,642.0,100.0,근무시작일자,사원마스터.csv,C:/projects/myproject/QDQM/DS_Input/Internal/사원마스터.csv,Master,426.0,66.36,시근일자,사원기본.csv,C:/projects/myproject/QDQM/DS_Input/Internal/사원기본.csv,Master,410.0,63.86,,,,,,
C:/projects/myproject/QDQM/DS_Input/Test/Z사용자.csv,Z사용자.csv,입사일자,Test,0,,,0,0,,,,,,,,,,,,,,,,,,,,,,,,,,,,,,,,,,,,,,,,,,,
C:/projects/myproject/QDQM/DS_Input/Test/Z사용자.csv,Z사용자.csv,GEN_TIMESTAMP,Test,0,,,0,0,,,,,,,,,,,,,,,,,,,,,,,,,,,,,,,,,,,,,,,,,,,
C:/projects/myproject/QDQM/DS_Input/Test/Z코드변동성예제.csv,Z코드변동성예제.csv,코드,Test,0,,,1,1,Z코드변동성예제.csv.코드,Z코드변동성예제.csv.코드,,코드,Z코드변동성예제.csv,Master,100.0,,,,,,,,,,,,,코드,Z코드변동성예제.csv,C:/projects/myproject/QDQM/DS_Input/Internal/Z코드변동성예제.csv,Master,202.0,100.0,,,,,,,,,,,,,,,,,,
C:/projects/myproject/QDQM/DS_Input/Test/Z코드변동성예제.csv,Z코드변동성예제.csv,사업자,Test,0,,,0,0,,,,,,,,,,,,,,,,,,,,,,,,,,,,,,,,,,,,,,,,,,,
C:/projects/myproject/QDQM/DS_Input/Test/Z코드변동성예제.csv,Z코드변동성예제.csv,GEN_TIMESTAMP,Test,0,,,0,0,,,,,,,,,,,,,,,,,,,,,,,,,,,,,,,,,,,,,,,,,,,
