FilePath,FileName,ColumnName,MasterType,CodeFilePath,CodeFile,CodeType,CodeColumn,FormatTop10,FormatTopRate,MasterFormatTop10,MasterFormatTopRate,CompareLength,Matched,Matched(%)
C:/projects/myproject/QDQM/DS_Input/Internal/CONTRACT.csv,CONTRACT.csv,ADDR,Master,Rule,Rule,Rule,ADDRESS,,0,,0,,4330,100.0
C:/projects/myproject/QDQM/DS_Input/Internal/CONTRACT.csv,CONTRACT.csv,CONTRACT_DATE,Master,Rule,Rule,Rule,DATECHAR,,0,,0,,7670,100.0
C:/projects/myproject/QDQM/DS_Input/Internal/CONTRACT.csv,CONTRACT.csv,CONTRACT_DATE,Master,C:/projects/myproject/QDQM/DS_Input/Internal/CUSTOMER.csv,CUSTOMER.csv,Master,판매일,"[""nnnnnnnn""]",[100.0],"[""nnnnnnnn""]",[100.0],0,2528,66.06
C:/projects/myproject/QDQM/DS_Input/Internal/CONTRACT.csv,CONTRACT.csv,CONTRACT_DATE,Master,C:/projects/myproject/QDQM/DS_Input/Internal/사원마스터.csv,사원마스터.csv,Master,근무시작일자,"[""nnnnnnnn""]",[100.0],"[""nnnnnnnn"", ""nnnnnn"", ""nnnn""]","[99.93, 0.04, 0.03]",0,2458,64.23
C:/projects/myproject/QDQM/DS_Input/Internal/CONTRACT.csv,CONTRACT.csv,CONTRACT_DATE,Master,C:/projects/myproject/QDQM/DS_Input/Internal/기업고객.csv,기업고객.csv,Master,판매일,"[""nnnnnnnn""]",[100.0],"[""nnnnnnnn""]",[100.0],0,2438,63.71
C:/projects/myproject/QDQM/DS_Input/Internal/CONTRACT.csv,CONTRACT.csv,CONTRACT_ORG_CD,Master,C:/projects/myproject/QDQM/DS_Input/Internal/CUSTOMER.csv,CUSTOMER.csv,Master,판매점소,"[""AAAAAAA"", ""AAAAA"", ""AAAAAA"", ""AA""]","[66.44, 31.13, 2.42, 0.01]","[""AAAAA"", ""AAAAAAA"", ""AAAAAA"", ""AA""]","[78.07, 18.56, 3.32, 0.05]",0,82,92.13
C:/projects/myproject/QDQM/DS_Input/Internal/CONTRACT.csv,CONTRACT.csv,CONTRACT_ORG_CD,Master,C:/projects/myproject/QDQM/DS_Input/Internal/기업고객.csv,기업고객.csv,Master,판매점소,"[""AAAAAAA"", ""AAAAA"", ""AAAAAA"", ""AA""]","[66.44, 31.13, 2.42, 0.01]","[""AAAAA"", ""AAAAAAA"", ""AAAAAA"", ""AA""]","[81.38, 15.27, 3.3, 0.05]",0,80,89.89
C:/projects/myproject/QDQM/DS_Input/Internal/CONTRACT.csv,CONTRACT.csv,CONTRACT_ORG_CD,Master,C:/projects/myproject/QDQM/DS_Input/Internal/택배_고객.csv,택배_고객.csv,Master,판매점소,"[""AAAAAAA"", ""AAAAA"", ""AAAAAA"", ""AA""]","[66.44, 31.13, 2.42, 0.01]","[""AAAAA"", ""AAAAAAA"", ""AAAAAA"", ""AA""]","[97.44, 2.26, 0.26, 0.04]",0,76,85.39
C:/projects/myproject/QDQM/DS_Input/Internal/CONTRACT.csv,CONTRACT.csv,CONTRACT_ORG_CD,Master,C:/projects/myproject/QDQM/DS_Input/Test/Z검증용데이터.csv,Z검증용데이터.csv,Test,판매점소,"[""AAAAAAA"", ""AAAAA"", ""AAAAAA"", ""AA""]","[66.44, 31.13, 2.42, 0.01]","[""AAAAA"", ""AAAAAAA"", ""AAAAAA"", ""AA""]","[58.86, 37.29, 3.8, 0.05]",0,73,82.02
C:/projects/myproject/QDQM/DS_Input/Internal/CONTRACT.csv,CONTRACT.csv,CORRECT_ORG,Master,C:/projects/myproject/QDQM/DS_Input/Internal/CONTRACT.csv,CONTRACT.csv,Master,REQUEST_ORG,"[""AAAAA"", ""AAAAn"", ""AAAnn""]","[97.72, 2.12, 0.16]","[""AAAAA"", ""AAAAn"", ""AAAnn"", ""A/A""]","[98.79, 1.04, 0.16, 0.01]",0,105,95.45
C:/projects/myproject/QDQM/DS_Input/Internal/CONTRACT.csv,CONTRACT.csv,CORRECT_ORG,Master,C:/projects/myproject/QDQM/DS_Input/Internal/CUSTOMER.csv,CUSTOMER.csv,Master,수금점소,"[""AAAAA"", ""AAAAn"", ""AAAnn""]","[97.72, 2.12, 0.16]","[""AAAAA"", ""AAAAn"", ""AAAnn""]","[97.82, 1.98, 0.2]",0,101,91.82
C:/projects/myproject/QDQM/DS_Input/Internal/CONTRACT.csv,CONTRACT.csv,CORRECT_ORG,Master,C:/projects/myproject/QDQM/DS_Input/Internal/기업고객.csv,기업고객.csv,Master,수금점소,"[""AAAAA"", ""AAAAn"", ""AAAnn""]","[97.72, 2.12, 0.16]","[""AAAAA"", ""AAAAn"", ""AAAnn""]","[97.73, 2.07, 0.2]",0,101,91.82
C:/projects/myproject/QDQM/DS_Input/Internal/CONTRACT.csv,CONTRACT.csv,CORRECT_ORG,Master,C:/projects/myproject/QDQM/DS_Input/Internal/조직_수입관리.csv,조직_수입관리.csv,Master,OIO_ORG_COD,"[""AAAAA"", ""AAAAn"", ""AAAnn""]","[97.72, 2.12, 0.16]","[""AAAAA"", ""AAAAn"", ""AAAA"", ""A/A"", ""AAAnn""]","[95.92, 2.55, 0.51, 0.51, 0.51]",0,101,91.82
C:/projects/myproject/QDQM/DS_Input/Internal/CONTRACT.csv,CONTRACT.csv,CORRECT_ORG,Master,C:/projects/myproject/QDQM/DS_Input/Internal/지점코드.csv,지점코드.csv,Master,OIO_ORG_COD,"[""AAAAA"", ""AAAAn"", ""AAAnn""]","[97.72, 2.12, 0.16]","[""AAAAA"", ""AAAAn"", ""AAAA"", ""A/A"", ""AAAnn""]","[95.92, 2.55, 0.51, 0.51, 0.51]",0,101,91.82
C:/projects/myproject/QDQM/DS_Input/Internal/CONTRACT.csv,CONTRACT.csv,CORRECT_ORG,Master,C:/projects/myproject/QDQM/DS_Input/Internal/CUSTOMER.csv,CUSTOMER.csv,Master,청구점소,"[""AAAAA"", ""AAAAn"", ""AAAnn""]","[97.72, 2.12, 0.16]","[""AAAAA"", ""AAAAn"", ""AAAnn""]","[98.9, 0.93, 0.17]",0,100,90.91
C:/projects/myproject/QDQM/DS_Input/Internal/CONTRACT.csv,CONTRACT.csv,CORRECT_ORG,Master,C:/projects/myproject/QDQM/DS_Input/Internal/기업고객.csv,기업고객.csv,Master,청구점소,"[""AAAAA"", ""AAAAn"", ""AAAnn""]","[97.72, 2.12, 0.16]","[""AAAAA"", ""AAAAn"", ""AAAnn""]","[98.86, 0.97, 0.18]",0,100,90.91
C:/projects/myproject/QDQM/DS_Input/Internal/CONTRACT.csv,CONTRACT.csv,CORRECT_ORG,Master,C:/projects/myproject/QDQM/DS_Input/Internal/ORGNIZATION.csv,ORGNIZATION.csv,Master,수입조직코드,"[""AAAAA"", ""AAAAn"", ""AAAnn""]","[97.72, 2.12, 0.16]","[""AAAAA""]",[100.0],0,70,63.64
C:/projects/myproject/QDQM/DS_Input/Internal/CONTRACT.csv,CONTRACT.csv,CORRECT_ORG,Master,C:/projects/myproject/QDQM/DS_Input/Internal/택배_조직도.csv,택배_조직도.csv,Master,수입조직코드,"[""AAAAA"", ""AAAAn"", ""AAAnn""]","[97.72, 2.12, 0.16]","[""AAAAA""]",[100.0],0,70,63.64
C:/projects/myproject/QDQM/DS_Input/Internal/CONTRACT.csv,CONTRACT.csv,COST_ORG,Master,C:/projects/myproject/QDQM/DS_Input/Internal/사용자.csv,사용자.csv,Master,점소코드,"[""nnnn""]",[100.0],"[""nnnn""]",[100.0],0,94,97.92
C:/projects/myproject/QDQM/DS_Input/Internal/CONTRACT.csv,CONTRACT.csv,COST_ORG,Master,C:/projects/myproject/QDQM/DS_Input/Internal/CUSTOMER.csv,CUSTOMER.csv,Master,수입조직,"[""nnnn""]",[100.0],"[""nnnn""]",[100.0],0,90,93.75
C:/projects/myproject/QDQM/DS_Input/Internal/CONTRACT.csv,CONTRACT.csv,COST_ORG,Master,C:/projects/myproject/QDQM/DS_Input/Test/Z사용자.csv,Z사용자.csv,Test,점소코드,"[""nnnn""]",[100.0],"[""nnnn""]",[100.0],0,90,93.75
C:/projects/myproject/QDQM/DS_Input/Internal/CONTRACT.csv,CONTRACT.csv,COST_ORG,Master,C:/projects/myproject/QDQM/DS_Input/Internal/기업고객.csv,기업고객.csv,Master,수입조직,"[""nnnn""]",[100.0],"[""nnnn""]",[100.0],0,89,92.71
C:/projects/myproject/QDQM/DS_Input/Internal/CONTRACT.csv,CONTRACT.csv,COST_ORG,Master,C:/projects/myproject/QDQM/DS_Input/Internal/조직_수입관리.csv,조직_수입관리.csv,Master,OIO_ORG_NCD,"[""nnnn""]",[100.0],"[""nnnn""]",[100.0],0,89,92.71
C:/projects/myproject/QDQM/DS_Input/Internal/CONTRACT.csv,CONTRACT.csv,COST_ORG,Master,C:/projects/myproject/QDQM/DS_Input/Internal/지점코드.csv,지점코드.csv,Master,OIO_ORG_NCD,"[""nnnn""]",[100.0],"[""nnnn""]",[100.0],0,89,92.71
C:/projects/myproject/QDQM/DS_Input/Internal/CONTRACT.csv,CONTRACT.csv,COST_ORG,Master,C:/projects/myproject/QDQM/DS_Input/Internal/택배_고객.csv,택배_고객.csv,Master,수입조직,"[""nnnn""]",[100.0],"[""nnnn""]",[100.0],0,85,88.54
C:/projects/myproject/QDQM/DS_Input/Internal/CONTRACT.csv,CONTRACT.csv,COST_ORG,Master,C:/projects/myproject/QDQM/DS_Input/Internal/ORGNIZATION.csv,ORGNIZATION.csv,Master,수입신규조직코드,"[""nnnn""]",[100.0],"[""nnnn""]",[100.0],0,70,72.92
C:/projects/myproject/QDQM/DS_Input/Internal/CONTRACT.csv,CONTRACT.csv,COST_ORG,Master,C:/projects/myproject/QDQM/DS_Input/Internal/택배_조직도.csv,택배_조직도.csv,Master,수입신규조직코드,"[""nnnn""]",[100.0],"[""nnnn""]",[100.0],0,70,72.92
C:/projects/myproject/QDQM/DS_Input/Internal/CONTRACT.csv,CONTRACT.csv,CUST_NO,Master,C:/projects/myproject/QDQM/DS_Input/Reference/사업자등록번호3.csv,사업자등록번호3.csv,Reference,유효사업자번호3,"[""nnnnnnnnnn"", ""nnnnnn"", ""nnnnn"", ""nnnn""]","[99.78, 0.14, 0.07, 0.01]","[""nnnnnnnnnn""]",[100.0],3,16,88.89
C:/projects/myproject/QDQM/DS_Input/Internal/CONTRACT.csv,CONTRACT.csv,DEVELOP_ORG,Master,C:/projects/myproject/QDQM/DS_Input/Internal/CONTRACT.csv,CONTRACT.csv,Master,ORG_CODE,"[""nnnn"", ""nnn"", ""AAn"", ""n""]","[97.58, 1.78, 0.36, 0.29]","[""nnnn"", ""nnn"", ""n"", ""nn"", ""AAn""]","[97.26, 2.13, 0.4, 0.16, 0.05]",0,431,99.54
C:/projects/myproject/QDQM/DS_Input/Internal/CONTRACT.csv,CONTRACT.csv,DEVELOP_ORG,Master,C:/projects/myproject/QDQM/DS_Input/Internal/ORGNIZATION.csv,ORGNIZATION.csv,Master,조직코드,"[""nnnn"", ""nnn"", ""AAn"", ""n""]","[97.58, 1.78, 0.36, 0.29]","[""nnnn"", ""nnn"", ""AAAAA"", ""AAAAAAA"", ""nnnnnn"", ""AAAA"", ""AA"", ""nnnnnnn"", ""nnnnn"", ""AAA""]","[78.96, 14.52, 2.4, 2.4, 1.02, 0.42, 0.13, 0.05, 0.05, 0.03]",0,424,97.92
C:/projects/myproject/QDQM/DS_Input/Internal/CONTRACT.csv,CONTRACT.csv,DEVELOP_ORG,Master,C:/projects/myproject/QDQM/DS_Input/Internal/택배_조직도.csv,택배_조직도.csv,Master,조직코드,"[""nnnn"", ""nnn"", ""AAn"", ""n""]","[97.58, 1.78, 0.36, 0.29]","[""nnnn"", ""nnn"", ""AAAAA"", ""AAAAAAA"", ""nnnnnn"", ""AAAA"", ""AA"", ""nnnnnnn"", ""nnnnn"", ""AAA""]","[78.96, 14.52, 2.4, 2.4, 1.02, 0.42, 0.13, 0.05, 0.05, 0.03]",0,424,97.92
C:/projects/myproject/QDQM/DS_Input/Internal/CONTRACT.csv,CONTRACT.csv,DEVELOP_ORG,Master,C:/projects/myproject/QDQM/DS_Input/Internal/기업고객.csv,기업고객.csv,Master,집하점소,"[""nnnn"", ""nnn"", ""AAn"", ""n""]","[97.58, 1.78, 0.36, 0.29]","[""nnnn"", ""nnn"", ""n"", ""nn"", ""AAn""]","[97.68, 1.98, 0.19, 0.1, 0.05]",0,397,91.69
C:/projects/myproject/QDQM/DS_Input/Internal/CONTRACT.csv,CONTRACT.csv,DEVELOP_ORG,Master,C:/projects/myproject/QDQM/DS_Input/Internal/사원마스터.csv,사원마스터.csv,Master,조직코드,"[""nnnn"", ""nnn"", ""AAn"", ""n""]","[97.58, 1.78, 0.36, 0.29]","[""nnnn"", ""nnn"", ""AA"", ""nnnnnn"", ""AAAAA"", ""AAAA"", ""nnnnnnn""]","[97.07, 2.3, 0.22, 0.21, 0.14, 0.05, 0.01]",0,389,89.84
C:/projects/myproject/QDQM/DS_Input/Internal/CONTRACT.csv,CONTRACT.csv,DEVELOP_ORG,Master,C:/projects/myproject/QDQM/DS_Input/Internal/CUSTOMER.csv,CUSTOMER.csv,Master,집하점소,"[""nnnn"", ""nnn"", ""AAn"", ""n""]","[97.58, 1.78, 0.36, 0.29]","[""nnnn"", ""AAn"", ""nnn""]","[99.93, 0.05, 0.01]",0,388,89.61
C:/projects/myproject/QDQM/DS_Input/Internal/CONTRACT.csv,CONTRACT.csv,DEVELOP_ORG,Master,C:/projects/myproject/QDQM/DS_Input/Internal/사원기본.csv,사원기본.csv,Master,소속조직코드,"[""nnnn"", ""nnn"", ""AAn"", ""n""]","[97.58, 1.78, 0.36, 0.29]","[""nnnn"", ""nnn"", ""nnnnnn"", ""AA"", ""AAAAA"", ""AAAA"", ""AAA""]","[96.93, 2.45, 0.26, 0.2, 0.1, 0.05, 0.01]",0,388,89.61
C:/projects/myproject/QDQM/DS_Input/Internal/CONTRACT.csv,CONTRACT.csv,DEVELOP_ORG,Master,C:/projects/myproject/QDQM/DS_Input/Internal/배송점.csv,배송점.csv,Master,배송점코드,"[""nnnn"", ""nnn"", ""AAn"", ""n""]","[97.58, 1.78, 0.36, 0.29]","[""nnnn"", ""nnnnnn"", ""nnnnn"", ""nnnnnnn""]","[98.85, 1.03, 0.08, 0.04]",0,350,80.83
C:/projects/myproject/QDQM/DS_Input/Internal/CONTRACT.csv,CONTRACT.csv,END_DATE,Master,Rule,Rule,Rule,DATECHAR,,0,,0,,7633,99.3499984741211
C:/projects/myproject/QDQM/DS_Input/Internal/CONTRACT.csv,CONTRACT.csv,ENT_EMP,Master,C:/projects/myproject/QDQM/DS_Input/Internal/기업고객.csv,기업고객.csv,Master,최종변경자사번,"[""nnnnnnn"", ""nnnnnn"", ""AAAAAAA"", ""AAAAA"", ""nnnnn"", ""AAAAAA"", ""AAAnnnn""]","[56.38, 39.78, 1.9, 1.21, 0.65, 0.07, 0.01]","[""nnnnnnn"", ""nnnnnn"", ""AAAAAAA"", ""AAAAA"", ""nnnnn"", ""AAAAAA"", ""AAAnnnn""]","[58.19, 38.21, 2.05, 0.92, 0.53, 0.08, 0.01]",0,206,75.46
C:/projects/myproject/QDQM/DS_Input/Internal/CONTRACT.csv,CONTRACT.csv,ORG_CODE,Master,C:/projects/myproject/QDQM/DS_Input/Internal/ORGNIZATION.csv,ORGNIZATION.csv,Master,조직코드,"[""nnnn"", ""nnn"", ""n"", ""nn"", ""AAn""]","[97.26, 2.13, 0.4, 0.16, 0.05]","[""nnnn"", ""nnn"", ""AAAAA"", ""AAAAAAA"", ""nnnnnn"", ""AAAA"", ""AA"", ""nnnnnnn"", ""nnnnn"", ""AAA""]","[78.96, 14.52, 2.4, 2.4, 1.02, 0.42, 0.13, 0.05, 0.05, 0.03]",0,1100,98.13
C:/projects/myproject/QDQM/DS_Input/Internal/CONTRACT.csv,CONTRACT.csv,ORG_CODE,Master,C:/projects/myproject/QDQM/DS_Input/Internal/택배_조직도.csv,택배_조직도.csv,Master,조직코드,"[""nnnn"", ""nnn"", ""n"", ""nn"", ""AAn""]","[97.26, 2.13, 0.4, 0.16, 0.05]","[""nnnn"", ""nnn"", ""AAAAA"", ""AAAAAAA"", ""nnnnnn"", ""AAAA"", ""AA"", ""nnnnnnn"", ""nnnnn"", ""AAA""]","[78.96, 14.52, 2.4, 2.4, 1.02, 0.42, 0.13, 0.05, 0.05, 0.03]",0,1100,98.13
C:/projects/myproject/QDQM/DS_Input/Internal/CONTRACT.csv,CONTRACT.csv,ORG_CODE,Master,C:/projects/myproject/QDQM/DS_Input/Internal/배송점.csv,배송점.csv,Master,배송점코드,"[""nnnn"", ""nnn"", ""n"", ""nn"", ""AAn""]","[97.26, 2.13, 0.4, 0.16, 0.05]","[""nnnn"", ""nnnnnn"", ""nnnnn"", ""nnnnnnn""]","[98.85, 1.03, 0.08, 0.04]",0,975,86.98
C:/projects/myproject/QDQM/DS_Input/Internal/CONTRACT.csv,CONTRACT.csv,ORG_CODE,Master,C:/projects/myproject/QDQM/DS_Input/Internal/사원마스터.csv,사원마스터.csv,Master,조직코드,"[""nnnn"", ""nnn"", ""n"", ""nn"", ""AAn""]","[97.26, 2.13, 0.4, 0.16, 0.05]","[""nnnn"", ""nnn"", ""AA"", ""nnnnnn"", ""AAAAA"", ""AAAA"", ""nnnnnnn""]","[97.07, 2.3, 0.22, 0.21, 0.14, 0.05, 0.01]",0,971,86.62
C:/projects/myproject/QDQM/DS_Input/Internal/CONTRACT.csv,CONTRACT.csv,ORG_CODE,Master,C:/projects/myproject/QDQM/DS_Input/Internal/기업고객.csv,기업고객.csv,Master,집하점소,"[""nnnn"", ""nnn"", ""n"", ""nn"", ""AAn""]","[97.26, 2.13, 0.4, 0.16, 0.05]","[""nnnn"", ""nnn"", ""n"", ""nn"", ""AAn""]","[97.68, 1.98, 0.19, 0.1, 0.05]",0,960,85.64
C:/projects/myproject/QDQM/DS_Input/Internal/CONTRACT.csv,CONTRACT.csv,ORG_CODE,Master,C:/projects/myproject/QDQM/DS_Input/Internal/사원기본.csv,사원기본.csv,Master,소속조직코드,"[""nnnn"", ""nnn"", ""n"", ""nn"", ""AAn""]","[97.26, 2.13, 0.4, 0.16, 0.05]","[""nnnn"", ""nnn"", ""nnnnnn"", ""AA"", ""AAAAA"", ""AAAA"", ""AAA""]","[96.93, 2.45, 0.26, 0.2, 0.1, 0.05, 0.01]",0,958,85.46
C:/projects/myproject/QDQM/DS_Input/Internal/CONTRACT.csv,CONTRACT.csv,REQUEST_ORG,Master,C:/projects/myproject/QDQM/DS_Input/Internal/CONTRACT.csv,CONTRACT.csv,Master,CORRECT_ORG,"[""AAAAA"", ""AAAAn"", ""AAAnn"", ""A/A""]","[98.79, 1.04, 0.16, 0.01]","[""AAAAA"", ""AAAAn"", ""AAAnn""]","[97.72, 2.12, 0.16]",0,105,95.45
C:/projects/myproject/QDQM/DS_Input/Internal/CONTRACT.csv,CONTRACT.csv,REQUEST_ORG,Master,C:/projects/myproject/QDQM/DS_Input/Internal/조직_수입관리.csv,조직_수입관리.csv,Master,OIO_ORG_COD,"[""AAAAA"", ""AAAAn"", ""AAAnn"", ""A/A""]","[98.79, 1.04, 0.16, 0.01]","[""AAAAA"", ""AAAAn"", ""AAAA"", ""A/A"", ""AAAnn""]","[95.92, 2.55, 0.51, 0.51, 0.51]",0,101,91.82
C:/projects/myproject/QDQM/DS_Input/Internal/CONTRACT.csv,CONTRACT.csv,REQUEST_ORG,Master,C:/projects/myproject/QDQM/DS_Input/Internal/지점코드.csv,지점코드.csv,Master,OIO_ORG_COD,"[""AAAAA"", ""AAAAn"", ""AAAnn"", ""A/A""]","[98.79, 1.04, 0.16, 0.01]","[""AAAAA"", ""AAAAn"", ""AAAA"", ""A/A"", ""AAAnn""]","[95.92, 2.55, 0.51, 0.51, 0.51]",0,101,91.82
C:/projects/myproject/QDQM/DS_Input/Internal/CONTRACT.csv,CONTRACT.csv,REQUEST_ORG,Master,C:/projects/myproject/QDQM/DS_Input/Internal/CUSTOMER.csv,CUSTOMER.csv,Master,청구점소,"[""AAAAA"", ""AAAAn"", ""AAAnn"", ""A/A""]","[98.79, 1.04, 0.16, 0.01]","[""AAAAA"", ""AAAAn"", ""AAAnn""]","[98.9, 0.93, 0.17]",0,100,90.91
C:/projects/myproject/QDQM/DS_Input/Internal/CONTRACT.csv,CONTRACT.csv,REQUEST_ORG,Master,C:/projects/myproject/QDQM/DS_Input/Internal/기업고객.csv,기업고객.csv,Master,청구점소,"[""AAAAA"", ""AAAAn"", ""AAAnn"", ""A/A""]","[98.79, 1.04, 0.16, 0.01]","[""AAAAA"", ""AAAAn"", ""AAAnn""]","[98.86, 0.97, 0.18]",0,100,90.91
C:/projects/myproject/QDQM/DS_Input/Internal/CONTRACT.csv,CONTRACT.csv,REQUEST_ORG,Master,C:/projects/myproject/QDQM/DS_Input/Internal/CUSTOMER.csv,CUSTOMER.csv,Master,수금점소,"[""AAAAA"", ""AAAAn"", ""AAAnn"", ""A/A""]","[98.79, 1.04, 0.16, 0.01]","[""AAAAA"", ""AAAAn"", ""AAAnn""]","[97.82, 1.98, 0.2]",0,99,90.0
C:/projects/myproject/QDQM/DS_Input/Internal/CONTRACT.csv,CONTRACT.csv,REQUEST_ORG,Master,C:/projects/myproject/QDQM/DS_Input/Internal/기업고객.csv,기업고객.csv,Master,수금점소,"[""AAAAA"", ""AAAAn"", ""AAAnn"", ""A/A""]","[98.79, 1.04, 0.16, 0.01]","[""AAAAA"", ""AAAAn"", ""AAAnn""]","[97.73, 2.07, 0.2]",0,99,90.0
C:/projects/myproject/QDQM/DS_Input/Internal/CONTRACT.csv,CONTRACT.csv,REQUEST_ORG,Master,C:/projects/myproject/QDQM/DS_Input/Internal/ORGNIZATION.csv,ORGNIZATION.csv,Master,수입조직코드,"[""AAAAA"", ""AAAAn"", ""AAAnn"", ""A/A""]","[98.79, 1.04, 0.16, 0.01]","[""AAAAA""]",[100.0],0,71,64.55
C:/projects/myproject/QDQM/DS_Input/Internal/CONTRACT.csv,CONTRACT.csv,REQUEST_ORG,Master,C:/projects/myproject/QDQM/DS_Input/Internal/택배_조직도.csv,택배_조직도.csv,Master,수입조직코드,"[""AAAAA"", ""AAAAn"", ""AAAnn"", ""A/A""]","[98.79, 1.04, 0.16, 0.01]","[""AAAAA""]",[100.0],0,71,64.55
C:/projects/myproject/QDQM/DS_Input/Internal/CONTRACT.csv,CONTRACT.csv,RETURN_ADDR,Master,Rule,Rule,Rule,ADDRESS,,0,,0,,4136,100.0
C:/projects/myproject/QDQM/DS_Input/Internal/CONTRACT.csv,CONTRACT.csv,RETURN_ZIP,Master,C:/projects/myproject/QDQM/DS_Input/Reference/우편번호3.csv,우편번호3.csv,Reference,우편번호3,"[""nnn-nnn"", ""nnnnn"", ""nnnn""]","[81.69, 14.82, 3.49]","[""nnnnn""]",[100.0],3,334,65.23
C:/projects/myproject/QDQM/DS_Input/Internal/CONTRACT.csv,CONTRACT.csv,SALES_EMP,Master,C:/projects/myproject/QDQM/DS_Input/Internal/기업고객.csv,기업고객.csv,Master,판매원사번,"[""nnnnnnn"", ""nnnnnn"", ""nnnnn"", ""AAAnnnn""]","[61.97, 26.85, 11.14, 0.04]","[""nnnnnnn"", ""nnnnnn"", ""nnnnn"", ""AAAnnnn""]","[60.04, 27.83, 12.1, 0.03]",0,748,75.25
C:/projects/myproject/QDQM/DS_Input/Internal/CONTRACT.csv,CONTRACT.csv,START_DATE,Master,Rule,Rule,Rule,DATECHAR,,0,,0,,7669,99.81999969482422
C:/projects/myproject/QDQM/DS_Input/Internal/CONTRACT.csv,CONTRACT.csv,ZIP,Master,C:/projects/myproject/QDQM/DS_Input/Reference/우편번호3.csv,우편번호3.csv,Reference,우편번호3,"[""nnnnnn"", ""nnnnn"", ""nnnn""]","[81.51, 14.99, 3.5]","[""nnnnn""]",[100.0],3,332,65.23
C:/projects/myproject/QDQM/DS_Input/Internal/CUSTOMER.csv,CUSTOMER.csv,계약기간종료일,Master,C:/projects/myproject/QDQM/DS_Input/Internal/기업고객.csv,기업고객.csv,Master,계약기간종료일,"[""nnnnnnnn""]",[100.0],"[""nnnnnnnn""]",[100.0],0,3677,99.03
C:/projects/myproject/QDQM/DS_Input/Internal/CUSTOMER.csv,CUSTOMER.csv,고객명,Master,C:/projects/myproject/QDQM/DS_Input/Internal/기업고객.csv,기업고객.csv,Master,기업고객명,"[""KKKK"", ""KKKKK"", ""KKK"", ""KKKKKK"", ""(K)KKKK"", ""KK"", ""KKKKKKK"", ""(K)KKKKK"", ""(K)KKKKKK"", ""KKKKKKKK""]","[16.74, 9.28, 6.95, 5.69, 3.71, 3.52, 3.32, 3.31, 2.56, 2.48]","[""KKKK"", ""KKKKK"", ""KKK"", ""KKKKKK"", ""(K)KKKK"", ""KK"", ""(K)KKKKK"", ""KKKKKKK"", ""(K)KKKKKK"", ""KKKKKKKK""]","[16.57, 9.23, 6.86, 5.73, 3.83, 3.55, 3.37, 3.29, 2.59, 2.56]",0,6836,95.96
C:/projects/myproject/QDQM/DS_Input/Internal/CUSTOMER.csv,CUSTOMER.csv,담당부서,Master,C:/projects/myproject/QDQM/DS_Input/Internal/기업고객.csv,기업고객.csv,Master,담당부서,"[""KK"", ""KKK"", ""."", ""KKKK"", ""KKKKK"", ""KKKKKK"", ""s"", ""KKKKKKK"", "".."", ""-""]","[48.24, 31.85, 5.66, 3.67, 3.48, 1.2, 0.77, 0.57, 0.43, 0.33]","[""KK"", ""KKK"", ""."", ""KKKK"", ""KKKKK"", ""KKKKKK"", ""s"", ""KKKKKKK"", "".."", ""-""]","[48.24, 31.85, 5.66, 3.67, 3.48, 1.2, 0.77, 0.57, 0.43, 0.33]",0,794,99.87
C:/projects/myproject/QDQM/DS_Input/Internal/CUSTOMER.csv,CUSTOMER.csv,법인번호,Master,C:/projects/myproject/QDQM/DS_Input/Internal/기업고객.csv,기업고객.csv,Master,기업법인번호,"[""n.nnnnnAsnn"", ""nnnnnnnnnnnnn""]","[99.46, 0.54]","[""n.nnnnnAsnn"", ""n""]","[99.46, 0.54]",0,151,99.34
C:/projects/myproject/QDQM/DS_Input/Internal/CUSTOMER.csv,CUSTOMER.csv,수금점소,Master,C:/projects/myproject/QDQM/DS_Input/Internal/기업고객.csv,기업고객.csv,Master,수금점소,"[""AAAAA"", ""AAAAn"", ""AAAnn""]","[97.82, 1.98, 0.2]","[""AAAAA"", ""AAAAn"", ""AAAnn""]","[97.73, 2.07, 0.2]",0,114,99.13
C:/projects/myproject/QDQM/DS_Input/Internal/CUSTOMER.csv,CUSTOMER.csv,수금점소,Master,C:/projects/myproject/QDQM/DS_Input/Internal/CUSTOMER.csv,CUSTOMER.csv,Master,청구점소,"[""AAAAA"", ""AAAAn"", ""AAAnn""]","[97.82, 1.98, 0.2]","[""AAAAA"", ""AAAAn"", ""AAAnn""]","[98.9, 0.93, 0.17]",0,104,90.43
C:/projects/myproject/QDQM/DS_Input/Internal/CUSTOMER.csv,CUSTOMER.csv,수금점소,Master,C:/projects/myproject/QDQM/DS_Input/Internal/기업고객.csv,기업고객.csv,Master,청구점소,"[""AAAAA"", ""AAAAn"", ""AAAnn""]","[97.82, 1.98, 0.2]","[""AAAAA"", ""AAAAn"", ""AAAnn""]","[98.86, 0.97, 0.18]",0,104,90.43
C:/projects/myproject/QDQM/DS_Input/Internal/CUSTOMER.csv,CUSTOMER.csv,수금점소,Master,C:/projects/myproject/QDQM/DS_Input/Internal/조직_수입관리.csv,조직_수입관리.csv,Master,OIO_ORG_COD,"[""AAAAA"", ""AAAAn"", ""AAAnn""]","[97.82, 1.98, 0.2]","[""AAAAA"", ""AAAAn"", ""AAAA"", ""A/A"", ""AAAnn""]","[95.92, 2.55, 0.51, 0.51, 0.51]",0,102,88.7
C:/projects/myproject/QDQM/DS_Input/Internal/CUSTOMER.csv,CUSTOMER.csv,수금점소,Master,C:/projects/myproject/QDQM/DS_Input/Internal/지점코드.csv,지점코드.csv,Master,OIO_ORG_COD,"[""AAAAA"", ""AAAAn"", ""AAAnn""]","[97.82, 1.98, 0.2]","[""AAAAA"", ""AAAAn"", ""AAAA"", ""A/A"", ""AAAnn""]","[95.92, 2.55, 0.51, 0.51, 0.51]",0,102,88.7
C:/projects/myproject/QDQM/DS_Input/Internal/CUSTOMER.csv,CUSTOMER.csv,수금점소,Master,C:/projects/myproject/QDQM/DS_Input/Internal/CONTRACT.csv,CONTRACT.csv,Master,CORRECT_ORG,"[""AAAAA"", ""AAAAn"", ""AAAnn""]","[97.82, 1.98, 0.2]","[""AAAAA"", ""AAAAn"", ""AAAnn""]","[97.72, 2.12, 0.16]",0,101,87.83
C:/projects/myproject/QDQM/DS_Input/Internal/CUSTOMER.csv,CUSTOMER.csv,수금점소,Master,C:/projects/myproject/QDQM/DS_Input/Internal/CONTRACT.csv,CONTRACT.csv,Master,REQUEST_ORG,"[""AAAAA"", ""AAAAn"", ""AAAnn""]","[97.82, 1.98, 0.2]","[""AAAAA"", ""AAAAn"", ""AAAnn"", ""A/A""]","[98.79, 1.04, 0.16, 0.01]",0,99,86.09
C:/projects/myproject/QDQM/DS_Input/Internal/CUSTOMER.csv,CUSTOMER.csv,수입조직,Master,C:/projects/myproject/QDQM/DS_Input/Internal/기업고객.csv,기업고객.csv,Master,수입조직,"[""nnnn""]",[100.0],"[""nnnn""]",[100.0],0,96,98.97
C:/projects/myproject/QDQM/DS_Input/Internal/CUSTOMER.csv,CUSTOMER.csv,수입조직,Master,C:/projects/myproject/QDQM/DS_Input/Internal/사용자.csv,사용자.csv,Master,점소코드,"[""nnnn""]",[100.0],"[""nnnn""]",[100.0],0,94,96.91
C:/projects/myproject/QDQM/DS_Input/Internal/CUSTOMER.csv,CUSTOMER.csv,수입조직,Master,C:/projects/myproject/QDQM/DS_Input/Test/Z사용자.csv,Z사용자.csv,Test,점소코드,"[""nnnn""]",[100.0],"[""nnnn""]",[100.0],0,92,94.85
C:/projects/myproject/QDQM/DS_Input/Internal/CUSTOMER.csv,CUSTOMER.csv,수입조직,Master,C:/projects/myproject/QDQM/DS_Input/Internal/CONTRACT.csv,CONTRACT.csv,Master,COST_ORG,"[""nnnn""]",[100.0],"[""nnnn""]",[100.0],0,90,92.78
C:/projects/myproject/QDQM/DS_Input/Internal/CUSTOMER.csv,CUSTOMER.csv,수입조직,Master,C:/projects/myproject/QDQM/DS_Input/Internal/조직_수입관리.csv,조직_수입관리.csv,Master,OIO_ORG_NCD,"[""nnnn""]",[100.0],"[""nnnn""]",[100.0],0,86,88.66
C:/projects/myproject/QDQM/DS_Input/Internal/CUSTOMER.csv,CUSTOMER.csv,수입조직,Master,C:/projects/myproject/QDQM/DS_Input/Internal/지점코드.csv,지점코드.csv,Master,OIO_ORG_NCD,"[""nnnn""]",[100.0],"[""nnnn""]",[100.0],0,86,88.66
C:/projects/myproject/QDQM/DS_Input/Internal/CUSTOMER.csv,CUSTOMER.csv,수입조직,Master,C:/projects/myproject/QDQM/DS_Input/Internal/택배_고객.csv,택배_고객.csv,Master,수입조직,"[""nnnn""]",[100.0],"[""nnnn""]",[100.0],0,84,86.6
C:/projects/myproject/QDQM/DS_Input/Internal/CUSTOMER.csv,CUSTOMER.csv,수입조직,Master,C:/projects/myproject/QDQM/DS_Input/Internal/ORGNIZATION.csv,ORGNIZATION.csv,Master,수입신규조직코드,"[""nnnn""]",[100.0],"[""nnnn""]",[100.0],0,68,70.1
C:/projects/myproject/QDQM/DS_Input/Internal/CUSTOMER.csv,CUSTOMER.csv,수입조직,Master,C:/projects/myproject/QDQM/DS_Input/Internal/택배_조직도.csv,택배_조직도.csv,Master,수입신규조직코드,"[""nnnn""]",[100.0],"[""nnnn""]",[100.0],0,68,70.1
C:/projects/myproject/QDQM/DS_Input/Internal/CUSTOMER.csv,CUSTOMER.csv,우편번호,Master,C:/projects/myproject/QDQM/DS_Input/Internal/기업고객.csv,기업고객.csv,Master,기업우편번호,"[""nnnnnn"", ""nnnnn"", ""nnn-n""]","[83.37, 16.62, 0.01]","[""nnnnnn"", ""nnnnn"", ""nnnn"", ""nnn-n""]","[83.37, 9.95, 6.67, 0.01]",0,3014,93.75
C:/projects/myproject/QDQM/DS_Input/Internal/CUSTOMER.csv,CUSTOMER.csv,우편번호,Master,C:/projects/myproject/QDQM/DS_Input/Internal/CUSTOMER.csv,CUSTOMER.csv,Master,청구지우편번호,"[""nnnnnn"", ""nnnnn"", ""nnn-n""]","[83.37, 16.62, 0.01]","[""nnnnnn"", ""nnnnn""]","[84.16, 15.84]",0,2802,87.15
C:/projects/myproject/QDQM/DS_Input/Internal/CUSTOMER.csv,CUSTOMER.csv,우편번호,Master,C:/projects/myproject/QDQM/DS_Input/Internal/기업고객.csv,기업고객.csv,Master,청구지우편번호,"[""nnnnnn"", ""nnnnn"", ""nnn-n""]","[83.37, 16.62, 0.01]","[""nnnnnn"", ""nnnnn"", ""nnnn""]","[87.71, 9.48, 2.8]",0,2676,83.23
C:/projects/myproject/QDQM/DS_Input/Internal/CUSTOMER.csv,CUSTOMER.csv,우편번호,Master,C:/projects/myproject/QDQM/DS_Input/Reference/우편번호3.csv,우편번호3.csv,Reference,우편번호3,"[""nnnnnn"", ""nnnnn"", ""nnn-n""]","[83.37, 16.62, 0.01]","[""nnnnn""]",[100.0],3,336,75.0
C:/projects/myproject/QDQM/DS_Input/Internal/CUSTOMER.csv,CUSTOMER.csv,우편번호,Master,C:/projects/myproject/QDQM/DS_Input/Internal/CUSTOMER.csv,CUSTOMER.csv,Master,집하지우편번호,"[""nnnnnn"", ""nnnnn"", ""nnn-n""]","[83.37, 16.62, 0.01]","[""nnnnnn"", ""nnnnn"", ""nnnn""]","[81.12, 18.86, 0.01]",0,2028,63.08
C:/projects/myproject/QDQM/DS_Input/Internal/CUSTOMER.csv,CUSTOMER.csv,우편번호,Master,C:/projects/myproject/QDQM/DS_Input/Internal/기업고객.csv,기업고객.csv,Master,집하지우편번호,"[""nnnnnn"", ""nnnnn"", ""nnn-n""]","[83.37, 16.62, 0.01]","[""nnnnnn"", ""nnnnn"", ""nnnn""]","[84.62, 12.7, 2.67]",0,1951,60.68
C:/projects/myproject/QDQM/DS_Input/Internal/CUSTOMER.csv,CUSTOMER.csv,주민_사업자등록번호,Master,C:/projects/myproject/QDQM/DS_Input/Internal/기업고객.csv,기업고객.csv,Master,기업사업자등록번호,"[""nnnnnnnnnn"", ""nnnnnnnnn"", ""nnnnnnnn""]","[99.97, 0.01, 0.01]","[""nnnnnnnnnn"", ""nnnnnnnnn"", ""nnnnnnnn""]","[99.97, 0.01, 0.01]",0,6722,96.03
C:/projects/myproject/QDQM/DS_Input/Internal/CUSTOMER.csv,CUSTOMER.csv,주민_사업자등록번호,Master,C:/projects/myproject/QDQM/DS_Input/Reference/사업자등록번호3.csv,사업자등록번호3.csv,Reference,유효사업자번호3,"[""nnnnnnnnnn"", ""nnnnnnnnn"", ""nnnnnnnn""]","[99.97, 0.01, 0.01]","[""nnnnnnnnnn""]",[100.0],3,558,77.07
C:/projects/myproject/QDQM/DS_Input/Internal/CUSTOMER.csv,CUSTOMER.csv,집하점소,Master,C:/projects/myproject/QDQM/DS_Input/Internal/ORGNIZATION.csv,ORGNIZATION.csv,Master,조직코드,"[""nnnn"", ""AAn"", ""nnn""]","[99.93, 0.05, 0.01]","[""nnnn"", ""nnn"", ""AAAAA"", ""AAAAAAA"", ""nnnnnn"", ""AAAA"", ""AA"", ""nnnnnnn"", ""nnnnn"", ""AAA""]","[78.96, 14.52, 2.4, 2.4, 1.02, 0.42, 0.13, 0.05, 0.05, 0.03]",0,1118,99.11
C:/projects/myproject/QDQM/DS_Input/Internal/CUSTOMER.csv,CUSTOMER.csv,집하점소,Master,C:/projects/myproject/QDQM/DS_Input/Internal/택배_조직도.csv,택배_조직도.csv,Master,조직코드,"[""nnnn"", ""AAn"", ""nnn""]","[99.93, 0.05, 0.01]","[""nnnn"", ""nnn"", ""AAAAA"", ""AAAAAAA"", ""nnnnnn"", ""AAAA"", ""AA"", ""nnnnnnn"", ""nnnnn"", ""AAA""]","[78.96, 14.52, 2.4, 2.4, 1.02, 0.42, 0.13, 0.05, 0.05, 0.03]",0,1118,99.11
C:/projects/myproject/QDQM/DS_Input/Internal/CUSTOMER.csv,CUSTOMER.csv,집하점소,Master,C:/projects/myproject/QDQM/DS_Input/Internal/기업고객.csv,기업고객.csv,Master,집하점소,"[""nnnn"", ""AAn"", ""nnn""]","[99.93, 0.05, 0.01]","[""nnnn"", ""nnn"", ""n"", ""nn"", ""AAn""]","[97.68, 1.98, 0.19, 0.1, 0.05]",0,1073,95.12
C:/projects/myproject/QDQM/DS_Input/Internal/CUSTOMER.csv,CUSTOMER.csv,집하점소,Master,C:/projects/myproject/QDQM/DS_Input/Internal/배송점.csv,배송점.csv,Master,배송점코드,"[""nnnn"", ""AAn"", ""nnn""]","[99.93, 0.05, 0.01]","[""nnnn"", ""nnnnnn"", ""nnnnn"", ""nnnnnnn""]","[98.85, 1.03, 0.08, 0.04]",0,1013,89.8
C:/projects/myproject/QDQM/DS_Input/Internal/CUSTOMER.csv,CUSTOMER.csv,집하점소,Master,C:/projects/myproject/QDQM/DS_Input/Internal/사원마스터.csv,사원마스터.csv,Master,조직코드,"[""nnnn"", ""AAn"", ""nnn""]","[99.93, 0.05, 0.01]","[""nnnn"", ""nnn"", ""AA"", ""nnnnnn"", ""AAAAA"", ""AAAA"", ""nnnnnnn""]","[97.07, 2.3, 0.22, 0.21, 0.14, 0.05, 0.01]",0,1012,89.72
C:/projects/myproject/QDQM/DS_Input/Internal/CUSTOMER.csv,CUSTOMER.csv,집하점소,Master,C:/projects/myproject/QDQM/DS_Input/Internal/사원기본.csv,사원기본.csv,Master,소속조직코드,"[""nnnn"", ""AAn"", ""nnn""]","[99.93, 0.05, 0.01]","[""nnnn"", ""nnn"", ""nnnnnn"", ""AA"", ""AAAAA"", ""AAAA"", ""AAA""]","[96.93, 2.45, 0.26, 0.2, 0.1, 0.05, 0.01]",0,1003,88.92
C:/projects/myproject/QDQM/DS_Input/Internal/CUSTOMER.csv,CUSTOMER.csv,집하점소,Master,C:/projects/myproject/QDQM/DS_Input/Internal/CONTRACT.csv,CONTRACT.csv,Master,ORG_CODE,"[""nnnn"", ""AAn"", ""nnn""]","[99.93, 0.05, 0.01]","[""nnnn"", ""nnn"", ""n"", ""nn"", ""AAn""]","[97.26, 2.13, 0.4, 0.16, 0.05]",0,938,83.16
C:/projects/myproject/QDQM/DS_Input/Internal/CUSTOMER.csv,CUSTOMER.csv,집하지소번지,Master,C:/projects/myproject/QDQM/DS_Input/Internal/CUSTOMER.csv,CUSTOMER.csv,Master,집하지대번지,"[""n"", ""nn"", ""nnn"", ""KK"", ""nK"", ""nnnn"", ""nnn-"", ""K"", ""nnK nnK"", ""/""]","[57.73, 34.11, 5.41, 0.86, 0.7, 0.38, 0.16, 0.16, 0.11, 0.05]","[""nnn"", ""nn"", ""nnnn"", ""n"", ""nnn-n"", ""nnn-nn"", ""KKK"", ""Aaa-nn"", ""."", ""nn-nn""]","[53.98, 15.4, 10.79, 6.38, 4.23, 2.53, 2.05, 0.68, 0.61, 0.61]",0,153,75.37
C:/projects/myproject/QDQM/DS_Input/Internal/CUSTOMER.csv,CUSTOMER.csv,집하지우편번호,Master,C:/projects/myproject/QDQM/DS_Input/Internal/기업고객.csv,기업고객.csv,Master,집하지우편번호,"[""nnnnnn"", ""nnnnn"", ""nnnn""]","[81.12, 18.86, 0.01]","[""nnnnnn"", ""nnnnn"", ""nnnn""]","[84.62, 12.7, 2.67]",0,4085,91.33
C:/projects/myproject/QDQM/DS_Input/Internal/CUSTOMER.csv,CUSTOMER.csv,집하지우편번호,Master,C:/projects/myproject/QDQM/DS_Input/Reference/우편번호3.csv,우편번호3.csv,Reference,우편번호3,"[""nnnnnn"", ""nnnnn"", ""nnnn""]","[81.12, 18.86, 0.01]","[""nnnnn""]",[100.0],3,379,77.35
C:/projects/myproject/QDQM/DS_Input/Internal/CUSTOMER.csv,CUSTOMER.csv,청구부서,Master,C:/projects/myproject/QDQM/DS_Input/Internal/기업고객.csv,기업고객.csv,Master,청구부서,"[""KK"", ""KKK"", ""."", ""KKKKK"", ""KKKK"", ""s"", "".."", ""KKKKKK"", ""KKKKKKK"", ""-""]","[41.04, 35.06, 9.24, 3.91, 2.75, 1.41, 1.3, 1.01, 0.47, 0.47]","[""KK"", ""KKK"", ""."", ""KKKKK"", ""KKKK"", ""s"", "".."", ""KKKKKK"", ""KKKKKKK"", ""-""]","[41.04, 35.06, 9.24, 3.91, 2.75, 1.41, 1.3, 1.01, 0.47, 0.47]",0,351,99.43
C:/projects/myproject/QDQM/DS_Input/Internal/CUSTOMER.csv,CUSTOMER.csv,청구부서,Master,C:/projects/myproject/QDQM/DS_Input/Internal/CUSTOMER.csv,CUSTOMER.csv,Master,담당부서,"[""KK"", ""KKK"", ""."", ""KKKKK"", ""KKKK"", ""s"", "".."", ""KKKKKK"", ""KKKKKKK"", ""-""]","[41.04, 35.06, 9.24, 3.91, 2.75, 1.41, 1.3, 1.01, 0.47, 0.47]","[""KK"", ""KKK"", ""."", ""KKKK"", ""KKKKK"", ""KKKKKK"", ""s"", ""KKKKKKK"", "".."", ""-""]","[48.24, 31.85, 5.66, 3.67, 3.48, 1.2, 0.77, 0.57, 0.43, 0.33]",0,316,89.52
C:/projects/myproject/QDQM/DS_Input/Internal/CUSTOMER.csv,CUSTOMER.csv,청구부서,Master,C:/projects/myproject/QDQM/DS_Input/Internal/기업고객.csv,기업고객.csv,Master,담당부서,"[""KK"", ""KKK"", ""."", ""KKKKK"", ""KKKK"", ""s"", "".."", ""KKKKKK"", ""KKKKKKK"", ""-""]","[41.04, 35.06, 9.24, 3.91, 2.75, 1.41, 1.3, 1.01, 0.47, 0.47]","[""KK"", ""KKK"", ""."", ""KKKK"", ""KKKKK"", ""KKKKKK"", ""s"", ""KKKKKKK"", "".."", ""-""]","[48.24, 31.85, 5.66, 3.67, 3.48, 1.2, 0.77, 0.57, 0.43, 0.33]",0,315,89.24
C:/projects/myproject/QDQM/DS_Input/Internal/CUSTOMER.csv,CUSTOMER.csv,청구점소,Master,C:/projects/myproject/QDQM/DS_Input/Internal/기업고객.csv,기업고객.csv,Master,청구점소,"[""AAAAA"", ""AAAAn"", ""AAAnn""]","[98.9, 0.93, 0.17]","[""AAAAA"", ""AAAAn"", ""AAAnn""]","[98.86, 0.97, 0.18]",0,109,100.0
C:/projects/myproject/QDQM/DS_Input/Internal/CUSTOMER.csv,CUSTOMER.csv,청구점소,Master,C:/projects/myproject/QDQM/DS_Input/Internal/CUSTOMER.csv,CUSTOMER.csv,Master,수금점소,"[""AAAAA"", ""AAAAn"", ""AAAnn""]","[98.9, 0.93, 0.17]","[""AAAAA"", ""AAAAn"", ""AAAnn""]","[97.82, 1.98, 0.2]",0,104,95.41
C:/projects/myproject/QDQM/DS_Input/Internal/CUSTOMER.csv,CUSTOMER.csv,청구점소,Master,C:/projects/myproject/QDQM/DS_Input/Internal/기업고객.csv,기업고객.csv,Master,수금점소,"[""AAAAA"", ""AAAAn"", ""AAAnn""]","[98.9, 0.93, 0.17]","[""AAAAA"", ""AAAAn"", ""AAAnn""]","[97.73, 2.07, 0.2]",0,104,95.41
C:/projects/myproject/QDQM/DS_Input/Internal/CUSTOMER.csv,CUSTOMER.csv,청구점소,Master,C:/projects/myproject/QDQM/DS_Input/Internal/CONTRACT.csv,CONTRACT.csv,Master,CORRECT_ORG,"[""AAAAA"", ""AAAAn"", ""AAAnn""]","[98.9, 0.93, 0.17]","[""AAAAA"", ""AAAAn"", ""AAAnn""]","[97.72, 2.12, 0.16]",0,100,91.74
C:/projects/myproject/QDQM/DS_Input/Internal/CUSTOMER.csv,CUSTOMER.csv,청구점소,Master,C:/projects/myproject/QDQM/DS_Input/Internal/CONTRACT.csv,CONTRACT.csv,Master,REQUEST_ORG,"[""AAAAA"", ""AAAAn"", ""AAAnn""]","[98.9, 0.93, 0.17]","[""AAAAA"", ""AAAAn"", ""AAAnn"", ""A/A""]","[98.79, 1.04, 0.16, 0.01]",0,100,91.74
C:/projects/myproject/QDQM/DS_Input/Internal/CUSTOMER.csv,CUSTOMER.csv,청구점소,Master,C:/projects/myproject/QDQM/DS_Input/Internal/조직_수입관리.csv,조직_수입관리.csv,Master,OIO_ORG_COD,"[""AAAAA"", ""AAAAn"", ""AAAnn""]","[98.9, 0.93, 0.17]","[""AAAAA"", ""AAAAn"", ""AAAA"", ""A/A"", ""AAAnn""]","[95.92, 2.55, 0.51, 0.51, 0.51]",0,96,88.07
C:/projects/myproject/QDQM/DS_Input/Internal/CUSTOMER.csv,CUSTOMER.csv,청구점소,Master,C:/projects/myproject/QDQM/DS_Input/Internal/지점코드.csv,지점코드.csv,Master,OIO_ORG_COD,"[""AAAAA"", ""AAAAn"", ""AAAnn""]","[98.9, 0.93, 0.17]","[""AAAAA"", ""AAAAn"", ""AAAA"", ""A/A"", ""AAAnn""]","[95.92, 2.55, 0.51, 0.51, 0.51]",0,96,88.07
C:/projects/myproject/QDQM/DS_Input/Internal/CUSTOMER.csv,CUSTOMER.csv,청구점소,Master,C:/projects/myproject/QDQM/DS_Input/Internal/ORGNIZATION.csv,ORGNIZATION.csv,Master,수입조직코드,"[""AAAAA"", ""AAAAn"", ""AAAnn""]","[98.9, 0.93, 0.17]","[""AAAAA""]",[100.0],0,69,63.3
C:/projects/myproject/QDQM/DS_Input/Internal/CUSTOMER.csv,CUSTOMER.csv,청구점소,Master,C:/projects/myproject/QDQM/DS_Input/Internal/택배_조직도.csv,택배_조직도.csv,Master,수입조직코드,"[""AAAAA"", ""AAAAn"", ""AAAnn""]","[98.9, 0.93, 0.17]","[""AAAAA""]",[100.0],0,69,63.3
C:/projects/myproject/QDQM/DS_Input/Internal/CUSTOMER.csv,CUSTOMER.csv,청구지우편번호,Master,C:/projects/myproject/QDQM/DS_Input/Internal/기업고객.csv,기업고객.csv,Master,청구지우편번호,"[""nnnnnn"", ""nnnnn""]","[84.16, 15.84]","[""nnnnnn"", ""nnnnn"", ""nnnn""]","[87.71, 9.48, 2.8]",0,3204,88.73
C:/projects/myproject/QDQM/DS_Input/Internal/CUSTOMER.csv,CUSTOMER.csv,청구지우편번호,Master,C:/projects/myproject/QDQM/DS_Input/Internal/CUSTOMER.csv,CUSTOMER.csv,Master,우편번호,"[""nnnnnn"", ""nnnnn""]","[84.16, 15.84]","[""nnnnnn"", ""nnnnn"", ""nnn-n""]","[83.37, 16.62, 0.01]",0,2802,77.6
C:/projects/myproject/QDQM/DS_Input/Internal/CUSTOMER.csv,CUSTOMER.csv,청구지우편번호,Master,C:/projects/myproject/QDQM/DS_Input/Reference/우편번호3.csv,우편번호3.csv,Reference,우편번호3,"[""nnnnnn"", ""nnnnn""]","[84.16, 15.84]","[""nnnnn""]",[100.0],3,358,76.33
C:/projects/myproject/QDQM/DS_Input/Internal/CUSTOMER.csv,CUSTOMER.csv,청구지우편번호,Master,C:/projects/myproject/QDQM/DS_Input/Internal/기업고객.csv,기업고객.csv,Master,기업우편번호,"[""nnnnnn"", ""nnnnn""]","[84.16, 15.84]","[""nnnnnn"", ""nnnnn"", ""nnnn"", ""nnn-n""]","[83.37, 9.95, 6.67, 0.01]",0,2679,74.19
C:/projects/myproject/QDQM/DS_Input/Internal/CUSTOMER.csv,CUSTOMER.csv,청구지우편번호,Master,C:/projects/myproject/QDQM/DS_Input/Internal/CUSTOMER.csv,CUSTOMER.csv,Master,집하지우편번호,"[""nnnnnn"", ""nnnnn""]","[84.16, 15.84]","[""nnnnnn"", ""nnnnn"", ""nnnn""]","[81.12, 18.86, 0.01]",0,2362,65.41
C:/projects/myproject/QDQM/DS_Input/Internal/CUSTOMER.csv,CUSTOMER.csv,최종변경자사번,Master,C:/projects/myproject/QDQM/DS_Input/Internal/기업고객.csv,기업고객.csv,Master,최종변경자사번,"[""nnnnnnn"", ""AAAAAAA"", ""AAAAA"", ""AAAAAA"", ""AAAnnnn""]","[97.03, 1.99, 0.89, 0.08, 0.01]","[""nnnnnnn"", ""nnnnnn"", ""AAAAAAA"", ""AAAAA"", ""nnnnn"", ""AAAAAA"", ""AAAnnnn""]","[58.19, 38.21, 2.05, 0.92, 0.53, 0.08, 0.01]",0,347,74.46
C:/projects/myproject/QDQM/DS_Input/Internal/CUSTOMER.csv,CUSTOMER.csv,최종수정일시,Master,C:/projects/myproject/QDQM/DS_Input/Internal/기업고객.csv,기업고객.csv,Master,최종수정일시,"[""nn:nn""]",[100.0],"[""nn:nn""]",[100.0],0,1845,92.57
C:/projects/myproject/QDQM/DS_Input/Internal/CUSTOMER.csv,CUSTOMER.csv,최종수정일시,Master,C:/projects/myproject/QDQM/DS_Input/Internal/고객마스터.csv,고객마스터.csv,Master,등록일시,"[""nn:nn""]",[100.0],"[""nn:nn""]",[100.0],0,1764,88.51
C:/projects/myproject/QDQM/DS_Input/Internal/CUSTOMER.csv,CUSTOMER.csv,최종수정일시,Master,C:/projects/myproject/QDQM/DS_Input/Internal/고객마스터.csv,고객마스터.csv,Master,최종사원업데이트일시,"[""nn:nn""]",[100.0],"[""nn:nn""]",[100.0],0,1531,76.82
C:/projects/myproject/QDQM/DS_Input/Internal/CUSTOMER.csv,CUSTOMER.csv,판매원사번,Master,C:/projects/myproject/QDQM/DS_Input/Internal/기업고객.csv,기업고객.csv,Master,판매원사번,"[""nnnnnnn"", ""AAAnnnn""]","[99.97, 0.03]","[""nnnnnnn"", ""nnnnnn"", ""nnnnn"", ""AAAnnnn""]","[60.04, 27.83, 12.1, 0.03]",0,686,68.46
C:/projects/myproject/QDQM/DS_Input/Internal/CUSTOMER.csv,CUSTOMER.csv,판매일,Master,Rule,Rule,Rule,DATECHAR,,0,,0,,7702,100.0
C:/projects/myproject/QDQM/DS_Input/Internal/CUSTOMER.csv,CUSTOMER.csv,판매일,Master,C:/projects/myproject/QDQM/DS_Input/Internal/기업고객.csv,기업고객.csv,Master,판매일,"[""nnnnnnnn""]",[100.0],"[""nnnnnnnn""]",[100.0],0,3700,96.56
C:/projects/myproject/QDQM/DS_Input/Internal/CUSTOMER.csv,CUSTOMER.csv,판매일,Master,C:/projects/myproject/QDQM/DS_Input/Internal/CONTRACT.csv,CONTRACT.csv,Master,CONTRACT_DATE,"[""nnnnnnnn""]",[100.0],"[""nnnnnnnn""]",[100.0],0,2528,65.97
C:/projects/myproject/QDQM/DS_Input/Internal/CUSTOMER.csv,CUSTOMER.csv,판매일,Master,C:/projects/myproject/QDQM/DS_Input/Internal/사원마스터.csv,사원마스터.csv,Master,근무시작일자,"[""nnnnnnnn""]",[100.0],"[""nnnnnnnn"", ""nnnnnn"", ""nnnn""]","[99.93, 0.04, 0.03]",0,2486,64.87
C:/projects/myproject/QDQM/DS_Input/Internal/CUSTOMER.csv,CUSTOMER.csv,판매일,Master,C:/projects/myproject/QDQM/DS_Input/Internal/사원기본.csv,사원기본.csv,Master,시근일자,"[""nnnnnnnn""]",[100.0],"[""nnnnnnnn"", ""nnnnnn"", ""nnnn""]","[99.91, 0.08, 0.01]",0,2305,60.15
C:/projects/myproject/QDQM/DS_Input/Internal/CUSTOMER.csv,CUSTOMER.csv,판매점소,Master,C:/projects/myproject/QDQM/DS_Input/Internal/기업고객.csv,기업고객.csv,Master,판매점소,"[""AAAAA"", ""AAAAAAA"", ""AAAAAA"", ""AA""]","[78.07, 18.56, 3.32, 0.05]","[""AAAAA"", ""AAAAAAA"", ""AAAAAA"", ""AA""]","[81.38, 15.27, 3.3, 0.05]",0,90,96.77
C:/projects/myproject/QDQM/DS_Input/Internal/CUSTOMER.csv,CUSTOMER.csv,판매점소,Master,C:/projects/myproject/QDQM/DS_Input/Internal/CONTRACT.csv,CONTRACT.csv,Master,CONTRACT_ORG_CD,"[""AAAAA"", ""AAAAAAA"", ""AAAAAA"", ""AA""]","[78.07, 18.56, 3.32, 0.05]","[""AAAAAAA"", ""AAAAA"", ""AAAAAA"", ""AA""]","[66.44, 31.13, 2.42, 0.01]",0,82,88.17
C:/projects/myproject/QDQM/DS_Input/Internal/CUSTOMER.csv,CUSTOMER.csv,판매점소,Master,C:/projects/myproject/QDQM/DS_Input/Internal/택배_고객.csv,택배_고객.csv,Master,판매점소,"[""AAAAA"", ""AAAAAAA"", ""AAAAAA"", ""AA""]","[78.07, 18.56, 3.32, 0.05]","[""AAAAA"", ""AAAAAAA"", ""AAAAAA"", ""AA""]","[97.44, 2.26, 0.26, 0.04]",0,77,82.8
C:/projects/myproject/QDQM/DS_Input/Internal/CUSTOMER.csv,CUSTOMER.csv,판매점소,Master,C:/projects/myproject/QDQM/DS_Input/Test/Z검증용데이터.csv,Z검증용데이터.csv,Test,판매점소,"[""AAAAA"", ""AAAAAAA"", ""AAAAAA"", ""AA""]","[78.07, 18.56, 3.32, 0.05]","[""AAAAA"", ""AAAAAAA"", ""AAAAAA"", ""AA""]","[58.86, 37.29, 3.8, 0.05]",0,75,80.65
C:/projects/myproject/QDQM/DS_Input/Internal/ORGNIZATION.csv,ORGNIZATION.csv,X좌표,Master,C:/projects/myproject/QDQM/DS_Input/Internal/택배_조직도.csv,택배_조직도.csv,Master,X좌표,"[""nnnnnn"", ""nnn.nnnnn"", ""nnn.nnnn"", ""nnn.nnn"", ""n""]","[56.61, 39.01, 3.97, 0.25, 0.17]","[""nnnnnn"", ""nnn.nnnnn"", ""nnn.nnnn"", ""nnn.nnn"", ""n""]","[56.61, 39.01, 3.97, 0.25, 0.17]",0,758,100.0
C:/projects/myproject/QDQM/DS_Input/Internal/ORGNIZATION.csv,ORGNIZATION.csv,Y좌표,Master,C:/projects/myproject/QDQM/DS_Input/Internal/택배_조직도.csv,택배_조직도.csv,Master,Y좌표,"[""nnnnnn"", ""nn.nnnnn"", ""nn.nnnn"", ""nn.nnn"", ""nnnnn"", ""nn.nn"", ""n""]","[56.28, 39.34, 2.89, 0.83, 0.33, 0.17, 0.17]","[""nnnnnn"", ""nn.nnnnn"", ""nn.nnnn"", ""nn.nnn"", ""nnnnn"", ""nn.nn"", ""n""]","[56.28, 39.34, 2.89, 0.83, 0.33, 0.17, 0.17]",0,754,100.0
C:/projects/myproject/QDQM/DS_Input/Internal/ORGNIZATION.csv,ORGNIZATION.csv,기본주소,Master,Rule,Rule,Rule,ADDRESS,,0,,0,,1980,100.0
C:/projects/myproject/QDQM/DS_Input/Internal/ORGNIZATION.csv,ORGNIZATION.csv,사업자등록번호,Master,C:/projects/myproject/QDQM/DS_Input/Internal/택배_조직도.csv,택배_조직도.csv,Master,사업자등록번호,"[""nnnnnnnnnn""]",[100.0],"[""nnnnnnnnnn""]",[100.0],0,1444,100.0
C:/projects/myproject/QDQM/DS_Input/Internal/ORGNIZATION.csv,ORGNIZATION.csv,사업자등록번호,Master,C:/projects/myproject/QDQM/DS_Input/Internal/배송점.csv,배송점.csv,Master,사업자등록번호,"[""nnnnnnnnnn""]",[100.0],"[""nnnnnnnnnn""]",[100.0],0,1364,94.46
C:/projects/myproject/QDQM/DS_Input/Internal/ORGNIZATION.csv,ORGNIZATION.csv,사업자등록번호,Master,C:/projects/myproject/QDQM/DS_Input/Reference/사업자등록번호3.csv,사업자등록번호3.csv,Reference,유효사업자번호3,"[""nnnnnnnnnn""]",[100.0],"[""nnnnnnnnnn""]",[100.0],3,396,80.65
C:/projects/myproject/QDQM/DS_Input/Internal/ORGNIZATION.csv,ORGNIZATION.csv,사업자등록번호,Master,C:/projects/myproject/QDQM/DS_Input/Internal/PRM계약.csv,PRM계약.csv,Master,사업자번호,"[""nnnnnnnnnn""]",[100.0],"[""nnnnnnnnnn""]",[100.0],0,884,61.22
C:/projects/myproject/QDQM/DS_Input/Internal/ORGNIZATION.csv,ORGNIZATION.csv,상위조직코드,Master,C:/projects/myproject/QDQM/DS_Input/Internal/택배_조직도.csv,택배_조직도.csv,Master,상위조직코드,"[""nnn"", ""AAAAAAA"", ""AAAAA"", ""nnnn"", ""AAAAAA"", ""AAA""]","[80.04, 12.45, 6.2, 1.05, 0.24, 0.03]","[""nnn"", ""AAAAAAA"", ""AAAAA"", ""nnnn"", ""AAAAAA"", ""AAA""]","[80.04, 12.45, 6.2, 1.05, 0.24, 0.03]",0,626,100.0
C:/projects/myproject/QDQM/DS_Input/Internal/ORGNIZATION.csv,ORGNIZATION.csv,상위조직코드,Master,C:/projects/myproject/QDQM/DS_Input/Internal/ORGNIZATION.csv,ORGNIZATION.csv,Master,조직코드,"[""nnn"", ""AAAAAAA"", ""AAAAA"", ""nnnn"", ""AAAAAA"", ""AAA""]","[80.04, 12.45, 6.2, 1.05, 0.24, 0.03]","[""nnnn"", ""nnn"", ""AAAAA"", ""AAAAAAA"", ""nnnnnn"", ""AAAA"", ""AA"", ""nnnnnnn"", ""nnnnn"", ""AAA""]","[78.96, 14.52, 2.4, 2.4, 1.02, 0.42, 0.13, 0.05, 0.05, 0.03]",0,615,98.24
C:/projects/myproject/QDQM/DS_Input/Internal/ORGNIZATION.csv,ORGNIZATION.csv,상위조직코드,Master,C:/projects/myproject/QDQM/DS_Input/Internal/택배_조직도.csv,택배_조직도.csv,Master,조직코드,"[""nnn"", ""AAAAAAA"", ""AAAAA"", ""nnnn"", ""AAAAAA"", ""AAA""]","[80.04, 12.45, 6.2, 1.05, 0.24, 0.03]","[""nnnn"", ""nnn"", ""AAAAA"", ""AAAAAAA"", ""nnnnnn"", ""AAAA"", ""AA"", ""nnnnnnn"", ""nnnnn"", ""AAA""]","[78.96, 14.52, 2.4, 2.4, 1.02, 0.42, 0.13, 0.05, 0.05, 0.03]",0,615,98.24
C:/projects/myproject/QDQM/DS_Input/Internal/ORGNIZATION.csv,ORGNIZATION.csv,수입신규조직코드,Master,C:/projects/myproject/QDQM/DS_Input/Internal/택배_조직도.csv,택배_조직도.csv,Master,수입신규조직코드,"[""nnnn""]",[100.0],"[""nnnn""]",[100.0],0,84,100.0
C:/projects/myproject/QDQM/DS_Input/Internal/ORGNIZATION.csv,ORGNIZATION.csv,수입신규조직코드,Master,C:/projects/myproject/QDQM/DS_Input/Internal/사용자.csv,사용자.csv,Master,점소코드,"[""nnnn""]",[100.0],"[""nnnn""]",[100.0],0,81,96.43
C:/projects/myproject/QDQM/DS_Input/Internal/ORGNIZATION.csv,ORGNIZATION.csv,수입신규조직코드,Master,C:/projects/myproject/QDQM/DS_Input/Internal/조직_수입관리.csv,조직_수입관리.csv,Master,OIO_ORG_NCD,"[""nnnn""]",[100.0],"[""nnnn""]",[100.0],0,80,95.24
C:/projects/myproject/QDQM/DS_Input/Internal/ORGNIZATION.csv,ORGNIZATION.csv,수입신규조직코드,Master,C:/projects/myproject/QDQM/DS_Input/Internal/지점코드.csv,지점코드.csv,Master,OIO_ORG_NCD,"[""nnnn""]",[100.0],"[""nnnn""]",[100.0],0,80,95.24
C:/projects/myproject/QDQM/DS_Input/Internal/ORGNIZATION.csv,ORGNIZATION.csv,수입신규조직코드,Master,C:/projects/myproject/QDQM/DS_Input/Test/Z사용자.csv,Z사용자.csv,Test,점소코드,"[""nnnn""]",[100.0],"[""nnnn""]",[100.0],0,77,91.67
C:/projects/myproject/QDQM/DS_Input/Internal/ORGNIZATION.csv,ORGNIZATION.csv,수입신규조직코드,Master,C:/projects/myproject/QDQM/DS_Input/Internal/CONTRACT.csv,CONTRACT.csv,Master,COST_ORG,"[""nnnn""]",[100.0],"[""nnnn""]",[100.0],0,70,83.33
C:/projects/myproject/QDQM/DS_Input/Internal/ORGNIZATION.csv,ORGNIZATION.csv,수입신규조직코드,Master,C:/projects/myproject/QDQM/DS_Input/Internal/택배_고객.csv,택배_고객.csv,Master,수입조직,"[""nnnn""]",[100.0],"[""nnnn""]",[100.0],0,70,83.33
C:/projects/myproject/QDQM/DS_Input/Internal/ORGNIZATION.csv,ORGNIZATION.csv,수입신규조직코드,Master,C:/projects/myproject/QDQM/DS_Input/Internal/CUSTOMER.csv,CUSTOMER.csv,Master,수입조직,"[""nnnn""]",[100.0],"[""nnnn""]",[100.0],0,68,80.95
C:/projects/myproject/QDQM/DS_Input/Internal/ORGNIZATION.csv,ORGNIZATION.csv,수입신규조직코드,Master,C:/projects/myproject/QDQM/DS_Input/Internal/기업고객.csv,기업고객.csv,Master,수입조직,"[""nnnn""]",[100.0],"[""nnnn""]",[100.0],0,67,79.76
C:/projects/myproject/QDQM/DS_Input/Internal/ORGNIZATION.csv,ORGNIZATION.csv,수입조직코드,Master,C:/projects/myproject/QDQM/DS_Input/Internal/택배_조직도.csv,택배_조직도.csv,Master,수입조직코드,"[""AAAAA""]",[100.0],"[""AAAAA""]",[100.0],0,84,100.0
C:/projects/myproject/QDQM/DS_Input/Internal/ORGNIZATION.csv,ORGNIZATION.csv,수입조직코드,Master,C:/projects/myproject/QDQM/DS_Input/Internal/조직_수입관리.csv,조직_수입관리.csv,Master,OIO_ORG_COD,"[""AAAAA""]",[100.0],"[""AAAAA"", ""AAAAn"", ""AAAA"", ""A/A"", ""AAAnn""]","[95.92, 2.55, 0.51, 0.51, 0.51]",0,81,96.43
C:/projects/myproject/QDQM/DS_Input/Internal/ORGNIZATION.csv,ORGNIZATION.csv,수입조직코드,Master,C:/projects/myproject/QDQM/DS_Input/Internal/지점코드.csv,지점코드.csv,Master,OIO_ORG_COD,"[""AAAAA""]",[100.0],"[""AAAAA"", ""AAAAn"", ""AAAA"", ""A/A"", ""AAAnn""]","[95.92, 2.55, 0.51, 0.51, 0.51]",0,81,96.43
C:/projects/myproject/QDQM/DS_Input/Internal/ORGNIZATION.csv,ORGNIZATION.csv,수입조직코드,Master,C:/projects/myproject/QDQM/DS_Input/Internal/CONTRACT.csv,CONTRACT.csv,Master,REQUEST_ORG,"[""AAAAA""]",[100.0],"[""AAAAA"", ""AAAAn"", ""AAAnn"", ""A/A""]","[98.79, 1.04, 0.16, 0.01]",0,71,84.52
C:/projects/myproject/QDQM/DS_Input/Internal/ORGNIZATION.csv,ORGNIZATION.csv,수입조직코드,Master,C:/projects/myproject/QDQM/DS_Input/Internal/CONTRACT.csv,CONTRACT.csv,Master,CORRECT_ORG,"[""AAAAA""]",[100.0],"[""AAAAA"", ""AAAAn"", ""AAAnn""]","[97.72, 2.12, 0.16]",0,70,83.33
C:/projects/myproject/QDQM/DS_Input/Internal/ORGNIZATION.csv,ORGNIZATION.csv,수입조직코드,Master,C:/projects/myproject/QDQM/DS_Input/Internal/CUSTOMER.csv,CUSTOMER.csv,Master,청구점소,"[""AAAAA""]",[100.0],"[""AAAAA"", ""AAAAn"", ""AAAnn""]","[98.9, 0.93, 0.17]",0,69,82.14
C:/projects/myproject/QDQM/DS_Input/Internal/ORGNIZATION.csv,ORGNIZATION.csv,수입조직코드,Master,C:/projects/myproject/QDQM/DS_Input/Internal/기업고객.csv,기업고객.csv,Master,청구점소,"[""AAAAA""]",[100.0],"[""AAAAA"", ""AAAAn"", ""AAAnn""]","[98.86, 0.97, 0.18]",0,69,82.14
C:/projects/myproject/QDQM/DS_Input/Internal/ORGNIZATION.csv,ORGNIZATION.csv,수입조직코드,Master,C:/projects/myproject/QDQM/DS_Input/Internal/CUSTOMER.csv,CUSTOMER.csv,Master,수금점소,"[""AAAAA""]",[100.0],"[""AAAAA"", ""AAAAn"", ""AAAnn""]","[97.82, 1.98, 0.2]",0,68,80.95
C:/projects/myproject/QDQM/DS_Input/Internal/ORGNIZATION.csv,ORGNIZATION.csv,수입조직코드,Master,C:/projects/myproject/QDQM/DS_Input/Internal/기업고객.csv,기업고객.csv,Master,수금점소,"[""AAAAA""]",[100.0],"[""AAAAA"", ""AAAAn"", ""AAAnn""]","[97.73, 2.07, 0.2]",0,68,80.95
C:/projects/myproject/QDQM/DS_Input/Internal/ORGNIZATION.csv,ORGNIZATION.csv,우편번호,Master,C:/projects/myproject/QDQM/DS_Input/Internal/택배_조직도.csv,택배_조직도.csv,Master,우편번호,"[""nnnnnn"", ""nnnnn""]","[56.54, 43.46]","[""nnnnnn"", ""nnnnn""]","[56.54, 43.46]",0,1547,100.0
C:/projects/myproject/QDQM/DS_Input/Internal/ORGNIZATION.csv,ORGNIZATION.csv,우편번호,Master,C:/projects/myproject/QDQM/DS_Input/Internal/배송점.csv,배송점.csv,Master,우편번호,"[""nnnnnn"", ""nnnnn""]","[56.54, 43.46]","[""nnnnnn"", ""nnnnn""]","[60.82, 39.18]",0,1341,86.68
C:/projects/myproject/QDQM/DS_Input/Internal/ORGNIZATION.csv,ORGNIZATION.csv,우편번호,Master,C:/projects/myproject/QDQM/DS_Input/Reference/우편번호3.csv,우편번호3.csv,Reference,우편번호3,"[""nnnnnn"", ""nnnnn""]","[56.54, 43.46]","[""nnnnn""]",[100.0],3,345,78.23
C:/projects/myproject/QDQM/DS_Input/Internal/ORGNIZATION.csv,ORGNIZATION.csv,조직계약시작일자,Master,C:/projects/myproject/QDQM/DS_Input/Internal/택배_조직도.csv,택배_조직도.csv,Master,조직계약시작일자,"[""nnnnnnnn"", ""nnnnnn"", ""nnnnnnn""]","[99.75, 0.15, 0.1]","[""nnnnnnnn"", ""nnnnnn"", ""nnnnnnn""]","[99.75, 0.15, 0.1]",0,567,100.0
C:/projects/myproject/QDQM/DS_Input/Internal/ORGNIZATION.csv,ORGNIZATION.csv,조직계약시작일자,Master,C:/projects/myproject/QDQM/DS_Input/Internal/사원마스터.csv,사원마스터.csv,Master,근무시작일자,"[""nnnnnnnn"", ""nnnnnn"", ""nnnnnnn""]","[99.75, 0.15, 0.1]","[""nnnnnnnn"", ""nnnnnn"", ""nnnn""]","[99.93, 0.04, 0.03]",0,442,77.95
C:/projects/myproject/QDQM/DS_Input/Internal/ORGNIZATION.csv,ORGNIZATION.csv,조직계약시작일자,Master,C:/projects/myproject/QDQM/DS_Input/Internal/사원기본.csv,사원기본.csv,Master,시근일자,"[""nnnnnnnn"", ""nnnnnn"", ""nnnnnnn""]","[99.75, 0.15, 0.1]","[""nnnnnnnn"", ""nnnnnn"", ""nnnn""]","[99.91, 0.08, 0.01]",0,410,72.31
C:/projects/myproject/QDQM/DS_Input/Internal/ORGNIZATION.csv,ORGNIZATION.csv,조직계약시작일자,Master,C:/projects/myproject/QDQM/DS_Input/Internal/CONTRACT.csv,CONTRACT.csv,Master,CONTRACT_DATE,"[""nnnnnnnn"", ""nnnnnn"", ""nnnnnnn""]","[99.75, 0.15, 0.1]","[""nnnnnnnn""]",[100.0],0,396,69.84
C:/projects/myproject/QDQM/DS_Input/Internal/ORGNIZATION.csv,ORGNIZATION.csv,조직계약시작일자,Master,C:/projects/myproject/QDQM/DS_Input/Internal/배송점.csv,배송점.csv,Master,조직계약시작일자,"[""nnnnnnnn"", ""nnnnnn"", ""nnnnnnn""]","[99.75, 0.15, 0.1]","[""nnnnnnnn""]",[100.0],0,394,69.49
C:/projects/myproject/QDQM/DS_Input/Internal/ORGNIZATION.csv,ORGNIZATION.csv,조직계약시작일자,Master,C:/projects/myproject/QDQM/DS_Input/Internal/CUSTOMER.csv,CUSTOMER.csv,Master,판매일,"[""nnnnnnnn"", ""nnnnnn"", ""nnnnnnn""]","[99.75, 0.15, 0.1]","[""nnnnnnnn""]",[100.0],0,391,68.96
C:/projects/myproject/QDQM/DS_Input/Internal/ORGNIZATION.csv,ORGNIZATION.csv,조직계약시작일자,Master,C:/projects/myproject/QDQM/DS_Input/Internal/기업고객.csv,기업고객.csv,Master,판매일,"[""nnnnnnnn"", ""nnnnnn"", ""nnnnnnn""]","[99.75, 0.15, 0.1]","[""nnnnnnnn""]",[100.0],0,391,68.96
C:/projects/myproject/QDQM/DS_Input/Internal/ORGNIZATION.csv,ORGNIZATION.csv,조직계약종료일자,Master,C:/projects/myproject/QDQM/DS_Input/Internal/택배_조직도.csv,택배_조직도.csv,Master,조직계약종료일자,"[""nnnnnnnn""]",[100.0],"[""nnnnnnnn""]",[100.0],0,110,100.0
C:/projects/myproject/QDQM/DS_Input/Internal/ORGNIZATION.csv,ORGNIZATION.csv,조직계약종료일자,Master,Rule,Rule,Rule,DATECHAR,,0,,0,,938,100.0
C:/projects/myproject/QDQM/DS_Input/Internal/ORGNIZATION.csv,ORGNIZATION.csv,조직계약종료일자,Master,C:/projects/myproject/QDQM/DS_Input/Internal/배송점.csv,배송점.csv,Master,조직계약종료일자,"[""nnnnnnnn""]",[100.0],"[""nnnnnnnn""]",[100.0],0,101,91.82
C:/projects/myproject/QDQM/DS_Input/Internal/ORGNIZATION.csv,ORGNIZATION.csv,조직계약종료일자,Master,C:/projects/myproject/QDQM/DS_Input/Internal/CUSTOMER.csv,CUSTOMER.csv,Master,계약기간종료일,"[""nnnnnnnn""]",[100.0],"[""nnnnnnnn""]",[100.0],0,93,84.55
C:/projects/myproject/QDQM/DS_Input/Internal/ORGNIZATION.csv,ORGNIZATION.csv,조직계약종료일자,Master,C:/projects/myproject/QDQM/DS_Input/Internal/기업고객.csv,기업고객.csv,Master,계약기간종료일,"[""nnnnnnnn""]",[100.0],"[""nnnnnnnn""]",[100.0],0,93,84.55
C:/projects/myproject/QDQM/DS_Input/Internal/ORGNIZATION.csv,ORGNIZATION.csv,조직계약종료일자,Master,C:/projects/myproject/QDQM/DS_Input/Internal/사원마스터.csv,사원마스터.csv,Master,근무시작일자,"[""nnnnnnnn""]",[100.0],"[""nnnnnnnn"", ""nnnnnn"", ""nnnn""]","[99.93, 0.04, 0.03]",0,71,64.55
C:/projects/myproject/QDQM/DS_Input/Internal/ORGNIZATION.csv,ORGNIZATION.csv,조직구분코드,Master,C:/projects/myproject/QDQM/DS_Input/Internal/택배_조직도.csv,택배_조직도.csv,Master,조직구분코드,"[""AAAAAAA"", ""AAA"", ""AAAAAA"", ""AAAAsAAAA"", ""AAAsAAAA"", ""AAAA"", ""AA"", ""AAAAA"", ""AAAsAAAsAA"", ""AAAAAAAA""]","[60.04, 17.73, 12.17, 5.92, 1.51, 1.25, 0.91, 0.42, 0.03, 0.03]","[""AAAAAAA"", ""AAA"", ""AAAAAA"", ""AAAAsAAAA"", ""AAAsAAAA"", ""AAAA"", ""AA"", ""AAAAA"", ""AAAsAAAsAA"", ""AAAAAAAA""]","[60.04, 17.73, 12.17, 5.92, 1.51, 1.25, 0.91, 0.42, 0.03, 0.03]",0,15,100.0
C:/projects/myproject/QDQM/DS_Input/Internal/ORGNIZATION.csv,ORGNIZATION.csv,조직명,Master,C:/projects/myproject/QDQM/DS_Input/Internal/택배_조직도.csv,택배_조직도.csv,Master,조직명,"[""KK(K)"", ""KKKK(K)"", ""KK"", ""KKK(K)"", ""KKKK[KK]"", ""KKKK"", ""KK[KK]"", ""KKKKKK"", ""KKK"", ""AKK""]","[23.15, 9.05, 6.65, 6.6, 6.15, 4.04, 2.63, 2.16, 2.06, 1.75]","[""KK(K)"", ""KKKK(K)"", ""KK"", ""KKK(K)"", ""KKKK[KK]"", ""KKKK"", ""KK[KK]"", ""KKKKKK"", ""KKK"", ""AKK""]","[23.15, 9.05, 6.65, 6.6, 6.15, 4.04, 2.63, 2.16, 2.06, 1.75]",0,3643,100.0
C:/projects/myproject/QDQM/DS_Input/Internal/ORGNIZATION.csv,ORGNIZATION.csv,조직명,Master,C:/projects/myproject/QDQM/DS_Input/Internal/배송점.csv,배송점.csv,Master,배송점명,"[""KK(K)"", ""KKKK(K)"", ""KK"", ""KKK(K)"", ""KKKK[KK]"", ""KKKK"", ""KK[KK]"", ""KKKKKK"", ""KKK"", ""AKK""]","[23.15, 9.05, 6.65, 6.6, 6.15, 4.04, 2.63, 2.16, 2.06, 1.75]","[""KK(K)"", ""KKKK(K)"", ""KKKK[KK]"", ""KKK(K)"", ""KK[KK]"", ""AKK"", ""KKAAKK"", ""KK KKK"", ""KKn(K)"", ""AAKK""]","[26.64, 11.94, 9.17, 8.22, 3.99, 2.65, 2.29, 1.7, 1.58, 1.46]",0,2463,67.61
C:/projects/myproject/QDQM/DS_Input/Internal/ORGNIZATION.csv,ORGNIZATION.csv,조직코드,Master,C:/projects/myproject/QDQM/DS_Input/Internal/택배_조직도.csv,택배_조직도.csv,Master,조직코드,"[""nnnn"", ""nnn"", ""AAAAA"", ""AAAAAAA"", ""nnnnnn"", ""AAAA"", ""AA"", ""nnnnnnn"", ""nnnnn"", ""AAA""]","[78.96, 14.52, 2.4, 2.4, 1.02, 0.42, 0.13, 0.05, 0.05, 0.03]","[""nnnn"", ""nnn"", ""AAAAA"", ""AAAAAAA"", ""nnnnnn"", ""AAAA"", ""AA"", ""nnnnnnn"", ""nnnnn"", ""AAA""]","[78.96, 14.52, 2.4, 2.4, 1.02, 0.42, 0.13, 0.05, 0.05, 0.03]",0,3836,100.0
C:/projects/myproject/QDQM/DS_Input/Internal/ORGNIZATION.csv,ORGNIZATION.csv,조직폐쇄일자,Master,C:/projects/myproject/QDQM/DS_Input/Internal/택배_조직도.csv,택배_조직도.csv,Master,조직폐쇄일자,"[""nnnnnnnn""]",[100.0],"[""nnnnnnnn""]",[100.0],0,201,100.0
C:/projects/myproject/QDQM/DS_Input/Internal/ORGNIZATION.csv,ORGNIZATION.csv,조직폐쇄일자,Master,Rule,Rule,Rule,DATECHAR,,0,,0,,1067,99.91000366210938
C:/projects/myproject/QDQM/DS_Input/Internal/ORGNIZATION.csv,ORGNIZATION.csv,조직폐쇄일자,Master,C:/projects/myproject/QDQM/DS_Input/Internal/배송점.csv,배송점.csv,Master,조직폐쇄일자,"[""nnnnnnnn""]",[100.0],"[""nnnnnnnn""]",[100.0],0,165,82.09
C:/projects/myproject/QDQM/DS_Input/Internal/ORGNIZATION.csv,ORGNIZATION.csv,조직폐쇄일자,Master,C:/projects/myproject/QDQM/DS_Input/Internal/사원마스터.csv,사원마스터.csv,Master,근무시작일자,"[""nnnnnnnn""]",[100.0],"[""nnnnnnnn"", ""nnnnnn"", ""nnnn""]","[99.93, 0.04, 0.03]",0,137,68.16
C:/projects/myproject/QDQM/DS_Input/Internal/ORGNIZATION.csv,ORGNIZATION.csv,조직폐쇄일자,Master,C:/projects/myproject/QDQM/DS_Input/Internal/사원기본.csv,사원기본.csv,Master,시근일자,"[""nnnnnnnn""]",[100.0],"[""nnnnnnnn"", ""nnnnnn"", ""nnnn""]","[99.91, 0.08, 0.01]",0,128,63.68
C:/projects/myproject/QDQM/DS_Input/Internal/ORGNIZATION.csv,ORGNIZATION.csv,조직폐쇄일자,Master,C:/projects/myproject/QDQM/DS_Input/Internal/CUSTOMER.csv,CUSTOMER.csv,Master,판매일,"[""nnnnnnnn""]",[100.0],"[""nnnnnnnn""]",[100.0],0,126,62.69
C:/projects/myproject/QDQM/DS_Input/Internal/ORGNIZATION.csv,ORGNIZATION.csv,조직폐쇄일자,Master,C:/projects/myproject/QDQM/DS_Input/Internal/CONTRACT.csv,CONTRACT.csv,Master,CONTRACT_DATE,"[""nnnnnnnn""]",[100.0],"[""nnnnnnnn""]",[100.0],0,122,60.7
C:/projects/myproject/QDQM/DS_Input/Internal/ORGNIZATION.csv,ORGNIZATION.csv,최수정일시,Master,C:/projects/myproject/QDQM/DS_Input/Internal/고객마스터.csv,고객마스터.csv,Master,등록일시,"[""nn:nn""]",[100.0],"[""nn:nn""]",[100.0],0,809,88.51
C:/projects/myproject/QDQM/DS_Input/Internal/ORGNIZATION.csv,ORGNIZATION.csv,최수정일시,Master,C:/projects/myproject/QDQM/DS_Input/Internal/고객마스터.csv,고객마스터.csv,Master,최종사원업데이트일시,"[""nn:nn""]",[100.0],"[""nn:nn""]",[100.0],0,684,74.84
C:/projects/myproject/QDQM/DS_Input/Internal/ORGNIZATION.csv,ORGNIZATION.csv,최종수정자,Master,C:/projects/myproject/QDQM/DS_Input/Internal/택배_조직도.csv,택배_조직도.csv,Master,최종업데이트사원번호,"[""nnnnnnn""]",[100.0],"[""nnnnnnn""]",[100.0],0,311,100.0
C:/projects/myproject/QDQM/DS_Input/Internal/ORGNIZATION.csv,ORGNIZATION.csv,최종수정자,Master,C:/projects/myproject/QDQM/DS_Input/Internal/배송점.csv,배송점.csv,Master,최종수정자,"[""nnnnnnn""]",[100.0],"[""nnnnnnn""]",[100.0],0,251,80.71
C:/projects/myproject/QDQM/DS_Input/Internal/ORGNIZATION.csv,ORGNIZATION.csv,최종수정자,Master,C:/projects/myproject/QDQM/DS_Input/Internal/사용자.csv,사용자.csv,Master,사원번호,"[""nnnnnnn""]",[100.0],"[""nnnnnnn"", ""Annnnnn"", ""AAAnnnn"", ""AAnnnnn"", ""nnnnnn"", ""annnnnn"", ""aaaaaa"", ""aaannnn"", ""KKK"", ""nnnn""]","[95.0, 2.14, 1.73, 0.8, 0.1, 0.04, 0.04, 0.04, 0.03, 0.01]",0,235,75.56
C:/projects/myproject/QDQM/DS_Input/Internal/ORGNIZATION.csv,ORGNIZATION.csv,팩스번호,Master,C:/projects/myproject/QDQM/DS_Input/Internal/택배_조직도.csv,택배_조직도.csv,Master,팩스번호,"[""nnnnnnnnnn"", ""nnn-nnn-nnnn"", ""nnnnnnnnnnn"", ""nn-nnn-nnnn"", ""nnn)nnn-nnnn"", ""nn"", ""nnnnnnnnn"", ""nn-nnnn-nnnn"", ""nnn"", ""nnn-nnnn-nnnn""]","[53.65, 16.89, 6.25, 4.91, 4.46, 3.65, 3.42, 2.6, 1.71, 0.6]","[""nnnnnnnnnn"", ""nnn-nnn-nnnn"", ""nnnnnnnnnnn"", ""nn-nnn-nnnn"", ""nnn)nnn-nnnn"", ""nn"", ""nnnnnnnnn"", ""nn-nnnn-nnnn"", ""nnn"", ""nnn-nnnn-nnnn""]","[53.65, 16.89, 6.25, 4.91, 4.46, 3.65, 3.42, 2.6, 1.71, 0.6]",0,680,100.0
C:/projects/myproject/QDQM/DS_Input/Internal/ORGNIZATION.csv,ORGNIZATION.csv,팩스번호,Master,C:/projects/myproject/QDQM/DS_Input/Internal/배송점.csv,배송점.csv,Master,팩스번호,"[""nnnnnnnnnn"", ""nnn-nnn-nnnn"", ""nnnnnnnnnnn"", ""nn-nnn-nnnn"", ""nnn)nnn-nnnn"", ""nn"", ""nnnnnnnnn"", ""nn-nnnn-nnnn"", ""nnn"", ""nnn-nnnn-nnnn""]","[53.65, 16.89, 6.25, 4.91, 4.46, 3.65, 3.42, 2.6, 1.71, 0.6]","[""nnnnnnnnnn"", ""nnn-nnn-nnnn"", ""nnn)nnn-nnnn"", ""nn-nnn-nnnn"", ""nn"", ""nnnnnnnnnnn"", ""nnnnnnnnn"", ""nnn"", ""nn-nnnn-nnnn"", ""nnn-nnnn-nnnn""]","[45.51, 20.7, 7.48, 5.49, 5.49, 4.61, 2.87, 2.37, 2.0, 1.0]",0,518,76.18
C:/projects/myproject/QDQM/DS_Input/Internal/PII샘플데이터.csv,PII샘플데이터.csv,MOBILE,Master,Rule,Rule,Rule,CELLPHONE,,0,,0,,30,100.0
C:/projects/myproject/QDQM/DS_Input/Internal/PII샘플데이터.csv,PII샘플데이터.csv,고객명,Master,Rule,Rule,Rule,KOR_NAME,,0,,0,,30,100.0
C:/projects/myproject/QDQM/DS_Input/Internal/PII샘플데이터.csv,PII샘플데이터.csv,고객주소,Master,Rule,Rule,Rule,ADDRESS,,0,,0,,30,100.0
C:/projects/myproject/QDQM/DS_Input/Internal/PII샘플데이터.csv,PII샘플데이터.csv,나이,Master,C:/projects/myproject/QDQM/DS_Input/Internal/CUSTOMER.csv,CUSTOMER.csv,Master,집하지대번지,"[""nn""]",[100.0],"[""nnn"", ""nn"", ""nnnn"", ""n"", ""nnn-n"", ""nnn-nn"", ""KKK"", ""Aaa-nn"", ""."", ""nn-nn""]","[53.98, 15.4, 10.79, 6.38, 4.23, 2.53, 2.05, 0.68, 0.61, 0.61]",0,17,100.0
C:/projects/myproject/QDQM/DS_Input/Internal/PII샘플데이터.csv,PII샘플데이터.csv,나이,Master,C:/projects/myproject/QDQM/DS_Input/Test/Z검증용데이터.csv,Z검증용데이터.csv,Test,수량,"[""nn""]",[100.0],"[""nn"", ""n"", ""nnn"", ""nnnnnn"", ""nnnnn"", ""nnnnnnn""]","[79.49, 19.1, 1.1, 0.21, 0.05, 0.05]",0,15,88.24
C:/projects/myproject/QDQM/DS_Input/Internal/PII샘플데이터.csv,PII샘플데이터.csv,나이,Master,C:/projects/myproject/QDQM/DS_Input/Internal/CUSTOMER.csv,CUSTOMER.csv,Master,집하지소번지,"[""nn""]",[100.0],"[""n"", ""nn"", ""nnn"", ""KK"", ""nK"", ""nnnn"", ""nnn-"", ""K"", ""nnK nnK"", ""/""]","[57.73, 34.11, 5.41, 0.86, 0.7, 0.38, 0.16, 0.16, 0.11, 0.05]",0,13,76.47
C:/projects/myproject/QDQM/DS_Input/Internal/PII샘플데이터.csv,PII샘플데이터.csv,나이,Master,C:/projects/myproject/QDQM/DS_Input/Internal/상품분류.csv,상품분류.csv,Master,상품코드,"[""nn""]",[100.0],"[""nn"", ""Ann"", ""nnA"", ""AAA"", ""AA"", ""nnn"", ""AAn"", ""n""]","[37.5, 28.95, 15.13, 8.55, 5.26, 2.63, 1.32, 0.66]",0,12,70.59
C:/projects/myproject/QDQM/DS_Input/Internal/PII샘플데이터.csv,PII샘플데이터.csv,나이,Master,C:/projects/myproject/QDQM/DS_Input/Internal/상품코드.csv,상품코드.csv,Master,상품코드,"[""nn""]",[100.0],"[""nn"", ""Ann"", ""nnA"", ""AAA"", ""AA"", ""nnn"", ""AAn"", ""n""]","[37.5, 28.95, 15.13, 8.55, 5.26, 2.63, 1.32, 0.66]",0,12,70.59
C:/projects/myproject/QDQM/DS_Input/Internal/PII샘플데이터.csv,PII샘플데이터.csv,나이,Master,C:/projects/myproject/QDQM/DS_Input/Reference/전화국가번호.csv,전화국가번호.csv,Reference,전화국가번호,"[""nn""]",[100.0],"[""nnn"", ""nn"", ""sn nnn"", ""snnn n"", ""snn nnnn"", ""snnn nn"", ""n"", ""snnnn"", ""snn nn"", ""snn nnn""]","[66.39, 18.03, 9.84, 1.64, 1.23, 0.82, 0.82, 0.41, 0.41, 0.41]",0,11,64.71
C:/projects/myproject/QDQM/DS_Input/Internal/PII샘플데이터.csv,PII샘플데이터.csv,유선전화,Master,Rule,Rule,Rule,TEL,,0,,0,,30,100.0
C:/projects/myproject/QDQM/DS_Input/Internal/PII샘플데이터.csv,PII샘플데이터.csv,지역,Master,C:/projects/myproject/QDQM/DS_Input/Internal/university_code_2.csv,university_code_2.csv,Master,시도,"[""KK""]",[100.0],"[""KK""]",[100.0],0,15,100.0
C:/projects/myproject/QDQM/DS_Input/Internal/PII샘플데이터.csv,PII샘플데이터.csv,지역,Master,Rule,Rule,Rule,시도,,0,,0,,30,100.0
C:/projects/myproject/QDQM/DS_Input/Internal/PII샘플데이터.csv,PII샘플데이터.csv,지역,Master,C:/projects/myproject/QDQM/DS_Input/Reference/시도명.csv,시도명.csv,Reference,시도명,"[""KK""]",[100.0],"[""KK"", ""KKK"", ""KKKKK"", ""KKKK"", ""KKKKKKK""]","[33.33, 31.25, 14.58, 12.5, 8.33]",0,14,93.33
C:/projects/myproject/QDQM/DS_Input/Internal/PRM계약.csv,PRM계약.csv,ETL일시,Master,Rule,Rule,Rule,TIME,,0,,0,,3825,100.0
C:/projects/myproject/QDQM/DS_Input/Internal/PRM계약.csv,PRM계약.csv,계약개시일,Master,Rule,Rule,Rule,DATECHAR,,0,,0,,3825,100.0
C:/projects/myproject/QDQM/DS_Input/Internal/PRM계약.csv,PRM계약.csv,계약개시일,Master,C:/projects/myproject/QDQM/DS_Input/Internal/PRM계약.csv,PRM계약.csv,Master,최초계약일,"[""nnnnnnnn""]",[100.0],"[""nnnnnnnn""]",[100.0],0,96,83.48
C:/projects/myproject/QDQM/DS_Input/Internal/PRM계약.csv,PRM계약.csv,계약개시일,Master,C:/projects/myproject/QDQM/DS_Input/Internal/사원기본.csv,사원기본.csv,Master,시근일자,"[""nnnnnnnn""]",[100.0],"[""nnnnnnnn"", ""nnnnnn"", ""nnnn""]","[99.91, 0.08, 0.01]",0,93,80.87
C:/projects/myproject/QDQM/DS_Input/Internal/PRM계약.csv,PRM계약.csv,계약개시일,Master,C:/projects/myproject/QDQM/DS_Input/Internal/CUSTOMER.csv,CUSTOMER.csv,Master,판매일,"[""nnnnnnnn""]",[100.0],"[""nnnnnnnn""]",[100.0],0,90,78.26
C:/projects/myproject/QDQM/DS_Input/Internal/PRM계약.csv,PRM계약.csv,계약개시일,Master,C:/projects/myproject/QDQM/DS_Input/Internal/PRM계약.csv,PRM계약.csv,Master,계약등록일,"[""nnnnnnnn""]",[100.0],"[""nnnnnnnn""]",[100.0],0,90,78.26
C:/projects/myproject/QDQM/DS_Input/Internal/PRM계약.csv,PRM계약.csv,계약개시일,Master,C:/projects/myproject/QDQM/DS_Input/Internal/CONTRACT.csv,CONTRACT.csv,Master,CONTRACT_DATE,"[""nnnnnnnn""]",[100.0],"[""nnnnnnnn""]",[100.0],0,89,77.39
C:/projects/myproject/QDQM/DS_Input/Internal/PRM계약.csv,PRM계약.csv,계약개시일,Master,C:/projects/myproject/QDQM/DS_Input/Internal/사원마스터.csv,사원마스터.csv,Master,근무시작일자,"[""nnnnnnnn""]",[100.0],"[""nnnnnnnn"", ""nnnnnn"", ""nnnn""]","[99.93, 0.04, 0.03]",0,89,77.39
C:/projects/myproject/QDQM/DS_Input/Internal/PRM계약.csv,PRM계약.csv,계약개시일,Master,C:/projects/myproject/QDQM/DS_Input/Internal/기업고객.csv,기업고객.csv,Master,판매일,"[""nnnnnnnn""]",[100.0],"[""nnnnnnnn""]",[100.0],0,78,67.83
C:/projects/myproject/QDQM/DS_Input/Internal/PRM계약.csv,PRM계약.csv,계약등록일,Master,Rule,Rule,Rule,DATECHAR,,0,,0,,3825,100.0
C:/projects/myproject/QDQM/DS_Input/Internal/PRM계약.csv,PRM계약.csv,계약등록일,Master,C:/projects/myproject/QDQM/DS_Input/Internal/사원기본.csv,사원기본.csv,Master,시근일자,"[""nnnnnnnn""]",[100.0],"[""nnnnnnnn"", ""nnnnnn"", ""nnnn""]","[99.91, 0.08, 0.01]",0,470,84.38
C:/projects/myproject/QDQM/DS_Input/Internal/PRM계약.csv,PRM계약.csv,계약등록일,Master,C:/projects/myproject/QDQM/DS_Input/Internal/사원마스터.csv,사원마스터.csv,Master,근무시작일자,"[""nnnnnnnn""]",[100.0],"[""nnnnnnnn"", ""nnnnnn"", ""nnnn""]","[99.93, 0.04, 0.03]",0,468,84.02
C:/projects/myproject/QDQM/DS_Input/Internal/PRM계약.csv,PRM계약.csv,계약등록일,Master,C:/projects/myproject/QDQM/DS_Input/Internal/CUSTOMER.csv,CUSTOMER.csv,Master,판매일,"[""nnnnnnnn""]",[100.0],"[""nnnnnnnn""]",[100.0],0,415,74.51
C:/projects/myproject/QDQM/DS_Input/Internal/PRM계약.csv,PRM계약.csv,계약등록일,Master,C:/projects/myproject/QDQM/DS_Input/Internal/CONTRACT.csv,CONTRACT.csv,Master,CONTRACT_DATE,"[""nnnnnnnn""]",[100.0],"[""nnnnnnnn""]",[100.0],0,399,71.63
C:/projects/myproject/QDQM/DS_Input/Internal/PRM계약.csv,PRM계약.csv,계약등록일,Master,C:/projects/myproject/QDQM/DS_Input/Internal/기업고객.csv,기업고객.csv,Master,판매일,"[""nnnnnnnn""]",[100.0],"[""nnnnnnnn""]",[100.0],0,365,65.53
C:/projects/myproject/QDQM/DS_Input/Internal/PRM계약.csv,PRM계약.csv,계약등록일,Master,C:/projects/myproject/QDQM/DS_Input/Internal/사원기본.csv,사원기본.csv,Master,사직일자,"[""nnnnnnnn""]",[100.0],"[""nnnnnnnn""]",[100.0],0,347,62.3
C:/projects/myproject/QDQM/DS_Input/Internal/PRM계약.csv,PRM계약.csv,계약종료일,Master,Rule,Rule,Rule,DATECHAR,,0,,0,,3825,100.0
C:/projects/myproject/QDQM/DS_Input/Internal/PRM계약.csv,PRM계약.csv,계약종료일,Master,C:/projects/myproject/QDQM/DS_Input/Internal/CUSTOMER.csv,CUSTOMER.csv,Master,계약기간종료일,"[""nnnnnnnn""]",[100.0],"[""nnnnnnnn""]",[100.0],0,68,72.34
C:/projects/myproject/QDQM/DS_Input/Internal/PRM계약.csv,PRM계약.csv,계약종료일,Master,C:/projects/myproject/QDQM/DS_Input/Internal/기업고객.csv,기업고객.csv,Master,계약기간종료일,"[""nnnnnnnn""]",[100.0],"[""nnnnnnnn""]",[100.0],0,68,72.34
C:/projects/myproject/QDQM/DS_Input/Internal/PRM계약.csv,PRM계약.csv,계약종료일,Master,C:/projects/myproject/QDQM/DS_Input/Internal/계약마스터.csv,계약마스터.csv,Master,계약종료일,"[""nnnnnnnn""]",[100.0],"[""nnnnnnnn""]",[100.0],0,58,61.7
C:/projects/myproject/QDQM/DS_Input/Internal/PRM계약.csv,PRM계약.csv,사업자번호,Master,C:/projects/myproject/QDQM/DS_Input/Reference/사업자등록번호3.csv,사업자등록번호3.csv,Reference,유효사업자번호3,"[""nnnnnnnnnn""]",[100.0],"[""nnnnnnnnnn""]",[100.0],3,426,80.08
C:/projects/myproject/QDQM/DS_Input/Internal/PRM계약.csv,PRM계약.csv,사업자번호,Master,C:/projects/myproject/QDQM/DS_Input/Internal/ORGNIZATION.csv,ORGNIZATION.csv,Master,사업자등록번호,"[""nnnnnnnnnn""]",[100.0],"[""nnnnnnnnnn""]",[100.0],0,884,65.72
C:/projects/myproject/QDQM/DS_Input/Internal/PRM계약.csv,PRM계약.csv,사업자번호,Master,C:/projects/myproject/QDQM/DS_Input/Internal/택배_조직도.csv,택배_조직도.csv,Master,사업자등록번호,"[""nnnnnnnnnn""]",[100.0],"[""nnnnnnnnnn""]",[100.0],0,884,65.72
C:/projects/myproject/QDQM/DS_Input/Internal/PRM계약.csv,PRM계약.csv,사업자번호,Master,C:/projects/myproject/QDQM/DS_Input/Internal/배송점.csv,배송점.csv,Master,사업자등록번호,"[""nnnnnnnnnn""]",[100.0],"[""nnnnnnnnnn""]",[100.0],0,846,62.9
C:/projects/myproject/QDQM/DS_Input/Internal/PRM계약.csv,PRM계약.csv,업종,Master,C:/projects/myproject/QDQM/DS_Input/Reference/업종명2.csv,업종명2.csv,Reference,업종명2,"[""KKK"", ""KK"", ""KKKK"", ""KKKKKK"", ""KKKKK"", ""KKKKKKKK"", ""KKKKKKK"", ""KKKKKKKKK"", ""KKKKKKKKK K"", ""KKKKKK K""]","[23.74, 21.12, 19.97, 5.18, 3.87, 2.8, 2.54, 2.43, 1.83, 1.59]","[""KK"", ""KKK"", ""KKKK"", ""KKKKK"", ""KKKKKK"", ""KKsKK"", ""KKsKKK"", ""KsKK"", ""KKKs"", ""KKK(KKK""]","[42.27, 29.51, 21.97, 3.29, 0.77, 0.32, 0.26, 0.26, 0.19, 0.19]",2,58,63.04
C:/projects/myproject/QDQM/DS_Input/Internal/PRM계약.csv,PRM계약.csv,최종변경일시,Master,Rule,Rule,Rule,TIME,,0,,0,,3825,100.0
C:/projects/myproject/QDQM/DS_Input/Internal/PRM계약.csv,PRM계약.csv,최초계약일,Master,Rule,Rule,Rule,DATECHAR,,0,,0,,3825,100.0
C:/projects/myproject/QDQM/DS_Input/Internal/PRM계약.csv,PRM계약.csv,최초계약일,Master,C:/projects/myproject/QDQM/DS_Input/Internal/PRM계약.csv,PRM계약.csv,Master,계약등록일,"[""nnnnnnnn""]",[100.0],"[""nnnnnnnn""]",[100.0],0,270,94.41
C:/projects/myproject/QDQM/DS_Input/Internal/PRM계약.csv,PRM계약.csv,최초계약일,Master,C:/projects/myproject/QDQM/DS_Input/Internal/사원마스터.csv,사원마스터.csv,Master,근무시작일자,"[""nnnnnnnn""]",[100.0],"[""nnnnnnnn"", ""nnnnnn"", ""nnnn""]","[99.93, 0.04, 0.03]",0,242,84.62
C:/projects/myproject/QDQM/DS_Input/Internal/PRM계약.csv,PRM계약.csv,최초계약일,Master,C:/projects/myproject/QDQM/DS_Input/Internal/CUSTOMER.csv,CUSTOMER.csv,Master,판매일,"[""nnnnnnnn""]",[100.0],"[""nnnnnnnn""]",[100.0],0,239,83.57
C:/projects/myproject/QDQM/DS_Input/Internal/PRM계약.csv,PRM계약.csv,최초계약일,Master,C:/projects/myproject/QDQM/DS_Input/Internal/사원기본.csv,사원기본.csv,Master,시근일자,"[""nnnnnnnn""]",[100.0],"[""nnnnnnnn"", ""nnnnnn"", ""nnnn""]","[99.91, 0.08, 0.01]",0,236,82.52
C:/projects/myproject/QDQM/DS_Input/Internal/PRM계약.csv,PRM계약.csv,최초계약일,Master,C:/projects/myproject/QDQM/DS_Input/Internal/CONTRACT.csv,CONTRACT.csv,Master,CONTRACT_DATE,"[""nnnnnnnn""]",[100.0],"[""nnnnnnnn""]",[100.0],0,232,81.12
C:/projects/myproject/QDQM/DS_Input/Internal/PRM계약.csv,PRM계약.csv,최초계약일,Master,C:/projects/myproject/QDQM/DS_Input/Internal/기업고객.csv,기업고객.csv,Master,판매일,"[""nnnnnnnn""]",[100.0],"[""nnnnnnnn""]",[100.0],0,229,80.07
C:/projects/myproject/QDQM/DS_Input/Internal/PRM계약.csv,PRM계약.csv,최초계약일,Master,C:/projects/myproject/QDQM/DS_Input/Internal/ORGNIZATION.csv,ORGNIZATION.csv,Master,조직계약시작일자,"[""nnnnnnnn""]",[100.0],"[""nnnnnnnn"", ""nnnnnn"", ""nnnnnnn""]","[99.75, 0.15, 0.1]",0,209,73.08
C:/projects/myproject/QDQM/DS_Input/Internal/PRM계약.csv,PRM계약.csv,최초계약일,Master,C:/projects/myproject/QDQM/DS_Input/Internal/택배_조직도.csv,택배_조직도.csv,Master,조직계약시작일자,"[""nnnnnnnn""]",[100.0],"[""nnnnnnnn"", ""nnnnnn"", ""nnnnnnn""]","[99.75, 0.15, 0.1]",0,209,73.08
C:/projects/myproject/QDQM/DS_Input/Internal/PRM계약.csv,PRM계약.csv,최초계약일,Master,C:/projects/myproject/QDQM/DS_Input/Internal/배송점.csv,배송점.csv,Master,조직계약시작일자,"[""nnnnnnnn""]",[100.0],"[""nnnnnnnn""]",[100.0],0,202,70.63
C:/projects/myproject/QDQM/DS_Input/Internal/Z코드변동성예제.csv,Z코드변동성예제.csv,GEN_TIMESTAMP,Master,Rule,Rule,Rule,TIMESTAMP,,0,,0,,206,100.0
C:/projects/myproject/QDQM/DS_Input/Internal/test.csv,test.csv,Addr,Master,Rule,Rule,Rule,ADDRESS,,0,,0,,32,100.0
C:/projects/myproject/QDQM/DS_Input/Internal/test.csv,test.csv,Address,Master,Rule,Rule,Rule,ADDRESS,,0,,0,,32,100.0
C:/projects/myproject/QDQM/DS_Input/Internal/test.csv,test.csv,Cell Phone,Master,Rule,Rule,Rule,CELLPHONE,,0,,0,,27,84.37999725341797
C:/projects/myproject/QDQM/DS_Input/Internal/test.csv,test.csv,Country,Master,Rule,Rule,Rule,국가코드,,0,,0,,32,100.0
C:/projects/myproject/QDQM/DS_Input/Internal/test.csv,test.csv,Email,Master,Rule,Rule,Rule,EMAIL,,0,,0,,30,93.75
C:/projects/myproject/QDQM/DS_Input/Internal/test.csv,test.csv,ID,Master,C:/projects/myproject/QDQM/DS_Input/Internal/CUSTOMER.csv,CUSTOMER.csv,Master,집하지대번지,"[""nn"", ""n""]","[71.88, 28.12]","[""nnn"", ""nn"", ""nnnn"", ""n"", ""nnn-n"", ""nnn-nn"", ""KKK"", ""Aaa-nn"", ""."", ""nn-nn""]","[53.98, 15.4, 10.79, 6.38, 4.23, 2.53, 2.05, 0.68, 0.61, 0.61]",0,32,100.0
C:/projects/myproject/QDQM/DS_Input/Internal/test.csv,test.csv,ID,Master,C:/projects/myproject/QDQM/DS_Input/Internal/CUSTOMER.csv,CUSTOMER.csv,Master,집하지소번지,"[""nn"", ""n""]","[71.88, 28.12]","[""n"", ""nn"", ""nnn"", ""KK"", ""nK"", ""nnnn"", ""nnn-"", ""K"", ""nnK nnK"", ""/""]","[57.73, 34.11, 5.41, 0.86, 0.7, 0.38, 0.16, 0.16, 0.11, 0.05]",0,32,100.0
C:/projects/myproject/QDQM/DS_Input/Internal/test.csv,test.csv,ID,Master,C:/projects/myproject/QDQM/DS_Input/Test/Z검증용데이터.csv,Z검증용데이터.csv,Test,수량,"[""nn"", ""n""]","[71.88, 28.12]","[""nn"", ""n"", ""nnn"", ""nnnnnn"", ""nnnnn"", ""nnnnnnn""]","[79.49, 19.1, 1.1, 0.21, 0.05, 0.05]",0,32,100.0
C:/projects/myproject/QDQM/DS_Input/Internal/test.csv,test.csv,ID,Master,C:/projects/myproject/QDQM/DS_Input/Internal/미배송사유코드.csv,미배송사유코드.csv,Master,사유코드,"[""nn"", ""n""]","[71.88, 28.12]","[""nn"", ""n""]","[52.88, 47.12]",0,30,93.75
C:/projects/myproject/QDQM/DS_Input/Internal/test.csv,test.csv,ID,Master,C:/projects/myproject/QDQM/DS_Input/Internal/상품분류.csv,상품분류.csv,Master,상품코드,"[""nn"", ""n""]","[71.88, 28.12]","[""nn"", ""Ann"", ""nnA"", ""AAA"", ""AA"", ""nnn"", ""AAn"", ""n""]","[37.5, 28.95, 15.13, 8.55, 5.26, 2.63, 1.32, 0.66]",0,24,75.0
C:/projects/myproject/QDQM/DS_Input/Internal/test.csv,test.csv,ID,Master,C:/projects/myproject/QDQM/DS_Input/Internal/상품코드.csv,상품코드.csv,Master,상품코드,"[""nn"", ""n""]","[71.88, 28.12]","[""nn"", ""Ann"", ""nnA"", ""AAA"", ""AA"", ""nnn"", ""AAn"", ""n""]","[37.5, 28.95, 15.13, 8.55, 5.26, 2.63, 1.32, 0.66]",0,24,75.0
C:/projects/myproject/QDQM/DS_Input/Internal/test.csv,test.csv,Name,Master,Rule,Rule,Rule,KOR_NAME,,0,,0,,32,100.0
C:/projects/myproject/QDQM/DS_Input/Internal/test.csv,test.csv,Name,Master,C:/projects/myproject/QDQM/DS_Input/Internal/test.csv,test.csv,Master,Name2,"[""KKK"", ""KK""]","[96.88, 3.12]","[""KKK"", ""KK""]","[96.88, 3.12]",2,11,68.75
C:/projects/myproject/QDQM/DS_Input/Internal/test.csv,test.csv,Name2,Master,Rule,Rule,Rule,KOR_NAME,,0,,0,,32,100.0
C:/projects/myproject/QDQM/DS_Input/Internal/test.csv,test.csv,Name2,Master,C:/projects/myproject/QDQM/DS_Input/Internal/test.csv,test.csv,Master,Name,"[""KKK"", ""KK""]","[96.88, 3.12]","[""KKK"", ""KK""]","[96.88, 3.12]",0,11,78.57
C:/projects/myproject/QDQM/DS_Input/Internal/test.csv,test.csv,Tel,Master,Rule,Rule,Rule,TEL,,0,,0,,30,93.75
C:/projects/myproject/QDQM/DS_Input/Internal/test.csv,test.csv,YYYYMMDD,Master,Rule,Rule,Rule,DATECHAR,,0,,0,,30,93.75
C:/projects/myproject/QDQM/DS_Input/Internal/test.csv,test.csv,Year,Master,Rule,Rule,Rule,YEAR,,0,,0,,31,96.87999725341797
C:/projects/myproject/QDQM/DS_Input/Internal/test.csv,test.csv,시도,Master,Rule,Rule,Rule,시도,,0,,0,,32,100.0
C:/projects/myproject/QDQM/DS_Input/Internal/test.csv,test.csv,시도,Master,C:/projects/myproject/QDQM/DS_Input/Reference/시도명.csv,시도명.csv,Reference,시도명,"[""KK"", ""KKKK"", ""KKK"", ""KKKKK""]","[40.62, 34.38, 12.5, 12.5]","[""KK"", ""KKK"", ""KKKKK"", ""KKKK"", ""KKKKKKK""]","[33.33, 31.25, 14.58, 12.5, 8.33]",0,21,95.45
C:/projects/myproject/QDQM/DS_Input/Internal/test.csv,test.csv,전화번호,Master,Rule,Rule,Rule,TEL,,0,,0,,31,96.87999725341797
C:/projects/myproject/QDQM/DS_Input/Internal/university_code_2.csv,university_code_2.csv,시도,Master,Rule,Rule,Rule,시도,,0,,0,,4917,100.0
C:/projects/myproject/QDQM/DS_Input/Internal/university_code_2.csv,university_code_2.csv,시도,Master,C:/projects/myproject/QDQM/DS_Input/Reference/시도명.csv,시도명.csv,Reference,시도명,"[""KK""]",[100.0],"[""KK"", ""KKK"", ""KKKKK"", ""KKKK"", ""KKKKKKK""]","[33.33, 31.25, 14.58, 12.5, 8.33]",0,16,94.12
C:/projects/myproject/QDQM/DS_Input/Internal/university_code_2.csv,university_code_2.csv,시도,Master,C:/projects/myproject/QDQM/DS_Input/Internal/PII샘플데이터.csv,PII샘플데이터.csv,Master,지역,"[""KK""]",[100.0],"[""KK""]",[100.0],0,15,88.24
C:/projects/myproject/QDQM/DS_Input/Internal/university_code_2.csv,university_code_2.csv,시도,Master,C:/projects/myproject/QDQM/DS_Input/Internal/영업소.csv,영업소.csv,Master,영업소약명,"[""KK""]",[100.0],"[""KK"", ""KKK"", ""An"", ""KK(KK)"", ""KKKK"", ""AAA"", ""KK(KKK)"", ""KK(KKKK)"", ""KKn"", ""Ann""]","[58.22, 14.38, 11.64, 2.74, 2.05, 1.37, 1.37, 1.37, 1.37, 1.37]",0,11,64.71
C:/projects/myproject/QDQM/DS_Input/Internal/university_code_2.csv,university_code_2.csv,우편번호,Master,C:/projects/myproject/QDQM/DS_Input/Reference/우편번호3.csv,우편번호3.csv,Reference,우편번호3,"[""nnnnn"", ""nnnnnn""]","[55.99, 44.01]","[""nnnnn""]",[100.0],3,313,81.51
C:/projects/myproject/QDQM/DS_Input/Internal/university_code_2.csv,university_code_2.csv,주소,Master,Rule,Rule,Rule,ADDRESS,,0,,0,,4917,100.0
C:/projects/myproject/QDQM/DS_Input/Internal/university_code_2.csv,university_code_2.csv,지번주소,Master,Rule,Rule,Rule,ADDRESS,,0,,0,,3038,100.0
C:/projects/myproject/QDQM/DS_Input/Internal/university_code_2.csv,university_code_2.csv,총장명,Master,Rule,Rule,Rule,KOR_NAME,,0,,0,,3032,100.0
C:/projects/myproject/QDQM/DS_Input/Internal/university_code_2.csv,university_code_2.csv,팩스번호,Master,Rule,Rule,Rule,TEL,,0,,0,,4569,99.88999938964844
C:/projects/myproject/QDQM/DS_Input/Internal/university_code_2.csv,university_code_2.csv,학교개교일,Master,Rule,Rule,Rule,DATECHAR,,0,,0,,3034,99.87000274658203
C:/projects/myproject/QDQM/DS_Input/Internal/university_code_2.csv,university_code_2.csv,학교코드,Master,Rule,Rule,Rule,TEL,,0,,0,,4745,99.83000183105469
C:/projects/myproject/QDQM/DS_Input/Internal/university_code_2.csv,university_code_2.csv,학제,Master,C:/projects/myproject/QDQM/DS_Input/Reference/업종명2.csv,업종명2.csv,Reference,업종명2,"[""KKKKK"", ""KKKK"", ""KKK"", ""KKKK(KK)"", ""KKKKK(KK)"", ""KKKKKKK""]","[74.68, 12.79, 10.94, 0.92, 0.63, 0.04]","[""KK"", ""KKK"", ""KKKK"", ""KKKKK"", ""KKKKKK"", ""KKsKK"", ""KKsKKK"", ""KsKK"", ""KKKs"", ""KKK(KKK""]","[42.27, 29.51, 21.97, 3.29, 0.77, 0.32, 0.26, 0.26, 0.19, 0.19]",2,9,64.29
C:/projects/myproject/QDQM/DS_Input/Internal/계약마스터.csv,계약마스터.csv,ETL일시,Master,Rule,Rule,Rule,TIME,,0,,0,,10000,100.0
C:/projects/myproject/QDQM/DS_Input/Internal/계약마스터.csv,계약마스터.csv,계약개시일,Master,Rule,Rule,Rule,DATECHAR,,0,,0,,10000,100.0
C:/projects/myproject/QDQM/DS_Input/Internal/계약마스터.csv,계약마스터.csv,계약개시일,Master,C:/projects/myproject/QDQM/DS_Input/Internal/사원기본.csv,사원기본.csv,Master,사직일자,"[""nnnnnnnn""]",[100.0],"[""nnnnnnnn""]",[100.0],0,495,66.71
C:/projects/myproject/QDQM/DS_Input/Internal/계약마스터.csv,계약마스터.csv,계약개시일,Master,C:/projects/myproject/QDQM/DS_Input/Internal/사원기본.csv,사원기본.csv,Master,시근일자,"[""nnnnnnnn""]",[100.0],"[""nnnnnnnn"", ""nnnnnn"", ""nnnn""]","[99.91, 0.08, 0.01]",0,474,63.88
C:/projects/myproject/QDQM/DS_Input/Internal/계약마스터.csv,계약마스터.csv,계약개시일,Master,C:/projects/myproject/QDQM/DS_Input/Internal/사원마스터.csv,사원마스터.csv,Master,근무시작일자,"[""nnnnnnnn""]",[100.0],"[""nnnnnnnn"", ""nnnnnn"", ""nnnn""]","[99.93, 0.04, 0.03]",0,452,60.92
C:/projects/myproject/QDQM/DS_Input/Internal/계약마스터.csv,계약마스터.csv,계약종료일,Master,Rule,Rule,Rule,DATECHAR,,0,,0,,10000,100.0
C:/projects/myproject/QDQM/DS_Input/Internal/계약마스터.csv,계약마스터.csv,물량단위,Master,C:/projects/myproject/QDQM/DS_Input/Reference/단위대문자.csv,단위대문자.csv,Reference,단위_대문자,"[""AAA"", ""K"", ""a"", ""Aaaaaa""]","[98.44, 1.24, 0.25, 0.07]","[""AA"", ""AAA"", ""AAAA"", ""AAAAA"", ""AAAAAA"", ""A"", ""AA-A"", ""AAAAAAA"", ""AAn"", ""AA.A""]","[23.85, 17.31, 12.31, 7.69, 4.23, 3.85, 2.69, 2.31, 1.92, 1.54]",0,10,90.91
C:/projects/myproject/QDQM/DS_Input/Internal/계약마스터.csv,계약마스터.csv,사업자번호,Master,C:/projects/myproject/QDQM/DS_Input/Reference/사업자등록번호3.csv,사업자등록번호3.csv,Reference,유효사업자번호3,"[""nnnnnnnnnn""]",[100.0],"[""nnnnnnnnnn""]",[100.0],3,612,77.08
C:/projects/myproject/QDQM/DS_Input/Internal/계약마스터.csv,계약마스터.csv,소사업코드,Master,C:/projects/myproject/QDQM/DS_Input/Internal/관리회계_사업.csv,관리회계_사업.csv,Master,사업코드,"[""nnn""]",[100.0],"[""nnn"", ""nnnA""]","[86.89, 13.11]",0,60,100.0
C:/projects/myproject/QDQM/DS_Input/Internal/계약마스터.csv,계약마스터.csv,소사업코드,Master,C:/projects/myproject/QDQM/DS_Input/Internal/사업코드관리.csv,사업코드관리.csv,Master,business_level6_cd,"[""nnn""]",[100.0],"[""nnn""]",[100.0],0,60,100.0
C:/projects/myproject/QDQM/DS_Input/Internal/계약마스터.csv,계약마스터.csv,소사업코드,Master,C:/projects/myproject/QDQM/DS_Input/Internal/사업코드관리.csv,사업코드관리.csv,Master,사업코드,"[""nnn""]",[100.0],"[""nnn""]",[100.0],0,60,100.0
C:/projects/myproject/QDQM/DS_Input/Internal/계약마스터.csv,계약마스터.csv,소사업코드,Master,C:/projects/myproject/QDQM/DS_Input/Internal/사업코드관리.csv,사업코드관리.csv,Master,business_level5_cd,"[""nnn""]",[100.0],"[""nnn""]",[100.0],0,52,86.67
C:/projects/myproject/QDQM/DS_Input/Internal/계약마스터.csv,계약마스터.csv,소사업코드,Master,C:/projects/myproject/QDQM/DS_Input/Internal/CUSTOMER.csv,CUSTOMER.csv,Master,집하지대번지,"[""nnn""]",[100.0],"[""nnn"", ""nn"", ""nnnn"", ""n"", ""nnn-n"", ""nnn-nn"", ""KKK"", ""Aaa-nn"", ""."", ""nn-nn""]","[53.98, 15.4, 10.79, 6.38, 4.23, 2.53, 2.05, 0.68, 0.61, 0.61]",0,51,85.0
C:/projects/myproject/QDQM/DS_Input/Internal/계약마스터.csv,계약마스터.csv,소사업코드,Master,C:/projects/myproject/QDQM/DS_Input/Internal/ORGNIZATION.csv,ORGNIZATION.csv,Master,상위조직코드,"[""nnn""]",[100.0],"[""nnn"", ""AAAAAAA"", ""AAAAA"", ""nnnn"", ""AAAAAA"", ""AAA""]","[80.04, 12.45, 6.2, 1.05, 0.24, 0.03]",0,40,66.67
C:/projects/myproject/QDQM/DS_Input/Internal/계약마스터.csv,계약마스터.csv,소사업코드,Master,C:/projects/myproject/QDQM/DS_Input/Internal/ORGNIZATION.csv,ORGNIZATION.csv,Master,조직코드,"[""nnn""]",[100.0],"[""nnnn"", ""nnn"", ""AAAAA"", ""AAAAAAA"", ""nnnnnn"", ""AAAA"", ""AA"", ""nnnnnnn"", ""nnnnn"", ""AAA""]","[78.96, 14.52, 2.4, 2.4, 1.02, 0.42, 0.13, 0.05, 0.05, 0.03]",0,40,66.67
C:/projects/myproject/QDQM/DS_Input/Internal/계약마스터.csv,계약마스터.csv,소사업코드,Master,C:/projects/myproject/QDQM/DS_Input/Internal/조직터미널마스터.csv,조직터미널마스터.csv,Master,터미널조직코드,"[""nnn""]",[100.0],"[""nnn""]",[100.0],0,40,66.67
C:/projects/myproject/QDQM/DS_Input/Internal/계약마스터.csv,계약마스터.csv,소사업코드,Master,C:/projects/myproject/QDQM/DS_Input/Internal/택배_조직도.csv,택배_조직도.csv,Master,상위조직코드,"[""nnn""]",[100.0],"[""nnn"", ""AAAAAAA"", ""AAAAA"", ""nnnn"", ""AAAAAA"", ""AAA""]","[80.04, 12.45, 6.2, 1.05, 0.24, 0.03]",0,40,66.67
C:/projects/myproject/QDQM/DS_Input/Internal/계약마스터.csv,계약마스터.csv,소사업코드,Master,C:/projects/myproject/QDQM/DS_Input/Internal/택배_조직도.csv,택배_조직도.csv,Master,조직코드,"[""nnn""]",[100.0],"[""nnnn"", ""nnn"", ""AAAAA"", ""AAAAAAA"", ""nnnnnn"", ""AAAA"", ""AA"", ""nnnnnnn"", ""nnnnn"", ""AAA""]","[78.96, 14.52, 2.4, 2.4, 1.02, 0.42, 0.13, 0.05, 0.05, 0.03]",0,40,66.67
C:/projects/myproject/QDQM/DS_Input/Internal/계약마스터.csv,계약마스터.csv,소사업코드,Master,C:/projects/myproject/QDQM/DS_Input/Internal/배송점.csv,배송점.csv,Master,상위조직코드,"[""nnn""]",[100.0],"[""nnn"", ""nnnn""]","[98.97, 1.03]",0,37,61.67
C:/projects/myproject/QDQM/DS_Input/Internal/계약마스터.csv,계약마스터.csv,최초생성일시,Master,Rule,Rule,Rule,TIME,,0,,0,,10000,100.0
C:/projects/myproject/QDQM/DS_Input/Internal/계약마스터.csv,계약마스터.csv,팀명,Master,C:/projects/myproject/QDQM/DS_Input/Internal/사용자.csv,사용자.csv,Master,팀명,"[""KKKKKK"", ""KKKK KKKKK"", ""KKKKKKK"", ""KKKK"", ""KKKKK"", ""KKKKKKKK"", ""KKKKKKKKKK"", ""KKAAAK"", ""AnAKK"", ""KKKKKKKKK""]","[89.14, 3.29, 3.22, 2.08, 1.51, 0.48, 0.11, 0.05, 0.03, 0.02]","[""KKK"", ""KKKsssssss"", ""KKKKKK"", ""KKKKKsssss"", ""KKKKK"", ""KKKK"", ""KKKKKKssss"", ""KKKKKKK"", ""KKAAAK"", ""KKnKssssss""]","[17.99, 16.55, 13.34, 12.53, 6.74, 4.65, 3.39, 3.34, 2.91, 2.87]",0,70,77.78
C:/projects/myproject/QDQM/DS_Input/Internal/계약마스터.csv,계약마스터.csv,팀명,Master,C:/projects/myproject/QDQM/DS_Input/Test/Z사용자.csv,Z사용자.csv,Test,팀명,"[""KKKKKK"", ""KKKK KKKKK"", ""KKKKKKK"", ""KKKK"", ""KKKKK"", ""KKKKKKKK"", ""KKKKKKKKKK"", ""KKAAAK"", ""AnAKK"", ""KKKKKKKKK""]","[89.14, 3.29, 3.22, 2.08, 1.51, 0.48, 0.11, 0.05, 0.03, 0.02]","[""KKK"", ""KKKKKK"", ""KKKKK"", ""KKKK"", ""KKKKKKK"", ""KKAAAK"", ""KKKKKKKKK"", ""KKKKKKKK"", ""KKKKnK"", ""nAAKKK""]","[29.45, 23.94, 13.43, 8.9, 7.16, 2.58, 1.4, 1.19, 1.02, 0.93]",0,58,64.44
C:/projects/myproject/QDQM/DS_Input/Internal/계약마스터.csv,계약마스터.csv,팀코드,Master,C:/projects/myproject/QDQM/DS_Input/Internal/사용자.csv,사용자.csv,Master,HR시스템소속코드,"[""AAAAA"", ""AAAAAA"", ""AAAAAAA""]","[94.06, 5.8, 0.14]","[""AAAAAA"", ""AAAAA"", ""AAAAAAA"", ""AAAAAA(n)"", ""AAAAAAn"", ""AAAAAAAA""]","[55.9, 38.95, 4.19, 0.48, 0.29, 0.19]",0,85,89.47
C:/projects/myproject/QDQM/DS_Input/Internal/계약마스터.csv,계약마스터.csv,팀코드,Master,C:/projects/myproject/QDQM/DS_Input/Internal/관리회계_조직그룹상세.csv,관리회계_조직그룹상세.csv,Master,귀속부서조직코드,"[""AAAAA"", ""AAAAAA"", ""AAAAAAA""]","[94.06, 5.8, 0.14]","[""AAAAAA"", ""AAAAA"", ""AAAAAAA"", ""AAAnnn""]","[48.71, 35.53, 15.19, 0.57]",0,66,69.47
C:/projects/myproject/QDQM/DS_Input/Internal/계정과목코드.csv,계정과목코드.csv,ETL일시,Master,Rule,Rule,Rule,TIME,,0,,0,,410,100.0
C:/projects/myproject/QDQM/DS_Input/Internal/계정과목코드.csv,계정과목코드.csv,계정과목명,Master,C:/projects/myproject/QDQM/DS_Input/Internal/관리회계계정.csv,관리회계계정.csv,Master,계정명,"[""KKKKK"", ""KKKKKKK"", ""KKK"", ""KKKK"", ""KKKKKK"", ""KKKKKKKK"", ""KKKKKKKKKK"", ""KKKKKKKKK"", ""KK"", ""KKKKK KKK""]","[21.95, 10.24, 9.76, 9.02, 8.78, 6.59, 6.34, 5.37, 1.71, 1.22]","[""KKKKK"", ""KKKKKKK"", ""KKK"", ""KKKK"", ""KKKKKK"", ""KKKKKKKK"", ""KKKKKKKKKK"", ""KKKKKKKKK"", ""KK"", ""KKKKK KKK""]","[21.95, 10.24, 9.76, 9.02, 8.78, 6.59, 6.34, 5.37, 1.71, 1.22]",0,392,100.0
C:/projects/myproject/QDQM/DS_Input/Internal/계정과목코드.csv,계정과목코드.csv,계정과목명,Master,C:/projects/myproject/QDQM/DS_Input/Reference/계정과목.csv,계정과목.csv,Reference,계정과목,"[""KKKKK"", ""KKKKKKK"", ""KKK"", ""KKKK"", ""KKKKKK"", ""KKKKKKKK"", ""KKKKKKKKKK"", ""KKKKKKKKK"", ""KK"", ""KKKKK KKK""]","[21.95, 10.24, 9.76, 9.02, 8.78, 6.59, 6.34, 5.37, 1.71, 1.22]","[""KKKKK"", ""KKKK"", ""KKK"", ""KKKKKK"", ""KKKKKKK"", ""KKKKKKKK"", ""KKKKKKKKKK"", ""KKKKKKKKK"", ""KK"", ""KKKK(KK)""]","[20.81, 12.52, 11.31, 11.01, 9.5, 7.69, 5.13, 5.13, 3.77, 1.81]",0,337,85.97
C:/projects/myproject/QDQM/DS_Input/Internal/계정과목코드.csv,계정과목코드.csv,계정과목명,Master,C:/projects/myproject/QDQM/DS_Input/Internal/계정코드관리.csv,계정코드관리.csv,Master,하위계정과목명,"[""KKKKK"", ""KKKKKKK"", ""KKK"", ""KKKK"", ""KKKKKK"", ""KKKKKKKK"", ""KKKKKKKKKK"", ""KKKKKKKKK"", ""KK"", ""KKKKK KKK""]","[21.95, 10.24, 9.76, 9.02, 8.78, 6.59, 6.34, 5.37, 1.71, 1.22]","[""KKKKK"", ""KKKKKKK"", ""KKKKKK"", ""KKKKKKKK"", ""KKK"", ""KKKKKKKKKK"", ""KKKK"", ""KKKKKKKKK"", ""KKKKK KKK"", ""KKKK KKK""]","[19.09, 10.91, 10.0, 8.18, 8.18, 7.58, 5.76, 4.85, 1.52, 1.52]",0,329,83.93
C:/projects/myproject/QDQM/DS_Input/Internal/계정과목코드.csv,계정과목코드.csv,계정과목코드,Master,C:/projects/myproject/QDQM/DS_Input/Internal/관리회계계정.csv,관리회계계정.csv,Master,관리회계계정코드,"[""nnnnnn""]",[100.0],"[""nnnnnn""]",[100.0],0,410,100.0
C:/projects/myproject/QDQM/DS_Input/Internal/계정과목코드.csv,계정과목코드.csv,계정과목코드,Master,C:/projects/myproject/QDQM/DS_Input/Internal/계정코드관리.csv,계정코드관리.csv,Master,하위계정과목코드,"[""nnnnnn""]",[100.0],"[""nnnnnn""]",[100.0],0,330,80.49
C:/projects/myproject/QDQM/DS_Input/Internal/계정과목코드.csv,계정과목코드.csv,계정유형코드,Master,C:/projects/myproject/QDQM/DS_Input/Internal/관리회계계정.csv,관리회계계정.csv,Master,관리회계계정유형코드,"[""KKKK"", ""KKKKnn"", ""KKK"", ""AAsAnnn""]","[53.57, 26.79, 12.5, 7.14]","[""KKKK"", ""KKKKnn"", ""KKK"", ""AAsAnnn""]","[53.57, 26.79, 12.5, 7.14]",0,16,100.0
C:/projects/myproject/QDQM/DS_Input/Internal/계정과목코드.csv,계정과목코드.csv,상위계정과목코드,Master,C:/projects/myproject/QDQM/DS_Input/Internal/관리회계계정.csv,관리회계계정.csv,Master,관리회계상위계정코드,"[""nnnnnn""]",[100.0],"[""nnnnnn""]",[100.0],0,63,100.0
C:/projects/myproject/QDQM/DS_Input/Internal/계정과목코드.csv,계정과목코드.csv,상위계정과목코드,Master,C:/projects/myproject/QDQM/DS_Input/Internal/계정과목코드.csv,계정과목코드.csv,Master,계정과목코드,"[""nnnnnn""]",[100.0],"[""nnnnnn""]",[100.0],0,62,98.41
C:/projects/myproject/QDQM/DS_Input/Internal/계정과목코드.csv,계정과목코드.csv,상위계정과목코드,Master,C:/projects/myproject/QDQM/DS_Input/Internal/관리회계계정.csv,관리회계계정.csv,Master,관리회계계정코드,"[""nnnnnn""]",[100.0],"[""nnnnnn""]",[100.0],0,62,98.41
C:/projects/myproject/QDQM/DS_Input/Internal/계정과목코드.csv,계정과목코드.csv,상위계정과목코드,Master,C:/projects/myproject/QDQM/DS_Input/Internal/계정코드관리.csv,계정코드관리.csv,Master,계정과목코드,"[""nnnnnn""]",[100.0],"[""nnnnnn""]",[100.0],0,55,87.3
C:/projects/myproject/QDQM/DS_Input/Internal/계정과목코드.csv,계정과목코드.csv,최종변경일시,Master,Rule,Rule,Rule,TIME,,0,,0,,410,100.0
C:/projects/myproject/QDQM/DS_Input/Internal/계정과목코드.csv,계정과목코드.csv,최초생성일시,Master,Rule,Rule,Rule,TIME,,0,,0,,410,100.0
C:/projects/myproject/QDQM/DS_Input/Internal/계정코드관리.csv,계정코드관리.csv,etl_dtm,Master,Rule,Rule,Rule,TIMESTAMP,,0,,0,,330,100.0
C:/projects/myproject/QDQM/DS_Input/Internal/계정코드관리.csv,계정코드관리.csv,last_update_dtm,Master,Rule,Rule,Rule,TIMESTAMP,,0,,0,,330,100.0
C:/projects/myproject/QDQM/DS_Input/Internal/계정코드관리.csv,계정코드관리.csv,계정과목명,Master,C:/projects/myproject/QDQM/DS_Input/Reference/계정과목.csv,계정과목.csv,Reference,계정과목,"[""KKKKK"", ""KKK"", ""KKKK"", ""KKKKKKKKK"", ""KKKKKK"", ""KKKKKKK"", ""KK"", ""KKKKKKKKKK"", ""KKKKKsKK""]","[41.21, 16.67, 15.45, 13.64, 7.27, 3.94, 0.91, 0.61, 0.3]","[""KKKKK"", ""KKKK"", ""KKK"", ""KKKKKK"", ""KKKKKKK"", ""KKKKKKKK"", ""KKKKKKKKKK"", ""KKKKKKKKK"", ""KK"", ""KKKK(KK)""]","[20.81, 12.52, 11.31, 11.01, 9.5, 7.69, 5.13, 5.13, 3.77, 1.81]",0,55,100.0
C:/projects/myproject/QDQM/DS_Input/Internal/계정코드관리.csv,계정코드관리.csv,계정과목명,Master,C:/projects/myproject/QDQM/DS_Input/Internal/계정과목코드.csv,계정과목코드.csv,Master,계정과목명,"[""KKKKK"", ""KKK"", ""KKKK"", ""KKKKKKKKK"", ""KKKKKK"", ""KKKKKKK"", ""KK"", ""KKKKKKKKKK"", ""KKKKKsKK""]","[41.21, 16.67, 15.45, 13.64, 7.27, 3.94, 0.91, 0.61, 0.3]","[""KKKKK"", ""KKKKKKK"", ""KKK"", ""KKKK"", ""KKKKKK"", ""KKKKKKKK"", ""KKKKKKKKKK"", ""KKKKKKKKK"", ""KK"", ""KKKKK KKK""]","[21.95, 10.24, 9.76, 9.02, 8.78, 6.59, 6.34, 5.37, 1.71, 1.22]",0,55,100.0
C:/projects/myproject/QDQM/DS_Input/Internal/계정코드관리.csv,계정코드관리.csv,계정과목명,Master,C:/projects/myproject/QDQM/DS_Input/Internal/관리회계계정.csv,관리회계계정.csv,Master,계정명,"[""KKKKK"", ""KKK"", ""KKKK"", ""KKKKKKKKK"", ""KKKKKK"", ""KKKKKKK"", ""KK"", ""KKKKKKKKKK"", ""KKKKKsKK""]","[41.21, 16.67, 15.45, 13.64, 7.27, 3.94, 0.91, 0.61, 0.3]","[""KKKKK"", ""KKKKKKK"", ""KKK"", ""KKKK"", ""KKKKKK"", ""KKKKKKKK"", ""KKKKKKKKKK"", ""KKKKKKKKK"", ""KK"", ""KKKKK KKK""]","[21.95, 10.24, 9.76, 9.02, 8.78, 6.59, 6.34, 5.37, 1.71, 1.22]",0,55,100.0
C:/projects/myproject/QDQM/DS_Input/Internal/계정코드관리.csv,계정코드관리.csv,계정과목코드,Master,C:/projects/myproject/QDQM/DS_Input/Internal/계정과목코드.csv,계정과목코드.csv,Master,계정과목코드,"[""nnnnnn""]",[100.0],"[""nnnnnn""]",[100.0],0,55,100.0
C:/projects/myproject/QDQM/DS_Input/Internal/계정코드관리.csv,계정코드관리.csv,계정과목코드,Master,C:/projects/myproject/QDQM/DS_Input/Internal/계정과목코드.csv,계정과목코드.csv,Master,상위계정과목코드,"[""nnnnnn""]",[100.0],"[""nnnnnn""]",[100.0],0,55,100.0
C:/projects/myproject/QDQM/DS_Input/Internal/계정코드관리.csv,계정코드관리.csv,계정과목코드,Master,C:/projects/myproject/QDQM/DS_Input/Internal/관리회계계정.csv,관리회계계정.csv,Master,관리회계계정코드,"[""nnnnnn""]",[100.0],"[""nnnnnn""]",[100.0],0,55,100.0
C:/projects/myproject/QDQM/DS_Input/Internal/계정코드관리.csv,계정코드관리.csv,계정과목코드,Master,C:/projects/myproject/QDQM/DS_Input/Internal/관리회계계정.csv,관리회계계정.csv,Master,관리회계상위계정코드,"[""nnnnnn""]",[100.0],"[""nnnnnn""]",[100.0],0,55,100.0
C:/projects/myproject/QDQM/DS_Input/Internal/계정코드관리.csv,계정코드관리.csv,정렬순서,Master,C:/projects/myproject/QDQM/DS_Input/Internal/관리회계_사업.csv,관리회계_사업.csv,Master,정렬순서,"[""nnnn"", ""nnn"", ""nn""]","[69.7, 27.58, 2.73]","[""nnnn"", ""nnn"", ""nn""]","[75.97, 21.84, 2.18]",0,328,99.39
C:/projects/myproject/QDQM/DS_Input/Internal/계정코드관리.csv,계정코드관리.csv,정렬순서,Master,C:/projects/myproject/QDQM/DS_Input/Internal/관리회계_조직그룹상세.csv,관리회계_조직그룹상세.csv,Master,정렬순서,"[""nnnn"", ""nnn"", ""nn""]","[69.7, 27.58, 2.73]","[""nnnn"", ""nnn"", ""nn""]","[71.63, 25.79, 2.58]",0,328,99.39
C:/projects/myproject/QDQM/DS_Input/Internal/계정코드관리.csv,계정코드관리.csv,정렬순서,Master,C:/projects/myproject/QDQM/DS_Input/Internal/관리회계계정.csv,관리회계계정.csv,Master,정렬순서,"[""nnnn"", ""nnn"", ""nn""]","[69.7, 27.58, 2.73]","[""nnnn"", ""nnn"", ""nn""]","[75.85, 21.95, 2.2]",0,328,99.39
C:/projects/myproject/QDQM/DS_Input/Internal/계정코드관리.csv,계정코드관리.csv,정렬순서,Master,C:/projects/myproject/QDQM/DS_Input/Internal/사업코드관리.csv,사업코드관리.csv,Master,정렬순서,"[""nnnn"", ""nnn"", ""nn""]","[69.7, 27.58, 2.73]","[""nnnn"", ""nnn"", ""nn""]","[71.39, 26.01, 2.6]",0,328,99.39
C:/projects/myproject/QDQM/DS_Input/Internal/계정코드관리.csv,계정코드관리.csv,정렬순서,Master,C:/projects/myproject/QDQM/DS_Input/Internal/ORGNIZATION.csv,ORGNIZATION.csv,Master,조직코드,"[""nnnn"", ""nnn"", ""nn""]","[69.7, 27.58, 2.73]","[""nnnn"", ""nnn"", ""AAAAA"", ""AAAAAAA"", ""nnnnnn"", ""AAAA"", ""AA"", ""nnnnnnn"", ""nnnnn"", ""AAA""]","[78.96, 14.52, 2.4, 2.4, 1.02, 0.42, 0.13, 0.05, 0.05, 0.03]",0,261,79.09
C:/projects/myproject/QDQM/DS_Input/Internal/계정코드관리.csv,계정코드관리.csv,정렬순서,Master,C:/projects/myproject/QDQM/DS_Input/Internal/택배_조직도.csv,택배_조직도.csv,Master,조직코드,"[""nnnn"", ""nnn"", ""nn""]","[69.7, 27.58, 2.73]","[""nnnn"", ""nnn"", ""AAAAA"", ""AAAAAAA"", ""nnnnnn"", ""AAAA"", ""AA"", ""nnnnnnn"", ""nnnnn"", ""AAA""]","[78.96, 14.52, 2.4, 2.4, 1.02, 0.42, 0.13, 0.05, 0.05, 0.03]",0,261,79.09
C:/projects/myproject/QDQM/DS_Input/Internal/계정코드관리.csv,계정코드관리.csv,정렬순서,Master,C:/projects/myproject/QDQM/DS_Input/Test/Z검증용데이터.csv,Z검증용데이터.csv,Test,단가,"[""nnnn"", ""nnn"", ""nn""]","[69.7, 27.58, 2.73]","[""nnnn"", ""nnn"", ""n"", ""nn""]","[90.71, 8.97, 0.26, 0.05]",0,222,67.27
C:/projects/myproject/QDQM/DS_Input/Internal/계정코드관리.csv,계정코드관리.csv,최초생성일시,Master,Rule,Rule,Rule,TIMESTAMP,,0,,0,,330,100.0
C:/projects/myproject/QDQM/DS_Input/Internal/계정코드관리.csv,계정코드관리.csv,하위계정과목명,Master,C:/projects/myproject/QDQM/DS_Input/Internal/계정과목코드.csv,계정과목코드.csv,Master,계정과목명,"[""KKKKK"", ""KKKKKKK"", ""KKKKKK"", ""KKKKKKKK"", ""KKK"", ""KKKKKKKKKK"", ""KKKK"", ""KKKKKKKKK"", ""KKKKK KKK"", ""KKKK KKK""]","[19.09, 10.91, 10.0, 8.18, 8.18, 7.58, 5.76, 4.85, 1.52, 1.52]","[""KKKKK"", ""KKKKKKK"", ""KKK"", ""KKKK"", ""KKKKKK"", ""KKKKKKKK"", ""KKKKKKKKKK"", ""KKKKKKKKK"", ""KK"", ""KKKKK KKK""]","[21.95, 10.24, 9.76, 9.02, 8.78, 6.59, 6.34, 5.37, 1.71, 1.22]",0,329,99.7
C:/projects/myproject/QDQM/DS_Input/Internal/계정코드관리.csv,계정코드관리.csv,하위계정과목명,Master,C:/projects/myproject/QDQM/DS_Input/Internal/관리회계계정.csv,관리회계계정.csv,Master,계정명,"[""KKKKK"", ""KKKKKKK"", ""KKKKKK"", ""KKKKKKKK"", ""KKK"", ""KKKKKKKKKK"", ""KKKK"", ""KKKKKKKKK"", ""KKKKK KKK"", ""KKKK KKK""]","[19.09, 10.91, 10.0, 8.18, 8.18, 7.58, 5.76, 4.85, 1.52, 1.52]","[""KKKKK"", ""KKKKKKK"", ""KKK"", ""KKKK"", ""KKKKKK"", ""KKKKKKKK"", ""KKKKKKKKKK"", ""KKKKKKKKK"", ""KK"", ""KKKKK KKK""]","[21.95, 10.24, 9.76, 9.02, 8.78, 6.59, 6.34, 5.37, 1.71, 1.22]",0,329,99.7
C:/projects/myproject/QDQM/DS_Input/Internal/계정코드관리.csv,계정코드관리.csv,하위계정과목명,Master,C:/projects/myproject/QDQM/DS_Input/Reference/계정과목.csv,계정과목.csv,Reference,계정과목,"[""KKKKK"", ""KKKKKKK"", ""KKKKKK"", ""KKKKKKKK"", ""KKK"", ""KKKKKKKKKK"", ""KKKK"", ""KKKKKKKKK"", ""KKKKK KKK"", ""KKKK KKK""]","[19.09, 10.91, 10.0, 8.18, 8.18, 7.58, 5.76, 4.85, 1.52, 1.52]","[""KKKKK"", ""KKKK"", ""KKK"", ""KKKKKK"", ""KKKKKKK"", ""KKKKKKKK"", ""KKKKKKKKKK"", ""KKKKKKKKK"", ""KK"", ""KKKK(KK)""]","[20.81, 12.52, 11.31, 11.01, 9.5, 7.69, 5.13, 5.13, 3.77, 1.81]",0,290,87.88
C:/projects/myproject/QDQM/DS_Input/Internal/계정코드관리.csv,계정코드관리.csv,하위계정과목코드,Master,C:/projects/myproject/QDQM/DS_Input/Internal/계정과목코드.csv,계정과목코드.csv,Master,계정과목코드,"[""nnnnnn""]",[100.0],"[""nnnnnn""]",[100.0],0,330,100.0
C:/projects/myproject/QDQM/DS_Input/Internal/계정코드관리.csv,계정코드관리.csv,하위계정과목코드,Master,C:/projects/myproject/QDQM/DS_Input/Internal/관리회계계정.csv,관리회계계정.csv,Master,관리회계계정코드,"[""nnnnnn""]",[100.0],"[""nnnnnn""]",[100.0],0,330,100.0
C:/projects/myproject/QDQM/DS_Input/Internal/고객마스터.csv,고객마스터.csv,고객번호,Master,C:/projects/myproject/QDQM/DS_Input/Reference/사업자등록번호3.csv,사업자등록번호3.csv,Reference,유효사업자번호3,"[""nnnnnnnnnn""]",[100.0],"[""nnnnnnnnnn""]",[100.0],3,2,100.0
C:/projects/myproject/QDQM/DS_Input/Internal/고객마스터.csv,고객마스터.csv,등록일시,Master,C:/projects/myproject/QDQM/DS_Input/Internal/고객마스터.csv,고객마스터.csv,Master,최종사원업데이트일시,"[""nn:nn""]",[100.0],"[""nn:nn""]",[100.0],0,2431,76.02
C:/projects/myproject/QDQM/DS_Input/Internal/고객마스터.csv,고객마스터.csv,법인등록번호,Master,C:/projects/myproject/QDQM/DS_Input/Internal/CUSTOMER.csv,CUSTOMER.csv,Master,법인번호,"[""n.nnnnnAsnn"", ""nnnnnnnnnnnnn""]","[99.01, 0.99]","[""n.nnnnnAsnn"", ""nnnnnnnnnnnnn""]","[99.46, 0.54]",0,68,61.82
C:/projects/myproject/QDQM/DS_Input/Internal/고객마스터.csv,고객마스터.csv,법인등록번호,Master,C:/projects/myproject/QDQM/DS_Input/Internal/기업고객.csv,기업고객.csv,Master,기업법인번호,"[""n.nnnnnAsnn"", ""nnnnnnnnnnnnn""]","[99.01, 0.99]","[""n.nnnnnAsnn"", ""n""]","[99.46, 0.54]",0,67,60.91
C:/projects/myproject/QDQM/DS_Input/Internal/고객마스터.csv,고객마스터.csv,우편번호,Master,C:/projects/myproject/QDQM/DS_Input/Reference/우편번호3.csv,우편번호3.csv,Reference,우편번호3,"[""nnnnn"", ""nnnnnn""]","[69.69, 30.31]","[""nnnnn""]",[100.0],3,291,85.09
C:/projects/myproject/QDQM/DS_Input/Internal/고객마스터.csv,고객마스터.csv,주소,Master,Rule,Rule,Rule,ADDRESS,,0,,0,,871,100.0
C:/projects/myproject/QDQM/DS_Input/Internal/고객마스터.csv,고객마스터.csv,최종사원업데이트일시,Master,C:/projects/myproject/QDQM/DS_Input/Internal/고객마스터.csv,고객마스터.csv,Master,등록일시,"[""nn:nn""]",[100.0],"[""nn:nn""]",[100.0],0,2431,89.18
C:/projects/myproject/QDQM/DS_Input/Internal/고객유형.csv,고객유형.csv,ETL일시,Master,Rule,Rule,Rule,TIMESTAMP,,0,,0,,5,100.0
C:/projects/myproject/QDQM/DS_Input/Internal/고객유형.csv,고객유형.csv,등록일시,Master,Rule,Rule,Rule,TIMESTAMP,,0,,0,,5,100.0
C:/projects/myproject/QDQM/DS_Input/Internal/고객유형.csv,고객유형.csv,최종변경일시,Master,Rule,Rule,Rule,TIMESTAMP,,0,,0,,5,100.0
C:/projects/myproject/QDQM/DS_Input/Internal/관리회계_계정그룹.csv,관리회계_계정그룹.csv,ETL일시,Master,Rule,Rule,Rule,TIMESTAMP,,0,,0,,3,100.0
C:/projects/myproject/QDQM/DS_Input/Internal/관리회계_계정그룹.csv,관리회계_계정그룹.csv,최종변경일시,Master,Rule,Rule,Rule,TIMESTAMP,,0,,0,,3,100.0
C:/projects/myproject/QDQM/DS_Input/Internal/관리회계_계정그룹.csv,관리회계_계정그룹.csv,최초생성일시,Master,Rule,Rule,Rule,TIMESTAMP,,0,,0,,3,100.0
C:/projects/myproject/QDQM/DS_Input/Internal/관리회계_계정그룹상세.csv,관리회계_계정그룹상세.csv,ETL일시,Master,Rule,Rule,Rule,TIMESTAMP,,0,,0,,93,100.0
C:/projects/myproject/QDQM/DS_Input/Internal/관리회계_계정그룹상세.csv,관리회계_계정그룹상세.csv,계정코드,Master,C:/projects/myproject/QDQM/DS_Input/Internal/계정과목코드.csv,계정과목코드.csv,Master,계정과목코드,"[""nnnnnn""]",[100.0],"[""nnnnnn""]",[100.0],0,93,100.0
C:/projects/myproject/QDQM/DS_Input/Internal/관리회계_계정그룹상세.csv,관리회계_계정그룹상세.csv,계정코드,Master,C:/projects/myproject/QDQM/DS_Input/Internal/관리회계계정.csv,관리회계계정.csv,Master,관리회계계정코드,"[""nnnnnn""]",[100.0],"[""nnnnnn""]",[100.0],0,93,100.0
C:/projects/myproject/QDQM/DS_Input/Internal/관리회계_계정그룹상세.csv,관리회계_계정그룹상세.csv,계정코드,Master,C:/projects/myproject/QDQM/DS_Input/Internal/계정코드관리.csv,계정코드관리.csv,Master,하위계정과목코드,"[""nnnnnn""]",[100.0],"[""nnnnnn""]",[100.0],0,91,97.85
C:/projects/myproject/QDQM/DS_Input/Internal/관리회계_계정그룹상세.csv,관리회계_계정그룹상세.csv,정렬순서,Master,C:/projects/myproject/QDQM/DS_Input/Internal/계정코드관리.csv,계정코드관리.csv,Master,정렬순서,"[""nnn"", ""nn""]","[90.22, 9.78]","[""nnnn"", ""nnn"", ""nn""]","[69.7, 27.58, 2.73]",0,90,97.83
C:/projects/myproject/QDQM/DS_Input/Internal/관리회계_계정그룹상세.csv,관리회계_계정그룹상세.csv,정렬순서,Master,C:/projects/myproject/QDQM/DS_Input/Internal/관리회계_사업.csv,관리회계_사업.csv,Master,정렬순서,"[""nnn"", ""nn""]","[90.22, 9.78]","[""nnnn"", ""nnn"", ""nn""]","[75.97, 21.84, 2.18]",0,90,97.83
C:/projects/myproject/QDQM/DS_Input/Internal/관리회계_계정그룹상세.csv,관리회계_계정그룹상세.csv,정렬순서,Master,C:/projects/myproject/QDQM/DS_Input/Internal/관리회계_조직그룹상세.csv,관리회계_조직그룹상세.csv,Master,정렬순서,"[""nnn"", ""nn""]","[90.22, 9.78]","[""nnnn"", ""nnn"", ""nn""]","[71.63, 25.79, 2.58]",0,90,97.83
C:/projects/myproject/QDQM/DS_Input/Internal/관리회계_계정그룹상세.csv,관리회계_계정그룹상세.csv,정렬순서,Master,C:/projects/myproject/QDQM/DS_Input/Internal/관리회계계정.csv,관리회계계정.csv,Master,정렬순서,"[""nnn"", ""nn""]","[90.22, 9.78]","[""nnnn"", ""nnn"", ""nn""]","[75.85, 21.95, 2.2]",0,90,97.83
C:/projects/myproject/QDQM/DS_Input/Internal/관리회계_계정그룹상세.csv,관리회계_계정그룹상세.csv,정렬순서,Master,C:/projects/myproject/QDQM/DS_Input/Internal/사업코드관리.csv,사업코드관리.csv,Master,정렬순서,"[""nnn"", ""nn""]","[90.22, 9.78]","[""nnnn"", ""nnn"", ""nn""]","[71.39, 26.01, 2.6]",0,90,97.83
C:/projects/myproject/QDQM/DS_Input/Internal/관리회계_계정그룹상세.csv,관리회계_계정그룹상세.csv,정렬순서,Master,C:/projects/myproject/QDQM/DS_Input/Internal/CUSTOMER.csv,CUSTOMER.csv,Master,집하지대번지,"[""nnn"", ""nn""]","[90.22, 9.78]","[""nnn"", ""nn"", ""nnnn"", ""n"", ""nnn-n"", ""nnn-nn"", ""KKK"", ""Aaa-nn"", ""."", ""nn-nn""]","[53.98, 15.4, 10.79, 6.38, 4.23, 2.53, 2.05, 0.68, 0.61, 0.61]",0,77,83.7
C:/projects/myproject/QDQM/DS_Input/Internal/관리회계_계정그룹상세.csv,관리회계_계정그룹상세.csv,정렬순서,Master,C:/projects/myproject/QDQM/DS_Input/Internal/ORGNIZATION.csv,ORGNIZATION.csv,Master,조직코드,"[""nnn"", ""nn""]","[90.22, 9.78]","[""nnnn"", ""nnn"", ""AAAAA"", ""AAAAAAA"", ""nnnnnn"", ""AAAA"", ""AA"", ""nnnnnnn"", ""nnnnn"", ""AAA""]","[78.96, 14.52, 2.4, 2.4, 1.02, 0.42, 0.13, 0.05, 0.05, 0.03]",0,75,81.52
C:/projects/myproject/QDQM/DS_Input/Internal/관리회계_계정그룹상세.csv,관리회계_계정그룹상세.csv,정렬순서,Master,C:/projects/myproject/QDQM/DS_Input/Internal/조직터미널마스터.csv,조직터미널마스터.csv,Master,터미널조직코드,"[""nnn"", ""nn""]","[90.22, 9.78]","[""nnn""]",[100.0],0,75,81.52
C:/projects/myproject/QDQM/DS_Input/Internal/관리회계_계정그룹상세.csv,관리회계_계정그룹상세.csv,정렬순서,Master,C:/projects/myproject/QDQM/DS_Input/Internal/택배_조직도.csv,택배_조직도.csv,Master,조직코드,"[""nnn"", ""nn""]","[90.22, 9.78]","[""nnnn"", ""nnn"", ""AAAAA"", ""AAAAAAA"", ""nnnnnn"", ""AAAA"", ""AA"", ""nnnnnnn"", ""nnnnn"", ""AAA""]","[78.96, 14.52, 2.4, 2.4, 1.02, 0.42, 0.13, 0.05, 0.05, 0.03]",0,75,81.52
C:/projects/myproject/QDQM/DS_Input/Internal/관리회계_계정그룹상세.csv,관리회계_계정그룹상세.csv,정렬순서,Master,C:/projects/myproject/QDQM/DS_Input/Internal/ORGNIZATION.csv,ORGNIZATION.csv,Master,상위조직코드,"[""nnn"", ""nn""]","[90.22, 9.78]","[""nnn"", ""AAAAAAA"", ""AAAAA"", ""nnnn"", ""AAAAAA"", ""AAA""]","[80.04, 12.45, 6.2, 1.05, 0.24, 0.03]",0,70,76.09
C:/projects/myproject/QDQM/DS_Input/Internal/관리회계_계정그룹상세.csv,관리회계_계정그룹상세.csv,정렬순서,Master,C:/projects/myproject/QDQM/DS_Input/Internal/택배_조직도.csv,택배_조직도.csv,Master,상위조직코드,"[""nnn"", ""nn""]","[90.22, 9.78]","[""nnn"", ""AAAAAAA"", ""AAAAA"", ""nnnn"", ""AAAAAA"", ""AAA""]","[80.04, 12.45, 6.2, 1.05, 0.24, 0.03]",0,70,76.09
C:/projects/myproject/QDQM/DS_Input/Internal/관리회계_계정그룹상세.csv,관리회계_계정그룹상세.csv,정렬순서,Master,C:/projects/myproject/QDQM/DS_Input/Internal/조직터미널마스터.csv,조직터미널마스터.csv,Master,실제터미널조직코드,"[""nnn"", ""nn""]","[90.22, 9.78]","[""nnn""]",[100.0],0,69,75.0
C:/projects/myproject/QDQM/DS_Input/Internal/관리회계_계정그룹상세.csv,관리회계_계정그룹상세.csv,정렬순서,Master,C:/projects/myproject/QDQM/DS_Input/Internal/배송점.csv,배송점.csv,Master,상위조직코드,"[""nnn"", ""nn""]","[90.22, 9.78]","[""nnn"", ""nnnn""]","[98.97, 1.03]",0,66,71.74
C:/projects/myproject/QDQM/DS_Input/Internal/관리회계_계정그룹상세.csv,관리회계_계정그룹상세.csv,정렬순서,Master,C:/projects/myproject/QDQM/DS_Input/Internal/영업소.csv,영업소.csv,Master,영업소코드,"[""nnn"", ""nn""]","[90.22, 9.78]","[""nnn"", ""Ann""]","[99.32, 0.68]",0,58,63.04
C:/projects/myproject/QDQM/DS_Input/Internal/관리회계_계정그룹상세.csv,관리회계_계정그룹상세.csv,최종변경일시,Master,Rule,Rule,Rule,TIMESTAMP,,0,,0,,93,100.0
C:/projects/myproject/QDQM/DS_Input/Internal/관리회계_계정그룹상세.csv,관리회계_계정그룹상세.csv,최초생성일시,Master,Rule,Rule,Rule,TIMESTAMP,,0,,0,,93,100.0
C:/projects/myproject/QDQM/DS_Input/Internal/관리회계_고객.csv,관리회계_고객.csv,ETL일시,Master,Rule,Rule,Rule,TIME,,0,,0,,10000,100.0
C:/projects/myproject/QDQM/DS_Input/Internal/관리회계_고객.csv,관리회계_고객.csv,법인번호,Master,C:/projects/myproject/QDQM/DS_Input/Reference/법인번호7.csv,법인번호7.csv,Reference,법인번호7,"[""nnnnnnnnnnnnn"", ""nnnnnnsssssss"", ""nnnnnnnnnnnnnn""]","[99.92, 0.04, 0.04]","[""nnnnnnnnnnnnn""]",[100.0],7,228,80.57
C:/projects/myproject/QDQM/DS_Input/Internal/관리회계_고객.csv,관리회계_고객.csv,사업자등록번호,Master,C:/projects/myproject/QDQM/DS_Input/Reference/사업자등록번호3.csv,사업자등록번호3.csv,Reference,유효사업자번호3,"[""nnnnnnnnnn"", ""nnn-nn-nnnnn"", ""nnn"", ""nnnnnn-nnnnnnn"", ""n.nnnnnAsnn"", ""nnnnnnnnn"", ""nnnnnnnnnnnnnnnnnn"", ""AAnnnnnnnnnn"", ""nnnnnnA"", ""nnnnnn""]","[99.78, 0.07, 0.03, 0.03, 0.03, 0.02, 0.01, 0.01, 0.01, 0.01]","[""nnnnnnnnnn""]",[100.0],3,614,76.18
C:/projects/myproject/QDQM/DS_Input/Internal/관리회계_고객.csv,관리회계_고객.csv,최종변경일시,Master,Rule,Rule,Rule,TIME,,0,,0,,9993,100.0
C:/projects/myproject/QDQM/DS_Input/Internal/관리회계_고객.csv,관리회계_고객.csv,최종변경일시,Master,C:/projects/myproject/QDQM/DS_Input/Internal/관리회계_고객.csv,관리회계_고객.csv,Master,최초생성일시,"[""nn:nn.n"", ""nn:nn""]","[82.32, 17.68]","[""nn:nn.n"", ""nn:nn""]","[80.24, 19.76]",0,254,99.22
C:/projects/myproject/QDQM/DS_Input/Internal/관리회계_고객.csv,관리회계_고객.csv,최초생성일시,Master,Rule,Rule,Rule,TIME,,0,,0,,9987,100.0
C:/projects/myproject/QDQM/DS_Input/Internal/관리회계_고객.csv,관리회계_고객.csv,최초생성일시,Master,C:/projects/myproject/QDQM/DS_Input/Internal/관리회계_고객.csv,관리회계_고객.csv,Master,최종변경일시,"[""nn:nn.n"", ""nn:nn""]","[80.24, 19.76]","[""nn:nn.n"", ""nn:nn""]","[82.32, 17.68]",0,254,98.83
C:/projects/myproject/QDQM/DS_Input/Internal/관리회계_사업.csv,관리회계_사업.csv,ETL일시,Master,Rule,Rule,Rule,TIME,,0,,0,,412,100.0
C:/projects/myproject/QDQM/DS_Input/Internal/관리회계_사업.csv,관리회계_사업.csv,사업명,Master,C:/projects/myproject/QDQM/DS_Input/Internal/사업코드관리.csv,사업코드관리.csv,Master,business_level6_name,"[""KKKKKK"", ""KKKK"", ""KKKKKKK"", ""KKKKK"", ""KKKKKKKK"", ""KKKKKKKK(KK)"", ""KKK"", ""KKKKK(KK)"", ""KKnnnnK"", ""AnAKK""]","[22.09, 17.72, 12.14, 8.5, 4.37, 3.4, 2.91, 2.91, 2.91, 2.43]","[""KKKKKK"", ""KKKK"", ""KKKKKKK"", ""KKKKK"", ""KKKKKKKK"", ""AnAKK"", ""KKKKK(KK)"", ""KKKKKK(KK)"", ""KKAAA"", ""KKnnnnK""]","[24.86, 18.5, 12.43, 9.54, 5.78, 2.89, 2.31, 2.31, 2.31, 2.31]",0,164,89.13
C:/projects/myproject/QDQM/DS_Input/Internal/관리회계_사업.csv,관리회계_사업.csv,사업명,Master,C:/projects/myproject/QDQM/DS_Input/Internal/사업코드관리.csv,사업코드관리.csv,Master,사업명,"[""KKKKKK"", ""KKKK"", ""KKKKKKK"", ""KKKKK"", ""KKKKKKKK"", ""KKKKKKKK(KK)"", ""KKK"", ""KKKKK(KK)"", ""KKnnnnK"", ""AnAKK""]","[22.09, 17.72, 12.14, 8.5, 4.37, 3.4, 2.91, 2.91, 2.91, 2.43]","[""KKKKKK"", ""KKKK"", ""KKKKKKK"", ""KKKKK"", ""KKKKKKKK"", ""KKKKKK(KK)"", ""AnAKK"", ""KKnnnnK"", ""KKKKK(KK)"", ""KKAAA""]","[23.41, 18.79, 12.43, 9.54, 5.78, 3.47, 2.89, 2.31, 2.31, 2.31]",0,164,89.13
C:/projects/myproject/QDQM/DS_Input/Internal/관리회계_사업.csv,관리회계_사업.csv,사업명,Master,C:/projects/myproject/QDQM/DS_Input/Internal/사업코드관리.csv,사업코드관리.csv,Master,business_level5_name,"[""KKKKKK"", ""KKKK"", ""KKKKKKK"", ""KKKKK"", ""KKKKKKKK"", ""KKKKKKKK(KK)"", ""KKK"", ""KKKKK(KK)"", ""KKnnnnK"", ""AnAKK""]","[22.09, 17.72, 12.14, 8.5, 4.37, 3.4, 2.91, 2.91, 2.91, 2.43]","[""KKKKKK"", ""KKKKKKK"", ""KKKK"", ""KKKKKKKK"", ""KKKKK"", ""AnAKK"", ""KKKKKKKKKK"", ""KKAAA"", ""KKAAKK"", ""AsAKK""]","[32.66, 15.32, 14.16, 8.67, 6.07, 4.62, 2.02, 2.02, 1.45, 1.16]",0,140,76.09
C:/projects/myproject/QDQM/DS_Input/Internal/관리회계_사업.csv,관리회계_사업.csv,사업코드,Master,C:/projects/myproject/QDQM/DS_Input/Internal/사업코드관리.csv,사업코드관리.csv,Master,business_level6_cd,"[""nnn"", ""nnnA""]","[86.89, 13.11]","[""nnn""]",[100.0],0,181,76.05
C:/projects/myproject/QDQM/DS_Input/Internal/관리회계_사업.csv,관리회계_사업.csv,사업코드,Master,C:/projects/myproject/QDQM/DS_Input/Internal/사업코드관리.csv,사업코드관리.csv,Master,사업코드,"[""nnn"", ""nnnA""]","[86.89, 13.11]","[""nnn""]",[100.0],0,181,76.05
C:/projects/myproject/QDQM/DS_Input/Internal/관리회계_사업.csv,관리회계_사업.csv,사업코드,Master,C:/projects/myproject/QDQM/DS_Input/Internal/CUSTOMER.csv,CUSTOMER.csv,Master,집하지대번지,"[""nnn"", ""nnnA""]","[86.89, 13.11]","[""nnn"", ""nn"", ""nnnn"", ""n"", ""nnn-n"", ""nnn-nn"", ""KKK"", ""Aaa-nn"", ""."", ""nn-nn""]","[53.98, 15.4, 10.79, 6.38, 4.23, 2.53, 2.05, 0.68, 0.61, 0.61]",0,159,66.81
C:/projects/myproject/QDQM/DS_Input/Internal/관리회계_사업.csv,관리회계_사업.csv,사업코드,Master,C:/projects/myproject/QDQM/DS_Input/Internal/사업코드관리.csv,사업코드관리.csv,Master,business_level5_cd,"[""nnn"", ""nnnA""]","[86.89, 13.11]","[""nnn""]",[100.0],0,150,63.03
C:/projects/myproject/QDQM/DS_Input/Internal/관리회계_사업.csv,관리회계_사업.csv,상위사업코드,Master,C:/projects/myproject/QDQM/DS_Input/Internal/관리회계_사업.csv,관리회계_사업.csv,Master,사업코드,"[""nnn""]",[100.0],"[""nnn"", ""nnnA""]","[86.89, 13.11]",0,80,100.0
C:/projects/myproject/QDQM/DS_Input/Internal/관리회계_사업.csv,관리회계_사업.csv,상위사업코드,Master,C:/projects/myproject/QDQM/DS_Input/Internal/사업코드관리.csv,사업코드관리.csv,Master,business_level5_cd,"[""nnn""]",[100.0],"[""nnn""]",[100.0],0,78,97.5
C:/projects/myproject/QDQM/DS_Input/Internal/관리회계_사업.csv,관리회계_사업.csv,상위사업코드,Master,C:/projects/myproject/QDQM/DS_Input/Internal/사업코드관리.csv,사업코드관리.csv,Master,business_level6_cd,"[""nnn""]",[100.0],"[""nnn""]",[100.0],0,78,97.5
C:/projects/myproject/QDQM/DS_Input/Internal/관리회계_사업.csv,관리회계_사업.csv,상위사업코드,Master,C:/projects/myproject/QDQM/DS_Input/Internal/사업코드관리.csv,사업코드관리.csv,Master,사업코드,"[""nnn""]",[100.0],"[""nnn""]",[100.0],0,78,97.5
C:/projects/myproject/QDQM/DS_Input/Internal/관리회계_사업.csv,관리회계_사업.csv,상위사업코드,Master,C:/projects/myproject/QDQM/DS_Input/Internal/ORGNIZATION.csv,ORGNIZATION.csv,Master,상위조직코드,"[""nnn""]",[100.0],"[""nnn"", ""AAAAAAA"", ""AAAAA"", ""nnnn"", ""AAAAAA"", ""AAA""]","[80.04, 12.45, 6.2, 1.05, 0.24, 0.03]",0,73,91.25
C:/projects/myproject/QDQM/DS_Input/Internal/관리회계_사업.csv,관리회계_사업.csv,상위사업코드,Master,C:/projects/myproject/QDQM/DS_Input/Internal/ORGNIZATION.csv,ORGNIZATION.csv,Master,조직코드,"[""nnn""]",[100.0],"[""nnnn"", ""nnn"", ""AAAAA"", ""AAAAAAA"", ""nnnnnn"", ""AAAA"", ""AA"", ""nnnnnnn"", ""nnnnn"", ""AAA""]","[78.96, 14.52, 2.4, 2.4, 1.02, 0.42, 0.13, 0.05, 0.05, 0.03]",0,73,91.25
C:/projects/myproject/QDQM/DS_Input/Internal/관리회계_사업.csv,관리회계_사업.csv,상위사업코드,Master,C:/projects/myproject/QDQM/DS_Input/Internal/조직터미널마스터.csv,조직터미널마스터.csv,Master,터미널조직코드,"[""nnn""]",[100.0],"[""nnn""]",[100.0],0,73,91.25
C:/projects/myproject/QDQM/DS_Input/Internal/관리회계_사업.csv,관리회계_사업.csv,상위사업코드,Master,C:/projects/myproject/QDQM/DS_Input/Internal/택배_조직도.csv,택배_조직도.csv,Master,상위조직코드,"[""nnn""]",[100.0],"[""nnn"", ""AAAAAAA"", ""AAAAA"", ""nnnn"", ""AAAAAA"", ""AAA""]","[80.04, 12.45, 6.2, 1.05, 0.24, 0.03]",0,73,91.25
C:/projects/myproject/QDQM/DS_Input/Internal/관리회계_사업.csv,관리회계_사업.csv,상위사업코드,Master,C:/projects/myproject/QDQM/DS_Input/Internal/택배_조직도.csv,택배_조직도.csv,Master,조직코드,"[""nnn""]",[100.0],"[""nnnn"", ""nnn"", ""AAAAA"", ""AAAAAAA"", ""nnnnnn"", ""AAAA"", ""AA"", ""nnnnnnn"", ""nnnnn"", ""AAA""]","[78.96, 14.52, 2.4, 2.4, 1.02, 0.42, 0.13, 0.05, 0.05, 0.03]",0,73,91.25
C:/projects/myproject/QDQM/DS_Input/Internal/관리회계_사업.csv,관리회계_사업.csv,상위사업코드,Master,C:/projects/myproject/QDQM/DS_Input/Internal/배송점.csv,배송점.csv,Master,상위조직코드,"[""nnn""]",[100.0],"[""nnn"", ""nnnn""]","[98.97, 1.03]",0,71,88.75
C:/projects/myproject/QDQM/DS_Input/Internal/관리회계_사업.csv,관리회계_사업.csv,상위사업코드,Master,C:/projects/myproject/QDQM/DS_Input/Internal/사업코드관리.csv,사업코드관리.csv,Master,소사업코드,"[""nnn""]",[100.0],"[""nnn""]",[100.0],0,65,81.25
C:/projects/myproject/QDQM/DS_Input/Internal/관리회계_사업.csv,관리회계_사업.csv,상위사업코드,Master,C:/projects/myproject/QDQM/DS_Input/Internal/CUSTOMER.csv,CUSTOMER.csv,Master,집하지대번지,"[""nnn""]",[100.0],"[""nnn"", ""nn"", ""nnnn"", ""n"", ""nnn-n"", ""nnn-nn"", ""KKK"", ""Aaa-nn"", ""."", ""nn-nn""]","[53.98, 15.4, 10.79, 6.38, 4.23, 2.53, 2.05, 0.68, 0.61, 0.61]",0,61,76.25
C:/projects/myproject/QDQM/DS_Input/Internal/관리회계_사업.csv,관리회계_사업.csv,유효시작일자V,Master,Rule,Rule,Rule,DATECHAR,,0,,0,,412,100.0
C:/projects/myproject/QDQM/DS_Input/Internal/관리회계_사업.csv,관리회계_사업.csv,유효종료일자V,Master,Rule,Rule,Rule,DATECHAR,,0,,0,,412,100.0
C:/projects/myproject/QDQM/DS_Input/Internal/관리회계_사업.csv,관리회계_사업.csv,정렬순서,Master,C:/projects/myproject/QDQM/DS_Input/Internal/관리회계계정.csv,관리회계계정.csv,Master,정렬순서,"[""nnnn"", ""nnn"", ""nn""]","[75.97, 21.84, 2.18]","[""nnnn"", ""nnn"", ""nn""]","[75.85, 21.95, 2.2]",0,409,99.27
C:/projects/myproject/QDQM/DS_Input/Internal/관리회계_사업.csv,관리회계_사업.csv,정렬순서,Master,C:/projects/myproject/QDQM/DS_Input/Internal/관리회계_조직그룹상세.csv,관리회계_조직그룹상세.csv,Master,정렬순서,"[""nnnn"", ""nnn"", ""nn""]","[75.97, 21.84, 2.18]","[""nnnn"", ""nnn"", ""nn""]","[71.63, 25.79, 2.58]",0,349,84.71
C:/projects/myproject/QDQM/DS_Input/Internal/관리회계_사업.csv,관리회계_사업.csv,정렬순서,Master,C:/projects/myproject/QDQM/DS_Input/Internal/사업코드관리.csv,사업코드관리.csv,Master,정렬순서,"[""nnnn"", ""nnn"", ""nn""]","[75.97, 21.84, 2.18]","[""nnnn"", ""nnn"", ""nn""]","[71.39, 26.01, 2.6]",0,346,83.98
C:/projects/myproject/QDQM/DS_Input/Internal/관리회계_사업.csv,관리회계_사업.csv,정렬순서,Master,C:/projects/myproject/QDQM/DS_Input/Internal/계정코드관리.csv,계정코드관리.csv,Master,정렬순서,"[""nnnn"", ""nnn"", ""nn""]","[75.97, 21.84, 2.18]","[""nnnn"", ""nnn"", ""nn""]","[69.7, 27.58, 2.73]",0,328,79.61
C:/projects/myproject/QDQM/DS_Input/Internal/관리회계_사업.csv,관리회계_사업.csv,정렬순서,Master,C:/projects/myproject/QDQM/DS_Input/Internal/ORGNIZATION.csv,ORGNIZATION.csv,Master,조직코드,"[""nnnn"", ""nnn"", ""nn""]","[75.97, 21.84, 2.18]","[""nnnn"", ""nnn"", ""AAAAA"", ""AAAAAAA"", ""nnnnnn"", ""AAAA"", ""AA"", ""nnnnnnn"", ""nnnnn"", ""AAA""]","[78.96, 14.52, 2.4, 2.4, 1.02, 0.42, 0.13, 0.05, 0.05, 0.03]",0,325,78.88
C:/projects/myproject/QDQM/DS_Input/Internal/관리회계_사업.csv,관리회계_사업.csv,정렬순서,Master,C:/projects/myproject/QDQM/DS_Input/Internal/택배_조직도.csv,택배_조직도.csv,Master,조직코드,"[""nnnn"", ""nnn"", ""nn""]","[75.97, 21.84, 2.18]","[""nnnn"", ""nnn"", ""AAAAA"", ""AAAAAAA"", ""nnnnnn"", ""AAAA"", ""AA"", ""nnnnnnn"", ""nnnnn"", ""AAA""]","[78.96, 14.52, 2.4, 2.4, 1.02, 0.42, 0.13, 0.05, 0.05, 0.03]",0,325,78.88
C:/projects/myproject/QDQM/DS_Input/Internal/관리회계_사업.csv,관리회계_사업.csv,최종변경일시,Master,Rule,Rule,Rule,TIME,,0,,0,,412,100.0
C:/projects/myproject/QDQM/DS_Input/Internal/관리회계_사업.csv,관리회계_사업.csv,최초생성일시,Master,Rule,Rule,Rule,TIME,,0,,0,,412,100.0
C:/projects/myproject/QDQM/DS_Input/Internal/관리회계_조직그룹.csv,관리회계_조직그룹.csv,ETL일시,Master,Rule,Rule,Rule,TIMESTAMP,,0,,0,,10,100.0
C:/projects/myproject/QDQM/DS_Input/Internal/관리회계_조직그룹.csv,관리회계_조직그룹.csv,최종변경일시,Master,C:/projects/myproject/QDQM/DS_Input/Internal/관리회계_조직그룹.csv,관리회계_조직그룹.csv,Master,최초생성일시,"[""nnnn-nn-nn nn:nn:nn.""]",[100.0],"[""nnnn-nn-nn nn:nn:nn.""]",[100.0],0,10,100.0
C:/projects/myproject/QDQM/DS_Input/Internal/관리회계_조직그룹.csv,관리회계_조직그룹.csv,최종변경일시,Master,Rule,Rule,Rule,TIMESTAMP,,0,,0,,10,100.0
C:/projects/myproject/QDQM/DS_Input/Internal/관리회계_조직그룹.csv,관리회계_조직그룹.csv,최초생성일시,Master,C:/projects/myproject/QDQM/DS_Input/Internal/관리회계_조직그룹.csv,관리회계_조직그룹.csv,Master,최종변경일시,"[""nnnn-nn-nn nn:nn:nn.""]",[100.0],"[""nnnn-nn-nn nn:nn:nn.""]",[100.0],0,10,100.0
C:/projects/myproject/QDQM/DS_Input/Internal/관리회계_조직그룹.csv,관리회계_조직그룹.csv,최초생성일시,Master,Rule,Rule,Rule,TIMESTAMP,,0,,0,,10,100.0
C:/projects/myproject/QDQM/DS_Input/Internal/관리회계_조직그룹상세.csv,관리회계_조직그룹상세.csv,ETL일시,Master,Rule,Rule,Rule,TIMESTAMP,,0,,0,,349,100.0
C:/projects/myproject/QDQM/DS_Input/Internal/관리회계_조직그룹상세.csv,관리회계_조직그룹상세.csv,귀속부서조직코드,Master,C:/projects/myproject/QDQM/DS_Input/Internal/사용자.csv,사용자.csv,Master,HR시스템소속코드,"[""AAAAAA"", ""AAAAA"", ""AAAAAAA"", ""AAAnnn""]","[48.71, 35.53, 15.19, 0.57]","[""AAAAAA"", ""AAAAA"", ""AAAAAAA"", ""AAAAAA(n)"", ""AAAAAAn"", ""AAAAAAAA""]","[55.9, 38.95, 4.19, 0.48, 0.29, 0.19]",0,183,64.89
C:/projects/myproject/QDQM/DS_Input/Internal/관리회계_조직그룹상세.csv,관리회계_조직그룹상세.csv,정렬순서,Master,C:/projects/myproject/QDQM/DS_Input/Internal/관리회계_사업.csv,관리회계_사업.csv,Master,정렬순서,"[""nnnn"", ""nnn"", ""nn""]","[71.63, 25.79, 2.58]","[""nnnn"", ""nnn"", ""nn""]","[75.97, 21.84, 2.18]",0,349,100.0
C:/projects/myproject/QDQM/DS_Input/Internal/관리회계_조직그룹상세.csv,관리회계_조직그룹상세.csv,정렬순서,Master,C:/projects/myproject/QDQM/DS_Input/Internal/관리회계계정.csv,관리회계계정.csv,Master,정렬순서,"[""nnnn"", ""nnn"", ""nn""]","[71.63, 25.79, 2.58]","[""nnnn"", ""nnn"", ""nn""]","[75.85, 21.95, 2.2]",0,349,100.0
C:/projects/myproject/QDQM/DS_Input/Internal/관리회계_조직그룹상세.csv,관리회계_조직그룹상세.csv,정렬순서,Master,C:/projects/myproject/QDQM/DS_Input/Internal/사업코드관리.csv,사업코드관리.csv,Master,정렬순서,"[""nnnn"", ""nnn"", ""nn""]","[71.63, 25.79, 2.58]","[""nnnn"", ""nnn"", ""nn""]","[71.39, 26.01, 2.6]",0,346,99.14
C:/projects/myproject/QDQM/DS_Input/Internal/관리회계_조직그룹상세.csv,관리회계_조직그룹상세.csv,정렬순서,Master,C:/projects/myproject/QDQM/DS_Input/Internal/계정코드관리.csv,계정코드관리.csv,Master,정렬순서,"[""nnnn"", ""nnn"", ""nn""]","[71.63, 25.79, 2.58]","[""nnnn"", ""nnn"", ""nn""]","[69.7, 27.58, 2.73]",0,328,93.98
C:/projects/myproject/QDQM/DS_Input/Internal/관리회계_조직그룹상세.csv,관리회계_조직그룹상세.csv,정렬순서,Master,C:/projects/myproject/QDQM/DS_Input/Internal/ORGNIZATION.csv,ORGNIZATION.csv,Master,조직코드,"[""nnnn"", ""nnn"", ""nn""]","[71.63, 25.79, 2.58]","[""nnnn"", ""nnn"", ""AAAAA"", ""AAAAAAA"", ""nnnnnn"", ""AAAA"", ""AA"", ""nnnnnnn"", ""nnnnn"", ""AAA""]","[78.96, 14.52, 2.4, 2.4, 1.02, 0.42, 0.13, 0.05, 0.05, 0.03]",0,277,79.37
C:/projects/myproject/QDQM/DS_Input/Internal/관리회계_조직그룹상세.csv,관리회계_조직그룹상세.csv,정렬순서,Master,C:/projects/myproject/QDQM/DS_Input/Internal/택배_조직도.csv,택배_조직도.csv,Master,조직코드,"[""nnnn"", ""nnn"", ""nn""]","[71.63, 25.79, 2.58]","[""nnnn"", ""nnn"", ""AAAAA"", ""AAAAAAA"", ""nnnnnn"", ""AAAA"", ""AA"", ""nnnnnnn"", ""nnnnn"", ""AAA""]","[78.96, 14.52, 2.4, 2.4, 1.02, 0.42, 0.13, 0.05, 0.05, 0.03]",0,277,79.37
C:/projects/myproject/QDQM/DS_Input/Internal/관리회계_조직그룹상세.csv,관리회계_조직그룹상세.csv,정렬순서,Master,C:/projects/myproject/QDQM/DS_Input/Test/Z검증용데이터.csv,Z검증용데이터.csv,Test,단가,"[""nnnn"", ""nnn"", ""nn""]","[71.63, 25.79, 2.58]","[""nnnn"", ""nnn"", ""n"", ""nn""]","[90.71, 8.97, 0.26, 0.05]",0,222,63.61
C:/projects/myproject/QDQM/DS_Input/Internal/관리회계_조직그룹상세.csv,관리회계_조직그룹상세.csv,최종변경일시,Master,Rule,Rule,Rule,TIMESTAMP,,0,,0,,349,100.0
C:/projects/myproject/QDQM/DS_Input/Internal/관리회계_조직그룹상세.csv,관리회계_조직그룹상세.csv,최초생성일시,Master,Rule,Rule,Rule,TIMESTAMP,,0,,0,,349,100.0
C:/projects/myproject/QDQM/DS_Input/Internal/관리회계계정.csv,관리회계계정.csv,ETL일시,Master,Rule,Rule,Rule,TIME,,0,,0,,410,100.0
C:/projects/myproject/QDQM/DS_Input/Internal/관리회계계정.csv,관리회계계정.csv,create_time,Master,Rule,Rule,Rule,TIME,,0,,0,,410,100.0
C:/projects/myproject/QDQM/DS_Input/Internal/관리회계계정.csv,관리회계계정.csv,계정명,Master,C:/projects/myproject/QDQM/DS_Input/Internal/계정과목코드.csv,계정과목코드.csv,Master,계정과목명,"[""KKKKK"", ""KKKKKKK"", ""KKK"", ""KKKK"", ""KKKKKK"", ""KKKKKKKK"", ""KKKKKKKKKK"", ""KKKKKKKKK"", ""KK"", ""KKKKK KKK""]","[21.95, 10.24, 9.76, 9.02, 8.78, 6.59, 6.34, 5.37, 1.71, 1.22]","[""KKKKK"", ""KKKKKKK"", ""KKK"", ""KKKK"", ""KKKKKK"", ""KKKKKKKK"", ""KKKKKKKKKK"", ""KKKKKKKKK"", ""KK"", ""KKKKK KKK""]","[21.95, 10.24, 9.76, 9.02, 8.78, 6.59, 6.34, 5.37, 1.71, 1.22]",0,392,100.0
C:/projects/myproject/QDQM/DS_Input/Internal/관리회계계정.csv,관리회계계정.csv,계정명,Master,C:/projects/myproject/QDQM/DS_Input/Reference/계정과목.csv,계정과목.csv,Reference,계정과목,"[""KKKKK"", ""KKKKKKK"", ""KKK"", ""KKKK"", ""KKKKKK"", ""KKKKKKKK"", ""KKKKKKKKKK"", ""KKKKKKKKK"", ""KK"", ""KKKKK KKK""]","[21.95, 10.24, 9.76, 9.02, 8.78, 6.59, 6.34, 5.37, 1.71, 1.22]","[""KKKKK"", ""KKKK"", ""KKK"", ""KKKKKK"", ""KKKKKKK"", ""KKKKKKKK"", ""KKKKKKKKKK"", ""KKKKKKKKK"", ""KK"", ""KKKK(KK)""]","[20.81, 12.52, 11.31, 11.01, 9.5, 7.69, 5.13, 5.13, 3.77, 1.81]",0,337,85.97
C:/projects/myproject/QDQM/DS_Input/Internal/관리회계계정.csv,관리회계계정.csv,계정명,Master,C:/projects/myproject/QDQM/DS_Input/Internal/계정코드관리.csv,계정코드관리.csv,Master,하위계정과목명,"[""KKKKK"", ""KKKKKKK"", ""KKK"", ""KKKK"", ""KKKKKK"", ""KKKKKKKK"", ""KKKKKKKKKK"", ""KKKKKKKKK"", ""KK"", ""KKKKK KKK""]","[21.95, 10.24, 9.76, 9.02, 8.78, 6.59, 6.34, 5.37, 1.71, 1.22]","[""KKKKK"", ""KKKKKKK"", ""KKKKKK"", ""KKKKKKKK"", ""KKK"", ""KKKKKKKKKK"", ""KKKK"", ""KKKKKKKKK"", ""KKKKK KKK"", ""KKKK KKK""]","[19.09, 10.91, 10.0, 8.18, 8.18, 7.58, 5.76, 4.85, 1.52, 1.52]",0,329,83.93
C:/projects/myproject/QDQM/DS_Input/Internal/관리회계계정.csv,관리회계계정.csv,관리회계계정유형코드,Master,C:/projects/myproject/QDQM/DS_Input/Internal/계정과목코드.csv,계정과목코드.csv,Master,계정유형코드,"[""KKKK"", ""KKKKnn"", ""KKK"", ""AAsAnnn""]","[53.57, 26.79, 12.5, 7.14]","[""KKKK"", ""KKKKnn"", ""KKK"", ""AAsAnnn""]","[53.57, 26.79, 12.5, 7.14]",0,16,100.0
C:/projects/myproject/QDQM/DS_Input/Internal/관리회계계정.csv,관리회계계정.csv,관리회계계정코드,Master,C:/projects/myproject/QDQM/DS_Input/Internal/계정과목코드.csv,계정과목코드.csv,Master,계정과목코드,"[""nnnnnn""]",[100.0],"[""nnnnnn""]",[100.0],0,410,100.0
C:/projects/myproject/QDQM/DS_Input/Internal/관리회계계정.csv,관리회계계정.csv,관리회계계정코드,Master,C:/projects/myproject/QDQM/DS_Input/Internal/계정코드관리.csv,계정코드관리.csv,Master,하위계정과목코드,"[""nnnnnn""]",[100.0],"[""nnnnnn""]",[100.0],0,330,80.49
C:/projects/myproject/QDQM/DS_Input/Internal/관리회계계정.csv,관리회계계정.csv,관리회계상위계정코드,Master,C:/projects/myproject/QDQM/DS_Input/Internal/계정과목코드.csv,계정과목코드.csv,Master,상위계정과목코드,"[""nnnnnn""]",[100.0],"[""nnnnnn""]",[100.0],0,63,100.0
C:/projects/myproject/QDQM/DS_Input/Internal/관리회계계정.csv,관리회계계정.csv,관리회계상위계정코드,Master,C:/projects/myproject/QDQM/DS_Input/Internal/계정과목코드.csv,계정과목코드.csv,Master,계정과목코드,"[""nnnnnn""]",[100.0],"[""nnnnnn""]",[100.0],0,62,98.41
C:/projects/myproject/QDQM/DS_Input/Internal/관리회계계정.csv,관리회계계정.csv,관리회계상위계정코드,Master,C:/projects/myproject/QDQM/DS_Input/Internal/관리회계계정.csv,관리회계계정.csv,Master,관리회계계정코드,"[""nnnnnn""]",[100.0],"[""nnnnnn""]",[100.0],0,62,98.41
C:/projects/myproject/QDQM/DS_Input/Internal/관리회계계정.csv,관리회계계정.csv,관리회계상위계정코드,Master,C:/projects/myproject/QDQM/DS_Input/Internal/계정코드관리.csv,계정코드관리.csv,Master,계정과목코드,"[""nnnnnn""]",[100.0],"[""nnnnnn""]",[100.0],0,55,87.3
C:/projects/myproject/QDQM/DS_Input/Internal/관리회계계정.csv,관리회계계정.csv,정렬순서,Master,C:/projects/myproject/QDQM/DS_Input/Internal/관리회계_사업.csv,관리회계_사업.csv,Master,정렬순서,"[""nnnn"", ""nnn"", ""nn""]","[75.85, 21.95, 2.2]","[""nnnn"", ""nnn"", ""nn""]","[75.97, 21.84, 2.18]",0,409,99.76
C:/projects/myproject/QDQM/DS_Input/Internal/관리회계계정.csv,관리회계계정.csv,정렬순서,Master,C:/projects/myproject/QDQM/DS_Input/Internal/관리회계_조직그룹상세.csv,관리회계_조직그룹상세.csv,Master,정렬순서,"[""nnnn"", ""nnn"", ""nn""]","[75.85, 21.95, 2.2]","[""nnnn"", ""nnn"", ""nn""]","[71.63, 25.79, 2.58]",0,349,85.12
C:/projects/myproject/QDQM/DS_Input/Internal/관리회계계정.csv,관리회계계정.csv,정렬순서,Master,C:/projects/myproject/QDQM/DS_Input/Internal/사업코드관리.csv,사업코드관리.csv,Master,정렬순서,"[""nnnn"", ""nnn"", ""nn""]","[75.85, 21.95, 2.2]","[""nnnn"", ""nnn"", ""nn""]","[71.39, 26.01, 2.6]",0,346,84.39
C:/projects/myproject/QDQM/DS_Input/Internal/관리회계계정.csv,관리회계계정.csv,정렬순서,Master,C:/projects/myproject/QDQM/DS_Input/Internal/계정코드관리.csv,계정코드관리.csv,Master,정렬순서,"[""nnnn"", ""nnn"", ""nn""]","[75.85, 21.95, 2.2]","[""nnnn"", ""nnn"", ""nn""]","[69.7, 27.58, 2.73]",0,328,80.0
C:/projects/myproject/QDQM/DS_Input/Internal/관리회계계정.csv,관리회계계정.csv,정렬순서,Master,C:/projects/myproject/QDQM/DS_Input/Internal/ORGNIZATION.csv,ORGNIZATION.csv,Master,조직코드,"[""nnnn"", ""nnn"", ""nn""]","[75.85, 21.95, 2.2]","[""nnnn"", ""nnn"", ""AAAAA"", ""AAAAAAA"", ""nnnnnn"", ""AAAA"", ""AA"", ""nnnnnnn"", ""nnnnn"", ""AAA""]","[78.96, 14.52, 2.4, 2.4, 1.02, 0.42, 0.13, 0.05, 0.05, 0.03]",0,322,78.54
C:/projects/myproject/QDQM/DS_Input/Internal/관리회계계정.csv,관리회계계정.csv,정렬순서,Master,C:/projects/myproject/QDQM/DS_Input/Internal/택배_조직도.csv,택배_조직도.csv,Master,조직코드,"[""nnnn"", ""nnn"", ""nn""]","[75.85, 21.95, 2.2]","[""nnnn"", ""nnn"", ""AAAAA"", ""AAAAAAA"", ""nnnnnn"", ""AAAA"", ""AA"", ""nnnnnnn"", ""nnnnn"", ""AAA""]","[78.96, 14.52, 2.4, 2.4, 1.02, 0.42, 0.13, 0.05, 0.05, 0.03]",0,322,78.54
C:/projects/myproject/QDQM/DS_Input/Internal/관리회계계정.csv,관리회계계정.csv,최종변경일시,Master,Rule,Rule,Rule,TIME,,0,,0,,410,100.0
C:/projects/myproject/QDQM/DS_Input/Internal/관리회계계정.csv,관리회계계정.csv,최초생성일시,Master,Rule,Rule,Rule,TIME,,0,,0,,410,100.0
C:/projects/myproject/QDQM/DS_Input/Internal/기업고객.csv,기업고객.csv,ETL일시,Master,Rule,Rule,Rule,TIME,,0,,0,,7392,100.0
C:/projects/myproject/QDQM/DS_Input/Internal/기업고객.csv,기업고객.csv,계약기간종료일,Master,C:/projects/myproject/QDQM/DS_Input/Internal/CUSTOMER.csv,CUSTOMER.csv,Master,계약기간종료일,"[""nnnnnnnn""]",[100.0],"[""nnnnnnnn""]",[100.0],0,3677,100.0
C:/projects/myproject/QDQM/DS_Input/Internal/기업고객.csv,기업고객.csv,기업고객명,Master,C:/projects/myproject/QDQM/DS_Input/Internal/CUSTOMER.csv,CUSTOMER.csv,Master,고객명,"[""KKKK"", ""KKKKK"", ""KKK"", ""KKKKKK"", ""(K)KKKK"", ""KK"", ""(K)KKKKK"", ""KKKKKKK"", ""(K)KKKKKK"", ""KKKKKKKK""]","[16.57, 9.23, 6.86, 5.73, 3.83, 3.55, 3.37, 3.29, 2.59, 2.56]","[""KKKK"", ""KKKKK"", ""KKK"", ""KKKKKK"", ""(K)KKKK"", ""KK"", ""KKKKKKK"", ""(K)KKKKK"", ""(K)KKKKKK"", ""KKKKKKKK""]","[16.74, 9.28, 6.95, 5.69, 3.71, 3.52, 3.32, 3.31, 2.56, 2.48]",0,6836,100.0
C:/projects/myproject/QDQM/DS_Input/Internal/기업고객.csv,기업고객.csv,기업법인번호,Master,C:/projects/myproject/QDQM/DS_Input/Internal/CUSTOMER.csv,CUSTOMER.csv,Master,법인번호,"[""n.nnnnnAsnn"", ""n""]","[99.46, 0.54]","[""n.nnnnnAsnn"", ""nnnnnnnnnnnnn""]","[99.46, 0.54]",0,151,99.34
C:/projects/myproject/QDQM/DS_Input/Internal/기업고객.csv,기업고객.csv,기업사업자등록번호,Master,C:/projects/myproject/QDQM/DS_Input/Internal/CUSTOMER.csv,CUSTOMER.csv,Master,주민_사업자등록번호,"[""nnnnnnnnnn"", ""nnnnnnnnn"", ""nnnnnnnn""]","[99.97, 0.01, 0.01]","[""nnnnnnnnnn"", ""nnnnnnnnn"", ""nnnnnnnn""]","[99.97, 0.01, 0.01]",0,6722,100.0
C:/projects/myproject/QDQM/DS_Input/Internal/기업고객.csv,기업고객.csv,기업사업자등록번호,Master,C:/projects/myproject/QDQM/DS_Input/Reference/사업자등록번호3.csv,사업자등록번호3.csv,Reference,유효사업자번호3,"[""nnnnnnnnnn"", ""nnnnnnnnn"", ""nnnnnnnn""]","[99.97, 0.01, 0.01]","[""nnnnnnnnnn""]",[100.0],3,544,77.38
C:/projects/myproject/QDQM/DS_Input/Internal/기업고객.csv,기업고객.csv,기업우편번호,Master,C:/projects/myproject/QDQM/DS_Input/Internal/CUSTOMER.csv,CUSTOMER.csv,Master,우편번호,"[""nnnnnn"", ""nnnnn"", ""nnnn"", ""nnn-n""]","[83.37, 9.95, 6.67, 0.01]","[""nnnnnn"", ""nnnnn"", ""nnn-n""]","[83.37, 16.62, 0.01]",0,3014,93.75
C:/projects/myproject/QDQM/DS_Input/Internal/기업고객.csv,기업고객.csv,기업우편번호,Master,C:/projects/myproject/QDQM/DS_Input/Internal/기업고객.csv,기업고객.csv,Master,청구지우편번호,"[""nnnnnn"", ""nnnnn"", ""nnnn"", ""nnn-n""]","[83.37, 9.95, 6.67, 0.01]","[""nnnnnn"", ""nnnnn"", ""nnnn""]","[87.71, 9.48, 2.8]",0,2795,86.94
C:/projects/myproject/QDQM/DS_Input/Internal/기업고객.csv,기업고객.csv,기업우편번호,Master,C:/projects/myproject/QDQM/DS_Input/Internal/CUSTOMER.csv,CUSTOMER.csv,Master,청구지우편번호,"[""nnnnnn"", ""nnnnn"", ""nnnn"", ""nnn-n""]","[83.37, 9.95, 6.67, 0.01]","[""nnnnnn"", ""nnnnn""]","[84.16, 15.84]",0,2679,83.33
C:/projects/myproject/QDQM/DS_Input/Internal/기업고객.csv,기업고객.csv,기업우편번호,Master,C:/projects/myproject/QDQM/DS_Input/Internal/기업고객.csv,기업고객.csv,Master,집하지우편번호,"[""nnnnnn"", ""nnnnn"", ""nnnn"", ""nnn-n""]","[83.37, 9.95, 6.67, 0.01]","[""nnnnnn"", ""nnnnn"", ""nnnn""]","[84.62, 12.7, 2.67]",0,2025,62.99
C:/projects/myproject/QDQM/DS_Input/Internal/기업고객.csv,기업고객.csv,기업우편번호,Master,C:/projects/myproject/QDQM/DS_Input/Internal/CUSTOMER.csv,CUSTOMER.csv,Master,집하지우편번호,"[""nnnnnn"", ""nnnnn"", ""nnnn"", ""nnn-n""]","[83.37, 9.95, 6.67, 0.01]","[""nnnnnn"", ""nnnnn"", ""nnnn""]","[81.12, 18.86, 0.01]",0,1953,60.75
C:/projects/myproject/QDQM/DS_Input/Internal/기업고객.csv,기업고객.csv,담당부서,Master,C:/projects/myproject/QDQM/DS_Input/Internal/CUSTOMER.csv,CUSTOMER.csv,Master,담당부서,"[""KK"", ""KKK"", ""."", ""KKKK"", ""KKKKK"", ""KKKKKK"", ""s"", ""KKKKKKK"", "".."", ""-""]","[48.24, 31.85, 5.66, 3.67, 3.48, 1.2, 0.77, 0.57, 0.43, 0.33]","[""KK"", ""KKK"", ""."", ""KKKK"", ""KKKKK"", ""KKKKKK"", ""s"", ""KKKKKKK"", "".."", ""-""]","[48.24, 31.85, 5.66, 3.67, 3.48, 1.2, 0.77, 0.57, 0.43, 0.33]",0,794,100.0
C:/projects/myproject/QDQM/DS_Input/Internal/기업고객.csv,기업고객.csv,수금점소,Master,C:/projects/myproject/QDQM/DS_Input/Internal/CUSTOMER.csv,CUSTOMER.csv,Master,수금점소,"[""AAAAA"", ""AAAAn"", ""AAAnn""]","[97.73, 2.07, 0.2]","[""AAAAA"", ""AAAAn"", ""AAAnn""]","[97.82, 1.98, 0.2]",0,114,100.0
C:/projects/myproject/QDQM/DS_Input/Internal/기업고객.csv,기업고객.csv,수금점소,Master,C:/projects/myproject/QDQM/DS_Input/Internal/CUSTOMER.csv,CUSTOMER.csv,Master,청구점소,"[""AAAAA"", ""AAAAn"", ""AAAnn""]","[97.73, 2.07, 0.2]","[""AAAAA"", ""AAAAn"", ""AAAnn""]","[98.9, 0.93, 0.17]",0,104,91.23
C:/projects/myproject/QDQM/DS_Input/Internal/기업고객.csv,기업고객.csv,수금점소,Master,C:/projects/myproject/QDQM/DS_Input/Internal/기업고객.csv,기업고객.csv,Master,청구점소,"[""AAAAA"", ""AAAAn"", ""AAAnn""]","[97.73, 2.07, 0.2]","[""AAAAA"", ""AAAAn"", ""AAAnn""]","[98.86, 0.97, 0.18]",0,104,91.23
C:/projects/myproject/QDQM/DS_Input/Internal/기업고객.csv,기업고객.csv,수금점소,Master,C:/projects/myproject/QDQM/DS_Input/Internal/CONTRACT.csv,CONTRACT.csv,Master,CORRECT_ORG,"[""AAAAA"", ""AAAAn"", ""AAAnn""]","[97.73, 2.07, 0.2]","[""AAAAA"", ""AAAAn"", ""AAAnn""]","[97.72, 2.12, 0.16]",0,101,88.6
C:/projects/myproject/QDQM/DS_Input/Internal/기업고객.csv,기업고객.csv,수금점소,Master,C:/projects/myproject/QDQM/DS_Input/Internal/조직_수입관리.csv,조직_수입관리.csv,Master,OIO_ORG_COD,"[""AAAAA"", ""AAAAn"", ""AAAnn""]","[97.73, 2.07, 0.2]","[""AAAAA"", ""AAAAn"", ""AAAA"", ""A/A"", ""AAAnn""]","[95.92, 2.55, 0.51, 0.51, 0.51]",0,101,88.6
C:/projects/myproject/QDQM/DS_Input/Internal/기업고객.csv,기업고객.csv,수금점소,Master,C:/projects/myproject/QDQM/DS_Input/Internal/지점코드.csv,지점코드.csv,Master,OIO_ORG_COD,"[""AAAAA"", ""AAAAn"", ""AAAnn""]","[97.73, 2.07, 0.2]","[""AAAAA"", ""AAAAn"", ""AAAA"", ""A/A"", ""AAAnn""]","[95.92, 2.55, 0.51, 0.51, 0.51]",0,101,88.6
C:/projects/myproject/QDQM/DS_Input/Internal/기업고객.csv,기업고객.csv,수금점소,Master,C:/projects/myproject/QDQM/DS_Input/Internal/CONTRACT.csv,CONTRACT.csv,Master,REQUEST_ORG,"[""AAAAA"", ""AAAAn"", ""AAAnn""]","[97.73, 2.07, 0.2]","[""AAAAA"", ""AAAAn"", ""AAAnn"", ""A/A""]","[98.79, 1.04, 0.16, 0.01]",0,99,86.84
C:/projects/myproject/QDQM/DS_Input/Internal/기업고객.csv,기업고객.csv,수입조직,Master,C:/projects/myproject/QDQM/DS_Input/Internal/CUSTOMER.csv,CUSTOMER.csv,Master,수입조직,"[""nnnn""]",[100.0],"[""nnnn""]",[100.0],0,96,100.0
C:/projects/myproject/QDQM/DS_Input/Internal/기업고객.csv,기업고객.csv,수입조직,Master,C:/projects/myproject/QDQM/DS_Input/Internal/사용자.csv,사용자.csv,Master,점소코드,"[""nnnn""]",[100.0],"[""nnnn""]",[100.0],0,93,96.88
C:/projects/myproject/QDQM/DS_Input/Internal/기업고객.csv,기업고객.csv,수입조직,Master,C:/projects/myproject/QDQM/DS_Input/Test/Z사용자.csv,Z사용자.csv,Test,점소코드,"[""nnnn""]",[100.0],"[""nnnn""]",[100.0],0,91,94.79
C:/projects/myproject/QDQM/DS_Input/Internal/기업고객.csv,기업고객.csv,수입조직,Master,C:/projects/myproject/QDQM/DS_Input/Internal/CONTRACT.csv,CONTRACT.csv,Master,COST_ORG,"[""nnnn""]",[100.0],"[""nnnn""]",[100.0],0,89,92.71
C:/projects/myproject/QDQM/DS_Input/Internal/기업고객.csv,기업고객.csv,수입조직,Master,C:/projects/myproject/QDQM/DS_Input/Internal/조직_수입관리.csv,조직_수입관리.csv,Master,OIO_ORG_NCD,"[""nnnn""]",[100.0],"[""nnnn""]",[100.0],0,86,89.58
C:/projects/myproject/QDQM/DS_Input/Internal/기업고객.csv,기업고객.csv,수입조직,Master,C:/projects/myproject/QDQM/DS_Input/Internal/지점코드.csv,지점코드.csv,Master,OIO_ORG_NCD,"[""nnnn""]",[100.0],"[""nnnn""]",[100.0],0,86,89.58
C:/projects/myproject/QDQM/DS_Input/Internal/기업고객.csv,기업고객.csv,수입조직,Master,C:/projects/myproject/QDQM/DS_Input/Internal/택배_고객.csv,택배_고객.csv,Master,수입조직,"[""nnnn""]",[100.0],"[""nnnn""]",[100.0],0,84,87.5
C:/projects/myproject/QDQM/DS_Input/Internal/기업고객.csv,기업고객.csv,수입조직,Master,C:/projects/myproject/QDQM/DS_Input/Internal/ORGNIZATION.csv,ORGNIZATION.csv,Master,수입신규조직코드,"[""nnnn""]",[100.0],"[""nnnn""]",[100.0],0,67,69.79
C:/projects/myproject/QDQM/DS_Input/Internal/기업고객.csv,기업고객.csv,수입조직,Master,C:/projects/myproject/QDQM/DS_Input/Internal/택배_조직도.csv,택배_조직도.csv,Master,수입신규조직코드,"[""nnnn""]",[100.0],"[""nnnn""]",[100.0],0,67,69.79
C:/projects/myproject/QDQM/DS_Input/Internal/기업고객.csv,기업고객.csv,집하점소,Master,C:/projects/myproject/QDQM/DS_Input/Internal/ORGNIZATION.csv,ORGNIZATION.csv,Master,조직코드,"[""nnnn"", ""nnn"", ""n"", ""nn"", ""AAn""]","[97.68, 1.98, 0.19, 0.1, 0.05]","[""nnnn"", ""nnn"", ""AAAAA"", ""AAAAAAA"", ""nnnnnn"", ""AAAA"", ""AA"", ""nnnnnnn"", ""nnnnn"", ""AAA""]","[78.96, 14.52, 2.4, 2.4, 1.02, 0.42, 0.13, 0.05, 0.05, 0.03]",0,1095,97.94
C:/projects/myproject/QDQM/DS_Input/Internal/기업고객.csv,기업고객.csv,집하점소,Master,C:/projects/myproject/QDQM/DS_Input/Internal/택배_조직도.csv,택배_조직도.csv,Master,조직코드,"[""nnnn"", ""nnn"", ""n"", ""nn"", ""AAn""]","[97.68, 1.98, 0.19, 0.1, 0.05]","[""nnnn"", ""nnn"", ""AAAAA"", ""AAAAAAA"", ""nnnnnn"", ""AAAA"", ""AA"", ""nnnnnnn"", ""nnnnn"", ""AAA""]","[78.96, 14.52, 2.4, 2.4, 1.02, 0.42, 0.13, 0.05, 0.05, 0.03]",0,1095,97.94
C:/projects/myproject/QDQM/DS_Input/Internal/기업고객.csv,기업고객.csv,집하점소,Master,C:/projects/myproject/QDQM/DS_Input/Internal/배송점.csv,배송점.csv,Master,배송점코드,"[""nnnn"", ""nnn"", ""n"", ""nn"", ""AAn""]","[97.68, 1.98, 0.19, 0.1, 0.05]","[""nnnn"", ""nnnnnn"", ""nnnnn"", ""nnnnnnn""]","[98.85, 1.03, 0.08, 0.04]",0,969,86.67
C:/projects/myproject/QDQM/DS_Input/Internal/기업고객.csv,기업고객.csv,집하점소,Master,C:/projects/myproject/QDQM/DS_Input/Internal/사원마스터.csv,사원마스터.csv,Master,조직코드,"[""nnnn"", ""nnn"", ""n"", ""nn"", ""AAn""]","[97.68, 1.98, 0.19, 0.1, 0.05]","[""nnnn"", ""nnn"", ""AA"", ""nnnnnn"", ""AAAAA"", ""AAAA"", ""nnnnnnn""]","[97.07, 2.3, 0.22, 0.21, 0.14, 0.05, 0.01]",0,967,86.49
C:/projects/myproject/QDQM/DS_Input/Internal/기업고객.csv,기업고객.csv,집하점소,Master,C:/projects/myproject/QDQM/DS_Input/Internal/사원기본.csv,사원기본.csv,Master,소속조직코드,"[""nnnn"", ""nnn"", ""n"", ""nn"", ""AAn""]","[97.68, 1.98, 0.19, 0.1, 0.05]","[""nnnn"", ""nnn"", ""nnnnnn"", ""AA"", ""AAAAA"", ""AAAA"", ""AAA""]","[96.93, 2.45, 0.26, 0.2, 0.1, 0.05, 0.01]",0,961,85.96
C:/projects/myproject/QDQM/DS_Input/Internal/기업고객.csv,기업고객.csv,집하점소,Master,C:/projects/myproject/QDQM/DS_Input/Internal/CONTRACT.csv,CONTRACT.csv,Master,ORG_CODE,"[""nnnn"", ""nnn"", ""n"", ""nn"", ""AAn""]","[97.68, 1.98, 0.19, 0.1, 0.05]","[""nnnn"", ""nnn"", ""n"", ""nn"", ""AAn""]","[97.26, 2.13, 0.4, 0.16, 0.05]",0,960,85.87
C:/projects/myproject/QDQM/DS_Input/Internal/기업고객.csv,기업고객.csv,집하지우편번호,Master,C:/projects/myproject/QDQM/DS_Input/Internal/CUSTOMER.csv,CUSTOMER.csv,Master,집하지우편번호,"[""nnnnnn"", ""nnnnn"", ""nnnn""]","[84.62, 12.7, 2.67]","[""nnnnnn"", ""nnnnn"", ""nnnn""]","[81.12, 18.86, 0.01]",0,4085,96.23
C:/projects/myproject/QDQM/DS_Input/Internal/기업고객.csv,기업고객.csv,집하지우편번호,Master,C:/projects/myproject/QDQM/DS_Input/Reference/우편번호3.csv,우편번호3.csv,Reference,우편번호3,"[""nnnnnn"", ""nnnnn"", ""nnnn""]","[84.62, 12.7, 2.67]","[""nnnnn""]",[100.0],3,322,66.39
C:/projects/myproject/QDQM/DS_Input/Internal/기업고객.csv,기업고객.csv,청구부서,Master,C:/projects/myproject/QDQM/DS_Input/Internal/CUSTOMER.csv,CUSTOMER.csv,Master,청구부서,"[""KK"", ""KKK"", ""."", ""KKKKK"", ""KKKK"", ""s"", "".."", ""KKKKKK"", ""KKKKKKK"", ""-""]","[41.04, 35.06, 9.24, 3.91, 2.75, 1.41, 1.3, 1.01, 0.47, 0.47]","[""KK"", ""KKK"", ""."", ""KKKKK"", ""KKKK"", ""s"", "".."", ""KKKKKK"", ""KKKKKKK"", ""-""]","[41.04, 35.06, 9.24, 3.91, 2.75, 1.41, 1.3, 1.01, 0.47, 0.47]",0,351,99.72
C:/projects/myproject/QDQM/DS_Input/Internal/기업고객.csv,기업고객.csv,청구부서,Master,C:/projects/myproject/QDQM/DS_Input/Internal/CUSTOMER.csv,CUSTOMER.csv,Master,담당부서,"[""KK"", ""KKK"", ""."", ""KKKKK"", ""KKKK"", ""s"", "".."", ""KKKKKK"", ""KKKKKKK"", ""-""]","[41.04, 35.06, 9.24, 3.91, 2.75, 1.41, 1.3, 1.01, 0.47, 0.47]","[""KK"", ""KKK"", ""."", ""KKKK"", ""KKKKK"", ""KKKKKK"", ""s"", ""KKKKKKK"", "".."", ""-""]","[48.24, 31.85, 5.66, 3.67, 3.48, 1.2, 0.77, 0.57, 0.43, 0.33]",0,315,89.49
C:/projects/myproject/QDQM/DS_Input/Internal/기업고객.csv,기업고객.csv,청구부서,Master,C:/projects/myproject/QDQM/DS_Input/Internal/기업고객.csv,기업고객.csv,Master,담당부서,"[""KK"", ""KKK"", ""."", ""KKKKK"", ""KKKK"", ""s"", "".."", ""KKKKKK"", ""KKKKKKK"", ""-""]","[41.04, 35.06, 9.24, 3.91, 2.75, 1.41, 1.3, 1.01, 0.47, 0.47]","[""KK"", ""KKK"", ""."", ""KKKK"", ""KKKKK"", ""KKKKKK"", ""s"", ""KKKKKKK"", "".."", ""-""]","[48.24, 31.85, 5.66, 3.67, 3.48, 1.2, 0.77, 0.57, 0.43, 0.33]",0,315,89.49
C:/projects/myproject/QDQM/DS_Input/Internal/기업고객.csv,기업고객.csv,청구점소,Master,C:/projects/myproject/QDQM/DS_Input/Internal/CUSTOMER.csv,CUSTOMER.csv,Master,청구점소,"[""AAAAA"", ""AAAAn"", ""AAAnn""]","[98.86, 0.97, 0.18]","[""AAAAA"", ""AAAAn"", ""AAAnn""]","[98.9, 0.93, 0.17]",0,109,100.0
C:/projects/myproject/QDQM/DS_Input/Internal/기업고객.csv,기업고객.csv,청구점소,Master,C:/projects/myproject/QDQM/DS_Input/Internal/CUSTOMER.csv,CUSTOMER.csv,Master,수금점소,"[""AAAAA"", ""AAAAn"", ""AAAnn""]","[98.86, 0.97, 0.18]","[""AAAAA"", ""AAAAn"", ""AAAnn""]","[97.82, 1.98, 0.2]",0,104,95.41
C:/projects/myproject/QDQM/DS_Input/Internal/기업고객.csv,기업고객.csv,청구점소,Master,C:/projects/myproject/QDQM/DS_Input/Internal/기업고객.csv,기업고객.csv,Master,수금점소,"[""AAAAA"", ""AAAAn"", ""AAAnn""]","[98.86, 0.97, 0.18]","[""AAAAA"", ""AAAAn"", ""AAAnn""]","[97.73, 2.07, 0.2]",0,104,95.41
C:/projects/myproject/QDQM/DS_Input/Internal/기업고객.csv,기업고객.csv,청구점소,Master,C:/projects/myproject/QDQM/DS_Input/Internal/CONTRACT.csv,CONTRACT.csv,Master,CORRECT_ORG,"[""AAAAA"", ""AAAAn"", ""AAAnn""]","[98.86, 0.97, 0.18]","[""AAAAA"", ""AAAAn"", ""AAAnn""]","[97.72, 2.12, 0.16]",0,100,91.74
C:/projects/myproject/QDQM/DS_Input/Internal/기업고객.csv,기업고객.csv,청구점소,Master,C:/projects/myproject/QDQM/DS_Input/Internal/CONTRACT.csv,CONTRACT.csv,Master,REQUEST_ORG,"[""AAAAA"", ""AAAAn"", ""AAAnn""]","[98.86, 0.97, 0.18]","[""AAAAA"", ""AAAAn"", ""AAAnn"", ""A/A""]","[98.79, 1.04, 0.16, 0.01]",0,100,91.74
C:/projects/myproject/QDQM/DS_Input/Internal/기업고객.csv,기업고객.csv,청구점소,Master,C:/projects/myproject/QDQM/DS_Input/Internal/조직_수입관리.csv,조직_수입관리.csv,Master,OIO_ORG_COD,"[""AAAAA"", ""AAAAn"", ""AAAnn""]","[98.86, 0.97, 0.18]","[""AAAAA"", ""AAAAn"", ""AAAA"", ""A/A"", ""AAAnn""]","[95.92, 2.55, 0.51, 0.51, 0.51]",0,96,88.07
C:/projects/myproject/QDQM/DS_Input/Internal/기업고객.csv,기업고객.csv,청구점소,Master,C:/projects/myproject/QDQM/DS_Input/Internal/지점코드.csv,지점코드.csv,Master,OIO_ORG_COD,"[""AAAAA"", ""AAAAn"", ""AAAnn""]","[98.86, 0.97, 0.18]","[""AAAAA"", ""AAAAn"", ""AAAA"", ""A/A"", ""AAAnn""]","[95.92, 2.55, 0.51, 0.51, 0.51]",0,96,88.07
C:/projects/myproject/QDQM/DS_Input/Internal/기업고객.csv,기업고객.csv,청구점소,Master,C:/projects/myproject/QDQM/DS_Input/Internal/ORGNIZATION.csv,ORGNIZATION.csv,Master,수입조직코드,"[""AAAAA"", ""AAAAn"", ""AAAnn""]","[98.86, 0.97, 0.18]","[""AAAAA""]",[100.0],0,69,63.3
C:/projects/myproject/QDQM/DS_Input/Internal/기업고객.csv,기업고객.csv,청구점소,Master,C:/projects/myproject/QDQM/DS_Input/Internal/택배_조직도.csv,택배_조직도.csv,Master,수입조직코드,"[""AAAAA"", ""AAAAn"", ""AAAnn""]","[98.86, 0.97, 0.18]","[""AAAAA""]",[100.0],0,69,63.3
C:/projects/myproject/QDQM/DS_Input/Internal/기업고객.csv,기업고객.csv,청구지우편번호,Master,C:/projects/myproject/QDQM/DS_Input/Internal/CUSTOMER.csv,CUSTOMER.csv,Master,청구지우편번호,"[""nnnnnn"", ""nnnnn"", ""nnnn""]","[87.71, 9.48, 2.8]","[""nnnnnn"", ""nnnnn""]","[84.16, 15.84]",0,3204,95.13
C:/projects/myproject/QDQM/DS_Input/Internal/기업고객.csv,기업고객.csv,청구지우편번호,Master,C:/projects/myproject/QDQM/DS_Input/Internal/기업고객.csv,기업고객.csv,Master,기업우편번호,"[""nnnnnn"", ""nnnnn"", ""nnnn""]","[87.71, 9.48, 2.8]","[""nnnnnn"", ""nnnnn"", ""nnnn"", ""nnn-n""]","[83.37, 9.95, 6.67, 0.01]",0,2795,82.99
C:/projects/myproject/QDQM/DS_Input/Internal/기업고객.csv,기업고객.csv,청구지우편번호,Master,C:/projects/myproject/QDQM/DS_Input/Internal/CUSTOMER.csv,CUSTOMER.csv,Master,우편번호,"[""nnnnnn"", ""nnnnn"", ""nnnn""]","[87.71, 9.48, 2.8]","[""nnnnnn"", ""nnnnn"", ""nnn-n""]","[83.37, 16.62, 0.01]",0,2676,79.45
C:/projects/myproject/QDQM/DS_Input/Internal/기업고객.csv,기업고객.csv,청구지우편번호,Master,C:/projects/myproject/QDQM/DS_Input/Internal/기업고객.csv,기업고객.csv,Master,집하지우편번호,"[""nnnnnn"", ""nnnnn"", ""nnnn""]","[87.71, 9.48, 2.8]","[""nnnnnn"", ""nnnnn"", ""nnnn""]","[84.62, 12.7, 2.67]",0,2183,64.82
C:/projects/myproject/QDQM/DS_Input/Internal/기업고객.csv,기업고객.csv,청구지우편번호,Master,C:/projects/myproject/QDQM/DS_Input/Internal/CUSTOMER.csv,CUSTOMER.csv,Master,집하지우편번호,"[""nnnnnn"", ""nnnnn"", ""nnnn""]","[87.71, 9.48, 2.8]","[""nnnnnn"", ""nnnnn"", ""nnnn""]","[81.12, 18.86, 0.01]",0,2113,62.74
C:/projects/myproject/QDQM/DS_Input/Internal/기업고객.csv,기업고객.csv,최종변경일시,Master,Rule,Rule,Rule,TIME,,0,,0,,7392,100.0
C:/projects/myproject/QDQM/DS_Input/Internal/기업고객.csv,기업고객.csv,최종변경자사번,Master,C:/projects/myproject/QDQM/DS_Input/Internal/CUSTOMER.csv,CUSTOMER.csv,Master,최종변경자사번,"[""nnnnnnn"", ""nnnnnn"", ""AAAAAAA"", ""AAAAA"", ""nnnnn"", ""AAAAAA"", ""AAAnnnn""]","[58.19, 38.21, 2.05, 0.92, 0.53, 0.08, 0.01]","[""nnnnnnn"", ""AAAAAAA"", ""AAAAA"", ""AAAAAA"", ""AAAnnnn""]","[97.03, 1.99, 0.89, 0.08, 0.01]",0,347,77.8
C:/projects/myproject/QDQM/DS_Input/Internal/기업고객.csv,기업고객.csv,최종수정일시,Master,C:/projects/myproject/QDQM/DS_Input/Internal/CUSTOMER.csv,CUSTOMER.csv,Master,최종수정일시,"[""nn:nn""]",[100.0],"[""nn:nn""]",[100.0],0,1845,100.0
C:/projects/myproject/QDQM/DS_Input/Internal/기업고객.csv,기업고객.csv,최종수정일시,Master,C:/projects/myproject/QDQM/DS_Input/Internal/고객마스터.csv,고객마스터.csv,Master,등록일시,"[""nn:nn""]",[100.0],"[""nn:nn""]",[100.0],0,1631,88.4
C:/projects/myproject/QDQM/DS_Input/Internal/기업고객.csv,기업고객.csv,최종수정일시,Master,C:/projects/myproject/QDQM/DS_Input/Internal/고객마스터.csv,고객마스터.csv,Master,최종사원업데이트일시,"[""nn:nn""]",[100.0],"[""nn:nn""]",[100.0],0,1421,77.02
C:/projects/myproject/QDQM/DS_Input/Internal/기업고객.csv,기업고객.csv,판매원사번,Master,C:/projects/myproject/QDQM/DS_Input/Internal/CONTRACT.csv,CONTRACT.csv,Master,SALES_EMP,"[""nnnnnnn"", ""nnnnnn"", ""nnnnn"", ""AAAnnnn""]","[60.04, 27.83, 12.1, 0.03]","[""nnnnnnn"", ""nnnnnn"", ""nnnnn"", ""AAAnnnn""]","[61.97, 26.85, 11.14, 0.04]",0,748,79.91
C:/projects/myproject/QDQM/DS_Input/Internal/기업고객.csv,기업고객.csv,판매원사번,Master,C:/projects/myproject/QDQM/DS_Input/Internal/CUSTOMER.csv,CUSTOMER.csv,Master,판매원사번,"[""nnnnnnn"", ""nnnnnn"", ""nnnnn"", ""AAAnnnn""]","[60.04, 27.83, 12.1, 0.03]","[""nnnnnnn"", ""AAAnnnn""]","[99.97, 0.03]",0,686,73.29
C:/projects/myproject/QDQM/DS_Input/Internal/기업고객.csv,기업고객.csv,판매일,Master,C:/projects/myproject/QDQM/DS_Input/Internal/CUSTOMER.csv,CUSTOMER.csv,Master,판매일,"[""nnnnnnnn""]",[100.0],"[""nnnnnnnn""]",[100.0],0,3700,100.0
C:/projects/myproject/QDQM/DS_Input/Internal/기업고객.csv,기업고객.csv,판매일,Master,Rule,Rule,Rule,DATECHAR,,0,,0,,7388,100.0
C:/projects/myproject/QDQM/DS_Input/Internal/기업고객.csv,기업고객.csv,판매일,Master,C:/projects/myproject/QDQM/DS_Input/Internal/CONTRACT.csv,CONTRACT.csv,Master,CONTRACT_DATE,"[""nnnnnnnn""]",[100.0],"[""nnnnnnnn""]",[100.0],0,2438,65.89
C:/projects/myproject/QDQM/DS_Input/Internal/기업고객.csv,기업고객.csv,판매일,Master,C:/projects/myproject/QDQM/DS_Input/Internal/사원마스터.csv,사원마스터.csv,Master,근무시작일자,"[""nnnnnnnn""]",[100.0],"[""nnnnnnnn"", ""nnnnnn"", ""nnnn""]","[99.93, 0.04, 0.03]",0,2384,64.43
C:/projects/myproject/QDQM/DS_Input/Internal/기업고객.csv,기업고객.csv,판매점소,Master,C:/projects/myproject/QDQM/DS_Input/Internal/CUSTOMER.csv,CUSTOMER.csv,Master,판매점소,"[""AAAAA"", ""AAAAAAA"", ""AAAAAA"", ""AA""]","[81.38, 15.27, 3.3, 0.05]","[""AAAAA"", ""AAAAAAA"", ""AAAAAA"", ""AA""]","[78.07, 18.56, 3.32, 0.05]",0,90,100.0
C:/projects/myproject/QDQM/DS_Input/Internal/기업고객.csv,기업고객.csv,판매점소,Master,C:/projects/myproject/QDQM/DS_Input/Internal/CONTRACT.csv,CONTRACT.csv,Master,CONTRACT_ORG_CD,"[""AAAAA"", ""AAAAAAA"", ""AAAAAA"", ""AA""]","[81.38, 15.27, 3.3, 0.05]","[""AAAAAAA"", ""AAAAA"", ""AAAAAA"", ""AA""]","[66.44, 31.13, 2.42, 0.01]",0,80,88.89
C:/projects/myproject/QDQM/DS_Input/Internal/기업고객.csv,기업고객.csv,판매점소,Master,C:/projects/myproject/QDQM/DS_Input/Internal/택배_고객.csv,택배_고객.csv,Master,판매점소,"[""AAAAA"", ""AAAAAAA"", ""AAAAAA"", ""AA""]","[81.38, 15.27, 3.3, 0.05]","[""AAAAA"", ""AAAAAAA"", ""AAAAAA"", ""AA""]","[97.44, 2.26, 0.26, 0.04]",0,77,85.56
C:/projects/myproject/QDQM/DS_Input/Internal/기업고객.csv,기업고객.csv,판매점소,Master,C:/projects/myproject/QDQM/DS_Input/Test/Z검증용데이터.csv,Z검증용데이터.csv,Test,판매점소,"[""AAAAA"", ""AAAAAAA"", ""AAAAAA"", ""AA""]","[81.38, 15.27, 3.3, 0.05]","[""AAAAA"", ""AAAAAAA"", ""AAAAAA"", ""AA""]","[58.86, 37.29, 3.8, 0.05]",0,72,80.0
C:/projects/myproject/QDQM/DS_Input/Internal/미배송사유코드.csv,미배송사유코드.csv,ETL일시,Master,Rule,Rule,Rule,TIMESTAMP,,0,,0,,104,100.0
C:/projects/myproject/QDQM/DS_Input/Internal/미배송사유코드.csv,미배송사유코드.csv,사유코드,Master,C:/projects/myproject/QDQM/DS_Input/Internal/CUSTOMER.csv,CUSTOMER.csv,Master,집하지소번지,"[""nn"", ""n""]","[52.88, 47.12]","[""n"", ""nn"", ""nnn"", ""KK"", ""nK"", ""nnnn"", ""nnn-"", ""K"", ""nnK nnK"", ""/""]","[57.73, 34.11, 5.41, 0.86, 0.7, 0.38, 0.16, 0.16, 0.11, 0.05]",0,32,80.0
C:/projects/myproject/QDQM/DS_Input/Internal/미배송사유코드.csv,미배송사유코드.csv,사유코드,Master,C:/projects/myproject/QDQM/DS_Input/Internal/CUSTOMER.csv,CUSTOMER.csv,Master,집하지대번지,"[""nn"", ""n""]","[52.88, 47.12]","[""nnn"", ""nn"", ""nnnn"", ""n"", ""nnn-n"", ""nnn-nn"", ""KKK"", ""Aaa-nn"", ""."", ""nn-nn""]","[53.98, 15.4, 10.79, 6.38, 4.23, 2.53, 2.05, 0.68, 0.61, 0.61]",0,31,77.5
C:/projects/myproject/QDQM/DS_Input/Internal/미배송사유코드.csv,미배송사유코드.csv,사유코드,Master,C:/projects/myproject/QDQM/DS_Input/Internal/test.csv,test.csv,Master,ID,"[""nn"", ""n""]","[52.88, 47.12]","[""nn"", ""n""]","[71.88, 28.12]",0,30,75.0
C:/projects/myproject/QDQM/DS_Input/Internal/미배송사유코드.csv,미배송사유코드.csv,사유코드,Master,C:/projects/myproject/QDQM/DS_Input/Test/Z검증용데이터.csv,Z검증용데이터.csv,Test,수량,"[""nn"", ""n""]","[52.88, 47.12]","[""nn"", ""n"", ""nnn"", ""nnnnnn"", ""nnnnn"", ""nnnnnnn""]","[79.49, 19.1, 1.1, 0.21, 0.05, 0.05]",0,30,75.0
C:/projects/myproject/QDQM/DS_Input/Internal/미배송사유코드.csv,미배송사유코드.csv,사유코드,Master,C:/projects/myproject/QDQM/DS_Input/Internal/상품분류.csv,상품분류.csv,Master,상품코드,"[""nn"", ""n""]","[52.88, 47.12]","[""nn"", ""Ann"", ""nnA"", ""AAA"", ""AA"", ""nnn"", ""AAn"", ""n""]","[37.5, 28.95, 15.13, 8.55, 5.26, 2.63, 1.32, 0.66]",0,29,72.5
C:/projects/myproject/QDQM/DS_Input/Internal/미배송사유코드.csv,미배송사유코드.csv,사유코드,Master,C:/projects/myproject/QDQM/DS_Input/Internal/상품코드.csv,상품코드.csv,Master,상품코드,"[""nn"", ""n""]","[52.88, 47.12]","[""nn"", ""Ann"", ""nnA"", ""AAA"", ""AA"", ""nnn"", ""AAn"", ""n""]","[37.5, 28.95, 15.13, 8.55, 5.26, 2.63, 1.32, 0.66]",0,29,72.5
C:/projects/myproject/QDQM/DS_Input/Internal/미배송사유코드.csv,미배송사유코드.csv,작업코드,Master,C:/projects/myproject/QDQM/DS_Input/Internal/CUSTOMER.csv,CUSTOMER.csv,Master,집하지대번지,"[""nn"", ""AA""]","[98.08, 1.92]","[""nnn"", ""nn"", ""nnnn"", ""n"", ""nnn-n"", ""nnn-nn"", ""KKK"", ""Aaa-nn"", ""."", ""nn-nn""]","[53.98, 15.4, 10.79, 6.38, 4.23, 2.53, 2.05, 0.68, 0.61, 0.61]",0,8,66.67
C:/projects/myproject/QDQM/DS_Input/Internal/미배송사유코드.csv,미배송사유코드.csv,최종변경일시,Master,Rule,Rule,Rule,TIMESTAMP,,0,,0,,104,100.0
C:/projects/myproject/QDQM/DS_Input/Internal/배송점.csv,배송점.csv,기본주소,Master,Rule,Rule,Rule,ADDRESS,,0,,0,,1263,100.0
C:/projects/myproject/QDQM/DS_Input/Internal/배송점.csv,배송점.csv,배송점명,Master,C:/projects/myproject/QDQM/DS_Input/Internal/ORGNIZATION.csv,ORGNIZATION.csv,Master,조직명,"[""KK(K)"", ""KKKK(K)"", ""KKKK[KK]"", ""KKK(K)"", ""KK[KK]"", ""AKK"", ""KKAAKK"", ""KK KKK"", ""KKn(K)"", ""AAKK""]","[26.64, 11.94, 9.17, 8.22, 3.99, 2.65, 2.29, 1.7, 1.58, 1.46]","[""KK(K)"", ""KKKK(K)"", ""KK"", ""KKK(K)"", ""KKKK[KK]"", ""KKKK"", ""KK[KK]"", ""KKKKKK"", ""KKK"", ""AKK""]","[23.15, 9.05, 6.65, 6.6, 6.15, 4.04, 2.63, 2.16, 2.06, 1.75]",0,2463,100.0
C:/projects/myproject/QDQM/DS_Input/Internal/배송점.csv,배송점.csv,배송점명,Master,C:/projects/myproject/QDQM/DS_Input/Internal/택배_조직도.csv,택배_조직도.csv,Master,조직명,"[""KK(K)"", ""KKKK(K)"", ""KKKK[KK]"", ""KKK(K)"", ""KK[KK]"", ""AKK"", ""KKAAKK"", ""KK KKK"", ""KKn(K)"", ""AAKK""]","[26.64, 11.94, 9.17, 8.22, 3.99, 2.65, 2.29, 1.7, 1.58, 1.46]","[""KK(K)"", ""KKKK(K)"", ""KK"", ""KKK(K)"", ""KKKK[KK]"", ""KKKK"", ""KK[KK]"", ""KKKKKK"", ""KKK"", ""AKK""]","[23.15, 9.05, 6.65, 6.6, 6.15, 4.04, 2.63, 2.16, 2.06, 1.75]",0,2463,100.0
C:/projects/myproject/QDQM/DS_Input/Internal/배송점.csv,배송점.csv,배송점코드,Master,C:/projects/myproject/QDQM/DS_Input/Internal/ORGNIZATION.csv,ORGNIZATION.csv,Master,조직코드,"[""nnnn"", ""nnnnnn"", ""nnnnn"", ""nnnnnnn""]","[98.85, 1.03, 0.08, 0.04]","[""nnnn"", ""nnn"", ""AAAAA"", ""AAAAAAA"", ""nnnnnn"", ""AAAA"", ""AA"", ""nnnnnnn"", ""nnnnn"", ""AAA""]","[78.96, 14.52, 2.4, 2.4, 1.02, 0.42, 0.13, 0.05, 0.05, 0.03]",0,2530,100.0
C:/projects/myproject/QDQM/DS_Input/Internal/배송점.csv,배송점.csv,배송점코드,Master,C:/projects/myproject/QDQM/DS_Input/Internal/택배_조직도.csv,택배_조직도.csv,Master,조직코드,"[""nnnn"", ""nnnnnn"", ""nnnnn"", ""nnnnnnn""]","[98.85, 1.03, 0.08, 0.04]","[""nnnn"", ""nnn"", ""AAAAA"", ""AAAAAAA"", ""nnnnnn"", ""AAAA"", ""AA"", ""nnnnnnn"", ""nnnnn"", ""AAA""]","[78.96, 14.52, 2.4, 2.4, 1.02, 0.42, 0.13, 0.05, 0.05, 0.03]",0,2530,100.0
C:/projects/myproject/QDQM/DS_Input/Internal/배송점.csv,배송점.csv,사업자등록번호,Master,C:/projects/myproject/QDQM/DS_Input/Internal/ORGNIZATION.csv,ORGNIZATION.csv,Master,사업자등록번호,"[""nnnnnnnnnn""]",[100.0],"[""nnnnnnnnnn""]",[100.0],0,1364,100.0
C:/projects/myproject/QDQM/DS_Input/Internal/배송점.csv,배송점.csv,사업자등록번호,Master,C:/projects/myproject/QDQM/DS_Input/Internal/택배_조직도.csv,택배_조직도.csv,Master,사업자등록번호,"[""nnnnnnnnnn""]",[100.0],"[""nnnnnnnnnn""]",[100.0],0,1364,100.0
C:/projects/myproject/QDQM/DS_Input/Internal/배송점.csv,배송점.csv,사업자등록번호,Master,C:/projects/myproject/QDQM/DS_Input/Reference/사업자등록번호3.csv,사업자등록번호3.csv,Reference,유효사업자번호3,"[""nnnnnnnnnn""]",[100.0],"[""nnnnnnnnnn""]",[100.0],3,387,80.46
C:/projects/myproject/QDQM/DS_Input/Internal/배송점.csv,배송점.csv,사업자등록번호,Master,C:/projects/myproject/QDQM/DS_Input/Internal/PRM계약.csv,PRM계약.csv,Master,사업자번호,"[""nnnnnnnnnn""]",[100.0],"[""nnnnnnnnnn""]",[100.0],0,846,62.02
C:/projects/myproject/QDQM/DS_Input/Internal/배송점.csv,배송점.csv,상위조직코드,Master,C:/projects/myproject/QDQM/DS_Input/Internal/ORGNIZATION.csv,ORGNIZATION.csv,Master,상위조직코드,"[""nnn"", ""nnnn""]","[98.97, 1.03]","[""nnn"", ""AAAAAAA"", ""AAAAA"", ""nnnn"", ""AAAAAA"", ""AAA""]","[80.04, 12.45, 6.2, 1.05, 0.24, 0.03]",0,455,100.0
C:/projects/myproject/QDQM/DS_Input/Internal/배송점.csv,배송점.csv,상위조직코드,Master,C:/projects/myproject/QDQM/DS_Input/Internal/택배_조직도.csv,택배_조직도.csv,Master,상위조직코드,"[""nnn"", ""nnnn""]","[98.97, 1.03]","[""nnn"", ""AAAAAAA"", ""AAAAA"", ""nnnn"", ""AAAAAA"", ""AAA""]","[80.04, 12.45, 6.2, 1.05, 0.24, 0.03]",0,455,100.0
C:/projects/myproject/QDQM/DS_Input/Internal/배송점.csv,배송점.csv,상위조직코드,Master,C:/projects/myproject/QDQM/DS_Input/Internal/ORGNIZATION.csv,ORGNIZATION.csv,Master,조직코드,"[""nnn"", ""nnnn""]","[98.97, 1.03]","[""nnnn"", ""nnn"", ""AAAAA"", ""AAAAAAA"", ""nnnnnn"", ""AAAA"", ""AA"", ""nnnnnnn"", ""nnnnn"", ""AAA""]","[78.96, 14.52, 2.4, 2.4, 1.02, 0.42, 0.13, 0.05, 0.05, 0.03]",0,454,99.78
C:/projects/myproject/QDQM/DS_Input/Internal/배송점.csv,배송점.csv,상위조직코드,Master,C:/projects/myproject/QDQM/DS_Input/Internal/택배_조직도.csv,택배_조직도.csv,Master,조직코드,"[""nnn"", ""nnnn""]","[98.97, 1.03]","[""nnnn"", ""nnn"", ""AAAAA"", ""AAAAAAA"", ""nnnnnn"", ""AAAA"", ""AA"", ""nnnnnnn"", ""nnnnn"", ""AAA""]","[78.96, 14.52, 2.4, 2.4, 1.02, 0.42, 0.13, 0.05, 0.05, 0.03]",0,454,99.78
C:/projects/myproject/QDQM/DS_Input/Internal/배송점.csv,배송점.csv,상위조직코드,Master,C:/projects/myproject/QDQM/DS_Input/Internal/조직터미널마스터.csv,조직터미널마스터.csv,Master,터미널조직코드,"[""nnn"", ""nnnn""]","[98.97, 1.03]","[""nnn""]",[100.0],0,429,94.29
C:/projects/myproject/QDQM/DS_Input/Internal/배송점.csv,배송점.csv,상위조직코드,Master,C:/projects/myproject/QDQM/DS_Input/Internal/CUSTOMER.csv,CUSTOMER.csv,Master,집하지대번지,"[""nnn"", ""nnnn""]","[98.97, 1.03]","[""nnn"", ""nn"", ""nnnn"", ""n"", ""nnn-n"", ""nnn-nn"", ""KKK"", ""Aaa-nn"", ""."", ""nn-nn""]","[53.98, 15.4, 10.79, 6.38, 4.23, 2.53, 2.05, 0.68, 0.61, 0.61]",0,315,69.23
C:/projects/myproject/QDQM/DS_Input/Internal/배송점.csv,배송점.csv,상위조직코드,Master,C:/projects/myproject/QDQM/DS_Input/Internal/조직터미널마스터.csv,조직터미널마스터.csv,Master,실제터미널조직코드,"[""nnn"", ""nnnn""]","[98.97, 1.03]","[""nnn""]",[100.0],0,305,67.03
C:/projects/myproject/QDQM/DS_Input/Internal/배송점.csv,배송점.csv,우편번호,Master,C:/projects/myproject/QDQM/DS_Input/Internal/ORGNIZATION.csv,ORGNIZATION.csv,Master,우편번호,"[""nnnnnn"", ""nnnnn""]","[60.82, 39.18]","[""nnnnnn"", ""nnnnn""]","[56.54, 43.46]",0,1341,100.0
C:/projects/myproject/QDQM/DS_Input/Internal/배송점.csv,배송점.csv,우편번호,Master,C:/projects/myproject/QDQM/DS_Input/Internal/택배_조직도.csv,택배_조직도.csv,Master,우편번호,"[""nnnnnn"", ""nnnnn""]","[60.82, 39.18]","[""nnnnnn"", ""nnnnn""]","[56.54, 43.46]",0,1341,100.0
C:/projects/myproject/QDQM/DS_Input/Internal/배송점.csv,배송점.csv,우편번호,Master,C:/projects/myproject/QDQM/DS_Input/Reference/우편번호3.csv,우편번호3.csv,Reference,우편번호3,"[""nnnnnn"", ""nnnnn""]","[60.82, 39.18]","[""nnnnn""]",[100.0],3,336,78.87
C:/projects/myproject/QDQM/DS_Input/Internal/배송점.csv,배송점.csv,조직계약시작일자,Master,C:/projects/myproject/QDQM/DS_Input/Internal/ORGNIZATION.csv,ORGNIZATION.csv,Master,조직계약시작일자,"[""nnnnnnnn""]",[100.0],"[""nnnnnnnn"", ""nnnnnn"", ""nnnnnnn""]","[99.75, 0.15, 0.1]",0,394,100.0
C:/projects/myproject/QDQM/DS_Input/Internal/배송점.csv,배송점.csv,조직계약시작일자,Master,C:/projects/myproject/QDQM/DS_Input/Internal/택배_조직도.csv,택배_조직도.csv,Master,조직계약시작일자,"[""nnnnnnnn""]",[100.0],"[""nnnnnnnn"", ""nnnnnn"", ""nnnnnnn""]","[99.75, 0.15, 0.1]",0,394,100.0
C:/projects/myproject/QDQM/DS_Input/Internal/배송점.csv,배송점.csv,조직계약시작일자,Master,Rule,Rule,Rule,DATECHAR,,0,,0,,1225,100.0
C:/projects/myproject/QDQM/DS_Input/Internal/배송점.csv,배송점.csv,조직계약시작일자,Master,C:/projects/myproject/QDQM/DS_Input/Internal/사원마스터.csv,사원마스터.csv,Master,근무시작일자,"[""nnnnnnnn""]",[100.0],"[""nnnnnnnn"", ""nnnnnn"", ""nnnn""]","[99.93, 0.04, 0.03]",0,314,79.7
C:/projects/myproject/QDQM/DS_Input/Internal/배송점.csv,배송점.csv,조직계약시작일자,Master,C:/projects/myproject/QDQM/DS_Input/Internal/사원기본.csv,사원기본.csv,Master,시근일자,"[""nnnnnnnn""]",[100.0],"[""nnnnnnnn"", ""nnnnnn"", ""nnnn""]","[99.91, 0.08, 0.01]",0,302,76.65
C:/projects/myproject/QDQM/DS_Input/Internal/배송점.csv,배송점.csv,조직계약시작일자,Master,C:/projects/myproject/QDQM/DS_Input/Internal/CONTRACT.csv,CONTRACT.csv,Master,CONTRACT_DATE,"[""nnnnnnnn""]",[100.0],"[""nnnnnnnn""]",[100.0],0,292,74.11
C:/projects/myproject/QDQM/DS_Input/Internal/배송점.csv,배송점.csv,조직계약시작일자,Master,C:/projects/myproject/QDQM/DS_Input/Internal/CUSTOMER.csv,CUSTOMER.csv,Master,판매일,"[""nnnnnnnn""]",[100.0],"[""nnnnnnnn""]",[100.0],0,291,73.86
C:/projects/myproject/QDQM/DS_Input/Internal/배송점.csv,배송점.csv,조직계약시작일자,Master,C:/projects/myproject/QDQM/DS_Input/Internal/기업고객.csv,기업고객.csv,Master,판매일,"[""nnnnnnnn""]",[100.0],"[""nnnnnnnn""]",[100.0],0,291,73.86
C:/projects/myproject/QDQM/DS_Input/Internal/배송점.csv,배송점.csv,조직계약종료일자,Master,C:/projects/myproject/QDQM/DS_Input/Internal/ORGNIZATION.csv,ORGNIZATION.csv,Master,조직계약종료일자,"[""nnnnnnnn""]",[100.0],"[""nnnnnnnn""]",[100.0],0,101,100.0
C:/projects/myproject/QDQM/DS_Input/Internal/배송점.csv,배송점.csv,조직계약종료일자,Master,C:/projects/myproject/QDQM/DS_Input/Internal/택배_조직도.csv,택배_조직도.csv,Master,조직계약종료일자,"[""nnnnnnnn""]",[100.0],"[""nnnnnnnn""]",[100.0],0,101,100.0
C:/projects/myproject/QDQM/DS_Input/Internal/배송점.csv,배송점.csv,조직계약종료일자,Master,Rule,Rule,Rule,DATECHAR,,0,,0,,871,100.0
C:/projects/myproject/QDQM/DS_Input/Internal/배송점.csv,배송점.csv,조직계약종료일자,Master,C:/projects/myproject/QDQM/DS_Input/Internal/CUSTOMER.csv,CUSTOMER.csv,Master,계약기간종료일,"[""nnnnnnnn""]",[100.0],"[""nnnnnnnn""]",[100.0],0,89,88.12
C:/projects/myproject/QDQM/DS_Input/Internal/배송점.csv,배송점.csv,조직계약종료일자,Master,C:/projects/myproject/QDQM/DS_Input/Internal/기업고객.csv,기업고객.csv,Master,계약기간종료일,"[""nnnnnnnn""]",[100.0],"[""nnnnnnnn""]",[100.0],0,89,88.12
C:/projects/myproject/QDQM/DS_Input/Internal/배송점.csv,배송점.csv,조직계약종료일자,Master,C:/projects/myproject/QDQM/DS_Input/Internal/사원마스터.csv,사원마스터.csv,Master,근무시작일자,"[""nnnnnnnn""]",[100.0],"[""nnnnnnnn"", ""nnnnnn"", ""nnnn""]","[99.93, 0.04, 0.03]",0,67,66.34
C:/projects/myproject/QDQM/DS_Input/Internal/배송점.csv,배송점.csv,조직폐쇄일자,Master,C:/projects/myproject/QDQM/DS_Input/Internal/ORGNIZATION.csv,ORGNIZATION.csv,Master,조직폐쇄일자,"[""nnnnnnnn""]",[100.0],"[""nnnnnnnn""]",[100.0],0,165,100.0
C:/projects/myproject/QDQM/DS_Input/Internal/배송점.csv,배송점.csv,조직폐쇄일자,Master,C:/projects/myproject/QDQM/DS_Input/Internal/택배_조직도.csv,택배_조직도.csv,Master,조직폐쇄일자,"[""nnnnnnnn""]",[100.0],"[""nnnnnnnn""]",[100.0],0,165,100.0
C:/projects/myproject/QDQM/DS_Input/Internal/배송점.csv,배송점.csv,조직폐쇄일자,Master,Rule,Rule,Rule,DATECHAR,,0,,0,,916,99.88999938964844
C:/projects/myproject/QDQM/DS_Input/Internal/배송점.csv,배송점.csv,조직폐쇄일자,Master,C:/projects/myproject/QDQM/DS_Input/Internal/사원마스터.csv,사원마스터.csv,Master,근무시작일자,"[""nnnnnnnn""]",[100.0],"[""nnnnnnnn"", ""nnnnnn"", ""nnnn""]","[99.93, 0.04, 0.03]",0,111,67.27
C:/projects/myproject/QDQM/DS_Input/Internal/배송점.csv,배송점.csv,조직폐쇄일자,Master,C:/projects/myproject/QDQM/DS_Input/Internal/사원기본.csv,사원기본.csv,Master,시근일자,"[""nnnnnnnn""]",[100.0],"[""nnnnnnnn"", ""nnnnnn"", ""nnnn""]","[99.91, 0.08, 0.01]",0,105,63.64
C:/projects/myproject/QDQM/DS_Input/Internal/배송점.csv,배송점.csv,조직폐쇄일자,Master,C:/projects/myproject/QDQM/DS_Input/Internal/CUSTOMER.csv,CUSTOMER.csv,Master,판매일,"[""nnnnnnnn""]",[100.0],"[""nnnnnnnn""]",[100.0],0,104,63.03
C:/projects/myproject/QDQM/DS_Input/Internal/배송점.csv,배송점.csv,조직폐쇄일자,Master,C:/projects/myproject/QDQM/DS_Input/Internal/CONTRACT.csv,CONTRACT.csv,Master,CONTRACT_DATE,"[""nnnnnnnn""]",[100.0],"[""nnnnnnnn""]",[100.0],0,103,62.42
C:/projects/myproject/QDQM/DS_Input/Internal/배송점.csv,배송점.csv,조직폐쇄일자,Master,C:/projects/myproject/QDQM/DS_Input/Internal/CUSTOMER.csv,CUSTOMER.csv,Master,계약기간종료일,"[""nnnnnnnn""]",[100.0],"[""nnnnnnnn""]",[100.0],0,101,61.21
C:/projects/myproject/QDQM/DS_Input/Internal/배송점.csv,배송점.csv,조직폐쇄일자,Master,C:/projects/myproject/QDQM/DS_Input/Internal/기업고객.csv,기업고객.csv,Master,계약기간종료일,"[""nnnnnnnn""]",[100.0],"[""nnnnnnnn""]",[100.0],0,101,61.21
C:/projects/myproject/QDQM/DS_Input/Internal/배송점.csv,배송점.csv,조직폐쇄일자,Master,C:/projects/myproject/QDQM/DS_Input/Internal/기업고객.csv,기업고객.csv,Master,판매일,"[""nnnnnnnn""]",[100.0],"[""nnnnnnnn""]",[100.0],0,101,61.21
C:/projects/myproject/QDQM/DS_Input/Internal/배송점.csv,배송점.csv,최수정일시,Master,C:/projects/myproject/QDQM/DS_Input/Internal/ORGNIZATION.csv,ORGNIZATION.csv,Master,최수정일시,"[""nn:nn""]",[100.0],"[""nn:nn""]",[100.0],0,502,100.0
C:/projects/myproject/QDQM/DS_Input/Internal/배송점.csv,배송점.csv,최수정일시,Master,C:/projects/myproject/QDQM/DS_Input/Internal/고객마스터.csv,고객마스터.csv,Master,등록일시,"[""nn:nn""]",[100.0],"[""nn:nn""]",[100.0],0,448,89.24
C:/projects/myproject/QDQM/DS_Input/Internal/배송점.csv,배송점.csv,최수정일시,Master,C:/projects/myproject/QDQM/DS_Input/Internal/고객마스터.csv,고객마스터.csv,Master,최종사원업데이트일시,"[""nn:nn""]",[100.0],"[""nn:nn""]",[100.0],0,373,74.3
C:/projects/myproject/QDQM/DS_Input/Internal/배송점.csv,배송점.csv,최종수정자,Master,C:/projects/myproject/QDQM/DS_Input/Internal/ORGNIZATION.csv,ORGNIZATION.csv,Master,최종수정자,"[""nnnnnnn""]",[100.0],"[""nnnnnnn""]",[100.0],0,251,100.0
C:/projects/myproject/QDQM/DS_Input/Internal/배송점.csv,배송점.csv,최종수정자,Master,C:/projects/myproject/QDQM/DS_Input/Internal/택배_조직도.csv,택배_조직도.csv,Master,최종업데이트사원번호,"[""nnnnnnn""]",[100.0],"[""nnnnnnn""]",[100.0],0,251,100.0
C:/projects/myproject/QDQM/DS_Input/Internal/배송점.csv,배송점.csv,최종수정자,Master,C:/projects/myproject/QDQM/DS_Input/Internal/사용자.csv,사용자.csv,Master,사원번호,"[""nnnnnnn""]",[100.0],"[""nnnnnnn"", ""Annnnnn"", ""AAAnnnn"", ""AAnnnnn"", ""nnnnnn"", ""annnnnn"", ""aaaaaa"", ""aaannnn"", ""KKK"", ""nnnn""]","[95.0, 2.14, 1.73, 0.8, 0.1, 0.04, 0.04, 0.04, 0.03, 0.01]",0,193,76.89
C:/projects/myproject/QDQM/DS_Input/Internal/배송점.csv,배송점.csv,팩스번호,Master,C:/projects/myproject/QDQM/DS_Input/Internal/ORGNIZATION.csv,ORGNIZATION.csv,Master,팩스번호,"[""nnnnnnnnnn"", ""nnn-nnn-nnnn"", ""nnn)nnn-nnnn"", ""nn-nnn-nnnn"", ""nn"", ""nnnnnnnnnnn"", ""nnnnnnnnn"", ""nnn"", ""nn-nnnn-nnnn"", ""nnn-nnnn-nnnn""]","[45.51, 20.7, 7.48, 5.49, 5.49, 4.61, 2.87, 2.37, 2.0, 1.0]","[""nnnnnnnnnn"", ""nnn-nnn-nnnn"", ""nnnnnnnnnnn"", ""nn-nnn-nnnn"", ""nnn)nnn-nnnn"", ""nn"", ""nnnnnnnnn"", ""nn-nnnn-nnnn"", ""nnn"", ""nnn-nnnn-nnnn""]","[53.65, 16.89, 6.25, 4.91, 4.46, 3.65, 3.42, 2.6, 1.71, 0.6]",0,518,100.0
C:/projects/myproject/QDQM/DS_Input/Internal/배송점.csv,배송점.csv,팩스번호,Master,C:/projects/myproject/QDQM/DS_Input/Internal/택배_조직도.csv,택배_조직도.csv,Master,팩스번호,"[""nnnnnnnnnn"", ""nnn-nnn-nnnn"", ""nnn)nnn-nnnn"", ""nn-nnn-nnnn"", ""nn"", ""nnnnnnnnnnn"", ""nnnnnnnnn"", ""nnn"", ""nn-nnnn-nnnn"", ""nnn-nnnn-nnnn""]","[45.51, 20.7, 7.48, 5.49, 5.49, 4.61, 2.87, 2.37, 2.0, 1.0]","[""nnnnnnnnnn"", ""nnn-nnn-nnnn"", ""nnnnnnnnnnn"", ""nn-nnn-nnnn"", ""nnn)nnn-nnnn"", ""nn"", ""nnnnnnnnn"", ""nn-nnnn-nnnn"", ""nnn"", ""nnn-nnnn-nnnn""]","[53.65, 16.89, 6.25, 4.91, 4.46, 3.65, 3.42, 2.6, 1.71, 0.6]",0,518,100.0
C:/projects/myproject/QDQM/DS_Input/Internal/법인정보.csv,법인정보.csv,ETL일시,Master,Rule,Rule,Rule,TIMESTAMP,,0,,0,,21844,100.0
C:/projects/myproject/QDQM/DS_Input/Internal/법인정보.csv,법인정보.csv,법인번호,Master,C:/projects/myproject/QDQM/DS_Input/Reference/법인번호7.csv,법인번호7.csv,Reference,법인번호7,"[""nnnnnnnnnnnnn"", ""nnnnnnsssssss"", ""Annnnnnnnnnnn"", ""       ""]","[99.95, 0.03, 0.01, 0.01]","[""nnnnnnnnnnnnn""]",[100.0],7,462,75.49
C:/projects/myproject/QDQM/DS_Input/Internal/법인정보.csv,법인정보.csv,최종변경일시,Master,Rule,Rule,Rule,TIMESTAMP,,0,,0,,21844,100.0
C:/projects/myproject/QDQM/DS_Input/Internal/법인정보.csv,법인정보.csv,최초생성일시,Master,Rule,Rule,Rule,TIMESTAMP,,0,,0,,21844,100.0
C:/projects/myproject/QDQM/DS_Input/Internal/사업구분.csv,사업구분.csv,ERP_COA_DIVS,Master,C:/projects/myproject/QDQM/DS_Input/Internal/관리회계_사업.csv,관리회계_사업.csv,Master,사업코드,"[""nnn""]",[100.0],"[""nnn"", ""nnnA""]","[86.89, 13.11]",0,75,100.0
C:/projects/myproject/QDQM/DS_Input/Internal/사업구분.csv,사업구분.csv,ERP_COA_DIVS,Master,C:/projects/myproject/QDQM/DS_Input/Internal/사업코드관리.csv,사업코드관리.csv,Master,business_level6_cd,"[""nnn""]",[100.0],"[""nnn""]",[100.0],0,74,98.67
C:/projects/myproject/QDQM/DS_Input/Internal/사업구분.csv,사업구분.csv,ERP_COA_DIVS,Master,C:/projects/myproject/QDQM/DS_Input/Internal/사업코드관리.csv,사업코드관리.csv,Master,사업코드,"[""nnn""]",[100.0],"[""nnn""]",[100.0],0,74,98.67
C:/projects/myproject/QDQM/DS_Input/Internal/사업구분.csv,사업구분.csv,ERP_COA_DIVS,Master,C:/projects/myproject/QDQM/DS_Input/Internal/CUSTOMER.csv,CUSTOMER.csv,Master,집하지대번지,"[""nnn""]",[100.0],"[""nnn"", ""nn"", ""nnnn"", ""n"", ""nnn-n"", ""nnn-nn"", ""KKK"", ""Aaa-nn"", ""."", ""nn-nn""]","[53.98, 15.4, 10.79, 6.38, 4.23, 2.53, 2.05, 0.68, 0.61, 0.61]",0,69,92.0
C:/projects/myproject/QDQM/DS_Input/Internal/사업구분.csv,사업구분.csv,ERP_COA_DIVS,Master,C:/projects/myproject/QDQM/DS_Input/Internal/사업코드관리.csv,사업코드관리.csv,Master,business_level5_cd,"[""nnn""]",[100.0],"[""nnn""]",[100.0],0,59,78.67
C:/projects/myproject/QDQM/DS_Input/Internal/사업구분.csv,사업구분.csv,ETL일시,Master,Rule,Rule,Rule,TIMESTAMP,,0,,0,,357,100.0
C:/projects/myproject/QDQM/DS_Input/Internal/사업구분.csv,사업구분.csv,등록일자,Master,Rule,Rule,Rule,DATECHAR,,0,,0,,357,100.0
C:/projects/myproject/QDQM/DS_Input/Internal/사업구분.csv,사업구분.csv,등록일자,Master,C:/projects/myproject/QDQM/DS_Input/Internal/사원기본.csv,사원기본.csv,Master,시근일자,"[""nnnnnnnn""]",[100.0],"[""nnnnnnnn"", ""nnnnnn"", ""nnnn""]","[99.91, 0.08, 0.01]",0,60,69.77
C:/projects/myproject/QDQM/DS_Input/Internal/사업구분.csv,사업구분.csv,등록일자,Master,C:/projects/myproject/QDQM/DS_Input/Internal/사원마스터.csv,사원마스터.csv,Master,근무시작일자,"[""nnnnnnnn""]",[100.0],"[""nnnnnnnn"", ""nnnnnn"", ""nnnn""]","[99.93, 0.04, 0.03]",0,58,67.44
C:/projects/myproject/QDQM/DS_Input/Internal/사업구분.csv,사업구분.csv,등록일자,Master,C:/projects/myproject/QDQM/DS_Input/Internal/CONTRACT.csv,CONTRACT.csv,Master,CONTRACT_DATE,"[""nnnnnnnn""]",[100.0],"[""nnnnnnnn""]",[100.0],0,54,62.79
C:/projects/myproject/QDQM/DS_Input/Internal/사업구분.csv,사업구분.csv,수정일자,Master,Rule,Rule,Rule,DATECHAR,,0,,0,,261,100.0
C:/projects/myproject/QDQM/DS_Input/Internal/사업구분.csv,사업구분.csv,수정일자,Master,C:/projects/myproject/QDQM/DS_Input/Internal/사원기본.csv,사원기본.csv,Master,시근일자,"[""nnnnnnnn""]",[100.0],"[""nnnnnnnn"", ""nnnnnn"", ""nnnn""]","[99.91, 0.08, 0.01]",0,45,81.82
C:/projects/myproject/QDQM/DS_Input/Internal/사업구분.csv,사업구분.csv,수정일자,Master,C:/projects/myproject/QDQM/DS_Input/Internal/CUSTOMER.csv,CUSTOMER.csv,Master,판매일,"[""nnnnnnnn""]",[100.0],"[""nnnnnnnn""]",[100.0],0,41,74.55
C:/projects/myproject/QDQM/DS_Input/Internal/사업구분.csv,사업구분.csv,수정일자,Master,C:/projects/myproject/QDQM/DS_Input/Internal/기업고객.csv,기업고객.csv,Master,판매일,"[""nnnnnnnn""]",[100.0],"[""nnnnnnnn""]",[100.0],0,41,74.55
C:/projects/myproject/QDQM/DS_Input/Internal/사업구분.csv,사업구분.csv,수정일자,Master,C:/projects/myproject/QDQM/DS_Input/Internal/CONTRACT.csv,CONTRACT.csv,Master,CONTRACT_DATE,"[""nnnnnnnn""]",[100.0],"[""nnnnnnnn""]",[100.0],0,37,67.27
C:/projects/myproject/QDQM/DS_Input/Internal/사업구분.csv,사업구분.csv,수정일자,Master,C:/projects/myproject/QDQM/DS_Input/Internal/사원마스터.csv,사원마스터.csv,Master,근무시작일자,"[""nnnnnnnn""]",[100.0],"[""nnnnnnnn"", ""nnnnnn"", ""nnnn""]","[99.93, 0.04, 0.03]",0,37,67.27
C:/projects/myproject/QDQM/DS_Input/Internal/사업구분.csv,사업구분.csv,수정일자,Master,C:/projects/myproject/QDQM/DS_Input/Internal/사원마스터.csv,사원마스터.csv,Master,사직일자,"[""nnnnnnnn""]",[100.0],"[""nnnnnnnn""]",[100.0],0,34,61.82
C:/projects/myproject/QDQM/DS_Input/Internal/사업구분.csv,사업구분.csv,처리자사번,Master,C:/projects/myproject/QDQM/DS_Input/Internal/사용자.csv,사용자.csv,Master,사원번호,"[""nnnnnnn""]",[100.0],"[""nnnnnnn"", ""Annnnnn"", ""AAAnnnn"", ""AAnnnnn"", ""nnnnnn"", ""annnnnn"", ""aaaaaa"", ""aaannnn"", ""KKK"", ""nnnn""]","[95.0, 2.14, 1.73, 0.8, 0.1, 0.04, 0.04, 0.04, 0.03, 0.01]",0,12,100.0
C:/projects/myproject/QDQM/DS_Input/Internal/사업구분.csv,사업구분.csv,처리자사번,Master,C:/projects/myproject/QDQM/DS_Input/Internal/사용자.csv,사용자.csv,Master,처리자사번,"[""nnnnnnn""]",[100.0],"[""nnnnnnn"", ""Annnnnn"", ""AAAnnnn"", ""AAnnnnn"", ""nnnnnn"", ""annnnnn"", ""AAAAAA"", ""aaannnn""]","[99.38, 0.36, 0.14, 0.05, 0.03, 0.01, 0.01, 0.01]",0,11,91.67
C:/projects/myproject/QDQM/DS_Input/Internal/사업구분.csv,사업구분.csv,처리자사번,Master,C:/projects/myproject/QDQM/DS_Input/Test/Z사용자.csv,Z사용자.csv,Test,사원번호,"[""nnnnnnn""]",[100.0],"[""nnnnnnn"", ""Annnnnn"", ""AAAnnnn"", ""AAnnnnn"", ""nnnnnn"", ""aaaaaa"", ""aaannnn"", ""KKK"", ""aaaaa"", ""aaaa""]","[92.76, 4.07, 1.78, 0.72, 0.21, 0.13, 0.08, 0.04, 0.04, 0.04]",0,8,66.67
C:/projects/myproject/QDQM/DS_Input/Internal/사업구분.csv,사업구분.csv,최종변경일시,Master,Rule,Rule,Rule,TIMESTAMP,,0,,0,,357,100.0
C:/projects/myproject/QDQM/DS_Input/Internal/사업구분.csv,사업구분.csv,폐기일자,Master,Rule,Rule,Rule,DATECHAR,,0,,0,,91,100.0
C:/projects/myproject/QDQM/DS_Input/Internal/사업구분.csv,사업구분.csv,폐기일자,Master,C:/projects/myproject/QDQM/DS_Input/Internal/CUSTOMER.csv,CUSTOMER.csv,Master,판매일,"[""nnnnnnnn""]",[100.0],"[""nnnnnnnn""]",[100.0],0,11,84.62
C:/projects/myproject/QDQM/DS_Input/Internal/사업구분.csv,사업구분.csv,폐기일자,Master,C:/projects/myproject/QDQM/DS_Input/Internal/기업고객.csv,기업고객.csv,Master,판매일,"[""nnnnnnnn""]",[100.0],"[""nnnnnnnn""]",[100.0],0,11,84.62
C:/projects/myproject/QDQM/DS_Input/Internal/사업구분.csv,사업구분.csv,폐기일자,Master,C:/projects/myproject/QDQM/DS_Input/Internal/택배_고객.csv,택배_고객.csv,Master,판매일,"[""nnnnnnnn""]",[100.0],"[""nnnnnnnn""]",[100.0],0,10,76.92
C:/projects/myproject/QDQM/DS_Input/Internal/사업구분.csv,사업구분.csv,폐기일자,Master,C:/projects/myproject/QDQM/DS_Input/Internal/CONTRACT.csv,CONTRACT.csv,Master,CONTRACT_DATE,"[""nnnnnnnn""]",[100.0],"[""nnnnnnnn""]",[100.0],0,9,69.23
C:/projects/myproject/QDQM/DS_Input/Internal/사업구분.csv,사업구분.csv,폐기일자,Master,C:/projects/myproject/QDQM/DS_Input/Internal/사원기본.csv,사원기본.csv,Master,시근일자,"[""nnnnnnnn""]",[100.0],"[""nnnnnnnn"", ""nnnnnn"", ""nnnn""]","[99.91, 0.08, 0.01]",0,9,69.23
C:/projects/myproject/QDQM/DS_Input/Internal/사업구분.csv,사업구분.csv,폐기일자,Master,C:/projects/myproject/QDQM/DS_Input/Internal/사원마스터.csv,사원마스터.csv,Master,근무시작일자,"[""nnnnnnnn""]",[100.0],"[""nnnnnnnn"", ""nnnnnn"", ""nnnn""]","[99.93, 0.04, 0.03]",0,8,61.54
C:/projects/myproject/QDQM/DS_Input/Internal/사업코드관리.csv,사업코드관리.csv,business_level5_cd,Master,C:/projects/myproject/QDQM/DS_Input/Internal/관리회계_사업.csv,관리회계_사업.csv,Master,사업코드,"[""nnn""]",[100.0],"[""nnn"", ""nnnA""]","[86.89, 13.11]",0,150,100.0
C:/projects/myproject/QDQM/DS_Input/Internal/사업코드관리.csv,사업코드관리.csv,business_level5_cd,Master,C:/projects/myproject/QDQM/DS_Input/Internal/사업코드관리.csv,사업코드관리.csv,Master,business_level6_cd,"[""nnn""]",[100.0],"[""nnn""]",[100.0],0,150,100.0
C:/projects/myproject/QDQM/DS_Input/Internal/사업코드관리.csv,사업코드관리.csv,business_level5_cd,Master,C:/projects/myproject/QDQM/DS_Input/Internal/사업코드관리.csv,사업코드관리.csv,Master,사업코드,"[""nnn""]",[100.0],"[""nnn""]",[100.0],0,150,100.0
C:/projects/myproject/QDQM/DS_Input/Internal/사업코드관리.csv,사업코드관리.csv,business_level5_cd,Master,C:/projects/myproject/QDQM/DS_Input/Internal/CUSTOMER.csv,CUSTOMER.csv,Master,집하지대번지,"[""nnn""]",[100.0],"[""nnn"", ""nn"", ""nnnn"", ""n"", ""nnn-n"", ""nnn-nn"", ""KKK"", ""Aaa-nn"", ""."", ""nn-nn""]","[53.98, 15.4, 10.79, 6.38, 4.23, 2.53, 2.05, 0.68, 0.61, 0.61]",0,127,84.67
C:/projects/myproject/QDQM/DS_Input/Internal/사업코드관리.csv,사업코드관리.csv,business_level5_cd,Master,C:/projects/myproject/QDQM/DS_Input/Internal/ORGNIZATION.csv,ORGNIZATION.csv,Master,조직코드,"[""nnn""]",[100.0],"[""nnnn"", ""nnn"", ""AAAAA"", ""AAAAAAA"", ""nnnnnn"", ""AAAA"", ""AA"", ""nnnnnnn"", ""nnnnn"", ""AAA""]","[78.96, 14.52, 2.4, 2.4, 1.02, 0.42, 0.13, 0.05, 0.05, 0.03]",0,108,72.0
C:/projects/myproject/QDQM/DS_Input/Internal/사업코드관리.csv,사업코드관리.csv,business_level5_cd,Master,C:/projects/myproject/QDQM/DS_Input/Internal/조직터미널마스터.csv,조직터미널마스터.csv,Master,터미널조직코드,"[""nnn""]",[100.0],"[""nnn""]",[100.0],0,108,72.0
C:/projects/myproject/QDQM/DS_Input/Internal/사업코드관리.csv,사업코드관리.csv,business_level5_cd,Master,C:/projects/myproject/QDQM/DS_Input/Internal/택배_조직도.csv,택배_조직도.csv,Master,조직코드,"[""nnn""]",[100.0],"[""nnnn"", ""nnn"", ""AAAAA"", ""AAAAAAA"", ""nnnnnn"", ""AAAA"", ""AA"", ""nnnnnnn"", ""nnnnn"", ""AAA""]","[78.96, 14.52, 2.4, 2.4, 1.02, 0.42, 0.13, 0.05, 0.05, 0.03]",0,108,72.0
C:/projects/myproject/QDQM/DS_Input/Internal/사업코드관리.csv,사업코드관리.csv,business_level5_cd,Master,C:/projects/myproject/QDQM/DS_Input/Internal/ORGNIZATION.csv,ORGNIZATION.csv,Master,상위조직코드,"[""nnn""]",[100.0],"[""nnn"", ""AAAAAAA"", ""AAAAA"", ""nnnn"", ""AAAAAA"", ""AAA""]","[80.04, 12.45, 6.2, 1.05, 0.24, 0.03]",0,107,71.33
C:/projects/myproject/QDQM/DS_Input/Internal/사업코드관리.csv,사업코드관리.csv,business_level5_cd,Master,C:/projects/myproject/QDQM/DS_Input/Internal/택배_조직도.csv,택배_조직도.csv,Master,상위조직코드,"[""nnn""]",[100.0],"[""nnn"", ""AAAAAAA"", ""AAAAA"", ""nnnn"", ""AAAAAA"", ""AAA""]","[80.04, 12.45, 6.2, 1.05, 0.24, 0.03]",0,107,71.33
C:/projects/myproject/QDQM/DS_Input/Internal/사업코드관리.csv,사업코드관리.csv,business_level5_cd,Master,C:/projects/myproject/QDQM/DS_Input/Internal/배송점.csv,배송점.csv,Master,상위조직코드,"[""nnn""]",[100.0],"[""nnn"", ""nnnn""]","[98.97, 1.03]",0,102,68.0
C:/projects/myproject/QDQM/DS_Input/Internal/사업코드관리.csv,사업코드관리.csv,business_level5_name,Master,C:/projects/myproject/QDQM/DS_Input/Internal/사업코드관리.csv,사업코드관리.csv,Master,business_level6_name,"[""KKKKKK"", ""KKKKKKK"", ""KKKK"", ""KKKKKKKK"", ""KKKKK"", ""AnAKK"", ""KKKKKKKKKK"", ""KKAAA"", ""KKAAKK"", ""AsAKK""]","[32.66, 15.32, 14.16, 8.67, 6.07, 4.62, 2.02, 2.02, 1.45, 1.16]","[""KKKKKK"", ""KKKK"", ""KKKKKKK"", ""KKKKK"", ""KKKKKKKK"", ""AnAKK"", ""KKKKK(KK)"", ""KKKKKK(KK)"", ""KKAAA"", ""KKnnnnK""]","[24.86, 18.5, 12.43, 9.54, 5.78, 2.89, 2.31, 2.31, 2.31, 2.31]",0,149,100.0
C:/projects/myproject/QDQM/DS_Input/Internal/사업코드관리.csv,사업코드관리.csv,business_level5_name,Master,C:/projects/myproject/QDQM/DS_Input/Internal/사업코드관리.csv,사업코드관리.csv,Master,사업명,"[""KKKKKK"", ""KKKKKKK"", ""KKKK"", ""KKKKKKKK"", ""KKKKK"", ""AnAKK"", ""KKKKKKKKKK"", ""KKAAA"", ""KKAAKK"", ""AsAKK""]","[32.66, 15.32, 14.16, 8.67, 6.07, 4.62, 2.02, 2.02, 1.45, 1.16]","[""KKKKKK"", ""KKKK"", ""KKKKKKK"", ""KKKKK"", ""KKKKKKKK"", ""KKKKKK(KK)"", ""AnAKK"", ""KKnnnnK"", ""KKKKK(KK)"", ""KKAAA""]","[23.41, 18.79, 12.43, 9.54, 5.78, 3.47, 2.89, 2.31, 2.31, 2.31]",0,149,100.0
C:/projects/myproject/QDQM/DS_Input/Internal/사업코드관리.csv,사업코드관리.csv,business_level5_name,Master,C:/projects/myproject/QDQM/DS_Input/Internal/관리회계_사업.csv,관리회계_사업.csv,Master,사업명,"[""KKKKKK"", ""KKKKKKK"", ""KKKK"", ""KKKKKKKK"", ""KKKKK"", ""AnAKK"", ""KKKKKKKKKK"", ""KKAAA"", ""KKAAKK"", ""AsAKK""]","[32.66, 15.32, 14.16, 8.67, 6.07, 4.62, 2.02, 2.02, 1.45, 1.16]","[""KKKKKK"", ""KKKK"", ""KKKKKKK"", ""KKKKK"", ""KKKKKKKK"", ""KKKKKKKK(KK)"", ""KKK"", ""KKKKK(KK)"", ""KKnnnnK"", ""AnAKK""]","[22.09, 17.72, 12.14, 8.5, 4.37, 3.4, 2.91, 2.91, 2.91, 2.43]",0,140,93.96
C:/projects/myproject/QDQM/DS_Input/Internal/사업코드관리.csv,사업코드관리.csv,business_level6_cd,Master,C:/projects/myproject/QDQM/DS_Input/Internal/관리회계_사업.csv,관리회계_사업.csv,Master,사업코드,"[""nnn""]",[100.0],"[""nnn"", ""nnnA""]","[86.89, 13.11]",0,181,100.0
C:/projects/myproject/QDQM/DS_Input/Internal/사업코드관리.csv,사업코드관리.csv,business_level6_cd,Master,C:/projects/myproject/QDQM/DS_Input/Internal/사업코드관리.csv,사업코드관리.csv,Master,사업코드,"[""nnn""]",[100.0],"[""nnn""]",[100.0],0,181,100.0
C:/projects/myproject/QDQM/DS_Input/Internal/사업코드관리.csv,사업코드관리.csv,business_level6_cd,Master,C:/projects/myproject/QDQM/DS_Input/Internal/CUSTOMER.csv,CUSTOMER.csv,Master,집하지대번지,"[""nnn""]",[100.0],"[""nnn"", ""nn"", ""nnnn"", ""n"", ""nnn-n"", ""nnn-nn"", ""KKK"", ""Aaa-nn"", ""."", ""nn-nn""]","[53.98, 15.4, 10.79, 6.38, 4.23, 2.53, 2.05, 0.68, 0.61, 0.61]",0,157,86.74
C:/projects/myproject/QDQM/DS_Input/Internal/사업코드관리.csv,사업코드관리.csv,business_level6_cd,Master,C:/projects/myproject/QDQM/DS_Input/Internal/사업코드관리.csv,사업코드관리.csv,Master,business_level5_cd,"[""nnn""]",[100.0],"[""nnn""]",[100.0],0,150,82.87
C:/projects/myproject/QDQM/DS_Input/Internal/사업코드관리.csv,사업코드관리.csv,business_level6_cd,Master,C:/projects/myproject/QDQM/DS_Input/Internal/ORGNIZATION.csv,ORGNIZATION.csv,Master,조직코드,"[""nnn""]",[100.0],"[""nnnn"", ""nnn"", ""AAAAA"", ""AAAAAAA"", ""nnnnnn"", ""AAAA"", ""AA"", ""nnnnnnn"", ""nnnnn"", ""AAA""]","[78.96, 14.52, 2.4, 2.4, 1.02, 0.42, 0.13, 0.05, 0.05, 0.03]",0,129,71.27
C:/projects/myproject/QDQM/DS_Input/Internal/사업코드관리.csv,사업코드관리.csv,business_level6_cd,Master,C:/projects/myproject/QDQM/DS_Input/Internal/조직터미널마스터.csv,조직터미널마스터.csv,Master,터미널조직코드,"[""nnn""]",[100.0],"[""nnn""]",[100.0],0,129,71.27
C:/projects/myproject/QDQM/DS_Input/Internal/사업코드관리.csv,사업코드관리.csv,business_level6_cd,Master,C:/projects/myproject/QDQM/DS_Input/Internal/택배_조직도.csv,택배_조직도.csv,Master,조직코드,"[""nnn""]",[100.0],"[""nnnn"", ""nnn"", ""AAAAA"", ""AAAAAAA"", ""nnnnnn"", ""AAAA"", ""AA"", ""nnnnnnn"", ""nnnnn"", ""AAA""]","[78.96, 14.52, 2.4, 2.4, 1.02, 0.42, 0.13, 0.05, 0.05, 0.03]",0,129,71.27
C:/projects/myproject/QDQM/DS_Input/Internal/사업코드관리.csv,사업코드관리.csv,business_level6_cd,Master,C:/projects/myproject/QDQM/DS_Input/Internal/ORGNIZATION.csv,ORGNIZATION.csv,Master,상위조직코드,"[""nnn""]",[100.0],"[""nnn"", ""AAAAAAA"", ""AAAAA"", ""nnnn"", ""AAAAAA"", ""AAA""]","[80.04, 12.45, 6.2, 1.05, 0.24, 0.03]",0,128,70.72
C:/projects/myproject/QDQM/DS_Input/Internal/사업코드관리.csv,사업코드관리.csv,business_level6_cd,Master,C:/projects/myproject/QDQM/DS_Input/Internal/택배_조직도.csv,택배_조직도.csv,Master,상위조직코드,"[""nnn""]",[100.0],"[""nnn"", ""AAAAAAA"", ""AAAAA"", ""nnnn"", ""AAAAAA"", ""AAA""]","[80.04, 12.45, 6.2, 1.05, 0.24, 0.03]",0,128,70.72
C:/projects/myproject/QDQM/DS_Input/Internal/사업코드관리.csv,사업코드관리.csv,business_level6_cd,Master,C:/projects/myproject/QDQM/DS_Input/Internal/배송점.csv,배송점.csv,Master,상위조직코드,"[""nnn""]",[100.0],"[""nnn"", ""nnnn""]","[98.97, 1.03]",0,122,67.4
C:/projects/myproject/QDQM/DS_Input/Internal/사업코드관리.csv,사업코드관리.csv,business_level6_name,Master,C:/projects/myproject/QDQM/DS_Input/Internal/사업코드관리.csv,사업코드관리.csv,Master,사업명,"[""KKKKKK"", ""KKKK"", ""KKKKKKK"", ""KKKKK"", ""KKKKKKKK"", ""AnAKK"", ""KKKKK(KK)"", ""KKKKKK(KK)"", ""KKAAA"", ""KKnnnnK""]","[24.86, 18.5, 12.43, 9.54, 5.78, 2.89, 2.31, 2.31, 2.31, 2.31]","[""KKKKKK"", ""KKKK"", ""KKKKKKK"", ""KKKKK"", ""KKKKKKKK"", ""KKKKKK(KK)"", ""AnAKK"", ""KKnnnnK"", ""KKKKK(KK)"", ""KKAAA""]","[23.41, 18.79, 12.43, 9.54, 5.78, 3.47, 2.89, 2.31, 2.31, 2.31]",0,180,100.0
C:/projects/myproject/QDQM/DS_Input/Internal/사업코드관리.csv,사업코드관리.csv,business_level6_name,Master,C:/projects/myproject/QDQM/DS_Input/Internal/관리회계_사업.csv,관리회계_사업.csv,Master,사업명,"[""KKKKKK"", ""KKKK"", ""KKKKKKK"", ""KKKKK"", ""KKKKKKKK"", ""AnAKK"", ""KKKKK(KK)"", ""KKKKKK(KK)"", ""KKAAA"", ""KKnnnnK""]","[24.86, 18.5, 12.43, 9.54, 5.78, 2.89, 2.31, 2.31, 2.31, 2.31]","[""KKKKKK"", ""KKKK"", ""KKKKKKK"", ""KKKKK"", ""KKKKKKKK"", ""KKKKKKKK(KK)"", ""KKK"", ""KKKKK(KK)"", ""KKnnnnK"", ""AnAKK""]","[22.09, 17.72, 12.14, 8.5, 4.37, 3.4, 2.91, 2.91, 2.91, 2.43]",0,164,91.11
C:/projects/myproject/QDQM/DS_Input/Internal/사업코드관리.csv,사업코드관리.csv,business_level6_name,Master,C:/projects/myproject/QDQM/DS_Input/Internal/사업코드관리.csv,사업코드관리.csv,Master,business_level5_name,"[""KKKKKK"", ""KKKK"", ""KKKKKKK"", ""KKKKK"", ""KKKKKKKK"", ""AnAKK"", ""KKKKK(KK)"", ""KKKKKK(KK)"", ""KKAAA"", ""KKnnnnK""]","[24.86, 18.5, 12.43, 9.54, 5.78, 2.89, 2.31, 2.31, 2.31, 2.31]","[""KKKKKK"", ""KKKKKKK"", ""KKKK"", ""KKKKKKKK"", ""KKKKK"", ""AnAKK"", ""KKKKKKKKKK"", ""KKAAA"", ""KKAAKK"", ""AsAKK""]","[32.66, 15.32, 14.16, 8.67, 6.07, 4.62, 2.02, 2.02, 1.45, 1.16]",0,149,82.78
C:/projects/myproject/QDQM/DS_Input/Internal/사업코드관리.csv,사업코드관리.csv,etl_dtm,Master,Rule,Rule,Rule,TIMESTAMP,,0,,0,,346,100.0
C:/projects/myproject/QDQM/DS_Input/Internal/사업코드관리.csv,사업코드관리.csv,last_update_dtm,Master,Rule,Rule,Rule,TIMESTAMP,,0,,0,,346,100.0
C:/projects/myproject/QDQM/DS_Input/Internal/사업코드관리.csv,사업코드관리.csv,사업명,Master,C:/projects/myproject/QDQM/DS_Input/Internal/사업코드관리.csv,사업코드관리.csv,Master,business_level6_name,"[""KKKKKK"", ""KKKK"", ""KKKKKKK"", ""KKKKK"", ""KKKKKKKK"", ""KKKKKK(KK)"", ""AnAKK"", ""KKnnnnK"", ""KKKKK(KK)"", ""KKAAA""]","[23.41, 18.79, 12.43, 9.54, 5.78, 3.47, 2.89, 2.31, 2.31, 2.31]","[""KKKKKK"", ""KKKK"", ""KKKKKKK"", ""KKKKK"", ""KKKKKKKK"", ""AnAKK"", ""KKKKK(KK)"", ""KKKKKK(KK)"", ""KKAAA"", ""KKnnnnK""]","[24.86, 18.5, 12.43, 9.54, 5.78, 2.89, 2.31, 2.31, 2.31, 2.31]",0,180,100.0
C:/projects/myproject/QDQM/DS_Input/Internal/사업코드관리.csv,사업코드관리.csv,사업명,Master,C:/projects/myproject/QDQM/DS_Input/Internal/관리회계_사업.csv,관리회계_사업.csv,Master,사업명,"[""KKKKKK"", ""KKKK"", ""KKKKKKK"", ""KKKKK"", ""KKKKKKKK"", ""KKKKKK(KK)"", ""AnAKK"", ""KKnnnnK"", ""KKKKK(KK)"", ""KKAAA""]","[23.41, 18.79, 12.43, 9.54, 5.78, 3.47, 2.89, 2.31, 2.31, 2.31]","[""KKKKKK"", ""KKKK"", ""KKKKKKK"", ""KKKKK"", ""KKKKKKKK"", ""KKKKKKKK(KK)"", ""KKK"", ""KKKKK(KK)"", ""KKnnnnK"", ""AnAKK""]","[22.09, 17.72, 12.14, 8.5, 4.37, 3.4, 2.91, 2.91, 2.91, 2.43]",0,164,91.11
C:/projects/myproject/QDQM/DS_Input/Internal/사업코드관리.csv,사업코드관리.csv,사업명,Master,C:/projects/myproject/QDQM/DS_Input/Internal/사업코드관리.csv,사업코드관리.csv,Master,business_level5_name,"[""KKKKKK"", ""KKKK"", ""KKKKKKK"", ""KKKKK"", ""KKKKKKKK"", ""KKKKKK(KK)"", ""AnAKK"", ""KKnnnnK"", ""KKKKK(KK)"", ""KKAAA""]","[23.41, 18.79, 12.43, 9.54, 5.78, 3.47, 2.89, 2.31, 2.31, 2.31]","[""KKKKKK"", ""KKKKKKK"", ""KKKK"", ""KKKKKKKK"", ""KKKKK"", ""AnAKK"", ""KKKKKKKKKK"", ""KKAAA"", ""KKAAKK"", ""AsAKK""]","[32.66, 15.32, 14.16, 8.67, 6.07, 4.62, 2.02, 2.02, 1.45, 1.16]",0,149,82.78
C:/projects/myproject/QDQM/DS_Input/Internal/사업코드관리.csv,사업코드관리.csv,사업코드,Master,C:/projects/myproject/QDQM/DS_Input/Internal/관리회계_사업.csv,관리회계_사업.csv,Master,사업코드,"[""nnn""]",[100.0],"[""nnn"", ""nnnA""]","[86.89, 13.11]",0,181,100.0
C:/projects/myproject/QDQM/DS_Input/Internal/사업코드관리.csv,사업코드관리.csv,사업코드,Master,C:/projects/myproject/QDQM/DS_Input/Internal/사업코드관리.csv,사업코드관리.csv,Master,business_level6_cd,"[""nnn""]",[100.0],"[""nnn""]",[100.0],0,181,100.0
C:/projects/myproject/QDQM/DS_Input/Internal/사업코드관리.csv,사업코드관리.csv,사업코드,Master,C:/projects/myproject/QDQM/DS_Input/Internal/CUSTOMER.csv,CUSTOMER.csv,Master,집하지대번지,"[""nnn""]",[100.0],"[""nnn"", ""nn"", ""nnnn"", ""n"", ""nnn-n"", ""nnn-nn"", ""KKK"", ""Aaa-nn"", ""."", ""nn-nn""]","[53.98, 15.4, 10.79, 6.38, 4.23, 2.53, 2.05, 0.68, 0.61, 0.61]",0,157,86.74
C:/projects/myproject/QDQM/DS_Input/Internal/사업코드관리.csv,사업코드관리.csv,사업코드,Master,C:/projects/myproject/QDQM/DS_Input/Internal/사업코드관리.csv,사업코드관리.csv,Master,business_level5_cd,"[""nnn""]",[100.0],"[""nnn""]",[100.0],0,150,82.87
C:/projects/myproject/QDQM/DS_Input/Internal/사업코드관리.csv,사업코드관리.csv,사업코드,Master,C:/projects/myproject/QDQM/DS_Input/Internal/ORGNIZATION.csv,ORGNIZATION.csv,Master,조직코드,"[""nnn""]",[100.0],"[""nnnn"", ""nnn"", ""AAAAA"", ""AAAAAAA"", ""nnnnnn"", ""AAAA"", ""AA"", ""nnnnnnn"", ""nnnnn"", ""AAA""]","[78.96, 14.52, 2.4, 2.4, 1.02, 0.42, 0.13, 0.05, 0.05, 0.03]",0,129,71.27
C:/projects/myproject/QDQM/DS_Input/Internal/사업코드관리.csv,사업코드관리.csv,사업코드,Master,C:/projects/myproject/QDQM/DS_Input/Internal/조직터미널마스터.csv,조직터미널마스터.csv,Master,터미널조직코드,"[""nnn""]",[100.0],"[""nnn""]",[100.0],0,129,71.27
C:/projects/myproject/QDQM/DS_Input/Internal/사업코드관리.csv,사업코드관리.csv,사업코드,Master,C:/projects/myproject/QDQM/DS_Input/Internal/택배_조직도.csv,택배_조직도.csv,Master,조직코드,"[""nnn""]",[100.0],"[""nnnn"", ""nnn"", ""AAAAA"", ""AAAAAAA"", ""nnnnnn"", ""AAAA"", ""AA"", ""nnnnnnn"", ""nnnnn"", ""AAA""]","[78.96, 14.52, 2.4, 2.4, 1.02, 0.42, 0.13, 0.05, 0.05, 0.03]",0,129,71.27
C:/projects/myproject/QDQM/DS_Input/Internal/사업코드관리.csv,사업코드관리.csv,사업코드,Master,C:/projects/myproject/QDQM/DS_Input/Internal/ORGNIZATION.csv,ORGNIZATION.csv,Master,상위조직코드,"[""nnn""]",[100.0],"[""nnn"", ""AAAAAAA"", ""AAAAA"", ""nnnn"", ""AAAAAA"", ""AAA""]","[80.04, 12.45, 6.2, 1.05, 0.24, 0.03]",0,128,70.72
C:/projects/myproject/QDQM/DS_Input/Internal/사업코드관리.csv,사업코드관리.csv,사업코드,Master,C:/projects/myproject/QDQM/DS_Input/Internal/택배_조직도.csv,택배_조직도.csv,Master,상위조직코드,"[""nnn""]",[100.0],"[""nnn"", ""AAAAAAA"", ""AAAAA"", ""nnnn"", ""AAAAAA"", ""AAA""]","[80.04, 12.45, 6.2, 1.05, 0.24, 0.03]",0,128,70.72
C:/projects/myproject/QDQM/DS_Input/Internal/사업코드관리.csv,사업코드관리.csv,사업코드,Master,C:/projects/myproject/QDQM/DS_Input/Internal/배송점.csv,배송점.csv,Master,상위조직코드,"[""nnn""]",[100.0],"[""nnn"", ""nnnn""]","[98.97, 1.03]",0,122,67.4
C:/projects/myproject/QDQM/DS_Input/Internal/사업코드관리.csv,사업코드관리.csv,소사업명,Master,C:/projects/myproject/QDQM/DS_Input/Internal/사업코드관리.csv,사업코드관리.csv,Master,business_level5_name,"[""KKKKKK"", ""KKKKKKK"", ""KKKK"", ""AsAKKKK"", ""AnAKK"", ""KKKKKKKK"", ""KKKKK"", ""KKKKKKKKK"", ""KKnAAKK"", ""KKKnAAKK""]","[23.7, 16.47, 15.9, 12.43, 6.94, 5.2, 4.91, 4.05, 2.89, 1.73]","[""KKKKKK"", ""KKKKKKK"", ""KKKK"", ""KKKKKKKK"", ""KKKKK"", ""AnAKK"", ""KKKKKKKKKK"", ""KKAAA"", ""KKAAKK"", ""AsAKK""]","[32.66, 15.32, 14.16, 8.67, 6.07, 4.62, 2.02, 2.02, 1.45, 1.16]",0,65,100.0
C:/projects/myproject/QDQM/DS_Input/Internal/사업코드관리.csv,사업코드관리.csv,소사업명,Master,C:/projects/myproject/QDQM/DS_Input/Internal/사업코드관리.csv,사업코드관리.csv,Master,business_level6_name,"[""KKKKKK"", ""KKKKKKK"", ""KKKK"", ""AsAKKKK"", ""AnAKK"", ""KKKKKKKK"", ""KKKKK"", ""KKKKKKKKK"", ""KKnAAKK"", ""KKKnAAKK""]","[23.7, 16.47, 15.9, 12.43, 6.94, 5.2, 4.91, 4.05, 2.89, 1.73]","[""KKKKKK"", ""KKKK"", ""KKKKKKK"", ""KKKKK"", ""KKKKKKKK"", ""AnAKK"", ""KKKKK(KK)"", ""KKKKKK(KK)"", ""KKAAA"", ""KKnnnnK""]","[24.86, 18.5, 12.43, 9.54, 5.78, 2.89, 2.31, 2.31, 2.31, 2.31]",0,65,100.0
C:/projects/myproject/QDQM/DS_Input/Internal/사업코드관리.csv,사업코드관리.csv,소사업명,Master,C:/projects/myproject/QDQM/DS_Input/Internal/사업코드관리.csv,사업코드관리.csv,Master,사업명,"[""KKKKKK"", ""KKKKKKK"", ""KKKK"", ""AsAKKKK"", ""AnAKK"", ""KKKKKKKK"", ""KKKKK"", ""KKKKKKKKK"", ""KKnAAKK"", ""KKKnAAKK""]","[23.7, 16.47, 15.9, 12.43, 6.94, 5.2, 4.91, 4.05, 2.89, 1.73]","[""KKKKKK"", ""KKKK"", ""KKKKKKK"", ""KKKKK"", ""KKKKKKKK"", ""KKKKKK(KK)"", ""AnAKK"", ""KKnnnnK"", ""KKKKK(KK)"", ""KKAAA""]","[23.41, 18.79, 12.43, 9.54, 5.78, 3.47, 2.89, 2.31, 2.31, 2.31]",0,65,100.0
C:/projects/myproject/QDQM/DS_Input/Internal/사업코드관리.csv,사업코드관리.csv,소사업명,Master,C:/projects/myproject/QDQM/DS_Input/Internal/관리회계_사업.csv,관리회계_사업.csv,Master,사업명,"[""KKKKKK"", ""KKKKKKK"", ""KKKK"", ""AsAKKKK"", ""AnAKK"", ""KKKKKKKK"", ""KKKKK"", ""KKKKKKKKK"", ""KKnAAKK"", ""KKKnAAKK""]","[23.7, 16.47, 15.9, 12.43, 6.94, 5.2, 4.91, 4.05, 2.89, 1.73]","[""KKKKKK"", ""KKKK"", ""KKKKKKK"", ""KKKKK"", ""KKKKKKKK"", ""KKKKKKKK(KK)"", ""KKK"", ""KKKKK(KK)"", ""KKnnnnK"", ""AnAKK""]","[22.09, 17.72, 12.14, 8.5, 4.37, 3.4, 2.91, 2.91, 2.91, 2.43]",0,61,93.85
C:/projects/myproject/QDQM/DS_Input/Internal/사업코드관리.csv,사업코드관리.csv,소사업코드,Master,C:/projects/myproject/QDQM/DS_Input/Internal/관리회계_사업.csv,관리회계_사업.csv,Master,사업코드,"[""nnn""]",[100.0],"[""nnn"", ""nnnA""]","[86.89, 13.11]",0,65,100.0
C:/projects/myproject/QDQM/DS_Input/Internal/사업코드관리.csv,사업코드관리.csv,소사업코드,Master,C:/projects/myproject/QDQM/DS_Input/Internal/관리회계_사업.csv,관리회계_사업.csv,Master,상위사업코드,"[""nnn""]",[100.0],"[""nnn""]",[100.0],0,65,100.0
C:/projects/myproject/QDQM/DS_Input/Internal/사업코드관리.csv,사업코드관리.csv,소사업코드,Master,C:/projects/myproject/QDQM/DS_Input/Internal/사업코드관리.csv,사업코드관리.csv,Master,business_level5_cd,"[""nnn""]",[100.0],"[""nnn""]",[100.0],0,65,100.0
C:/projects/myproject/QDQM/DS_Input/Internal/사업코드관리.csv,사업코드관리.csv,소사업코드,Master,C:/projects/myproject/QDQM/DS_Input/Internal/사업코드관리.csv,사업코드관리.csv,Master,business_level6_cd,"[""nnn""]",[100.0],"[""nnn""]",[100.0],0,65,100.0
C:/projects/myproject/QDQM/DS_Input/Internal/사업코드관리.csv,사업코드관리.csv,소사업코드,Master,C:/projects/myproject/QDQM/DS_Input/Internal/사업코드관리.csv,사업코드관리.csv,Master,사업코드,"[""nnn""]",[100.0],"[""nnn""]",[100.0],0,65,100.0
C:/projects/myproject/QDQM/DS_Input/Internal/사업코드관리.csv,사업코드관리.csv,소사업코드,Master,C:/projects/myproject/QDQM/DS_Input/Internal/ORGNIZATION.csv,ORGNIZATION.csv,Master,상위조직코드,"[""nnn""]",[100.0],"[""nnn"", ""AAAAAAA"", ""AAAAA"", ""nnnn"", ""AAAAAA"", ""AAA""]","[80.04, 12.45, 6.2, 1.05, 0.24, 0.03]",0,58,89.23
C:/projects/myproject/QDQM/DS_Input/Internal/사업코드관리.csv,사업코드관리.csv,소사업코드,Master,C:/projects/myproject/QDQM/DS_Input/Internal/ORGNIZATION.csv,ORGNIZATION.csv,Master,조직코드,"[""nnn""]",[100.0],"[""nnnn"", ""nnn"", ""AAAAA"", ""AAAAAAA"", ""nnnnnn"", ""AAAA"", ""AA"", ""nnnnnnn"", ""nnnnn"", ""AAA""]","[78.96, 14.52, 2.4, 2.4, 1.02, 0.42, 0.13, 0.05, 0.05, 0.03]",0,58,89.23
C:/projects/myproject/QDQM/DS_Input/Internal/사업코드관리.csv,사업코드관리.csv,소사업코드,Master,C:/projects/myproject/QDQM/DS_Input/Internal/조직터미널마스터.csv,조직터미널마스터.csv,Master,터미널조직코드,"[""nnn""]",[100.0],"[""nnn""]",[100.0],0,58,89.23
C:/projects/myproject/QDQM/DS_Input/Internal/사업코드관리.csv,사업코드관리.csv,소사업코드,Master,C:/projects/myproject/QDQM/DS_Input/Internal/택배_조직도.csv,택배_조직도.csv,Master,상위조직코드,"[""nnn""]",[100.0],"[""nnn"", ""AAAAAAA"", ""AAAAA"", ""nnnn"", ""AAAAAA"", ""AAA""]","[80.04, 12.45, 6.2, 1.05, 0.24, 0.03]",0,58,89.23
C:/projects/myproject/QDQM/DS_Input/Internal/사업코드관리.csv,사업코드관리.csv,소사업코드,Master,C:/projects/myproject/QDQM/DS_Input/Internal/택배_조직도.csv,택배_조직도.csv,Master,조직코드,"[""nnn""]",[100.0],"[""nnnn"", ""nnn"", ""AAAAA"", ""AAAAAAA"", ""nnnnnn"", ""AAAA"", ""AA"", ""nnnnnnn"", ""nnnnn"", ""AAA""]","[78.96, 14.52, 2.4, 2.4, 1.02, 0.42, 0.13, 0.05, 0.05, 0.03]",0,58,89.23
C:/projects/myproject/QDQM/DS_Input/Internal/사업코드관리.csv,사업코드관리.csv,소사업코드,Master,C:/projects/myproject/QDQM/DS_Input/Internal/배송점.csv,배송점.csv,Master,상위조직코드,"[""nnn""]",[100.0],"[""nnn"", ""nnnn""]","[98.97, 1.03]",0,57,87.69
C:/projects/myproject/QDQM/DS_Input/Internal/사업코드관리.csv,사업코드관리.csv,소사업코드,Master,C:/projects/myproject/QDQM/DS_Input/Internal/CUSTOMER.csv,CUSTOMER.csv,Master,집하지대번지,"[""nnn""]",[100.0],"[""nnn"", ""nn"", ""nnnn"", ""n"", ""nnn-n"", ""nnn-nn"", ""KKK"", ""Aaa-nn"", ""."", ""nn-nn""]","[53.98, 15.4, 10.79, 6.38, 4.23, 2.53, 2.05, 0.68, 0.61, 0.61]",0,52,80.0
C:/projects/myproject/QDQM/DS_Input/Internal/사업코드관리.csv,사업코드관리.csv,정렬순서,Master,C:/projects/myproject/QDQM/DS_Input/Internal/관리회계_사업.csv,관리회계_사업.csv,Master,정렬순서,"[""nnnn"", ""nnn"", ""nn""]","[71.39, 26.01, 2.6]","[""nnnn"", ""nnn"", ""nn""]","[75.97, 21.84, 2.18]",0,346,100.0
C:/projects/myproject/QDQM/DS_Input/Internal/사업코드관리.csv,사업코드관리.csv,정렬순서,Master,C:/projects/myproject/QDQM/DS_Input/Internal/관리회계_조직그룹상세.csv,관리회계_조직그룹상세.csv,Master,정렬순서,"[""nnnn"", ""nnn"", ""nn""]","[71.39, 26.01, 2.6]","[""nnnn"", ""nnn"", ""nn""]","[71.63, 25.79, 2.58]",0,346,100.0
C:/projects/myproject/QDQM/DS_Input/Internal/사업코드관리.csv,사업코드관리.csv,정렬순서,Master,C:/projects/myproject/QDQM/DS_Input/Internal/관리회계계정.csv,관리회계계정.csv,Master,정렬순서,"[""nnnn"", ""nnn"", ""nn""]","[71.39, 26.01, 2.6]","[""nnnn"", ""nnn"", ""nn""]","[75.85, 21.95, 2.2]",0,346,100.0
C:/projects/myproject/QDQM/DS_Input/Internal/사업코드관리.csv,사업코드관리.csv,정렬순서,Master,C:/projects/myproject/QDQM/DS_Input/Internal/계정코드관리.csv,계정코드관리.csv,Master,정렬순서,"[""nnnn"", ""nnn"", ""nn""]","[71.39, 26.01, 2.6]","[""nnnn"", ""nnn"", ""nn""]","[69.7, 27.58, 2.73]",0,328,94.8
C:/projects/myproject/QDQM/DS_Input/Internal/사업코드관리.csv,사업코드관리.csv,정렬순서,Master,C:/projects/myproject/QDQM/DS_Input/Internal/ORGNIZATION.csv,ORGNIZATION.csv,Master,조직코드,"[""nnnn"", ""nnn"", ""nn""]","[71.39, 26.01, 2.6]","[""nnnn"", ""nnn"", ""AAAAA"", ""AAAAAAA"", ""nnnnnn"", ""AAAA"", ""AA"", ""nnnnnnn"", ""nnnnn"", ""AAA""]","[78.96, 14.52, 2.4, 2.4, 1.02, 0.42, 0.13, 0.05, 0.05, 0.03]",0,276,79.77
C:/projects/myproject/QDQM/DS_Input/Internal/사업코드관리.csv,사업코드관리.csv,정렬순서,Master,C:/projects/myproject/QDQM/DS_Input/Internal/택배_조직도.csv,택배_조직도.csv,Master,조직코드,"[""nnnn"", ""nnn"", ""nn""]","[71.39, 26.01, 2.6]","[""nnnn"", ""nnn"", ""AAAAA"", ""AAAAAAA"", ""nnnnnn"", ""AAAA"", ""AA"", ""nnnnnnn"", ""nnnnn"", ""AAA""]","[78.96, 14.52, 2.4, 2.4, 1.02, 0.42, 0.13, 0.05, 0.05, 0.03]",0,276,79.77
C:/projects/myproject/QDQM/DS_Input/Internal/사업코드관리.csv,사업코드관리.csv,정렬순서,Master,C:/projects/myproject/QDQM/DS_Input/Test/Z검증용데이터.csv,Z검증용데이터.csv,Test,단가,"[""nnnn"", ""nnn"", ""nn""]","[71.39, 26.01, 2.6]","[""nnnn"", ""nnn"", ""n"", ""nn""]","[90.71, 8.97, 0.26, 0.05]",0,222,64.16
C:/projects/myproject/QDQM/DS_Input/Internal/사업코드관리.csv,사업코드관리.csv,중사업명,Master,C:/projects/myproject/QDQM/DS_Input/Internal/사업코드관리.csv,사업코드관리.csv,Master,business_level5_name,"[""KKKK"", ""AsAKK"", ""KKKKKK"", ""KKKKK"", ""KKKKKKK""]","[47.98, 21.1, 16.76, 13.01, 1.16]","[""KKKKKK"", ""KKKKKKK"", ""KKKK"", ""KKKKKKKK"", ""KKKKK"", ""AnAKK"", ""KKKKKKKKKK"", ""KKAAA"", ""KKAAKK"", ""AsAKK""]","[32.66, 15.32, 14.16, 8.67, 6.07, 4.62, 2.02, 2.02, 1.45, 1.16]",0,22,100.0
C:/projects/myproject/QDQM/DS_Input/Internal/사업코드관리.csv,사업코드관리.csv,중사업명,Master,C:/projects/myproject/QDQM/DS_Input/Internal/사업코드관리.csv,사업코드관리.csv,Master,business_level6_name,"[""KKKK"", ""AsAKK"", ""KKKKKK"", ""KKKKK"", ""KKKKKKK""]","[47.98, 21.1, 16.76, 13.01, 1.16]","[""KKKKKK"", ""KKKK"", ""KKKKKKK"", ""KKKKK"", ""KKKKKKKK"", ""AnAKK"", ""KKKKK(KK)"", ""KKKKKK(KK)"", ""KKAAA"", ""KKnnnnK""]","[24.86, 18.5, 12.43, 9.54, 5.78, 2.89, 2.31, 2.31, 2.31, 2.31]",0,22,100.0
C:/projects/myproject/QDQM/DS_Input/Internal/사업코드관리.csv,사업코드관리.csv,중사업명,Master,C:/projects/myproject/QDQM/DS_Input/Internal/사업코드관리.csv,사업코드관리.csv,Master,사업명,"[""KKKK"", ""AsAKK"", ""KKKKKK"", ""KKKKK"", ""KKKKKKK""]","[47.98, 21.1, 16.76, 13.01, 1.16]","[""KKKKKK"", ""KKKK"", ""KKKKKKK"", ""KKKKK"", ""KKKKKKKK"", ""KKKKKK(KK)"", ""AnAKK"", ""KKnnnnK"", ""KKKKK(KK)"", ""KKAAA""]","[23.41, 18.79, 12.43, 9.54, 5.78, 3.47, 2.89, 2.31, 2.31, 2.31]",0,22,100.0
C:/projects/myproject/QDQM/DS_Input/Internal/사업코드관리.csv,사업코드관리.csv,중사업명,Master,C:/projects/myproject/QDQM/DS_Input/Internal/사업코드관리.csv,사업코드관리.csv,Master,소사업명,"[""KKKK"", ""AsAKK"", ""KKKKKK"", ""KKKKK"", ""KKKKKKK""]","[47.98, 21.1, 16.76, 13.01, 1.16]","[""KKKKKK"", ""KKKKKKK"", ""KKKK"", ""AsAKKKK"", ""AnAKK"", ""KKKKKKKK"", ""KKKKK"", ""KKKKKKKKK"", ""KKnAAKK"", ""KKKnAAKK""]","[23.7, 16.47, 15.9, 12.43, 6.94, 5.2, 4.91, 4.05, 2.89, 1.73]",0,22,100.0
C:/projects/myproject/QDQM/DS_Input/Internal/사업코드관리.csv,사업코드관리.csv,중사업명,Master,C:/projects/myproject/QDQM/DS_Input/Internal/관리회계_사업.csv,관리회계_사업.csv,Master,사업명,"[""KKKK"", ""AsAKK"", ""KKKKKK"", ""KKKKK"", ""KKKKKKK""]","[47.98, 21.1, 16.76, 13.01, 1.16]","[""KKKKKK"", ""KKKK"", ""KKKKKKK"", ""KKKKK"", ""KKKKKKKK"", ""KKKKKKKK(KK)"", ""KKK"", ""KKKKK(KK)"", ""KKnnnnK"", ""AnAKK""]","[22.09, 17.72, 12.14, 8.5, 4.37, 3.4, 2.91, 2.91, 2.91, 2.43]",0,20,90.91
C:/projects/myproject/QDQM/DS_Input/Internal/사업코드관리.csv,사업코드관리.csv,중사업코드,Master,C:/projects/myproject/QDQM/DS_Input/Internal/관리회계_사업.csv,관리회계_사업.csv,Master,사업코드,"[""nnn""]",[100.0],"[""nnn"", ""nnnA""]","[86.89, 13.11]",0,22,100.0
C:/projects/myproject/QDQM/DS_Input/Internal/사업코드관리.csv,사업코드관리.csv,중사업코드,Master,C:/projects/myproject/QDQM/DS_Input/Internal/관리회계_사업.csv,관리회계_사업.csv,Master,상위사업코드,"[""nnn""]",[100.0],"[""nnn""]",[100.0],0,22,100.0
C:/projects/myproject/QDQM/DS_Input/Internal/사업코드관리.csv,사업코드관리.csv,중사업코드,Master,C:/projects/myproject/QDQM/DS_Input/Internal/사업코드관리.csv,사업코드관리.csv,Master,business_level5_cd,"[""nnn""]",[100.0],"[""nnn""]",[100.0],0,22,100.0
C:/projects/myproject/QDQM/DS_Input/Internal/사업코드관리.csv,사업코드관리.csv,중사업코드,Master,C:/projects/myproject/QDQM/DS_Input/Internal/사업코드관리.csv,사업코드관리.csv,Master,business_level6_cd,"[""nnn""]",[100.0],"[""nnn""]",[100.0],0,22,100.0
C:/projects/myproject/QDQM/DS_Input/Internal/사업코드관리.csv,사업코드관리.csv,중사업코드,Master,C:/projects/myproject/QDQM/DS_Input/Internal/사업코드관리.csv,사업코드관리.csv,Master,사업코드,"[""nnn""]",[100.0],"[""nnn""]",[100.0],0,22,100.0
C:/projects/myproject/QDQM/DS_Input/Internal/사업코드관리.csv,사업코드관리.csv,중사업코드,Master,C:/projects/myproject/QDQM/DS_Input/Internal/사업코드관리.csv,사업코드관리.csv,Master,소사업코드,"[""nnn""]",[100.0],"[""nnn""]",[100.0],0,22,100.0
C:/projects/myproject/QDQM/DS_Input/Internal/사업코드관리.csv,사업코드관리.csv,중사업코드,Master,C:/projects/myproject/QDQM/DS_Input/Internal/ORGNIZATION.csv,ORGNIZATION.csv,Master,상위조직코드,"[""nnn""]",[100.0],"[""nnn"", ""AAAAAAA"", ""AAAAA"", ""nnnn"", ""AAAAAA"", ""AAA""]","[80.04, 12.45, 6.2, 1.05, 0.24, 0.03]",0,19,86.36
C:/projects/myproject/QDQM/DS_Input/Internal/사업코드관리.csv,사업코드관리.csv,중사업코드,Master,C:/projects/myproject/QDQM/DS_Input/Internal/ORGNIZATION.csv,ORGNIZATION.csv,Master,조직코드,"[""nnn""]",[100.0],"[""nnnn"", ""nnn"", ""AAAAA"", ""AAAAAAA"", ""nnnnnn"", ""AAAA"", ""AA"", ""nnnnnnn"", ""nnnnn"", ""AAA""]","[78.96, 14.52, 2.4, 2.4, 1.02, 0.42, 0.13, 0.05, 0.05, 0.03]",0,19,86.36
C:/projects/myproject/QDQM/DS_Input/Internal/사업코드관리.csv,사업코드관리.csv,중사업코드,Master,C:/projects/myproject/QDQM/DS_Input/Internal/배송점.csv,배송점.csv,Master,상위조직코드,"[""nnn""]",[100.0],"[""nnn"", ""nnnn""]","[98.97, 1.03]",0,19,86.36
C:/projects/myproject/QDQM/DS_Input/Internal/사업코드관리.csv,사업코드관리.csv,중사업코드,Master,C:/projects/myproject/QDQM/DS_Input/Internal/조직터미널마스터.csv,조직터미널마스터.csv,Master,터미널조직코드,"[""nnn""]",[100.0],"[""nnn""]",[100.0],0,19,86.36
C:/projects/myproject/QDQM/DS_Input/Internal/사업코드관리.csv,사업코드관리.csv,중사업코드,Master,C:/projects/myproject/QDQM/DS_Input/Internal/택배_조직도.csv,택배_조직도.csv,Master,상위조직코드,"[""nnn""]",[100.0],"[""nnn"", ""AAAAAAA"", ""AAAAA"", ""nnnn"", ""AAAAAA"", ""AAA""]","[80.04, 12.45, 6.2, 1.05, 0.24, 0.03]",0,19,86.36
C:/projects/myproject/QDQM/DS_Input/Internal/사업코드관리.csv,사업코드관리.csv,중사업코드,Master,C:/projects/myproject/QDQM/DS_Input/Internal/택배_조직도.csv,택배_조직도.csv,Master,조직코드,"[""nnn""]",[100.0],"[""nnnn"", ""nnn"", ""AAAAA"", ""AAAAAAA"", ""nnnnnn"", ""AAAA"", ""AA"", ""nnnnnnn"", ""nnnnn"", ""AAA""]","[78.96, 14.52, 2.4, 2.4, 1.02, 0.42, 0.13, 0.05, 0.05, 0.03]",0,19,86.36
C:/projects/myproject/QDQM/DS_Input/Internal/사업코드관리.csv,사업코드관리.csv,중사업코드,Master,C:/projects/myproject/QDQM/DS_Input/Internal/CUSTOMER.csv,CUSTOMER.csv,Master,집하지대번지,"[""nnn""]",[100.0],"[""nnn"", ""nn"", ""nnnn"", ""n"", ""nnn-n"", ""nnn-nn"", ""KKK"", ""Aaa-nn"", ""."", ""nn-nn""]","[53.98, 15.4, 10.79, 6.38, 4.23, 2.53, 2.05, 0.68, 0.61, 0.61]",0,16,72.73
C:/projects/myproject/QDQM/DS_Input/Internal/사업코드관리.csv,사업코드관리.csv,최초생성일시,Master,Rule,Rule,Rule,TIMESTAMP,,0,,0,,346,100.0
C:/projects/myproject/QDQM/DS_Input/Internal/사용자.csv,사용자.csv,EMAIL,Master,Rule,Rule,Rule,EMAIL,,0,,0,,3900,98.93000030517578
C:/projects/myproject/QDQM/DS_Input/Internal/사용자.csv,사용자.csv,ETL일시,Master,Rule,Rule,Rule,TIME,,0,,0,,7287,100.0
C:/projects/myproject/QDQM/DS_Input/Internal/사용자.csv,사용자.csv,HR시스템소속변경일자,Master,Rule,Rule,Rule,DATECHAR,,0,,0,,1063,100.0
C:/projects/myproject/QDQM/DS_Input/Internal/사용자.csv,사용자.csv,HR시스템소속변경일자,Master,C:/projects/myproject/QDQM/DS_Input/Internal/사원마스터.csv,사원마스터.csv,Master,근무시작일자,"[""nnnnnnnn""]",[100.0],"[""nnnnnnnn"", ""nnnnnn"", ""nnnn""]","[99.93, 0.04, 0.03]",0,160,87.91
C:/projects/myproject/QDQM/DS_Input/Internal/사용자.csv,사용자.csv,HR시스템소속변경일자,Master,C:/projects/myproject/QDQM/DS_Input/Internal/사원기본.csv,사원기본.csv,Master,시근일자,"[""nnnnnnnn""]",[100.0],"[""nnnnnnnn"", ""nnnnnn"", ""nnnn""]","[99.91, 0.08, 0.01]",0,156,85.71
C:/projects/myproject/QDQM/DS_Input/Internal/사용자.csv,사용자.csv,HR시스템소속변경일자,Master,C:/projects/myproject/QDQM/DS_Input/Internal/CUSTOMER.csv,CUSTOMER.csv,Master,판매일,"[""nnnnnnnn""]",[100.0],"[""nnnnnnnn""]",[100.0],0,137,75.27
C:/projects/myproject/QDQM/DS_Input/Internal/사용자.csv,사용자.csv,HR시스템소속변경일자,Master,C:/projects/myproject/QDQM/DS_Input/Internal/CONTRACT.csv,CONTRACT.csv,Master,CONTRACT_DATE,"[""nnnnnnnn""]",[100.0],"[""nnnnnnnn""]",[100.0],0,126,69.23
C:/projects/myproject/QDQM/DS_Input/Internal/사용자.csv,사용자.csv,HR시스템소속변경일자,Master,C:/projects/myproject/QDQM/DS_Input/Internal/사원기본.csv,사원기본.csv,Master,사직일자,"[""nnnnnnnn""]",[100.0],"[""nnnnnnnn""]",[100.0],0,124,68.13
C:/projects/myproject/QDQM/DS_Input/Internal/사용자.csv,사용자.csv,HR시스템소속변경일자,Master,C:/projects/myproject/QDQM/DS_Input/Internal/기업고객.csv,기업고객.csv,Master,판매일,"[""nnnnnnnn""]",[100.0],"[""nnnnnnnn""]",[100.0],0,115,63.19
C:/projects/myproject/QDQM/DS_Input/Internal/사용자.csv,사용자.csv,등록일자,Master,Rule,Rule,Rule,DATECHAR,,0,,0,,7287,100.0
C:/projects/myproject/QDQM/DS_Input/Internal/사용자.csv,사용자.csv,등록일자,Master,C:/projects/myproject/QDQM/DS_Input/Internal/사원마스터.csv,사원마스터.csv,Master,근무시작일자,"[""nnnnnnnn""]",[100.0],"[""nnnnnnnn"", ""nnnnnn"", ""nnnn""]","[99.93, 0.04, 0.03]",0,704,66.1
C:/projects/myproject/QDQM/DS_Input/Internal/사용자.csv,사용자.csv,등록일자,Master,C:/projects/myproject/QDQM/DS_Input/Internal/사원기본.csv,사원기본.csv,Master,시근일자,"[""nnnnnnnn""]",[100.0],"[""nnnnnnnn"", ""nnnnnn"", ""nnnn""]","[99.91, 0.08, 0.01]",0,681,63.94
C:/projects/myproject/QDQM/DS_Input/Internal/사용자.csv,사용자.csv,등록일자,Master,C:/projects/myproject/QDQM/DS_Input/Internal/CUSTOMER.csv,CUSTOMER.csv,Master,판매일,"[""nnnnnnnn""]",[100.0],"[""nnnnnnnn""]",[100.0],0,645,60.56
C:/projects/myproject/QDQM/DS_Input/Internal/사용자.csv,사용자.csv,등록일자,Master,C:/projects/myproject/QDQM/DS_Input/Test/Z사용자.csv,Z사용자.csv,Test,등록일자,"[""nnnnnnnn""]",[100.0],"[""nnnnnnnn""]",[100.0],0,642,60.28
C:/projects/myproject/QDQM/DS_Input/Internal/사용자.csv,사용자.csv,비매출세금계산서발급제한일,Master,Rule,Rule,Rule,DATECHAR,,0,,0,,234,100.0
C:/projects/myproject/QDQM/DS_Input/Internal/사용자.csv,사용자.csv,비매출세금계산서발급제한일,Master,C:/projects/myproject/QDQM/DS_Input/Internal/사원마스터.csv,사원마스터.csv,Master,근무시작일자,"[""nnnnnnnn""]",[100.0],"[""nnnnnnnn"", ""nnnnnn"", ""nnnn""]","[99.93, 0.04, 0.03]",0,126,69.61
C:/projects/myproject/QDQM/DS_Input/Internal/사용자.csv,사용자.csv,비매출세금계산서발급제한일,Master,C:/projects/myproject/QDQM/DS_Input/Internal/사원기본.csv,사원기본.csv,Master,시근일자,"[""nnnnnnnn""]",[100.0],"[""nnnnnnnn"", ""nnnnnn"", ""nnnn""]","[99.91, 0.08, 0.01]",0,125,69.06
C:/projects/myproject/QDQM/DS_Input/Internal/사용자.csv,사용자.csv,비매출세금계산서발급제한일,Master,C:/projects/myproject/QDQM/DS_Input/Internal/CONTRACT.csv,CONTRACT.csv,Master,CONTRACT_DATE,"[""nnnnnnnn""]",[100.0],"[""nnnnnnnn""]",[100.0],0,111,61.33
C:/projects/myproject/QDQM/DS_Input/Internal/사용자.csv,사용자.csv,비밀번호변경일,Master,Rule,Rule,Rule,DATECHAR,,0,,0,,1823,100.0
C:/projects/myproject/QDQM/DS_Input/Internal/사용자.csv,사용자.csv,비밀번호변경일,Master,C:/projects/myproject/QDQM/DS_Input/Internal/사원마스터.csv,사원마스터.csv,Master,근무시작일자,"[""nnnnnnnn""]",[100.0],"[""nnnnnnnn"", ""nnnnnn"", ""nnnn""]","[99.93, 0.04, 0.03]",0,806,75.26
C:/projects/myproject/QDQM/DS_Input/Internal/사용자.csv,사용자.csv,비밀번호변경일,Master,C:/projects/myproject/QDQM/DS_Input/Internal/사원기본.csv,사원기본.csv,Master,시근일자,"[""nnnnnnnn""]",[100.0],"[""nnnnnnnn"", ""nnnnnn"", ""nnnn""]","[99.91, 0.08, 0.01]",0,765,71.43
C:/projects/myproject/QDQM/DS_Input/Internal/사용자.csv,사용자.csv,비밀번호변경일,Master,C:/projects/myproject/QDQM/DS_Input/Internal/CONTRACT.csv,CONTRACT.csv,Master,CONTRACT_DATE,"[""nnnnnnnn""]",[100.0],"[""nnnnnnnn""]",[100.0],0,682,63.68
C:/projects/myproject/QDQM/DS_Input/Internal/사용자.csv,사용자.csv,비밀번호변경일,Master,C:/projects/myproject/QDQM/DS_Input/Internal/CUSTOMER.csv,CUSTOMER.csv,Master,판매일,"[""nnnnnnnn""]",[100.0],"[""nnnnnnnn""]",[100.0],0,673,62.84
C:/projects/myproject/QDQM/DS_Input/Internal/사용자.csv,사용자.csv,사용자계정잠금일자,Master,Rule,Rule,Rule,DATECHAR,,0,,0,,720,100.0
C:/projects/myproject/QDQM/DS_Input/Internal/사용자.csv,사용자.csv,사용자계정잠금일자,Master,C:/projects/myproject/QDQM/DS_Input/Internal/사원기본.csv,사원기본.csv,Master,시근일자,"[""nnnnnnnn""]",[100.0],"[""nnnnnnnn"", ""nnnnnn"", ""nnnn""]","[99.91, 0.08, 0.01]",0,279,69.06
C:/projects/myproject/QDQM/DS_Input/Internal/사용자.csv,사용자.csv,사용자계정잠금일자,Master,C:/projects/myproject/QDQM/DS_Input/Internal/사원마스터.csv,사원마스터.csv,Master,근무시작일자,"[""nnnnnnnn""]",[100.0],"[""nnnnnnnn"", ""nnnnnn"", ""nnnn""]","[99.93, 0.04, 0.03]",0,270,66.83
C:/projects/myproject/QDQM/DS_Input/Internal/사용자.csv,사용자.csv,사용자계정잠금일자,Master,C:/projects/myproject/QDQM/DS_Input/Internal/사원기본.csv,사원기본.csv,Master,사직일자,"[""nnnnnnnn""]",[100.0],"[""nnnnnnnn""]",[100.0],0,245,60.64
C:/projects/myproject/QDQM/DS_Input/Internal/사용자.csv,사용자.csv,사원번호,Master,Rule,Rule,Rule,TEL,,0,,0,,4738,65.0199966430664
C:/projects/myproject/QDQM/DS_Input/Internal/사용자.csv,사용자.csv,사직일자,Master,Rule,Rule,Rule,DATECHAR,,0,,0,,5211,100.0
C:/projects/myproject/QDQM/DS_Input/Internal/사용자.csv,사용자.csv,수정일자,Master,Rule,Rule,Rule,DATECHAR,,0,,0,,2924,100.0
C:/projects/myproject/QDQM/DS_Input/Internal/사용자.csv,사용자.csv,수정일자,Master,C:/projects/myproject/QDQM/DS_Input/Internal/사원마스터.csv,사원마스터.csv,Master,근무시작일자,"[""nnnnnnnn""]",[100.0],"[""nnnnnnnn"", ""nnnnnn"", ""nnnn""]","[99.93, 0.04, 0.03]",0,815,68.95
C:/projects/myproject/QDQM/DS_Input/Internal/사용자.csv,사용자.csv,수정일자,Master,C:/projects/myproject/QDQM/DS_Input/Internal/사원기본.csv,사원기본.csv,Master,시근일자,"[""nnnnnnnn""]",[100.0],"[""nnnnnnnn"", ""nnnnnn"", ""nnnn""]","[99.91, 0.08, 0.01]",0,776,65.65
C:/projects/myproject/QDQM/DS_Input/Internal/사용자.csv,사용자.csv,수정일자,Master,C:/projects/myproject/QDQM/DS_Input/Internal/CONTRACT.csv,CONTRACT.csv,Master,CONTRACT_DATE,"[""nnnnnnnn""]",[100.0],"[""nnnnnnnn""]",[100.0],0,733,62.01
C:/projects/myproject/QDQM/DS_Input/Internal/사용자.csv,사용자.csv,수정일자,Master,C:/projects/myproject/QDQM/DS_Input/Internal/CUSTOMER.csv,CUSTOMER.csv,Master,판매일,"[""nnnnnnnn""]",[100.0],"[""nnnnnnnn""]",[100.0],0,720,60.91
C:/projects/myproject/QDQM/DS_Input/Internal/사용자.csv,사용자.csv,어음입금표발행제한일,Master,Rule,Rule,Rule,DATECHAR,,0,,0,,13,100.0
C:/projects/myproject/QDQM/DS_Input/Internal/사용자.csv,사용자.csv,입사일자,Master,Rule,Rule,Rule,DATECHAR,,0,,0,,7260,99.97000122070312
C:/projects/myproject/QDQM/DS_Input/Internal/사용자.csv,사용자.csv,점소코드,Master,C:/projects/myproject/QDQM/DS_Input/Test/Z사용자.csv,Z사용자.csv,Test,점소코드,"[""nnnn""]",[100.0],"[""nnnn""]",[100.0],0,229,80.63
C:/projects/myproject/QDQM/DS_Input/Internal/사용자.csv,사용자.csv,점소코드,Master,C:/projects/myproject/QDQM/DS_Input/Internal/조직_수입관리.csv,조직_수입관리.csv,Master,OIO_ORG_NCD,"[""nnnn""]",[100.0],"[""nnnn""]",[100.0],0,172,60.56
C:/projects/myproject/QDQM/DS_Input/Internal/사용자.csv,사용자.csv,점소코드,Master,C:/projects/myproject/QDQM/DS_Input/Internal/지점코드.csv,지점코드.csv,Master,OIO_ORG_NCD,"[""nnnn""]",[100.0],"[""nnnn""]",[100.0],0,172,60.56
C:/projects/myproject/QDQM/DS_Input/Internal/사용자.csv,사용자.csv,직급,Master,C:/projects/myproject/QDQM/DS_Input/Test/Z사용자.csv,Z사용자.csv,Test,직급,"[""KK"", ""KKKK"", ""nK"", ""KKKKKn"", ""KKK"", ""KKKKKK"", ""A/AKKK"", ""nKK"", ""KKKKK"", ""KKKn""]","[65.51, 11.14, 9.81, 4.89, 2.95, 1.26, 1.1, 0.82, 0.73, 0.63]","[""KK"", ""nK"", ""KKKK"", ""KKKKKn"", ""KKK"", ""KKKKKK"", ""KKnK"", ""KKKKK"", ""KKKn"", ""A/AKKK""]","[37.78, 26.6, 20.88, 3.39, 2.63, 2.16, 1.52, 1.31, 1.14, 0.8]",0,119,73.01
C:/projects/myproject/QDQM/DS_Input/Internal/사용자.csv,사용자.csv,처리자사번,Master,C:/projects/myproject/QDQM/DS_Input/Internal/사용자.csv,사용자.csv,Master,사원번호,"[""nnnnnnn"", ""Annnnnn"", ""AAAnnnn"", ""AAnnnnn"", ""nnnnnn"", ""annnnnn"", ""AAAAAA"", ""aaannnn""]","[99.38, 0.36, 0.14, 0.05, 0.03, 0.01, 0.01, 0.01]","[""nnnnnnn"", ""Annnnnn"", ""AAAnnnn"", ""AAnnnnn"", ""nnnnnn"", ""annnnnn"", ""aaaaaa"", ""aaannnn"", ""KKK"", ""nnnn""]","[95.0, 2.14, 1.73, 0.8, 0.1, 0.04, 0.04, 0.04, 0.03, 0.01]",0,380,100.0
C:/projects/myproject/QDQM/DS_Input/Internal/사용자.csv,사용자.csv,처리자사번,Master,C:/projects/myproject/QDQM/DS_Input/Test/Z사용자.csv,Z사용자.csv,Test,사원번호,"[""nnnnnnn"", ""Annnnnn"", ""AAAnnnn"", ""AAnnnnn"", ""nnnnnn"", ""annnnnn"", ""AAAAAA"", ""aaannnn""]","[99.38, 0.36, 0.14, 0.05, 0.03, 0.01, 0.01, 0.01]","[""nnnnnnn"", ""Annnnnn"", ""AAAnnnn"", ""AAnnnnn"", ""nnnnnn"", ""aaaaaa"", ""aaannnn"", ""KKK"", ""aaaaa"", ""aaaa""]","[92.76, 4.07, 1.78, 0.72, 0.21, 0.13, 0.08, 0.04, 0.04, 0.04]",0,270,71.05
C:/projects/myproject/QDQM/DS_Input/Internal/사용자.csv,사용자.csv,최종변경일시,Master,Rule,Rule,Rule,TIME,,0,,0,,7287,100.0
C:/projects/myproject/QDQM/DS_Input/Internal/사용자.csv,사용자.csv,폐기일자,Master,Rule,Rule,Rule,DATECHAR,,0,,0,,6164,100.0
C:/projects/myproject/QDQM/DS_Input/Internal/사용자.csv,사용자.csv,폐기일자,Master,C:/projects/myproject/QDQM/DS_Input/Internal/사용자.csv,사용자.csv,Master,수정일자,"[""nnnnnnnn""]",[100.0],"[""nnnnnnnn""]",[100.0],0,358,71.74
C:/projects/myproject/QDQM/DS_Input/Internal/사용자.csv,사용자.csv,폐기일자,Master,C:/projects/myproject/QDQM/DS_Input/Internal/사원마스터.csv,사원마스터.csv,Master,근무시작일자,"[""nnnnnnnn""]",[100.0],"[""nnnnnnnn"", ""nnnnnn"", ""nnnn""]","[99.93, 0.04, 0.03]",0,334,66.93
C:/projects/myproject/QDQM/DS_Input/Internal/사용자.csv,사용자.csv,폐기일자,Master,C:/projects/myproject/QDQM/DS_Input/Internal/사원기본.csv,사원기본.csv,Master,시근일자,"[""nnnnnnnn""]",[100.0],"[""nnnnnnnn"", ""nnnnnn"", ""nnnn""]","[99.91, 0.08, 0.01]",0,310,62.12
C:/projects/myproject/QDQM/DS_Input/Internal/사용자.csv,사용자.csv,한웨이 ID,Master,C:/projects/myproject/QDQM/DS_Input/Internal/사용자.csv,사용자.csv,Master,사원번호,"[""nnnnnnn"", ""AAAnnnn"", ""AAnnnnn"", ""Annnnnn"", ""nnnnnn"", ""AAAAnnn""]","[95.11, 2.26, 2.2, 0.24, 0.12, 0.06]","[""nnnnnnn"", ""Annnnnn"", ""AAAnnnn"", ""AAnnnnn"", ""nnnnnn"", ""annnnnn"", ""aaaaaa"", ""aaannnn"", ""KKK"", ""nnnn""]","[95.0, 2.14, 1.73, 0.8, 0.1, 0.04, 0.04, 0.04, 0.03, 0.01]",0,1504,97.73
C:/projects/myproject/QDQM/DS_Input/Internal/사원기본.csv,사원기본.csv,ETL일시,Master,Rule,Rule,Rule,TIME,,0,,0,,112630,100.0
C:/projects/myproject/QDQM/DS_Input/Internal/사원기본.csv,사원기본.csv,사직일자,Master,Rule,Rule,Rule,DATECHAR,,0,,0,,96747,100.0
C:/projects/myproject/QDQM/DS_Input/Internal/사원기본.csv,사원기본.csv,사직일자,Master,C:/projects/myproject/QDQM/DS_Input/Internal/사원마스터.csv,사원마스터.csv,Master,사직일자,"[""nnnnnnnn""]",[100.0],"[""nnnnnnnn""]",[100.0],0,2021,66.22
C:/projects/myproject/QDQM/DS_Input/Internal/사원기본.csv,사원기본.csv,사직일자,Master,C:/projects/myproject/QDQM/DS_Input/Internal/사원마스터.csv,사원마스터.csv,Master,근무시작일자,"[""nnnnnnnn""]",[100.0],"[""nnnnnnnn"", ""nnnnnn"", ""nnnn""]","[99.93, 0.04, 0.03]",0,1940,63.56
C:/projects/myproject/QDQM/DS_Input/Internal/사원기본.csv,사원기본.csv,소속조직코드,Master,C:/projects/myproject/QDQM/DS_Input/Internal/ORGNIZATION.csv,ORGNIZATION.csv,Master,조직코드,"[""nnnn"", ""nnn"", ""nnnnnn"", ""AA"", ""AAAAA"", ""AAAA"", ""AAA""]","[96.93, 2.45, 0.26, 0.2, 0.1, 0.05, 0.01]","[""nnnn"", ""nnn"", ""AAAAA"", ""AAAAAAA"", ""nnnnnn"", ""AAAA"", ""AA"", ""nnnnnnn"", ""nnnnn"", ""AAA""]","[78.96, 14.52, 2.4, 2.4, 1.02, 0.42, 0.13, 0.05, 0.05, 0.03]",0,1646,95.09
C:/projects/myproject/QDQM/DS_Input/Internal/사원기본.csv,사원기본.csv,소속조직코드,Master,C:/projects/myproject/QDQM/DS_Input/Internal/택배_조직도.csv,택배_조직도.csv,Master,조직코드,"[""nnnn"", ""nnn"", ""nnnnnn"", ""AA"", ""AAAAA"", ""AAAA"", ""AAA""]","[96.93, 2.45, 0.26, 0.2, 0.1, 0.05, 0.01]","[""nnnn"", ""nnn"", ""AAAAA"", ""AAAAAAA"", ""nnnnnn"", ""AAAA"", ""AA"", ""nnnnnnn"", ""nnnnn"", ""AAA""]","[78.96, 14.52, 2.4, 2.4, 1.02, 0.42, 0.13, 0.05, 0.05, 0.03]",0,1646,95.09
C:/projects/myproject/QDQM/DS_Input/Internal/사원기본.csv,사원기본.csv,소속조직코드,Master,C:/projects/myproject/QDQM/DS_Input/Internal/사원마스터.csv,사원마스터.csv,Master,조직코드,"[""nnnn"", ""nnn"", ""nnnnnn"", ""AA"", ""AAAAA"", ""AAAA"", ""AAA""]","[96.93, 2.45, 0.26, 0.2, 0.1, 0.05, 0.01]","[""nnnn"", ""nnn"", ""AA"", ""nnnnnn"", ""AAAAA"", ""AAAA"", ""nnnnnnn""]","[97.07, 2.3, 0.22, 0.21, 0.14, 0.05, 0.01]",0,1470,84.92
C:/projects/myproject/QDQM/DS_Input/Internal/사원기본.csv,사원기본.csv,시근일자,Master,C:/projects/myproject/QDQM/DS_Input/Internal/사원마스터.csv,사원마스터.csv,Master,근무시작일자,"[""nnnnnnnn"", ""nnnnnn"", ""nnnn""]","[99.91, 0.08, 0.01]","[""nnnnnnnn"", ""nnnnnn"", ""nnnn""]","[99.93, 0.04, 0.03]",0,2786,69.22
C:/projects/myproject/QDQM/DS_Input/Internal/사원기본.csv,사원기본.csv,연도,Master,Rule,Rule,Rule,YEAR,,0,,0,,111050,99.9000015258789
C:/projects/myproject/QDQM/DS_Input/Internal/사원기본.csv,사원기본.csv,직종코드,Master,C:/projects/myproject/QDQM/DS_Input/Internal/CUSTOMER.csv,CUSTOMER.csv,Master,집하지대번지,"[""nn"", ""AA""]","[99.91, 0.09]","[""nnn"", ""nn"", ""nnnn"", ""n"", ""nnn-n"", ""nnn-nn"", ""KKK"", ""Aaa-nn"", ""."", ""nn-nn""]","[53.98, 15.4, 10.79, 6.38, 4.23, 2.53, 2.05, 0.68, 0.61, 0.61]",0,28,96.55
C:/projects/myproject/QDQM/DS_Input/Internal/사원기본.csv,사원기본.csv,직종코드,Master,C:/projects/myproject/QDQM/DS_Input/Internal/사원마스터.csv,사원마스터.csv,Master,직종코드,"[""nn"", ""AA""]","[99.91, 0.09]","[""nn"", ""AA""]","[99.9, 0.1]",0,28,96.55
C:/projects/myproject/QDQM/DS_Input/Internal/사원기본.csv,사원기본.csv,직종코드,Master,C:/projects/myproject/QDQM/DS_Input/Internal/CUSTOMER.csv,CUSTOMER.csv,Master,집하지소번지,"[""nn"", ""AA""]","[99.91, 0.09]","[""n"", ""nn"", ""nnn"", ""KK"", ""nK"", ""nnnn"", ""nnn-"", ""K"", ""nnK nnK"", ""/""]","[57.73, 34.11, 5.41, 0.86, 0.7, 0.38, 0.16, 0.16, 0.11, 0.05]",0,26,89.66
C:/projects/myproject/QDQM/DS_Input/Internal/사원기본.csv,사원기본.csv,직종코드,Master,C:/projects/myproject/QDQM/DS_Input/Test/Z검증용데이터.csv,Z검증용데이터.csv,Test,수량,"[""nn"", ""AA""]","[99.91, 0.09]","[""nn"", ""n"", ""nnn"", ""nnnnnn"", ""nnnnn"", ""nnnnnnn""]","[79.49, 19.1, 1.1, 0.21, 0.05, 0.05]",0,20,68.97
C:/projects/myproject/QDQM/DS_Input/Internal/사원기본.csv,사원기본.csv,최종변경일시,Master,Rule,Rule,Rule,TIME,,0,,0,,112630,100.0
C:/projects/myproject/QDQM/DS_Input/Internal/사원마스터.csv,사원마스터.csv,ETL일시,Master,Rule,Rule,Rule,TIME,,0,,0,,10000,100.0
C:/projects/myproject/QDQM/DS_Input/Internal/사원마스터.csv,사원마스터.csv,근무시작일자,Master,C:/projects/myproject/QDQM/DS_Input/Internal/사원기본.csv,사원기본.csv,Master,시근일자,"[""nnnnnnnn"", ""nnnnnn"", ""nnnn""]","[99.93, 0.04, 0.03]","[""nnnnnnnn"", ""nnnnnn"", ""nnnn""]","[99.91, 0.08, 0.01]",0,2786,64.82
C:/projects/myproject/QDQM/DS_Input/Internal/사원마스터.csv,사원마스터.csv,사직일자,Master,Rule,Rule,Rule,DATECHAR,,0,,0,,8656,100.0
C:/projects/myproject/QDQM/DS_Input/Internal/사원마스터.csv,사원마스터.csv,사직일자,Master,C:/projects/myproject/QDQM/DS_Input/Internal/사원기본.csv,사원기본.csv,Master,사직일자,"[""nnnnnnnn""]",[100.0],"[""nnnnnnnn""]",[100.0],0,2021,69.59
C:/projects/myproject/QDQM/DS_Input/Internal/사원마스터.csv,사원마스터.csv,사직일자,Master,C:/projects/myproject/QDQM/DS_Input/Internal/사원마스터.csv,사원마스터.csv,Master,근무시작일자,"[""nnnnnnnn""]",[100.0],"[""nnnnnnnn"", ""nnnnnn"", ""nnnn""]","[99.93, 0.04, 0.03]",0,1845,63.53
C:/projects/myproject/QDQM/DS_Input/Internal/사원마스터.csv,사원마스터.csv,소속회사,Master,C:/projects/myproject/QDQM/DS_Input/Internal/사원기본.csv,사원기본.csv,Master,소속회사,"[""KK"", ""nnnnnn"", ""nn"", ""nnnn"", ""nnn"", ""KKK"", ""KKs"", ""AAA"", ""nnnnnnn"", ""n""]","[40.43, 29.43, 13.48, 6.74, 6.03, 1.06, 0.71, 0.71, 0.35, 0.35]","[""KK"", ""nnnnnn"", ""nnn"", ""nnnn"", ""nn"", ""AAA"", ""n"", ""KKK"", ""KKs"", ""AA""]","[44.48, 30.34, 7.93, 6.9, 5.17, 1.72, 1.38, 1.03, 0.69, 0.34]",0,108,98.18
C:/projects/myproject/QDQM/DS_Input/Internal/사원마스터.csv,사원마스터.csv,인사시스템사번,Master,C:/projects/myproject/QDQM/DS_Input/Internal/사원마스터.csv,사원마스터.csv,Master,사원번호,"[""nnnnnnn"", ""nnnnnn"", ""nnnnn""]","[73.86, 25.0, 1.14]","[""nnnnnnn"", ""nnnnnn""]","[99.99, 0.01]",0,55,62.5
C:/projects/myproject/QDQM/DS_Input/Internal/사원마스터.csv,사원마스터.csv,조직코드,Master,C:/projects/myproject/QDQM/DS_Input/Internal/ORGNIZATION.csv,ORGNIZATION.csv,Master,조직코드,"[""nnnn"", ""nnn"", ""AA"", ""nnnnnn"", ""AAAAA"", ""AAAA"", ""nnnnnnn""]","[97.07, 2.3, 0.22, 0.21, 0.14, 0.05, 0.01]","[""nnnn"", ""nnn"", ""AAAAA"", ""AAAAAAA"", ""nnnnnn"", ""AAAA"", ""AA"", ""nnnnnnn"", ""nnnnn"", ""AAA""]","[78.96, 14.52, 2.4, 2.4, 1.02, 0.42, 0.13, 0.05, 0.05, 0.03]",0,1641,94.97
C:/projects/myproject/QDQM/DS_Input/Internal/사원마스터.csv,사원마스터.csv,조직코드,Master,C:/projects/myproject/QDQM/DS_Input/Internal/택배_조직도.csv,택배_조직도.csv,Master,조직코드,"[""nnnn"", ""nnn"", ""AA"", ""nnnnnn"", ""AAAAA"", ""AAAA"", ""nnnnnnn""]","[97.07, 2.3, 0.22, 0.21, 0.14, 0.05, 0.01]","[""nnnn"", ""nnn"", ""AAAAA"", ""AAAAAAA"", ""nnnnnn"", ""AAAA"", ""AA"", ""nnnnnnn"", ""nnnnn"", ""AAA""]","[78.96, 14.52, 2.4, 2.4, 1.02, 0.42, 0.13, 0.05, 0.05, 0.03]",0,1641,94.97
C:/projects/myproject/QDQM/DS_Input/Internal/사원마스터.csv,사원마스터.csv,조직코드,Master,C:/projects/myproject/QDQM/DS_Input/Internal/사원기본.csv,사원기본.csv,Master,소속조직코드,"[""nnnn"", ""nnn"", ""AA"", ""nnnnnn"", ""AAAAA"", ""AAAA"", ""nnnnnnn""]","[97.07, 2.3, 0.22, 0.21, 0.14, 0.05, 0.01]","[""nnnn"", ""nnn"", ""nnnnnn"", ""AA"", ""AAAAA"", ""AAAA"", ""AAA""]","[96.93, 2.45, 0.26, 0.2, 0.1, 0.05, 0.01]",0,1470,85.07
C:/projects/myproject/QDQM/DS_Input/Internal/사원마스터.csv,사원마스터.csv,주소,Master,Rule,Rule,Rule,ADDRESS,,0,,0,,1763,100.0
C:/projects/myproject/QDQM/DS_Input/Internal/사원마스터.csv,사원마스터.csv,직종코드,Master,C:/projects/myproject/QDQM/DS_Input/Internal/사원기본.csv,사원기본.csv,Master,직종코드,"[""nn"", ""AA""]","[99.9, 0.1]","[""nn"", ""AA""]","[99.91, 0.09]",0,28,100.0
C:/projects/myproject/QDQM/DS_Input/Internal/사원마스터.csv,사원마스터.csv,직종코드,Master,C:/projects/myproject/QDQM/DS_Input/Internal/CUSTOMER.csv,CUSTOMER.csv,Master,집하지대번지,"[""nn"", ""AA""]","[99.9, 0.1]","[""nnn"", ""nn"", ""nnnn"", ""n"", ""nnn-n"", ""nnn-nn"", ""KKK"", ""Aaa-nn"", ""."", ""nn-nn""]","[53.98, 15.4, 10.79, 6.38, 4.23, 2.53, 2.05, 0.68, 0.61, 0.61]",0,27,96.43
C:/projects/myproject/QDQM/DS_Input/Internal/사원마스터.csv,사원마스터.csv,직종코드,Master,C:/projects/myproject/QDQM/DS_Input/Internal/CUSTOMER.csv,CUSTOMER.csv,Master,집하지소번지,"[""nn"", ""AA""]","[99.9, 0.1]","[""n"", ""nn"", ""nnn"", ""KK"", ""nK"", ""nnnn"", ""nnn-"", ""K"", ""nnK nnK"", ""/""]","[57.73, 34.11, 5.41, 0.86, 0.7, 0.38, 0.16, 0.16, 0.11, 0.05]",0,25,89.29
C:/projects/myproject/QDQM/DS_Input/Internal/사원마스터.csv,사원마스터.csv,직종코드,Master,C:/projects/myproject/QDQM/DS_Input/Test/Z검증용데이터.csv,Z검증용데이터.csv,Test,수량,"[""nn"", ""AA""]","[99.9, 0.1]","[""nn"", ""n"", ""nnn"", ""nnnnnn"", ""nnnnn"", ""nnnnnnn""]","[79.49, 19.1, 1.1, 0.21, 0.05, 0.05]",0,19,67.86
C:/projects/myproject/QDQM/DS_Input/Internal/사원마스터.csv,사원마스터.csv,최종변경일시,Master,Rule,Rule,Rule,TIME,,0,,0,,10000,100.0
C:/projects/myproject/QDQM/DS_Input/Internal/사원마스터.csv,사원마스터.csv,화물운송종사자자격취득일,Master,C:/projects/myproject/QDQM/DS_Input/Internal/사원마스터.csv,사원마스터.csv,Master,근무시작일자,"[""nnnnnnnn""]",[100.0],"[""nnnnnnnn"", ""nnnnnn"", ""nnnn""]","[99.93, 0.04, 0.03]",0,648,62.49
C:/projects/myproject/QDQM/DS_Input/Internal/상품분류.csv,상품분류.csv,ETL일시,Master,Rule,Rule,Rule,TIME,,0,,0,,152,100.0
C:/projects/myproject/QDQM/DS_Input/Internal/상품분류.csv,상품분류.csv,상품코드,Master,C:/projects/myproject/QDQM/DS_Input/Internal/상품코드.csv,상품코드.csv,Master,상품코드,"[""nn"", ""Ann"", ""nnA"", ""AAA"", ""AA"", ""nnn"", ""AAn"", ""n""]","[37.5, 28.95, 15.13, 8.55, 5.26, 2.63, 1.32, 0.66]","[""nn"", ""Ann"", ""nnA"", ""AAA"", ""AA"", ""nnn"", ""AAn"", ""n""]","[37.5, 28.95, 15.13, 8.55, 5.26, 2.63, 1.32, 0.66]",0,152,100.0
C:/projects/myproject/QDQM/DS_Input/Internal/상품분류.csv,상품분류.csv,접수시주의사항,Master,C:/projects/myproject/QDQM/DS_Input/Internal/상품코드.csv,상품코드.csv,Master,접수시주의사항,"[""aaaa://aaaaaa.aaaaaa"", ""n. KKKK KKK KKK KKss""]","[98.39, 1.61]","[""aaaa://aaaaaa.aaaaaa"", ""n. KKKK KKK KKK KKss""]","[98.39, 1.61]",0,62,100.0
C:/projects/myproject/QDQM/DS_Input/Internal/상품분류.csv,상품분류.csv,접수시주의사항,Master,Rule,Rule,Rule,URL,,0,,0,,61,98.38999938964844
C:/projects/myproject/QDQM/DS_Input/Internal/상품분류.csv,상품분류.csv,최종변경일시,Master,Rule,Rule,Rule,TIME,,0,,0,,152,100.0
C:/projects/myproject/QDQM/DS_Input/Internal/상품분류.csv,상품분류.csv,판매중지일,Master,C:/projects/myproject/QDQM/DS_Input/Internal/상품코드.csv,상품코드.csv,Master,판매중지일,"[""nnnnnnnn""]",[100.0],"[""nnnnnnnn""]",[100.0],0,17,100.0
C:/projects/myproject/QDQM/DS_Input/Internal/상품분류.csv,상품분류.csv,판매중지일,Master,Rule,Rule,Rule,DATECHAR,,0,,0,,53,100.0
C:/projects/myproject/QDQM/DS_Input/Internal/상품분류.csv,상품분류.csv,판매중지일,Master,C:/projects/myproject/QDQM/DS_Input/Internal/CONTRACT.csv,CONTRACT.csv,Master,CONTRACT_DATE,"[""nnnnnnnn""]",[100.0],"[""nnnnnnnn""]",[100.0],0,11,64.71
C:/projects/myproject/QDQM/DS_Input/Internal/상품분류.csv,상품분류.csv,판매중지일,Master,C:/projects/myproject/QDQM/DS_Input/Internal/CUSTOMER.csv,CUSTOMER.csv,Master,판매일,"[""nnnnnnnn""]",[100.0],"[""nnnnnnnn""]",[100.0],0,11,64.71
C:/projects/myproject/QDQM/DS_Input/Internal/상품분류.csv,상품분류.csv,판매중지일,Master,C:/projects/myproject/QDQM/DS_Input/Internal/기업고객.csv,기업고객.csv,Master,판매일,"[""nnnnnnnn""]",[100.0],"[""nnnnnnnn""]",[100.0],0,11,64.71
C:/projects/myproject/QDQM/DS_Input/Internal/상품분류.csv,상품분류.csv,판매중지일,Master,C:/projects/myproject/QDQM/DS_Input/Internal/사원마스터.csv,사원마스터.csv,Master,근무시작일자,"[""nnnnnnnn""]",[100.0],"[""nnnnnnnn"", ""nnnnnn"", ""nnnn""]","[99.93, 0.04, 0.03]",0,11,64.71
C:/projects/myproject/QDQM/DS_Input/Internal/상품분류.csv,상품분류.csv,판매중지일,Master,C:/projects/myproject/QDQM/DS_Input/Internal/택배_고객.csv,택배_고객.csv,Master,판매일,"[""nnnnnnnn""]",[100.0],"[""nnnnnnnn""]",[100.0],0,11,64.71
C:/projects/myproject/QDQM/DS_Input/Internal/상품코드.csv,상품코드.csv,ETL일시,Master,Rule,Rule,Rule,TIME,,0,,0,,152,100.0
C:/projects/myproject/QDQM/DS_Input/Internal/상품코드.csv,상품코드.csv,상품코드,Master,C:/projects/myproject/QDQM/DS_Input/Internal/상품분류.csv,상품분류.csv,Master,상품코드,"[""nn"", ""Ann"", ""nnA"", ""AAA"", ""AA"", ""nnn"", ""AAn"", ""n""]","[37.5, 28.95, 15.13, 8.55, 5.26, 2.63, 1.32, 0.66]","[""nn"", ""Ann"", ""nnA"", ""AAA"", ""AA"", ""nnn"", ""AAn"", ""n""]","[37.5, 28.95, 15.13, 8.55, 5.26, 2.63, 1.32, 0.66]",0,152,100.0
C:/projects/myproject/QDQM/DS_Input/Internal/상품코드.csv,상품코드.csv,접수시주의사항,Master,C:/projects/myproject/QDQM/DS_Input/Internal/상품분류.csv,상품분류.csv,Master,접수시주의사항,"[""aaaa://aaaaaa.aaaaaa"", ""n. KKKK KKK KKK KKss""]","[98.39, 1.61]","[""aaaa://aaaaaa.aaaaaa"", ""n. KKKK KKK KKK KKss""]","[98.39, 1.61]",0,62,100.0
C:/projects/myproject/QDQM/DS_Input/Internal/상품코드.csv,상품코드.csv,접수시주의사항,Master,Rule,Rule,Rule,URL,,0,,0,,61,98.38999938964844
C:/projects/myproject/QDQM/DS_Input/Internal/상품코드.csv,상품코드.csv,최종변경일시,Master,Rule,Rule,Rule,TIME,,0,,0,,152,100.0
C:/projects/myproject/QDQM/DS_Input/Internal/상품코드.csv,상품코드.csv,판매중지일,Master,C:/projects/myproject/QDQM/DS_Input/Internal/상품분류.csv,상품분류.csv,Master,판매중지일,"[""nnnnnnnn""]",[100.0],"[""nnnnnnnn""]",[100.0],0,17,100.0
C:/projects/myproject/QDQM/DS_Input/Internal/상품코드.csv,상품코드.csv,판매중지일,Master,Rule,Rule,Rule,DATECHAR,,0,,0,,53,100.0
C:/projects/myproject/QDQM/DS_Input/Internal/상품코드.csv,상품코드.csv,판매중지일,Master,C:/projects/myproject/QDQM/DS_Input/Internal/CONTRACT.csv,CONTRACT.csv,Master,CONTRACT_DATE,"[""nnnnnnnn""]",[100.0],"[""nnnnnnnn""]",[100.0],0,11,64.71
C:/projects/myproject/QDQM/DS_Input/Internal/상품코드.csv,상품코드.csv,판매중지일,Master,C:/projects/myproject/QDQM/DS_Input/Internal/CUSTOMER.csv,CUSTOMER.csv,Master,판매일,"[""nnnnnnnn""]",[100.0],"[""nnnnnnnn""]",[100.0],0,11,64.71
C:/projects/myproject/QDQM/DS_Input/Internal/상품코드.csv,상품코드.csv,판매중지일,Master,C:/projects/myproject/QDQM/DS_Input/Internal/기업고객.csv,기업고객.csv,Master,판매일,"[""nnnnnnnn""]",[100.0],"[""nnnnnnnn""]",[100.0],0,11,64.71
C:/projects/myproject/QDQM/DS_Input/Internal/상품코드.csv,상품코드.csv,판매중지일,Master,C:/projects/myproject/QDQM/DS_Input/Internal/사원마스터.csv,사원마스터.csv,Master,근무시작일자,"[""nnnnnnnn""]",[100.0],"[""nnnnnnnn"", ""nnnnnn"", ""nnnn""]","[99.93, 0.04, 0.03]",0,11,64.71
C:/projects/myproject/QDQM/DS_Input/Internal/상품코드.csv,상품코드.csv,판매중지일,Master,C:/projects/myproject/QDQM/DS_Input/Internal/택배_고객.csv,택배_고객.csv,Master,판매일,"[""nnnnnnnn""]",[100.0],"[""nnnnnnnn""]",[100.0],0,11,64.71
C:/projects/myproject/QDQM/DS_Input/Internal/선박.csv,선박.csv,ETL일시,Master,Rule,Rule,Rule,TIME,,0,,0,,25918,100.0
C:/projects/myproject/QDQM/DS_Input/Internal/선박.csv,선박.csv,선사코드,Master,C:/projects/myproject/QDQM/DS_Input/Reference/선사코드.csv,선사코드.csv,Reference,선사코드,"[""AAAnnnn"", ""nAAAnnnn"", ""AAnnnn"", ""AAA AAAAA"", ""AAAAAA""]","[99.89, 0.04, 0.04, 0.02, 0.02]","[""AAAnnnn"", ""nAAAnnnn"", ""AAA AAAAA"", ""AAnnnn"", ""AA-A-nnnn"", ""AAAAAA"", ""AAAnnnnn""]","[99.32, 0.19, 0.1, 0.1, 0.1, 0.1, 0.1]",0,844,100.0
C:/projects/myproject/QDQM/DS_Input/Internal/선박.csv,선박.csv,총길이,Master,C:/projects/myproject/QDQM/DS_Input/Internal/CUSTOMER.csv,CUSTOMER.csv,Master,집하지대번지,"[""nnn"", ""nn"", ""n""]","[87.04, 12.04, 0.93]","[""nnn"", ""nn"", ""nnnn"", ""n"", ""nnn-n"", ""nnn-nn"", ""KKK"", ""Aaa-nn"", ""."", ""nn-nn""]","[53.98, 15.4, 10.79, 6.38, 4.23, 2.53, 2.05, 0.68, 0.61, 0.61]",0,97,97.0
C:/projects/myproject/QDQM/DS_Input/Internal/선박.csv,선박.csv,최종변경일시,Master,Rule,Rule,Rule,TIME,,0,,0,,25918,100.0
C:/projects/myproject/QDQM/DS_Input/Internal/선석.csv,선석.csv,ETL일시,Master,Rule,Rule,Rule,TIMESTAMP,,0,,0,,978,100.0
C:/projects/myproject/QDQM/DS_Input/Internal/선석.csv,선석.csv,선석길이,Master,C:/projects/myproject/QDQM/DS_Input/Internal/CUSTOMER.csv,CUSTOMER.csv,Master,집하지대번지,"[""nnn"", ""n"", ""nn"", ""nnn.n"", ""nnnn""]","[78.43, 12.07, 7.57, 1.23, 0.72]","[""nnn"", ""nn"", ""nnnn"", ""n"", ""nnn-n"", ""nnn-nn"", ""KKK"", ""Aaa-nn"", ""."", ""nn-nn""]","[53.98, 15.4, 10.79, 6.38, 4.23, 2.53, 2.05, 0.68, 0.61, 0.61]",0,113,85.61
C:/projects/myproject/QDQM/DS_Input/Internal/선석.csv,선석.csv,조회순번,Master,C:/projects/myproject/QDQM/DS_Input/Internal/CUSTOMER.csv,CUSTOMER.csv,Master,집하지대번지,"[""nnn"", ""nn"", ""n""]","[84.05, 13.19, 2.76]","[""nnn"", ""nn"", ""nnnn"", ""n"", ""nnn-n"", ""nnn-nn"", ""KKK"", ""Aaa-nn"", ""."", ""nn-nn""]","[53.98, 15.4, 10.79, 6.38, 4.23, 2.53, 2.05, 0.68, 0.61, 0.61]",0,14,100.0
C:/projects/myproject/QDQM/DS_Input/Internal/선석.csv,선석.csv,조회순번,Master,C:/projects/myproject/QDQM/DS_Input/Internal/CUSTOMER.csv,CUSTOMER.csv,Master,집하지소번지,"[""nnn"", ""nn"", ""n""]","[84.05, 13.19, 2.76]","[""n"", ""nn"", ""nnn"", ""KK"", ""nK"", ""nnnn"", ""nnn-"", ""K"", ""nnK nnK"", ""/""]","[57.73, 34.11, 5.41, 0.86, 0.7, 0.38, 0.16, 0.16, 0.11, 0.05]",0,14,100.0
C:/projects/myproject/QDQM/DS_Input/Internal/선석.csv,선석.csv,조회순번,Master,C:/projects/myproject/QDQM/DS_Input/Internal/test.csv,test.csv,Master,ID,"[""nnn"", ""nn"", ""n""]","[84.05, 13.19, 2.76]","[""nn"", ""n""]","[71.88, 28.12]",0,13,92.86
C:/projects/myproject/QDQM/DS_Input/Internal/선석.csv,선석.csv,조회순번,Master,C:/projects/myproject/QDQM/DS_Input/Internal/미배송사유코드.csv,미배송사유코드.csv,Master,사유코드,"[""nnn"", ""nn"", ""n""]","[84.05, 13.19, 2.76]","[""nn"", ""n""]","[52.88, 47.12]",0,13,92.86
C:/projects/myproject/QDQM/DS_Input/Internal/선석.csv,선석.csv,조회순번,Master,C:/projects/myproject/QDQM/DS_Input/Test/Z검증용데이터.csv,Z검증용데이터.csv,Test,수량,"[""nnn"", ""nn"", ""n""]","[84.05, 13.19, 2.76]","[""nn"", ""n"", ""nnn"", ""nnnnnn"", ""nnnnn"", ""nnnnnnn""]","[79.49, 19.1, 1.1, 0.21, 0.05, 0.05]",0,13,92.86
C:/projects/myproject/QDQM/DS_Input/Internal/선석.csv,선석.csv,최종변경일시,Master,Rule,Rule,Rule,TIMESTAMP,,0,,0,,978,100.0
C:/projects/myproject/QDQM/DS_Input/Internal/선석.csv,선석.csv,항구코드,Master,C:/projects/myproject/QDQM/DS_Input/Reference/Airport_IATA.csv,Airport_IATA.csv,Reference,Airport_IATA,"[""AAA""]",[100.0],"[""AAA""]",[100.0],0,10,100.0
C:/projects/myproject/QDQM/DS_Input/Internal/신용등급.csv,신용등급.csv,dt_reg,Master,Rule,Rule,Rule,DATECHAR,,0,,0,,6,100.0
C:/projects/myproject/QDQM/DS_Input/Internal/신용등급.csv,신용등급.csv,etl_dtm,Master,Rule,Rule,Rule,TIMESTAMP,,0,,0,,6,100.0
C:/projects/myproject/QDQM/DS_Input/Internal/신용등급.csv,신용등급.csv,last_update_dtm,Master,Rule,Rule,Rule,TIMESTAMP,,0,,0,,6,100.0
C:/projects/myproject/QDQM/DS_Input/Internal/영업소.csv,영업소.csv,ETL일시,Master,Rule,Rule,Rule,TIME,,0,,0,,146,100.0
C:/projects/myproject/QDQM/DS_Input/Internal/영업소.csv,영업소.csv,계약영업소코드,Master,C:/projects/myproject/QDQM/DS_Input/Internal/영업소.csv,영업소.csv,Master,영업소코드,"[""nnn""]",[100.0],"[""nnn"", ""Ann""]","[99.32, 0.68]",0,71,100.0
C:/projects/myproject/QDQM/DS_Input/Internal/영업소.csv,영업소.csv,계약영업소코드,Master,C:/projects/myproject/QDQM/DS_Input/Internal/CUSTOMER.csv,CUSTOMER.csv,Master,집하지대번지,"[""nnn""]",[100.0],"[""nnn"", ""nn"", ""nnnn"", ""n"", ""nnn-n"", ""nnn-nn"", ""KKK"", ""Aaa-nn"", ""."", ""nn-nn""]","[53.98, 15.4, 10.79, 6.38, 4.23, 2.53, 2.05, 0.68, 0.61, 0.61]",0,64,90.14
C:/projects/myproject/QDQM/DS_Input/Internal/영업소.csv,영업소.csv,계약영업소코드,Master,C:/projects/myproject/QDQM/DS_Input/Internal/ORGNIZATION.csv,ORGNIZATION.csv,Master,조직코드,"[""nnn""]",[100.0],"[""nnnn"", ""nnn"", ""AAAAA"", ""AAAAAAA"", ""nnnnnn"", ""AAAA"", ""AA"", ""nnnnnnn"", ""nnnnn"", ""AAA""]","[78.96, 14.52, 2.4, 2.4, 1.02, 0.42, 0.13, 0.05, 0.05, 0.03]",0,53,74.65
C:/projects/myproject/QDQM/DS_Input/Internal/영업소.csv,영업소.csv,계약영업소코드,Master,C:/projects/myproject/QDQM/DS_Input/Internal/조직터미널마스터.csv,조직터미널마스터.csv,Master,터미널조직코드,"[""nnn""]",[100.0],"[""nnn""]",[100.0],0,53,74.65
C:/projects/myproject/QDQM/DS_Input/Internal/영업소.csv,영업소.csv,계약영업소코드,Master,C:/projects/myproject/QDQM/DS_Input/Internal/택배_조직도.csv,택배_조직도.csv,Master,조직코드,"[""nnn""]",[100.0],"[""nnnn"", ""nnn"", ""AAAAA"", ""AAAAAAA"", ""nnnnnn"", ""AAAA"", ""AA"", ""nnnnnnn"", ""nnnnn"", ""AAA""]","[78.96, 14.52, 2.4, 2.4, 1.02, 0.42, 0.13, 0.05, 0.05, 0.03]",0,53,74.65
C:/projects/myproject/QDQM/DS_Input/Internal/영업소.csv,영업소.csv,계약영업소코드,Master,C:/projects/myproject/QDQM/DS_Input/Internal/ORGNIZATION.csv,ORGNIZATION.csv,Master,상위조직코드,"[""nnn""]",[100.0],"[""nnn"", ""AAAAAAA"", ""AAAAA"", ""nnnn"", ""AAAAAA"", ""AAA""]","[80.04, 12.45, 6.2, 1.05, 0.24, 0.03]",0,49,69.01
C:/projects/myproject/QDQM/DS_Input/Internal/영업소.csv,영업소.csv,계약영업소코드,Master,C:/projects/myproject/QDQM/DS_Input/Internal/택배_조직도.csv,택배_조직도.csv,Master,상위조직코드,"[""nnn""]",[100.0],"[""nnn"", ""AAAAAAA"", ""AAAAA"", ""nnnn"", ""AAAAAA"", ""AAA""]","[80.04, 12.45, 6.2, 1.05, 0.24, 0.03]",0,49,69.01
C:/projects/myproject/QDQM/DS_Input/Internal/영업소.csv,영업소.csv,계약영업소코드,Master,C:/projects/myproject/QDQM/DS_Input/Internal/계정코드관리.csv,계정코드관리.csv,Master,정렬순서,"[""nnn""]",[100.0],"[""nnnn"", ""nnn"", ""nn""]","[69.7, 27.58, 2.73]",0,45,63.38
C:/projects/myproject/QDQM/DS_Input/Internal/영업소.csv,영업소.csv,계약영업소코드,Master,C:/projects/myproject/QDQM/DS_Input/Internal/관리회계_사업.csv,관리회계_사업.csv,Master,정렬순서,"[""nnn""]",[100.0],"[""nnnn"", ""nnn"", ""nn""]","[75.97, 21.84, 2.18]",0,45,63.38
C:/projects/myproject/QDQM/DS_Input/Internal/영업소.csv,영업소.csv,계약영업소코드,Master,C:/projects/myproject/QDQM/DS_Input/Internal/관리회계_조직그룹상세.csv,관리회계_조직그룹상세.csv,Master,정렬순서,"[""nnn""]",[100.0],"[""nnnn"", ""nnn"", ""nn""]","[71.63, 25.79, 2.58]",0,45,63.38
C:/projects/myproject/QDQM/DS_Input/Internal/영업소.csv,영업소.csv,계약영업소코드,Master,C:/projects/myproject/QDQM/DS_Input/Internal/관리회계계정.csv,관리회계계정.csv,Master,정렬순서,"[""nnn""]",[100.0],"[""nnnn"", ""nnn"", ""nn""]","[75.85, 21.95, 2.2]",0,45,63.38
C:/projects/myproject/QDQM/DS_Input/Internal/영업소.csv,영업소.csv,계약영업소코드,Master,C:/projects/myproject/QDQM/DS_Input/Internal/배송점.csv,배송점.csv,Master,상위조직코드,"[""nnn""]",[100.0],"[""nnn"", ""nnnn""]","[98.97, 1.03]",0,45,63.38
C:/projects/myproject/QDQM/DS_Input/Internal/영업소.csv,영업소.csv,계약영업소코드,Master,C:/projects/myproject/QDQM/DS_Input/Internal/사업코드관리.csv,사업코드관리.csv,Master,정렬순서,"[""nnn""]",[100.0],"[""nnnn"", ""nnn"", ""nn""]","[71.39, 26.01, 2.6]",0,45,63.38
C:/projects/myproject/QDQM/DS_Input/Internal/영업소.csv,영업소.csv,계약영업소코드,Master,C:/projects/myproject/QDQM/DS_Input/Internal/조직터미널마스터.csv,조직터미널마스터.csv,Master,실제터미널조직코드,"[""nnn""]",[100.0],"[""nnn""]",[100.0],0,45,63.38
C:/projects/myproject/QDQM/DS_Input/Internal/영업소.csv,영업소.csv,계약영업소코드,Master,C:/projects/myproject/QDQM/DS_Input/Internal/관리회계_계정그룹상세.csv,관리회계_계정그룹상세.csv,Master,정렬순서,"[""nnn""]",[100.0],"[""nnn"", ""nn""]","[90.22, 9.78]",0,44,61.97
C:/projects/myproject/QDQM/DS_Input/Internal/영업소.csv,영업소.csv,사업자등록번호,Master,C:/projects/myproject/QDQM/DS_Input/Internal/ORGNIZATION.csv,ORGNIZATION.csv,Master,사업자등록번호,"[""nnnnnnnnnn""]",[100.0],"[""nnnnnnnnnn""]",[100.0],0,74,97.37
C:/projects/myproject/QDQM/DS_Input/Internal/영업소.csv,영업소.csv,사업자등록번호,Master,C:/projects/myproject/QDQM/DS_Input/Internal/배송점.csv,배송점.csv,Master,사업자등록번호,"[""nnnnnnnnnn""]",[100.0],"[""nnnnnnnnnn""]",[100.0],0,74,97.37
C:/projects/myproject/QDQM/DS_Input/Internal/영업소.csv,영업소.csv,사업자등록번호,Master,C:/projects/myproject/QDQM/DS_Input/Internal/택배_조직도.csv,택배_조직도.csv,Master,사업자등록번호,"[""nnnnnnnnnn""]",[100.0],"[""nnnnnnnnnn""]",[100.0],0,74,97.37
C:/projects/myproject/QDQM/DS_Input/Internal/영업소.csv,영업소.csv,사업자등록번호,Master,C:/projects/myproject/QDQM/DS_Input/Reference/사업자등록번호3.csv,사업자등록번호3.csv,Reference,유효사업자번호3,"[""nnnnnnnnnn""]",[100.0],"[""nnnnnnnnnn""]",[100.0],3,51,87.93
C:/projects/myproject/QDQM/DS_Input/Internal/영업소.csv,영업소.csv,상위영업소코드,Master,C:/projects/myproject/QDQM/DS_Input/Internal/CUSTOMER.csv,CUSTOMER.csv,Master,집하지대번지,"[""nnn""]",[100.0],"[""nnn"", ""nn"", ""nnnn"", ""n"", ""nnn-n"", ""nnn-nn"", ""KKK"", ""Aaa-nn"", ""."", ""nn-nn""]","[53.98, 15.4, 10.79, 6.38, 4.23, 2.53, 2.05, 0.68, 0.61, 0.61]",0,18,100.0
C:/projects/myproject/QDQM/DS_Input/Internal/영업소.csv,영업소.csv,상위영업소코드,Master,C:/projects/myproject/QDQM/DS_Input/Internal/영업소.csv,영업소.csv,Master,영업소코드,"[""nnn""]",[100.0],"[""nnn"", ""Ann""]","[99.32, 0.68]",0,18,100.0
C:/projects/myproject/QDQM/DS_Input/Internal/영업소.csv,영업소.csv,상위영업소코드,Master,C:/projects/myproject/QDQM/DS_Input/Internal/ORGNIZATION.csv,ORGNIZATION.csv,Master,상위조직코드,"[""nnn""]",[100.0],"[""nnn"", ""AAAAAAA"", ""AAAAA"", ""nnnn"", ""AAAAAA"", ""AAA""]","[80.04, 12.45, 6.2, 1.05, 0.24, 0.03]",0,17,94.44
C:/projects/myproject/QDQM/DS_Input/Internal/영업소.csv,영업소.csv,상위영업소코드,Master,C:/projects/myproject/QDQM/DS_Input/Internal/ORGNIZATION.csv,ORGNIZATION.csv,Master,조직코드,"[""nnn""]",[100.0],"[""nnnn"", ""nnn"", ""AAAAA"", ""AAAAAAA"", ""nnnnnn"", ""AAAA"", ""AA"", ""nnnnnnn"", ""nnnnn"", ""AAA""]","[78.96, 14.52, 2.4, 2.4, 1.02, 0.42, 0.13, 0.05, 0.05, 0.03]",0,17,94.44
C:/projects/myproject/QDQM/DS_Input/Internal/영업소.csv,영업소.csv,상위영업소코드,Master,C:/projects/myproject/QDQM/DS_Input/Internal/조직터미널마스터.csv,조직터미널마스터.csv,Master,터미널조직코드,"[""nnn""]",[100.0],"[""nnn""]",[100.0],0,17,94.44
C:/projects/myproject/QDQM/DS_Input/Internal/영업소.csv,영업소.csv,상위영업소코드,Master,C:/projects/myproject/QDQM/DS_Input/Internal/택배_조직도.csv,택배_조직도.csv,Master,상위조직코드,"[""nnn""]",[100.0],"[""nnn"", ""AAAAAAA"", ""AAAAA"", ""nnnn"", ""AAAAAA"", ""AAA""]","[80.04, 12.45, 6.2, 1.05, 0.24, 0.03]",0,17,94.44
C:/projects/myproject/QDQM/DS_Input/Internal/영업소.csv,영업소.csv,상위영업소코드,Master,C:/projects/myproject/QDQM/DS_Input/Internal/택배_조직도.csv,택배_조직도.csv,Master,조직코드,"[""nnn""]",[100.0],"[""nnnn"", ""nnn"", ""AAAAA"", ""AAAAAAA"", ""nnnnnn"", ""AAAA"", ""AA"", ""nnnnnnn"", ""nnnnn"", ""AAA""]","[78.96, 14.52, 2.4, 2.4, 1.02, 0.42, 0.13, 0.05, 0.05, 0.03]",0,17,94.44
C:/projects/myproject/QDQM/DS_Input/Internal/영업소.csv,영업소.csv,상위영업소코드,Master,C:/projects/myproject/QDQM/DS_Input/Internal/영업소.csv,영업소.csv,Master,계약영업소코드,"[""nnn""]",[100.0],"[""nnn""]",[100.0],0,16,88.89
C:/projects/myproject/QDQM/DS_Input/Internal/영업소.csv,영업소.csv,상위영업소코드,Master,C:/projects/myproject/QDQM/DS_Input/Internal/계정코드관리.csv,계정코드관리.csv,Master,정렬순서,"[""nnn""]",[100.0],"[""nnnn"", ""nnn"", ""nn""]","[69.7, 27.58, 2.73]",0,15,83.33
C:/projects/myproject/QDQM/DS_Input/Internal/영업소.csv,영업소.csv,상위영업소코드,Master,C:/projects/myproject/QDQM/DS_Input/Internal/관리회계_사업.csv,관리회계_사업.csv,Master,정렬순서,"[""nnn""]",[100.0],"[""nnnn"", ""nnn"", ""nn""]","[75.97, 21.84, 2.18]",0,15,83.33
C:/projects/myproject/QDQM/DS_Input/Internal/영업소.csv,영업소.csv,상위영업소코드,Master,C:/projects/myproject/QDQM/DS_Input/Internal/관리회계_조직그룹상세.csv,관리회계_조직그룹상세.csv,Master,정렬순서,"[""nnn""]",[100.0],"[""nnnn"", ""nnn"", ""nn""]","[71.63, 25.79, 2.58]",0,15,83.33
C:/projects/myproject/QDQM/DS_Input/Internal/영업소.csv,영업소.csv,상위영업소코드,Master,C:/projects/myproject/QDQM/DS_Input/Internal/관리회계계정.csv,관리회계계정.csv,Master,정렬순서,"[""nnn""]",[100.0],"[""nnnn"", ""nnn"", ""nn""]","[75.85, 21.95, 2.2]",0,15,83.33
C:/projects/myproject/QDQM/DS_Input/Internal/영업소.csv,영업소.csv,상위영업소코드,Master,C:/projects/myproject/QDQM/DS_Input/Internal/배송점.csv,배송점.csv,Master,상위조직코드,"[""nnn""]",[100.0],"[""nnn"", ""nnnn""]","[98.97, 1.03]",0,15,83.33
C:/projects/myproject/QDQM/DS_Input/Internal/영업소.csv,영업소.csv,상위영업소코드,Master,C:/projects/myproject/QDQM/DS_Input/Internal/사업코드관리.csv,사업코드관리.csv,Master,정렬순서,"[""nnn""]",[100.0],"[""nnnn"", ""nnn"", ""nn""]","[71.39, 26.01, 2.6]",0,15,83.33
C:/projects/myproject/QDQM/DS_Input/Internal/영업소.csv,영업소.csv,상위영업소코드,Master,C:/projects/myproject/QDQM/DS_Input/Internal/관리회계_계정그룹상세.csv,관리회계_계정그룹상세.csv,Master,정렬순서,"[""nnn""]",[100.0],"[""nnn"", ""nn""]","[90.22, 9.78]",0,14,77.78
C:/projects/myproject/QDQM/DS_Input/Internal/영업소.csv,영업소.csv,상위영업소코드,Master,C:/projects/myproject/QDQM/DS_Input/Internal/택배_고객.csv,택배_고객.csv,Master,월예상물량,"[""nnn""]",[100.0],"[""nnn"", ""nnnn"", ""nnnnn"", ""n"", ""nn"", ""nnnnnn"", ""nnnnnnn""]","[56.55, 29.88, 5.17, 4.26, 3.99, 0.08, 0.06]",0,14,77.78
C:/projects/myproject/QDQM/DS_Input/Internal/영업소.csv,영업소.csv,상위영업소코드,Master,C:/projects/myproject/QDQM/DS_Input/Internal/조직터미널마스터.csv,조직터미널마스터.csv,Master,실제터미널조직코드,"[""nnn""]",[100.0],"[""nnn""]",[100.0],0,13,72.22
C:/projects/myproject/QDQM/DS_Input/Internal/영업소.csv,영업소.csv,상위영업소코드,Master,C:/projects/myproject/QDQM/DS_Input/Internal/선석.csv,선석.csv,Master,선석길이,"[""nnn""]",[100.0],"[""nnn"", ""n"", ""nn"", ""nnn.n"", ""nnnn""]","[78.43, 12.07, 7.57, 1.23, 0.72]",0,12,66.67
C:/projects/myproject/QDQM/DS_Input/Internal/영업소.csv,영업소.csv,설립일자,Master,Rule,Rule,Rule,DATECHAR,,0,,0,,145,100.0
C:/projects/myproject/QDQM/DS_Input/Internal/영업소.csv,영업소.csv,설립일자,Master,C:/projects/myproject/QDQM/DS_Input/Internal/CONTRACT.csv,CONTRACT.csv,Master,CONTRACT_DATE,"[""nnnnnnnn""]",[100.0],"[""nnnnnnnn""]",[100.0],0,51,71.83
C:/projects/myproject/QDQM/DS_Input/Internal/영업소.csv,영업소.csv,설립일자,Master,C:/projects/myproject/QDQM/DS_Input/Internal/CUSTOMER.csv,CUSTOMER.csv,Master,판매일,"[""nnnnnnnn""]",[100.0],"[""nnnnnnnn""]",[100.0],0,51,71.83
C:/projects/myproject/QDQM/DS_Input/Internal/영업소.csv,영업소.csv,설립일자,Master,C:/projects/myproject/QDQM/DS_Input/Internal/사원마스터.csv,사원마스터.csv,Master,근무시작일자,"[""nnnnnnnn""]",[100.0],"[""nnnnnnnn"", ""nnnnnn"", ""nnnn""]","[99.93, 0.04, 0.03]",0,51,71.83
C:/projects/myproject/QDQM/DS_Input/Internal/영업소.csv,영업소.csv,설립일자,Master,C:/projects/myproject/QDQM/DS_Input/Internal/기업고객.csv,기업고객.csv,Master,판매일,"[""nnnnnnnn""]",[100.0],"[""nnnnnnnn""]",[100.0],0,50,70.42
C:/projects/myproject/QDQM/DS_Input/Internal/영업소.csv,영업소.csv,설립일자,Master,C:/projects/myproject/QDQM/DS_Input/Internal/사원기본.csv,사원기본.csv,Master,시근일자,"[""nnnnnnnn""]",[100.0],"[""nnnnnnnn"", ""nnnnnn"", ""nnnn""]","[99.91, 0.08, 0.01]",0,48,67.61
C:/projects/myproject/QDQM/DS_Input/Internal/영업소.csv,영업소.csv,업무개시일,Master,Rule,Rule,Rule,DATECHAR,,0,,0,,146,100.0
C:/projects/myproject/QDQM/DS_Input/Internal/영업소.csv,영업소.csv,업무개시일,Master,C:/projects/myproject/QDQM/DS_Input/Internal/CUSTOMER.csv,CUSTOMER.csv,Master,판매일,"[""nnnnnnnn""]",[100.0],"[""nnnnnnnn""]",[100.0],0,60,86.96
C:/projects/myproject/QDQM/DS_Input/Internal/영업소.csv,영업소.csv,업무개시일,Master,C:/projects/myproject/QDQM/DS_Input/Internal/기업고객.csv,기업고객.csv,Master,판매일,"[""nnnnnnnn""]",[100.0],"[""nnnnnnnn""]",[100.0],0,59,85.51
C:/projects/myproject/QDQM/DS_Input/Internal/영업소.csv,영업소.csv,업무개시일,Master,C:/projects/myproject/QDQM/DS_Input/Internal/사원기본.csv,사원기본.csv,Master,시근일자,"[""nnnnnnnn""]",[100.0],"[""nnnnnnnn"", ""nnnnnn"", ""nnnn""]","[99.91, 0.08, 0.01]",0,58,84.06
C:/projects/myproject/QDQM/DS_Input/Internal/영업소.csv,영업소.csv,업무개시일,Master,C:/projects/myproject/QDQM/DS_Input/Internal/사원마스터.csv,사원마스터.csv,Master,근무시작일자,"[""nnnnnnnn""]",[100.0],"[""nnnnnnnn"", ""nnnnnn"", ""nnnn""]","[99.93, 0.04, 0.03]",0,57,82.61
C:/projects/myproject/QDQM/DS_Input/Internal/영업소.csv,영업소.csv,업무개시일,Master,C:/projects/myproject/QDQM/DS_Input/Internal/CONTRACT.csv,CONTRACT.csv,Master,CONTRACT_DATE,"[""nnnnnnnn""]",[100.0],"[""nnnnnnnn""]",[100.0],0,55,79.71
C:/projects/myproject/QDQM/DS_Input/Internal/영업소.csv,영업소.csv,업무개시일,Master,C:/projects/myproject/QDQM/DS_Input/Internal/사원기본.csv,사원기본.csv,Master,사직일자,"[""nnnnnnnn""]",[100.0],"[""nnnnnnnn""]",[100.0],0,43,62.32
C:/projects/myproject/QDQM/DS_Input/Internal/영업소.csv,영업소.csv,업무개시일,Master,C:/projects/myproject/QDQM/DS_Input/Internal/사원마스터.csv,사원마스터.csv,Master,사직일자,"[""nnnnnnnn""]",[100.0],"[""nnnnnnnn""]",[100.0],0,42,60.87
C:/projects/myproject/QDQM/DS_Input/Internal/영업소.csv,영업소.csv,업무종료일,Master,Rule,Rule,Rule,DATECHAR,,0,,0,,146,100.0
C:/projects/myproject/QDQM/DS_Input/Internal/영업소.csv,영업소.csv,업무중지일,Master,Rule,Rule,Rule,DATECHAR,,0,,0,,146,100.0
C:/projects/myproject/QDQM/DS_Input/Internal/영업소.csv,영업소.csv,영업소약명,Master,C:/projects/myproject/QDQM/DS_Input/Internal/영업소.csv,영업소.csv,Master,영업소명,"[""KK"", ""KKK"", ""An"", ""KK(KK)"", ""KKKK"", ""AAA"", ""KK(KKK)"", ""KK(KKKK)"", ""KKn"", ""Ann""]","[58.22, 14.38, 11.64, 2.74, 2.05, 1.37, 1.37, 1.37, 1.37, 1.37]","[""KK"", ""KKKK"", ""An"", ""KKK"", ""KK(KK)"", ""KK(KKKK)"", ""KK(KKKKK)"", ""KK(KKK)"", ""Ann"", ""nAA(KK)""]","[42.47, 12.33, 11.64, 10.96, 4.11, 2.05, 2.05, 1.37, 1.37, 1.37]",0,109,82.58
C:/projects/myproject/QDQM/DS_Input/Internal/영업소.csv,영업소.csv,영업소코드,Master,C:/projects/myproject/QDQM/DS_Input/Internal/CUSTOMER.csv,CUSTOMER.csv,Master,집하지대번지,"[""nnn"", ""Ann""]","[99.32, 0.68]","[""nnn"", ""nn"", ""nnnn"", ""n"", ""nnn-n"", ""nnn-nn"", ""KKK"", ""Aaa-nn"", ""."", ""nn-nn""]","[53.98, 15.4, 10.79, 6.38, 4.23, 2.53, 2.05, 0.68, 0.61, 0.61]",0,129,88.36
C:/projects/myproject/QDQM/DS_Input/Internal/영업소.csv,영업소.csv,영업소코드,Master,C:/projects/myproject/QDQM/DS_Input/Internal/ORGNIZATION.csv,ORGNIZATION.csv,Master,조직코드,"[""nnn"", ""Ann""]","[99.32, 0.68]","[""nnnn"", ""nnn"", ""AAAAA"", ""AAAAAAA"", ""nnnnnn"", ""AAAA"", ""AA"", ""nnnnnnn"", ""nnnnn"", ""AAA""]","[78.96, 14.52, 2.4, 2.4, 1.02, 0.42, 0.13, 0.05, 0.05, 0.03]",0,105,71.92
C:/projects/myproject/QDQM/DS_Input/Internal/영업소.csv,영업소.csv,영업소코드,Master,C:/projects/myproject/QDQM/DS_Input/Internal/조직터미널마스터.csv,조직터미널마스터.csv,Master,터미널조직코드,"[""nnn"", ""Ann""]","[99.32, 0.68]","[""nnn""]",[100.0],0,105,71.92
C:/projects/myproject/QDQM/DS_Input/Internal/영업소.csv,영업소.csv,영업소코드,Master,C:/projects/myproject/QDQM/DS_Input/Internal/택배_조직도.csv,택배_조직도.csv,Master,조직코드,"[""nnn"", ""Ann""]","[99.32, 0.68]","[""nnnn"", ""nnn"", ""AAAAA"", ""AAAAAAA"", ""nnnnnn"", ""AAAA"", ""AA"", ""nnnnnnn"", ""nnnnn"", ""AAA""]","[78.96, 14.52, 2.4, 2.4, 1.02, 0.42, 0.13, 0.05, 0.05, 0.03]",0,105,71.92
C:/projects/myproject/QDQM/DS_Input/Internal/영업소.csv,영업소.csv,영업소코드,Master,C:/projects/myproject/QDQM/DS_Input/Internal/ORGNIZATION.csv,ORGNIZATION.csv,Master,상위조직코드,"[""nnn"", ""Ann""]","[99.32, 0.68]","[""nnn"", ""AAAAAAA"", ""AAAAA"", ""nnnn"", ""AAAAAA"", ""AAA""]","[80.04, 12.45, 6.2, 1.05, 0.24, 0.03]",0,100,68.49
C:/projects/myproject/QDQM/DS_Input/Internal/영업소.csv,영업소.csv,영업소코드,Master,C:/projects/myproject/QDQM/DS_Input/Internal/택배_조직도.csv,택배_조직도.csv,Master,상위조직코드,"[""nnn"", ""Ann""]","[99.32, 0.68]","[""nnn"", ""AAAAAAA"", ""AAAAA"", ""nnnn"", ""AAAAAA"", ""AAA""]","[80.04, 12.45, 6.2, 1.05, 0.24, 0.03]",0,100,68.49
C:/projects/myproject/QDQM/DS_Input/Internal/영업소.csv,영업소.csv,영업소코드,Master,C:/projects/myproject/QDQM/DS_Input/Internal/배송점.csv,배송점.csv,Master,상위조직코드,"[""nnn"", ""Ann""]","[99.32, 0.68]","[""nnn"", ""nnnn""]","[98.97, 1.03]",0,91,62.33
C:/projects/myproject/QDQM/DS_Input/Internal/영업소.csv,영업소.csv,우편번호,Master,C:/projects/myproject/QDQM/DS_Input/Reference/우편번호구3.csv,우편번호구3.csv,Reference,우편번호구3,"[""nnnnnn""]",[100.0],"[""nnnnnn"", ""nnn-nnn""]","[50.0, 50.0]",3,54,98.18
C:/projects/myproject/QDQM/DS_Input/Internal/영업소.csv,영업소.csv,우편번호,Master,C:/projects/myproject/QDQM/DS_Input/Internal/택배_고객.csv,택배_고객.csv,Master,집하지우편번호,"[""nnnnnn""]",[100.0],"[""nnnnnn"", ""nnnnn""]","[99.01, 0.99]",0,54,72.97
C:/projects/myproject/QDQM/DS_Input/Internal/영업소.csv,영업소.csv,우편번호,Master,C:/projects/myproject/QDQM/DS_Input/Internal/택배_고객.csv,택배_고객.csv,Master,고객 청구지우편번호,"[""nnnnnn""]",[100.0],"[""nnnnnn"", ""nnnnn"", ""nnn""]","[98.25, 1.74, 0.01]",0,47,63.51
C:/projects/myproject/QDQM/DS_Input/Internal/영업소.csv,영업소.csv,우편번호,Master,C:/projects/myproject/QDQM/DS_Input/Internal/CONTRACT.csv,CONTRACT.csv,Master,ZIP,"[""nnnnnn""]",[100.0],"[""nnnnnn"", ""nnnnn"", ""nnnn""]","[81.51, 14.99, 3.5]",0,46,62.16
C:/projects/myproject/QDQM/DS_Input/Internal/영업소.csv,영업소.csv,우편번호,Master,C:/projects/myproject/QDQM/DS_Input/Internal/택배_고객.csv,택배_고객.csv,Master,사업자등록우편번호,"[""nnnnnn""]",[100.0],"[""nnnnnn"", ""nnnnn""]","[97.38, 2.62]",0,46,62.16
C:/projects/myproject/QDQM/DS_Input/Internal/영업소.csv,영업소.csv,우편번호,Master,C:/projects/myproject/QDQM/DS_Input/Internal/CUSTOMER.csv,CUSTOMER.csv,Master,우편번호,"[""nnnnnn""]",[100.0],"[""nnnnnn"", ""nnnnn"", ""nnn-n""]","[83.37, 16.62, 0.01]",0,45,60.81
C:/projects/myproject/QDQM/DS_Input/Internal/영업소.csv,영업소.csv,우편번호,Master,C:/projects/myproject/QDQM/DS_Input/Internal/기업고객.csv,기업고객.csv,Master,기업우편번호,"[""nnnnnn""]",[100.0],"[""nnnnnn"", ""nnnnn"", ""nnnn"", ""nnn-n""]","[83.37, 9.95, 6.67, 0.01]",0,45,60.81
C:/projects/myproject/QDQM/DS_Input/Internal/영업소.csv,영업소.csv,유효기간,Master,Rule,Rule,Rule,DATECHAR,,0,,0,,146,100.0
C:/projects/myproject/QDQM/DS_Input/Internal/영업소.csv,영업소.csv,주소,Master,Rule,Rule,Rule,ADDRESS,,0,,0,,134,100.0
C:/projects/myproject/QDQM/DS_Input/Internal/영업소.csv,영업소.csv,지역구분,Master,C:/projects/myproject/QDQM/DS_Input/Internal/CUSTOMER.csv,CUSTOMER.csv,Master,집하지대번지,"[""nn""]",[100.0],"[""nnn"", ""nn"", ""nnnn"", ""n"", ""nnn-n"", ""nnn-nn"", ""KKK"", ""Aaa-nn"", ""."", ""nn-nn""]","[53.98, 15.4, 10.79, 6.38, 4.23, 2.53, 2.05, 0.68, 0.61, 0.61]",0,14,100.0
C:/projects/myproject/QDQM/DS_Input/Internal/영업소.csv,영업소.csv,지역구분,Master,C:/projects/myproject/QDQM/DS_Input/Test/Z검증용데이터.csv,Z검증용데이터.csv,Test,수량,"[""nn""]",[100.0],"[""nn"", ""n"", ""nnn"", ""nnnnnn"", ""nnnnn"", ""nnnnnnn""]","[79.49, 19.1, 1.1, 0.21, 0.05, 0.05]",0,14,100.0
C:/projects/myproject/QDQM/DS_Input/Internal/영업소.csv,영업소.csv,지역구분,Master,C:/projects/myproject/QDQM/DS_Input/Internal/CUSTOMER.csv,CUSTOMER.csv,Master,집하지소번지,"[""nn""]",[100.0],"[""n"", ""nn"", ""nnn"", ""KK"", ""nK"", ""nnnn"", ""nnn-"", ""K"", ""nnK nnK"", ""/""]","[57.73, 34.11, 5.41, 0.86, 0.7, 0.38, 0.16, 0.16, 0.11, 0.05]",0,13,92.86
C:/projects/myproject/QDQM/DS_Input/Internal/영업소.csv,영업소.csv,지역구분,Master,C:/projects/myproject/QDQM/DS_Input/Internal/상품분류.csv,상품분류.csv,Master,상품코드,"[""nn""]",[100.0],"[""nn"", ""Ann"", ""nnA"", ""AAA"", ""AA"", ""nnn"", ""AAn"", ""n""]","[37.5, 28.95, 15.13, 8.55, 5.26, 2.63, 1.32, 0.66]",0,11,78.57
C:/projects/myproject/QDQM/DS_Input/Internal/영업소.csv,영업소.csv,지역구분,Master,C:/projects/myproject/QDQM/DS_Input/Internal/상품코드.csv,상품코드.csv,Master,상품코드,"[""nn""]",[100.0],"[""nn"", ""Ann"", ""nnA"", ""AAA"", ""AA"", ""nnn"", ""AAn"", ""n""]","[37.5, 28.95, 15.13, 8.55, 5.26, 2.63, 1.32, 0.66]",0,11,78.57
C:/projects/myproject/QDQM/DS_Input/Internal/영업소.csv,영업소.csv,지역구분,Master,C:/projects/myproject/QDQM/DS_Input/Internal/조직터미널마스터.csv,조직터미널마스터.csv,Master,unitiz_goal,"[""nn""]",[100.0],"[""n"", ""nn"", ""nnn""]","[84.53, 14.21, 1.26]",0,11,78.57
C:/projects/myproject/QDQM/DS_Input/Internal/영업소.csv,영업소.csv,지역구분,Master,C:/projects/myproject/QDQM/DS_Input/Internal/택배_고객.csv,택배_고객.csv,Master,업종구분,"[""nn""]",[100.0],"[""nn""]",[100.0],0,11,78.57
C:/projects/myproject/QDQM/DS_Input/Internal/영업소.csv,영업소.csv,지역구분,Master,C:/projects/myproject/QDQM/DS_Input/Internal/관리회계_조직그룹.csv,관리회계_조직그룹.csv,Master,정렬순서,"[""nn""]",[100.0],"[""nn"", ""nnn""]","[90.0, 10.0]",0,9,64.29
C:/projects/myproject/QDQM/DS_Input/Internal/영업소.csv,영업소.csv,최종변경일시,Master,Rule,Rule,Rule,TIME,,0,,0,,146,100.0
C:/projects/myproject/QDQM/DS_Input/Internal/조직_수입관리.csv,조직_수입관리.csv,ETL일시,Master,Rule,Rule,Rule,TIMESTAMP,,0,,0,,196,100.0
C:/projects/myproject/QDQM/DS_Input/Internal/조직_수입관리.csv,조직_수입관리.csv,OIO_CHG_MDH,Master,Rule,Rule,Rule,TIMESTAMP,,0,,0,,61,100.0
C:/projects/myproject/QDQM/DS_Input/Internal/조직_수입관리.csv,조직_수입관리.csv,OIO_END_YMD,Master,Rule,Rule,Rule,DATECHAR,,0,,0,,60,100.0
C:/projects/myproject/QDQM/DS_Input/Internal/조직_수입관리.csv,조직_수입관리.csv,OIO_ORG_COD,Master,C:/projects/myproject/QDQM/DS_Input/Internal/지점코드.csv,지점코드.csv,Master,OIO_ORG_COD,"[""AAAAA"", ""AAAAn"", ""AAAA"", ""A/A"", ""AAAnn""]","[95.92, 2.55, 0.51, 0.51, 0.51]","[""AAAAA"", ""AAAAn"", ""AAAA"", ""A/A"", ""AAAnn""]","[95.92, 2.55, 0.51, 0.51, 0.51]",0,196,100.0
C:/projects/myproject/QDQM/DS_Input/Internal/조직_수입관리.csv,조직_수입관리.csv,OIO_ORG_NAM,Master,C:/projects/myproject/QDQM/DS_Input/Internal/지점코드.csv,지점코드.csv,Master,OIO_ORG_NAM,"[""KKKKKK"", ""KKKK"", ""KKKKK"", ""(K)KKKKKKK"", ""(K)KKKKKK"", ""KKKKKKK"", ""KKKKKKKK"", ""KKK"", ""KKKK KKK"", ""(K)KKKKKKKK""]","[37.24, 9.18, 8.16, 7.14, 6.63, 6.63, 5.1, 2.55, 2.04, 1.53]","[""KKKKKK"", ""KKKK"", ""KKKKK"", ""(K)KKKKKKK"", ""(K)KKKKKK"", ""KKKKKKK"", ""KKKKKKKK"", ""KKK"", ""KKKK KKK"", ""(K)KKKKKKKK""]","[37.24, 9.18, 8.16, 7.14, 6.63, 6.63, 5.1, 2.55, 2.04, 1.53]",0,196,100.0
C:/projects/myproject/QDQM/DS_Input/Internal/조직_수입관리.csv,조직_수입관리.csv,OIO_ORG_NAM,Master,C:/projects/myproject/QDQM/DS_Input/Internal/사용자.csv,사용자.csv,Master,팀명,"[""KKKKKK"", ""KKKK"", ""KKKKK"", ""(K)KKKKKKK"", ""(K)KKKKKK"", ""KKKKKKK"", ""KKKKKKKK"", ""KKK"", ""KKKK KKK"", ""(K)KKKKKKKK""]","[37.24, 9.18, 8.16, 7.14, 6.63, 6.63, 5.1, 2.55, 2.04, 1.53]","[""KKK"", ""KKKsssssss"", ""KKKKKK"", ""KKKKKsssss"", ""KKKKK"", ""KKKK"", ""KKKKKKssss"", ""KKKKKKK"", ""KKAAAK"", ""KKnKssssss""]","[17.99, 16.55, 13.34, 12.53, 6.74, 4.65, 3.39, 3.34, 2.91, 2.87]",0,119,60.71
C:/projects/myproject/QDQM/DS_Input/Internal/조직_수입관리.csv,조직_수입관리.csv,OIO_ORG_NCD,Master,C:/projects/myproject/QDQM/DS_Input/Internal/지점코드.csv,지점코드.csv,Master,OIO_ORG_NCD,"[""nnnn""]",[100.0],"[""nnnn""]",[100.0],0,187,100.0
C:/projects/myproject/QDQM/DS_Input/Internal/조직_수입관리.csv,조직_수입관리.csv,OIO_ORG_NCD,Master,C:/projects/myproject/QDQM/DS_Input/Internal/사용자.csv,사용자.csv,Master,점소코드,"[""nnnn""]",[100.0],"[""nnnn""]",[100.0],0,172,91.98
C:/projects/myproject/QDQM/DS_Input/Internal/조직_수입관리.csv,조직_수입관리.csv,OIO_ORG_NCD,Master,C:/projects/myproject/QDQM/DS_Input/Test/Z사용자.csv,Z사용자.csv,Test,점소코드,"[""nnnn""]",[100.0],"[""nnnn""]",[100.0],0,151,80.75
C:/projects/myproject/QDQM/DS_Input/Internal/조직_수입관리.csv,조직_수입관리.csv,OIO_PIN_COD,Master,C:/projects/myproject/QDQM/DS_Input/Internal/지점코드.csv,지점코드.csv,Master,OIO_PIN_COD,"[""AAAAAAA"", ""AAAAAAAA"", ""AAAAAA"", ""AAAAA""]","[67.61, 28.41, 2.27, 1.7]","[""AAAAAAA"", ""AAAAAAAA"", ""AAAAAA"", ""AAAAA""]","[67.61, 28.41, 2.27, 1.7]",0,128,100.0
C:/projects/myproject/QDQM/DS_Input/Internal/조직_수입관리.csv,조직_수입관리.csv,최종변경일시,Master,Rule,Rule,Rule,TIMESTAMP,,0,,0,,196,100.0
C:/projects/myproject/QDQM/DS_Input/Internal/조직터미널마스터.csv,조직터미널마스터.csv,ETL일시,Master,Rule,Rule,Rule,TIMESTAMP,,0,,0,,557,100.0
C:/projects/myproject/QDQM/DS_Input/Internal/조직터미널마스터.csv,조직터미널마스터.csv,load_chute_cnt,Master,C:/projects/myproject/QDQM/DS_Input/Internal/CUSTOMER.csv,CUSTOMER.csv,Master,집하지소번지,"[""n"", ""nn"", ""nnn""]","[91.55, 5.04, 3.42]","[""n"", ""nn"", ""nnn"", ""KK"", ""nK"", ""nnnn"", ""nnn-"", ""K"", ""nnK nnK"", ""/""]","[57.73, 34.11, 5.41, 0.86, 0.7, 0.38, 0.16, 0.16, 0.11, 0.05]",0,17,94.44
C:/projects/myproject/QDQM/DS_Input/Internal/조직터미널마스터.csv,조직터미널마스터.csv,load_chute_cnt,Master,C:/projects/myproject/QDQM/DS_Input/Internal/미배송사유코드.csv,미배송사유코드.csv,Master,사유코드,"[""n"", ""nn"", ""nnn""]","[91.55, 5.04, 3.42]","[""nn"", ""n""]","[52.88, 47.12]",0,14,77.78
C:/projects/myproject/QDQM/DS_Input/Internal/조직터미널마스터.csv,조직터미널마스터.csv,load_chute_cnt,Master,C:/projects/myproject/QDQM/DS_Input/Internal/조직터미널마스터.csv,조직터미널마스터.csv,Master,unload_chute_cnt,"[""n"", ""nn"", ""nnn""]","[91.55, 5.04, 3.42]","[""n"", ""nn""]","[96.13, 3.87]",0,11,61.11
C:/projects/myproject/QDQM/DS_Input/Internal/조직터미널마스터.csv,조직터미널마스터.csv,load_chute_cnt,Master,C:/projects/myproject/QDQM/DS_Input/Internal/택배_조직도.csv,택배_조직도.csv,Master,정렬순서,"[""n"", ""nn"", ""nnn""]","[91.55, 5.04, 3.42]","[""n"", ""nn""]","[95.18, 4.82]",0,11,61.11
C:/projects/myproject/QDQM/DS_Input/Internal/조직터미널마스터.csv,조직터미널마스터.csv,unitiz_goal,Master,C:/projects/myproject/QDQM/DS_Input/Internal/CUSTOMER.csv,CUSTOMER.csv,Master,집하지대번지,"[""n"", ""nn"", ""nnn""]","[84.53, 14.21, 1.26]","[""nnn"", ""nn"", ""nnnn"", ""n"", ""nnn-n"", ""nnn-nn"", ""KKK"", ""Aaa-nn"", ""."", ""nn-nn""]","[53.98, 15.4, 10.79, 6.38, 4.23, 2.53, 2.05, 0.68, 0.61, 0.61]",0,38,100.0
C:/projects/myproject/QDQM/DS_Input/Internal/조직터미널마스터.csv,조직터미널마스터.csv,unitiz_goal,Master,C:/projects/myproject/QDQM/DS_Input/Internal/CUSTOMER.csv,CUSTOMER.csv,Master,집하지소번지,"[""n"", ""nn"", ""nnn""]","[84.53, 14.21, 1.26]","[""n"", ""nn"", ""nnn"", ""KK"", ""nK"", ""nnnn"", ""nnn-"", ""K"", ""nnK nnK"", ""/""]","[57.73, 34.11, 5.41, 0.86, 0.7, 0.38, 0.16, 0.16, 0.11, 0.05]",0,33,86.84
C:/projects/myproject/QDQM/DS_Input/Internal/조직터미널마스터.csv,조직터미널마스터.csv,unitiz_goal,Master,C:/projects/myproject/QDQM/DS_Input/Internal/선박.csv,선박.csv,Master,총중량,"[""n"", ""nn"", ""nnn""]","[84.53, 14.21, 1.26]","[""nnnnn"", ""nnnn"", ""n"", ""nnn"", ""nnnnnn"", ""nn""]","[55.07, 22.24, 11.9, 5.58, 3.92, 1.28]",0,25,65.79
C:/projects/myproject/QDQM/DS_Input/Internal/조직터미널마스터.csv,조직터미널마스터.csv,unitiz_goal,Master,C:/projects/myproject/QDQM/DS_Input/Internal/상품분류.csv,상품분류.csv,Master,상품코드,"[""n"", ""nn"", ""nnn""]","[84.53, 14.21, 1.26]","[""nn"", ""Ann"", ""nnA"", ""AAA"", ""AA"", ""nnn"", ""AAn"", ""n""]","[37.5, 28.95, 15.13, 8.55, 5.26, 2.63, 1.32, 0.66]",0,24,63.16
C:/projects/myproject/QDQM/DS_Input/Internal/조직터미널마스터.csv,조직터미널마스터.csv,unitiz_goal,Master,C:/projects/myproject/QDQM/DS_Input/Internal/상품코드.csv,상품코드.csv,Master,상품코드,"[""n"", ""nn"", ""nnn""]","[84.53, 14.21, 1.26]","[""nn"", ""Ann"", ""nnA"", ""AAA"", ""AA"", ""nnn"", ""AAn"", ""n""]","[37.5, 28.95, 15.13, 8.55, 5.26, 2.63, 1.32, 0.66]",0,24,63.16
C:/projects/myproject/QDQM/DS_Input/Internal/조직터미널마스터.csv,조직터미널마스터.csv,unload_chute_cnt,Master,C:/projects/myproject/QDQM/DS_Input/Internal/CUSTOMER.csv,CUSTOMER.csv,Master,집하지소번지,"[""n"", ""nn""]","[96.13, 3.87]","[""n"", ""nn"", ""nnn"", ""KK"", ""nK"", ""nnnn"", ""nnn-"", ""K"", ""nnK nnK"", ""/""]","[57.73, 34.11, 5.41, 0.86, 0.7, 0.38, 0.16, 0.16, 0.11, 0.05]",0,11,100.0
C:/projects/myproject/QDQM/DS_Input/Internal/조직터미널마스터.csv,조직터미널마스터.csv,unload_chute_cnt,Master,C:/projects/myproject/QDQM/DS_Input/Internal/조직터미널마스터.csv,조직터미널마스터.csv,Master,load_chute_cnt,"[""n"", ""nn""]","[96.13, 3.87]","[""n"", ""nn"", ""nnn""]","[91.55, 5.04, 3.42]",0,11,100.0
C:/projects/myproject/QDQM/DS_Input/Internal/조직터미널마스터.csv,조직터미널마스터.csv,unload_chute_cnt,Master,C:/projects/myproject/QDQM/DS_Input/Internal/미배송사유코드.csv,미배송사유코드.csv,Master,사유코드,"[""n"", ""nn""]","[96.13, 3.87]","[""nn"", ""n""]","[52.88, 47.12]",0,10,90.91
C:/projects/myproject/QDQM/DS_Input/Internal/조직터미널마스터.csv,조직터미널마스터.csv,unload_chute_cnt,Master,C:/projects/myproject/QDQM/DS_Input/Internal/택배_조직도.csv,택배_조직도.csv,Master,정렬순서,"[""n"", ""nn""]","[96.13, 3.87]","[""n"", ""nn""]","[95.18, 4.82]",0,10,90.91
C:/projects/myproject/QDQM/DS_Input/Internal/조직터미널마스터.csv,조직터미널마스터.csv,unload_chute_cnt,Master,C:/projects/myproject/QDQM/DS_Input/Test/Z검증용데이터.csv,Z검증용데이터.csv,Test,수량,"[""n"", ""nn""]","[96.13, 3.87]","[""nn"", ""n"", ""nnn"", ""nnnnnn"", ""nnnnn"", ""nnnnnnn""]","[79.49, 19.1, 1.1, 0.21, 0.05, 0.05]",0,10,90.91
C:/projects/myproject/QDQM/DS_Input/Internal/조직터미널마스터.csv,조직터미널마스터.csv,unload_chute_cnt,Master,C:/projects/myproject/QDQM/DS_Input/Internal/test.csv,test.csv,Master,ID,"[""n"", ""nn""]","[96.13, 3.87]","[""nn"", ""n""]","[71.88, 28.12]",0,9,81.82
C:/projects/myproject/QDQM/DS_Input/Internal/조직터미널마스터.csv,조직터미널마스터.csv,등록일시,Master,Rule,Rule,Rule,TIMESTAMP,,0,,0,,27,100.0
C:/projects/myproject/QDQM/DS_Input/Internal/조직터미널마스터.csv,조직터미널마스터.csv,생성일시,Master,Rule,Rule,Rule,TIMESTAMP,,0,,0,,122,100.0
C:/projects/myproject/QDQM/DS_Input/Internal/조직터미널마스터.csv,조직터미널마스터.csv,실제터미널조직코드,Master,C:/projects/myproject/QDQM/DS_Input/Internal/ORGNIZATION.csv,ORGNIZATION.csv,Master,조직코드,"[""nnn""]",[100.0],"[""nnnn"", ""nnn"", ""AAAAA"", ""AAAAAAA"", ""nnnnnn"", ""AAAA"", ""AA"", ""nnnnnnn"", ""nnnnn"", ""AAA""]","[78.96, 14.52, 2.4, 2.4, 1.02, 0.42, 0.13, 0.05, 0.05, 0.03]",0,426,100.0
C:/projects/myproject/QDQM/DS_Input/Internal/조직터미널마스터.csv,조직터미널마스터.csv,실제터미널조직코드,Master,C:/projects/myproject/QDQM/DS_Input/Internal/조직터미널마스터.csv,조직터미널마스터.csv,Master,터미널조직코드,"[""nnn""]",[100.0],"[""nnn""]",[100.0],0,426,100.0
C:/projects/myproject/QDQM/DS_Input/Internal/조직터미널마스터.csv,조직터미널마스터.csv,실제터미널조직코드,Master,C:/projects/myproject/QDQM/DS_Input/Internal/택배_조직도.csv,택배_조직도.csv,Master,조직코드,"[""nnn""]",[100.0],"[""nnnn"", ""nnn"", ""AAAAA"", ""AAAAAAA"", ""nnnnnn"", ""AAAA"", ""AA"", ""nnnnnnn"", ""nnnnn"", ""AAA""]","[78.96, 14.52, 2.4, 2.4, 1.02, 0.42, 0.13, 0.05, 0.05, 0.03]",0,426,100.0
C:/projects/myproject/QDQM/DS_Input/Internal/조직터미널마스터.csv,조직터미널마스터.csv,실제터미널조직코드,Master,C:/projects/myproject/QDQM/DS_Input/Internal/ORGNIZATION.csv,ORGNIZATION.csv,Master,상위조직코드,"[""nnn""]",[100.0],"[""nnn"", ""AAAAAAA"", ""AAAAA"", ""nnnn"", ""AAAAAA"", ""AAA""]","[80.04, 12.45, 6.2, 1.05, 0.24, 0.03]",0,370,86.85
C:/projects/myproject/QDQM/DS_Input/Internal/조직터미널마스터.csv,조직터미널마스터.csv,실제터미널조직코드,Master,C:/projects/myproject/QDQM/DS_Input/Internal/택배_조직도.csv,택배_조직도.csv,Master,상위조직코드,"[""nnn""]",[100.0],"[""nnn"", ""AAAAAAA"", ""AAAAA"", ""nnnn"", ""AAAAAA"", ""AAA""]","[80.04, 12.45, 6.2, 1.05, 0.24, 0.03]",0,370,86.85
C:/projects/myproject/QDQM/DS_Input/Internal/조직터미널마스터.csv,조직터미널마스터.csv,실제터미널조직코드,Master,C:/projects/myproject/QDQM/DS_Input/Internal/배송점.csv,배송점.csv,Master,상위조직코드,"[""nnn""]",[100.0],"[""nnn"", ""nnnn""]","[98.97, 1.03]",0,305,71.6
C:/projects/myproject/QDQM/DS_Input/Internal/조직터미널마스터.csv,조직터미널마스터.csv,실제터미널조직코드,Master,C:/projects/myproject/QDQM/DS_Input/Internal/CUSTOMER.csv,CUSTOMER.csv,Master,집하지대번지,"[""nnn""]",[100.0],"[""nnn"", ""nn"", ""nnnn"", ""n"", ""nnn-n"", ""nnn-nn"", ""KKK"", ""Aaa-nn"", ""."", ""nn-nn""]","[53.98, 15.4, 10.79, 6.38, 4.23, 2.53, 2.05, 0.68, 0.61, 0.61]",0,276,64.79
C:/projects/myproject/QDQM/DS_Input/Internal/조직터미널마스터.csv,조직터미널마스터.csv,최종사원업데이트일시,Master,Rule,Rule,Rule,TIMESTAMP,,0,,0,,556,100.0
C:/projects/myproject/QDQM/DS_Input/Internal/조직터미널마스터.csv,조직터미널마스터.csv,최종업데이트사원번호,Master,C:/projects/myproject/QDQM/DS_Input/Internal/ORGNIZATION.csv,ORGNIZATION.csv,Master,최종수정자,"[""nnnnnnn""]",[100.0],"[""nnnnnnn""]",[100.0],0,40,100.0
C:/projects/myproject/QDQM/DS_Input/Internal/조직터미널마스터.csv,조직터미널마스터.csv,최종업데이트사원번호,Master,C:/projects/myproject/QDQM/DS_Input/Internal/택배_조직도.csv,택배_조직도.csv,Master,최종업데이트사원번호,"[""nnnnnnn""]",[100.0],"[""nnnnnnn""]",[100.0],0,40,100.0
C:/projects/myproject/QDQM/DS_Input/Internal/조직터미널마스터.csv,조직터미널마스터.csv,최종업데이트사원번호,Master,C:/projects/myproject/QDQM/DS_Input/Internal/택배_조직도.csv,택배_조직도.csv,Master,최종변경사용자ID,"[""nnnnnnn""]",[100.0],"[""AAA"", ""nnnnnnn"", ""aaa"", ""aaaaa""]","[68.23, 29.73, 1.8, 0.24]",0,39,97.5
C:/projects/myproject/QDQM/DS_Input/Internal/조직터미널마스터.csv,조직터미널마스터.csv,최종업데이트사원번호,Master,C:/projects/myproject/QDQM/DS_Input/Internal/사용자.csv,사용자.csv,Master,사원번호,"[""nnnnnnn""]",[100.0],"[""nnnnnnn"", ""Annnnnn"", ""AAAnnnn"", ""AAnnnnn"", ""nnnnnn"", ""annnnnn"", ""aaaaaa"", ""aaannnn"", ""KKK"", ""nnnn""]","[95.0, 2.14, 1.73, 0.8, 0.1, 0.04, 0.04, 0.04, 0.03, 0.01]",0,32,80.0
C:/projects/myproject/QDQM/DS_Input/Internal/조직터미널마스터.csv,조직터미널마스터.csv,최종업데이트사원번호,Master,C:/projects/myproject/QDQM/DS_Input/Internal/배송점.csv,배송점.csv,Master,최종수정자,"[""nnnnnnn""]",[100.0],"[""nnnnnnn""]",[100.0],0,26,65.0
C:/projects/myproject/QDQM/DS_Input/Internal/조직터미널마스터.csv,조직터미널마스터.csv,최종업데이트일시,Master,Rule,Rule,Rule,TIMESTAMP,,0,,0,,557,100.0
C:/projects/myproject/QDQM/DS_Input/Internal/조직터미널마스터.csv,조직터미널마스터.csv,터미널영문코드,Master,C:/projects/myproject/QDQM/DS_Input/Reference/Airline_IATA.csv,Airline_IATA.csv,Reference,Airline_IATA,"[""AA""]",[100.0],"[""AA"", ""An"", ""nA""]","[58.44, 20.87, 20.69]",0,258,97.73
C:/projects/myproject/QDQM/DS_Input/Internal/조직터미널마스터.csv,조직터미널마스터.csv,터미널조직코드,Master,C:/projects/myproject/QDQM/DS_Input/Internal/ORGNIZATION.csv,ORGNIZATION.csv,Master,조직코드,"[""nnn""]",[100.0],"[""nnnn"", ""nnn"", ""AAAAA"", ""AAAAAAA"", ""nnnnnn"", ""AAAA"", ""AA"", ""nnnnnnn"", ""nnnnn"", ""AAA""]","[78.96, 14.52, 2.4, 2.4, 1.02, 0.42, 0.13, 0.05, 0.05, 0.03]",0,557,100.0
C:/projects/myproject/QDQM/DS_Input/Internal/조직터미널마스터.csv,조직터미널마스터.csv,터미널조직코드,Master,C:/projects/myproject/QDQM/DS_Input/Internal/택배_조직도.csv,택배_조직도.csv,Master,조직코드,"[""nnn""]",[100.0],"[""nnnn"", ""nnn"", ""AAAAA"", ""AAAAAAA"", ""nnnnnn"", ""AAAA"", ""AA"", ""nnnnnnn"", ""nnnnn"", ""AAA""]","[78.96, 14.52, 2.4, 2.4, 1.02, 0.42, 0.13, 0.05, 0.05, 0.03]",0,557,100.0
C:/projects/myproject/QDQM/DS_Input/Internal/조직터미널마스터.csv,조직터미널마스터.csv,터미널조직코드,Master,C:/projects/myproject/QDQM/DS_Input/Internal/ORGNIZATION.csv,ORGNIZATION.csv,Master,상위조직코드,"[""nnn""]",[100.0],"[""nnn"", ""AAAAAAA"", ""AAAAA"", ""nnnn"", ""AAAAAA"", ""AAA""]","[80.04, 12.45, 6.2, 1.05, 0.24, 0.03]",0,499,89.59
C:/projects/myproject/QDQM/DS_Input/Internal/조직터미널마스터.csv,조직터미널마스터.csv,터미널조직코드,Master,C:/projects/myproject/QDQM/DS_Input/Internal/택배_조직도.csv,택배_조직도.csv,Master,상위조직코드,"[""nnn""]",[100.0],"[""nnn"", ""AAAAAAA"", ""AAAAA"", ""nnnn"", ""AAAAAA"", ""AAA""]","[80.04, 12.45, 6.2, 1.05, 0.24, 0.03]",0,499,89.59
C:/projects/myproject/QDQM/DS_Input/Internal/조직터미널마스터.csv,조직터미널마스터.csv,터미널조직코드,Master,C:/projects/myproject/QDQM/DS_Input/Internal/배송점.csv,배송점.csv,Master,상위조직코드,"[""nnn""]",[100.0],"[""nnn"", ""nnnn""]","[98.97, 1.03]",0,429,77.02
C:/projects/myproject/QDQM/DS_Input/Internal/조직터미널마스터.csv,조직터미널마스터.csv,터미널조직코드,Master,C:/projects/myproject/QDQM/DS_Input/Internal/조직터미널마스터.csv,조직터미널마스터.csv,Master,실제터미널조직코드,"[""nnn""]",[100.0],"[""nnn""]",[100.0],0,426,76.48
C:/projects/myproject/QDQM/DS_Input/Internal/조직터미널마스터.csv,조직터미널마스터.csv,터미널조직코드,Master,C:/projects/myproject/QDQM/DS_Input/Internal/CUSTOMER.csv,CUSTOMER.csv,Master,집하지대번지,"[""nnn""]",[100.0],"[""nnn"", ""nn"", ""nnnn"", ""n"", ""nnn-n"", ""nnn-nn"", ""KKK"", ""Aaa-nn"", ""."", ""nn-nn""]","[53.98, 15.4, 10.79, 6.38, 4.23, 2.53, 2.05, 0.68, 0.61, 0.61]",0,382,68.58
C:/projects/myproject/QDQM/DS_Input/Internal/지점코드.csv,지점코드.csv,ETL일시,Master,Rule,Rule,Rule,TIME,,0,,0,,196,100.0
C:/projects/myproject/QDQM/DS_Input/Internal/지점코드.csv,지점코드.csv,OIO_ORG_COD,Master,C:/projects/myproject/QDQM/DS_Input/Internal/조직_수입관리.csv,조직_수입관리.csv,Master,OIO_ORG_COD,"[""AAAAA"", ""AAAAn"", ""AAAA"", ""A/A"", ""AAAnn""]","[95.92, 2.55, 0.51, 0.51, 0.51]","[""AAAAA"", ""AAAAn"", ""AAAA"", ""A/A"", ""AAAnn""]","[95.92, 2.55, 0.51, 0.51, 0.51]",0,196,100.0
C:/projects/myproject/QDQM/DS_Input/Internal/지점코드.csv,지점코드.csv,OIO_ORG_NAM,Master,C:/projects/myproject/QDQM/DS_Input/Internal/조직_수입관리.csv,조직_수입관리.csv,Master,OIO_ORG_NAM,"[""KKKKKK"", ""KKKK"", ""KKKKK"", ""(K)KKKKKKK"", ""(K)KKKKKK"", ""KKKKKKK"", ""KKKKKKKK"", ""KKK"", ""KKKK KKK"", ""(K)KKKKKKKK""]","[37.24, 9.18, 8.16, 7.14, 6.63, 6.63, 5.1, 2.55, 2.04, 1.53]","[""KKKKKK"", ""KKKK"", ""KKKKK"", ""(K)KKKKKKK"", ""(K)KKKKKK"", ""KKKKKKK"", ""KKKKKKKK"", ""KKK"", ""KKKK KKK"", ""(K)KKKKKKKK""]","[37.24, 9.18, 8.16, 7.14, 6.63, 6.63, 5.1, 2.55, 2.04, 1.53]",0,196,100.0
C:/projects/myproject/QDQM/DS_Input/Internal/지점코드.csv,지점코드.csv,OIO_ORG_NAM,Master,C:/projects/myproject/QDQM/DS_Input/Internal/사용자.csv,사용자.csv,Master,팀명,"[""KKKKKK"", ""KKKK"", ""KKKKK"", ""(K)KKKKKKK"", ""(K)KKKKKK"", ""KKKKKKK"", ""KKKKKKKK"", ""KKK"", ""KKKK KKK"", ""(K)KKKKKKKK""]","[37.24, 9.18, 8.16, 7.14, 6.63, 6.63, 5.1, 2.55, 2.04, 1.53]","[""KKK"", ""KKKsssssss"", ""KKKKKK"", ""KKKKKsssss"", ""KKKKK"", ""KKKK"", ""KKKKKKssss"", ""KKKKKKK"", ""KKAAAK"", ""KKnKssssss""]","[17.99, 16.55, 13.34, 12.53, 6.74, 4.65, 3.39, 3.34, 2.91, 2.87]",0,119,60.71
C:/projects/myproject/QDQM/DS_Input/Internal/지점코드.csv,지점코드.csv,OIO_ORG_NCD,Master,C:/projects/myproject/QDQM/DS_Input/Internal/조직_수입관리.csv,조직_수입관리.csv,Master,OIO_ORG_NCD,"[""nnnn""]",[100.0],"[""nnnn""]",[100.0],0,187,100.0
C:/projects/myproject/QDQM/DS_Input/Internal/지점코드.csv,지점코드.csv,OIO_ORG_NCD,Master,C:/projects/myproject/QDQM/DS_Input/Internal/사용자.csv,사용자.csv,Master,점소코드,"[""nnnn""]",[100.0],"[""nnnn""]",[100.0],0,172,91.98
C:/projects/myproject/QDQM/DS_Input/Internal/지점코드.csv,지점코드.csv,OIO_ORG_NCD,Master,C:/projects/myproject/QDQM/DS_Input/Test/Z사용자.csv,Z사용자.csv,Test,점소코드,"[""nnnn""]",[100.0],"[""nnnn""]",[100.0],0,151,80.75
C:/projects/myproject/QDQM/DS_Input/Internal/지점코드.csv,지점코드.csv,OIO_PIN_COD,Master,C:/projects/myproject/QDQM/DS_Input/Internal/조직_수입관리.csv,조직_수입관리.csv,Master,OIO_PIN_COD,"[""AAAAAAA"", ""AAAAAAAA"", ""AAAAAA"", ""AAAAA""]","[67.61, 28.41, 2.27, 1.7]","[""AAAAAAA"", ""AAAAAAAA"", ""AAAAAA"", ""AAAAA""]","[67.61, 28.41, 2.27, 1.7]",0,128,100.0
C:/projects/myproject/QDQM/DS_Input/Internal/지점코드.csv,지점코드.csv,최종변경일시,Master,Rule,Rule,Rule,TIME,,0,,0,,196,100.0
C:/projects/myproject/QDQM/DS_Input/Internal/택배_고객.csv,택배_고객.csv,ETL일시,Master,Rule,Rule,Rule,TIME,,0,,0,,86212,100.0
C:/projects/myproject/QDQM/DS_Input/Internal/택배_고객.csv,택배_고객.csv,고객 청구지우편번호,Master,C:/projects/myproject/QDQM/DS_Input/Reference/우편번호구3.csv,우편번호구3.csv,Reference,우편번호구3,"[""nnnnnn"", ""nnnnn"", ""nnn""]","[98.25, 1.74, 0.01]","[""nnnnnn"", ""nnn-nnn""]","[50.0, 50.0]",3,248,79.49
C:/projects/myproject/QDQM/DS_Input/Internal/택배_고객.csv,택배_고객.csv,사업자등록우편번호,Master,C:/projects/myproject/QDQM/DS_Input/Reference/우편번호구3.csv,우편번호구3.csv,Reference,우편번호구3,"[""nnnnnn"", ""nnnnn""]","[97.38, 2.62]","[""nnnnnn"", ""nnn-nnn""]","[50.0, 50.0]",3,252,74.12
C:/projects/myproject/QDQM/DS_Input/Internal/택배_고객.csv,택배_고객.csv,수입조직,Master,C:/projects/myproject/QDQM/DS_Input/Internal/사용자.csv,사용자.csv,Master,점소코드,"[""nnnn""]",[100.0],"[""nnnn""]",[100.0],0,95,97.94
C:/projects/myproject/QDQM/DS_Input/Internal/택배_고객.csv,택배_고객.csv,수입조직,Master,C:/projects/myproject/QDQM/DS_Input/Internal/조직_수입관리.csv,조직_수입관리.csv,Master,OIO_ORG_NCD,"[""nnnn""]",[100.0],"[""nnnn""]",[100.0],0,91,93.81
C:/projects/myproject/QDQM/DS_Input/Internal/택배_고객.csv,택배_고객.csv,수입조직,Master,C:/projects/myproject/QDQM/DS_Input/Internal/지점코드.csv,지점코드.csv,Master,OIO_ORG_NCD,"[""nnnn""]",[100.0],"[""nnnn""]",[100.0],0,91,93.81
C:/projects/myproject/QDQM/DS_Input/Internal/택배_고객.csv,택배_고객.csv,수입조직,Master,C:/projects/myproject/QDQM/DS_Input/Test/Z사용자.csv,Z사용자.csv,Test,점소코드,"[""nnnn""]",[100.0],"[""nnnn""]",[100.0],0,89,91.75
C:/projects/myproject/QDQM/DS_Input/Internal/택배_고객.csv,택배_고객.csv,수입조직,Master,C:/projects/myproject/QDQM/DS_Input/Internal/CONTRACT.csv,CONTRACT.csv,Master,COST_ORG,"[""nnnn""]",[100.0],"[""nnnn""]",[100.0],0,85,87.63
C:/projects/myproject/QDQM/DS_Input/Internal/택배_고객.csv,택배_고객.csv,수입조직,Master,C:/projects/myproject/QDQM/DS_Input/Internal/CUSTOMER.csv,CUSTOMER.csv,Master,수입조직,"[""nnnn""]",[100.0],"[""nnnn""]",[100.0],0,84,86.6
C:/projects/myproject/QDQM/DS_Input/Internal/택배_고객.csv,택배_고객.csv,수입조직,Master,C:/projects/myproject/QDQM/DS_Input/Internal/기업고객.csv,기업고객.csv,Master,수입조직,"[""nnnn""]",[100.0],"[""nnnn""]",[100.0],0,84,86.6
C:/projects/myproject/QDQM/DS_Input/Internal/택배_고객.csv,택배_고객.csv,수입조직,Master,C:/projects/myproject/QDQM/DS_Input/Internal/ORGNIZATION.csv,ORGNIZATION.csv,Master,수입신규조직코드,"[""nnnn""]",[100.0],"[""nnnn""]",[100.0],0,70,72.16
C:/projects/myproject/QDQM/DS_Input/Internal/택배_고객.csv,택배_고객.csv,수입조직,Master,C:/projects/myproject/QDQM/DS_Input/Internal/택배_조직도.csv,택배_조직도.csv,Master,수입신규조직코드,"[""nnnn""]",[100.0],"[""nnnn""]",[100.0],0,70,72.16
C:/projects/myproject/QDQM/DS_Input/Internal/택배_고객.csv,택배_고객.csv,업종구분,Master,C:/projects/myproject/QDQM/DS_Input/Internal/상품분류.csv,상품분류.csv,Master,상품코드,"[""nn""]",[100.0],"[""nn"", ""Ann"", ""nnA"", ""AAA"", ""AA"", ""nnn"", ""AAn"", ""n""]","[37.5, 28.95, 15.13, 8.55, 5.26, 2.63, 1.32, 0.66]",0,22,75.86
C:/projects/myproject/QDQM/DS_Input/Internal/택배_고객.csv,택배_고객.csv,업종구분,Master,C:/projects/myproject/QDQM/DS_Input/Internal/상품코드.csv,상품코드.csv,Master,상품코드,"[""nn""]",[100.0],"[""nn"", ""Ann"", ""nnA"", ""AAA"", ""AA"", ""nnn"", ""AAn"", ""n""]","[37.5, 28.95, 15.13, 8.55, 5.26, 2.63, 1.32, 0.66]",0,22,75.86
C:/projects/myproject/QDQM/DS_Input/Internal/택배_고객.csv,택배_고객.csv,업종구분,Master,C:/projects/myproject/QDQM/DS_Input/Internal/미배송사유코드.csv,미배송사유코드.csv,Master,사유코드,"[""nn""]",[100.0],"[""nn"", ""n""]","[52.88, 47.12]",0,21,72.41
C:/projects/myproject/QDQM/DS_Input/Internal/택배_고객.csv,택배_고객.csv,업종구분,Master,C:/projects/myproject/QDQM/DS_Input/Internal/CUSTOMER.csv,CUSTOMER.csv,Master,집하지대번지,"[""nn""]",[100.0],"[""nnn"", ""nn"", ""nnnn"", ""n"", ""nnn-n"", ""nnn-nn"", ""KKK"", ""Aaa-nn"", ""."", ""nn-nn""]","[53.98, 15.4, 10.79, 6.38, 4.23, 2.53, 2.05, 0.68, 0.61, 0.61]",0,20,68.97
C:/projects/myproject/QDQM/DS_Input/Internal/택배_고객.csv,택배_고객.csv,업종구분,Master,C:/projects/myproject/QDQM/DS_Input/Internal/CUSTOMER.csv,CUSTOMER.csv,Master,집하지소번지,"[""nn""]",[100.0],"[""n"", ""nn"", ""nnn"", ""KK"", ""nK"", ""nnnn"", ""nnn-"", ""K"", ""nnK nnK"", ""/""]","[57.73, 34.11, 5.41, 0.86, 0.7, 0.38, 0.16, 0.16, 0.11, 0.05]",0,20,68.97
C:/projects/myproject/QDQM/DS_Input/Internal/택배_고객.csv,택배_고객.csv,주민_사업자등록번호,Master,C:/projects/myproject/QDQM/DS_Input/Reference/사업자등록번호3.csv,사업자등록번호3.csv,Reference,유효사업자번호3,"[""nnnnnnnnnn"", ""nnnnn-nnnn""]","[99.99, 0.01]","[""nnnnnnnnnn""]",[100.0],3,220,87.65
C:/projects/myproject/QDQM/DS_Input/Internal/택배_고객.csv,택배_고객.csv,집하지우편번호,Master,C:/projects/myproject/QDQM/DS_Input/Reference/우편번호구3.csv,우편번호구3.csv,Reference,우편번호구3,"[""nnnnnn"", ""nnnnn""]","[99.01, 0.99]","[""nnnnnn"", ""nnn-nnn""]","[50.0, 50.0]",3,252,81.29
C:/projects/myproject/QDQM/DS_Input/Internal/택배_고객.csv,택배_고객.csv,최종변경일시,Master,Rule,Rule,Rule,TIME,,0,,0,,86212,100.0
C:/projects/myproject/QDQM/DS_Input/Internal/택배_고객.csv,택배_고객.csv,판매원사번,Master,C:/projects/myproject/QDQM/DS_Input/Internal/CUSTOMER.csv,CUSTOMER.csv,Master,판매원사번,"[""nnnnnnn"", ""AAAnnnn""]","[99.99, 0.01]","[""nnnnnnn"", ""AAAnnnn""]","[99.97, 0.03]",0,483,77.03
C:/projects/myproject/QDQM/DS_Input/Internal/택배_고객.csv,택배_고객.csv,판매원사번,Master,C:/projects/myproject/QDQM/DS_Input/Internal/사용자.csv,사용자.csv,Master,사원번호,"[""nnnnnnn"", ""AAAnnnn""]","[99.99, 0.01]","[""nnnnnnn"", ""Annnnnn"", ""AAAnnnn"", ""AAnnnnn"", ""nnnnnn"", ""annnnnn"", ""aaaaaa"", ""aaannnn"", ""KKK"", ""nnnn""]","[95.0, 2.14, 1.73, 0.8, 0.1, 0.04, 0.04, 0.04, 0.03, 0.01]",0,439,70.02
C:/projects/myproject/QDQM/DS_Input/Internal/택배_고객.csv,택배_고객.csv,판매일,Master,Rule,Rule,Rule,DATECHAR,,0,,0,,85755,100.0
C:/projects/myproject/QDQM/DS_Input/Internal/택배_고객.csv,택배_고객.csv,판매점소,Master,C:/projects/myproject/QDQM/DS_Input/Internal/CUSTOMER.csv,CUSTOMER.csv,Master,판매점소,"[""AAAAA"", ""AAAAAAA"", ""AAAAAA"", ""AA""]","[97.44, 2.26, 0.26, 0.04]","[""AAAAA"", ""AAAAAAA"", ""AAAAAA"", ""AA""]","[78.07, 18.56, 3.32, 0.05]",0,77,82.8
C:/projects/myproject/QDQM/DS_Input/Internal/택배_고객.csv,택배_고객.csv,판매점소,Master,C:/projects/myproject/QDQM/DS_Input/Internal/기업고객.csv,기업고객.csv,Master,판매점소,"[""AAAAA"", ""AAAAAAA"", ""AAAAAA"", ""AA""]","[97.44, 2.26, 0.26, 0.04]","[""AAAAA"", ""AAAAAAA"", ""AAAAAA"", ""AA""]","[81.38, 15.27, 3.3, 0.05]",0,77,82.8
C:/projects/myproject/QDQM/DS_Input/Internal/택배_고객.csv,택배_고객.csv,판매점소,Master,C:/projects/myproject/QDQM/DS_Input/Internal/CONTRACT.csv,CONTRACT.csv,Master,CONTRACT_ORG_CD,"[""AAAAA"", ""AAAAAAA"", ""AAAAAA"", ""AA""]","[97.44, 2.26, 0.26, 0.04]","[""AAAAAAA"", ""AAAAA"", ""AAAAAA"", ""AA""]","[66.44, 31.13, 2.42, 0.01]",0,76,81.72
C:/projects/myproject/QDQM/DS_Input/Internal/택배_고객.csv,택배_고객.csv,판매점소,Master,C:/projects/myproject/QDQM/DS_Input/Test/Z검증용데이터.csv,Z검증용데이터.csv,Test,판매점소,"[""AAAAA"", ""AAAAAAA"", ""AAAAAA"", ""AA""]","[97.44, 2.26, 0.26, 0.04]","[""AAAAA"", ""AAAAAAA"", ""AAAAAA"", ""AA""]","[58.86, 37.29, 3.8, 0.05]",0,67,72.04
C:/projects/myproject/QDQM/DS_Input/Internal/택배_조직도.csv,택배_조직도.csv,ERP코드,Master,C:/projects/myproject/QDQM/DS_Input/Internal/사용자.csv,사용자.csv,Master,HR시스템소속코드,"[""AAAAA"", ""AAAAAA""]","[95.83, 4.17]","[""AAAAAA"", ""AAAAA"", ""AAAAAAA"", ""AAAAAA(n)"", ""AAAAAAn"", ""AAAAAAAA""]","[55.9, 38.95, 4.19, 0.48, 0.29, 0.19]",0,45,95.74
C:/projects/myproject/QDQM/DS_Input/Internal/택배_조직도.csv,택배_조직도.csv,ERP코드,Master,C:/projects/myproject/QDQM/DS_Input/Internal/계약마스터.csv,계약마스터.csv,Master,팀코드,"[""AAAAA"", ""AAAAAA""]","[95.83, 4.17]","[""AAAAA"", ""AAAAAA"", ""AAAAAAA""]","[94.06, 5.8, 0.14]",0,44,93.62
C:/projects/myproject/QDQM/DS_Input/Internal/택배_조직도.csv,택배_조직도.csv,ERP코드,Master,C:/projects/myproject/QDQM/DS_Input/Internal/관리회계_조직그룹상세.csv,관리회계_조직그룹상세.csv,Master,귀속부서조직코드,"[""AAAAA"", ""AAAAAA""]","[95.83, 4.17]","[""AAAAAA"", ""AAAAA"", ""AAAAAAA"", ""AAAnnn""]","[48.71, 35.53, 15.19, 0.57]",0,43,91.49
C:/projects/myproject/QDQM/DS_Input/Internal/택배_조직도.csv,택배_조직도.csv,X좌표,Master,C:/projects/myproject/QDQM/DS_Input/Internal/ORGNIZATION.csv,ORGNIZATION.csv,Master,X좌표,"[""nnnnnn"", ""nnn.nnnnn"", ""nnn.nnnn"", ""nnn.nnn"", ""n""]","[56.61, 39.01, 3.97, 0.25, 0.17]","[""nnnnnn"", ""nnn.nnnnn"", ""nnn.nnnn"", ""nnn.nnn"", ""n""]","[56.61, 39.01, 3.97, 0.25, 0.17]",0,758,100.0
C:/projects/myproject/QDQM/DS_Input/Internal/택배_조직도.csv,택배_조직도.csv,Y좌표,Master,C:/projects/myproject/QDQM/DS_Input/Internal/ORGNIZATION.csv,ORGNIZATION.csv,Master,Y좌표,"[""nnnnnn"", ""nn.nnnnn"", ""nn.nnnn"", ""nn.nnn"", ""nnnnn"", ""nn.nn"", ""n""]","[56.28, 39.34, 2.89, 0.83, 0.33, 0.17, 0.17]","[""nnnnnn"", ""nn.nnnnn"", ""nn.nnnn"", ""nn.nnn"", ""nnnnn"", ""nn.nn"", ""n""]","[56.28, 39.34, 2.89, 0.83, 0.33, 0.17, 0.17]",0,754,100.0
C:/projects/myproject/QDQM/DS_Input/Internal/택배_조직도.csv,택배_조직도.csv,create_dtm,Master,Rule,Rule,Rule,TIMESTAMP,,0,,0,,3836,100.0
C:/projects/myproject/QDQM/DS_Input/Internal/택배_조직도.csv,택배_조직도.csv,etl_dtm,Master,Rule,Rule,Rule,TIMESTAMP,,0,,0,,3836,100.0
C:/projects/myproject/QDQM/DS_Input/Internal/택배_조직도.csv,택배_조직도.csv,last_update_dtm,Master,Rule,Rule,Rule,TIMESTAMP,,0,,0,,3836,100.0
C:/projects/myproject/QDQM/DS_Input/Internal/택배_조직도.csv,택배_조직도.csv,기본주소,Master,Rule,Rule,Rule,ADDRESS,,0,,0,,1980,100.0
C:/projects/myproject/QDQM/DS_Input/Internal/택배_조직도.csv,택배_조직도.csv,등록일시,Master,Rule,Rule,Rule,TIMESTAMP,,0,,0,,110,100.0
C:/projects/myproject/QDQM/DS_Input/Internal/택배_조직도.csv,택배_조직도.csv,사업자등록번호,Master,C:/projects/myproject/QDQM/DS_Input/Internal/ORGNIZATION.csv,ORGNIZATION.csv,Master,사업자등록번호,"[""nnnnnnnnnn""]",[100.0],"[""nnnnnnnnnn""]",[100.0],0,1444,100.0
C:/projects/myproject/QDQM/DS_Input/Internal/택배_조직도.csv,택배_조직도.csv,사업자등록번호,Master,C:/projects/myproject/QDQM/DS_Input/Internal/배송점.csv,배송점.csv,Master,사업자등록번호,"[""nnnnnnnnnn""]",[100.0],"[""nnnnnnnnnn""]",[100.0],0,1364,94.46
C:/projects/myproject/QDQM/DS_Input/Internal/택배_조직도.csv,택배_조직도.csv,사업자등록번호,Master,C:/projects/myproject/QDQM/DS_Input/Reference/사업자등록번호3.csv,사업자등록번호3.csv,Reference,유효사업자번호3,"[""nnnnnnnnnn""]",[100.0],"[""nnnnnnnnnn""]",[100.0],3,396,80.65
C:/projects/myproject/QDQM/DS_Input/Internal/택배_조직도.csv,택배_조직도.csv,사업자등록번호,Master,C:/projects/myproject/QDQM/DS_Input/Internal/PRM계약.csv,PRM계약.csv,Master,사업자번호,"[""nnnnnnnnnn""]",[100.0],"[""nnnnnnnnnn""]",[100.0],0,884,61.22
C:/projects/myproject/QDQM/DS_Input/Internal/택배_조직도.csv,택배_조직도.csv,사원최종업데이트일시,Master,Rule,Rule,Rule,TIMESTAMP,,0,,0,,3528,100.0
C:/projects/myproject/QDQM/DS_Input/Internal/택배_조직도.csv,택배_조직도.csv,상위조직코드,Master,C:/projects/myproject/QDQM/DS_Input/Internal/ORGNIZATION.csv,ORGNIZATION.csv,Master,상위조직코드,"[""nnn"", ""AAAAAAA"", ""AAAAA"", ""nnnn"", ""AAAAAA"", ""AAA""]","[80.04, 12.45, 6.2, 1.05, 0.24, 0.03]","[""nnn"", ""AAAAAAA"", ""AAAAA"", ""nnnn"", ""AAAAAA"", ""AAA""]","[80.04, 12.45, 6.2, 1.05, 0.24, 0.03]",0,626,100.0
C:/projects/myproject/QDQM/DS_Input/Internal/택배_조직도.csv,택배_조직도.csv,상위조직코드,Master,C:/projects/myproject/QDQM/DS_Input/Internal/ORGNIZATION.csv,ORGNIZATION.csv,Master,조직코드,"[""nnn"", ""AAAAAAA"", ""AAAAA"", ""nnnn"", ""AAAAAA"", ""AAA""]","[80.04, 12.45, 6.2, 1.05, 0.24, 0.03]","[""nnnn"", ""nnn"", ""AAAAA"", ""AAAAAAA"", ""nnnnnn"", ""AAAA"", ""AA"", ""nnnnnnn"", ""nnnnn"", ""AAA""]","[78.96, 14.52, 2.4, 2.4, 1.02, 0.42, 0.13, 0.05, 0.05, 0.03]",0,615,98.24
C:/projects/myproject/QDQM/DS_Input/Internal/택배_조직도.csv,택배_조직도.csv,상위조직코드,Master,C:/projects/myproject/QDQM/DS_Input/Internal/택배_조직도.csv,택배_조직도.csv,Master,조직코드,"[""nnn"", ""AAAAAAA"", ""AAAAA"", ""nnnn"", ""AAAAAA"", ""AAA""]","[80.04, 12.45, 6.2, 1.05, 0.24, 0.03]","[""nnnn"", ""nnn"", ""AAAAA"", ""AAAAAAA"", ""nnnnnn"", ""AAAA"", ""AA"", ""nnnnnnn"", ""nnnnn"", ""AAA""]","[78.96, 14.52, 2.4, 2.4, 1.02, 0.42, 0.13, 0.05, 0.05, 0.03]",0,615,98.24
C:/projects/myproject/QDQM/DS_Input/Internal/택배_조직도.csv,택배_조직도.csv,수입신규조직코드,Master,C:/projects/myproject/QDQM/DS_Input/Internal/ORGNIZATION.csv,ORGNIZATION.csv,Master,수입신규조직코드,"[""nnnn""]",[100.0],"[""nnnn""]",[100.0],0,84,100.0
C:/projects/myproject/QDQM/DS_Input/Internal/택배_조직도.csv,택배_조직도.csv,수입신규조직코드,Master,C:/projects/myproject/QDQM/DS_Input/Internal/사용자.csv,사용자.csv,Master,점소코드,"[""nnnn""]",[100.0],"[""nnnn""]",[100.0],0,81,96.43
C:/projects/myproject/QDQM/DS_Input/Internal/택배_조직도.csv,택배_조직도.csv,수입신규조직코드,Master,C:/projects/myproject/QDQM/DS_Input/Internal/조직_수입관리.csv,조직_수입관리.csv,Master,OIO_ORG_NCD,"[""nnnn""]",[100.0],"[""nnnn""]",[100.0],0,80,95.24
C:/projects/myproject/QDQM/DS_Input/Internal/택배_조직도.csv,택배_조직도.csv,수입신규조직코드,Master,C:/projects/myproject/QDQM/DS_Input/Internal/지점코드.csv,지점코드.csv,Master,OIO_ORG_NCD,"[""nnnn""]",[100.0],"[""nnnn""]",[100.0],0,80,95.24
C:/projects/myproject/QDQM/DS_Input/Internal/택배_조직도.csv,택배_조직도.csv,수입신규조직코드,Master,C:/projects/myproject/QDQM/DS_Input/Test/Z사용자.csv,Z사용자.csv,Test,점소코드,"[""nnnn""]",[100.0],"[""nnnn""]",[100.0],0,77,91.67
C:/projects/myproject/QDQM/DS_Input/Internal/택배_조직도.csv,택배_조직도.csv,수입신규조직코드,Master,C:/projects/myproject/QDQM/DS_Input/Internal/CONTRACT.csv,CONTRACT.csv,Master,COST_ORG,"[""nnnn""]",[100.0],"[""nnnn""]",[100.0],0,70,83.33
C:/projects/myproject/QDQM/DS_Input/Internal/택배_조직도.csv,택배_조직도.csv,수입신규조직코드,Master,C:/projects/myproject/QDQM/DS_Input/Internal/택배_고객.csv,택배_고객.csv,Master,수입조직,"[""nnnn""]",[100.0],"[""nnnn""]",[100.0],0,70,83.33
C:/projects/myproject/QDQM/DS_Input/Internal/택배_조직도.csv,택배_조직도.csv,수입신규조직코드,Master,C:/projects/myproject/QDQM/DS_Input/Internal/CUSTOMER.csv,CUSTOMER.csv,Master,수입조직,"[""nnnn""]",[100.0],"[""nnnn""]",[100.0],0,68,80.95
C:/projects/myproject/QDQM/DS_Input/Internal/택배_조직도.csv,택배_조직도.csv,수입신규조직코드,Master,C:/projects/myproject/QDQM/DS_Input/Internal/기업고객.csv,기업고객.csv,Master,수입조직,"[""nnnn""]",[100.0],"[""nnnn""]",[100.0],0,67,79.76
C:/projects/myproject/QDQM/DS_Input/Internal/택배_조직도.csv,택배_조직도.csv,수입조직코드,Master,C:/projects/myproject/QDQM/DS_Input/Internal/ORGNIZATION.csv,ORGNIZATION.csv,Master,수입조직코드,"[""AAAAA""]",[100.0],"[""AAAAA""]",[100.0],0,84,100.0
C:/projects/myproject/QDQM/DS_Input/Internal/택배_조직도.csv,택배_조직도.csv,수입조직코드,Master,C:/projects/myproject/QDQM/DS_Input/Internal/조직_수입관리.csv,조직_수입관리.csv,Master,OIO_ORG_COD,"[""AAAAA""]",[100.0],"[""AAAAA"", ""AAAAn"", ""AAAA"", ""A/A"", ""AAAnn""]","[95.92, 2.55, 0.51, 0.51, 0.51]",0,81,96.43
C:/projects/myproject/QDQM/DS_Input/Internal/택배_조직도.csv,택배_조직도.csv,수입조직코드,Master,C:/projects/myproject/QDQM/DS_Input/Internal/지점코드.csv,지점코드.csv,Master,OIO_ORG_COD,"[""AAAAA""]",[100.0],"[""AAAAA"", ""AAAAn"", ""AAAA"", ""A/A"", ""AAAnn""]","[95.92, 2.55, 0.51, 0.51, 0.51]",0,81,96.43
C:/projects/myproject/QDQM/DS_Input/Internal/택배_조직도.csv,택배_조직도.csv,수입조직코드,Master,C:/projects/myproject/QDQM/DS_Input/Internal/CONTRACT.csv,CONTRACT.csv,Master,REQUEST_ORG,"[""AAAAA""]",[100.0],"[""AAAAA"", ""AAAAn"", ""AAAnn"", ""A/A""]","[98.79, 1.04, 0.16, 0.01]",0,71,84.52
C:/projects/myproject/QDQM/DS_Input/Internal/택배_조직도.csv,택배_조직도.csv,수입조직코드,Master,C:/projects/myproject/QDQM/DS_Input/Internal/CONTRACT.csv,CONTRACT.csv,Master,CORRECT_ORG,"[""AAAAA""]",[100.0],"[""AAAAA"", ""AAAAn"", ""AAAnn""]","[97.72, 2.12, 0.16]",0,70,83.33
C:/projects/myproject/QDQM/DS_Input/Internal/택배_조직도.csv,택배_조직도.csv,수입조직코드,Master,C:/projects/myproject/QDQM/DS_Input/Internal/CUSTOMER.csv,CUSTOMER.csv,Master,청구점소,"[""AAAAA""]",[100.0],"[""AAAAA"", ""AAAAn"", ""AAAnn""]","[98.9, 0.93, 0.17]",0,69,82.14
C:/projects/myproject/QDQM/DS_Input/Internal/택배_조직도.csv,택배_조직도.csv,수입조직코드,Master,C:/projects/myproject/QDQM/DS_Input/Internal/기업고객.csv,기업고객.csv,Master,청구점소,"[""AAAAA""]",[100.0],"[""AAAAA"", ""AAAAn"", ""AAAnn""]","[98.86, 0.97, 0.18]",0,69,82.14
C:/projects/myproject/QDQM/DS_Input/Internal/택배_조직도.csv,택배_조직도.csv,수입조직코드,Master,C:/projects/myproject/QDQM/DS_Input/Internal/CUSTOMER.csv,CUSTOMER.csv,Master,수금점소,"[""AAAAA""]",[100.0],"[""AAAAA"", ""AAAAn"", ""AAAnn""]","[97.82, 1.98, 0.2]",0,68,80.95
C:/projects/myproject/QDQM/DS_Input/Internal/택배_조직도.csv,택배_조직도.csv,수입조직코드,Master,C:/projects/myproject/QDQM/DS_Input/Internal/기업고객.csv,기업고객.csv,Master,수금점소,"[""AAAAA""]",[100.0],"[""AAAAA"", ""AAAAn"", ""AAAnn""]","[97.73, 2.07, 0.2]",0,68,80.95
C:/projects/myproject/QDQM/DS_Input/Internal/택배_조직도.csv,택배_조직도.csv,예약접수마감시분,Master,C:/projects/myproject/QDQM/DS_Input/Internal/ORGNIZATION.csv,ORGNIZATION.csv,Master,조직코드,"[""nnnn""]",[100.0],"[""nnnn"", ""nnn"", ""AAAAA"", ""AAAAAAA"", ""nnnnnn"", ""AAAA"", ""AA"", ""nnnnnnn"", ""nnnnn"", ""AAA""]","[78.96, 14.52, 2.4, 2.4, 1.02, 0.42, 0.13, 0.05, 0.05, 0.03]",0,15,100.0
C:/projects/myproject/QDQM/DS_Input/Internal/택배_조직도.csv,택배_조직도.csv,예약접수마감시분,Master,C:/projects/myproject/QDQM/DS_Input/Internal/택배_조직도.csv,택배_조직도.csv,Master,조직코드,"[""nnnn""]",[100.0],"[""nnnn"", ""nnn"", ""AAAAA"", ""AAAAAAA"", ""nnnnnn"", ""AAAA"", ""AA"", ""nnnnnnn"", ""nnnnn"", ""AAA""]","[78.96, 14.52, 2.4, 2.4, 1.02, 0.42, 0.13, 0.05, 0.05, 0.03]",0,15,100.0
C:/projects/myproject/QDQM/DS_Input/Internal/택배_조직도.csv,택배_조직도.csv,예약접수마감시분,Master,C:/projects/myproject/QDQM/DS_Input/Internal/계정코드관리.csv,계정코드관리.csv,Master,정렬순서,"[""nnnn""]",[100.0],"[""nnnn"", ""nnn"", ""nn""]","[69.7, 27.58, 2.73]",0,13,86.67
C:/projects/myproject/QDQM/DS_Input/Internal/택배_조직도.csv,택배_조직도.csv,예약접수마감시분,Master,C:/projects/myproject/QDQM/DS_Input/Internal/관리회계_사업.csv,관리회계_사업.csv,Master,정렬순서,"[""nnnn""]",[100.0],"[""nnnn"", ""nnn"", ""nn""]","[75.97, 21.84, 2.18]",0,13,86.67
C:/projects/myproject/QDQM/DS_Input/Internal/택배_조직도.csv,택배_조직도.csv,예약접수마감시분,Master,C:/projects/myproject/QDQM/DS_Input/Internal/관리회계_조직그룹상세.csv,관리회계_조직그룹상세.csv,Master,정렬순서,"[""nnnn""]",[100.0],"[""nnnn"", ""nnn"", ""nn""]","[71.63, 25.79, 2.58]",0,13,86.67
C:/projects/myproject/QDQM/DS_Input/Internal/택배_조직도.csv,택배_조직도.csv,예약접수마감시분,Master,C:/projects/myproject/QDQM/DS_Input/Internal/관리회계계정.csv,관리회계계정.csv,Master,정렬순서,"[""nnnn""]",[100.0],"[""nnnn"", ""nnn"", ""nn""]","[75.85, 21.95, 2.2]",0,13,86.67
C:/projects/myproject/QDQM/DS_Input/Internal/택배_조직도.csv,택배_조직도.csv,예약접수마감시분,Master,C:/projects/myproject/QDQM/DS_Input/Internal/사업코드관리.csv,사업코드관리.csv,Master,정렬순서,"[""nnnn""]",[100.0],"[""nnnn"", ""nnn"", ""nn""]","[71.39, 26.01, 2.6]",0,13,86.67
C:/projects/myproject/QDQM/DS_Input/Internal/택배_조직도.csv,택배_조직도.csv,예약접수마감시분,Master,C:/projects/myproject/QDQM/DS_Input/Test/Z검증용데이터.csv,Z검증용데이터.csv,Test,단가,"[""nnnn""]",[100.0],"[""nnnn"", ""nnn"", ""n"", ""nn""]","[90.71, 8.97, 0.26, 0.05]",0,13,86.67
C:/projects/myproject/QDQM/DS_Input/Internal/택배_조직도.csv,택배_조직도.csv,예약접수마감시분,Master,C:/projects/myproject/QDQM/DS_Input/Test/Z검증용데이터.csv,Z검증용데이터.csv,Test,금액,"[""nnnn""]",[100.0],"[""nnnn"", ""nnn"", ""nnnnn""]","[79.96, 10.91, 9.13]",0,11,73.33
C:/projects/myproject/QDQM/DS_Input/Internal/택배_조직도.csv,택배_조직도.csv,예약접수마감시분,Master,C:/projects/myproject/QDQM/DS_Input/Internal/배송점.csv,배송점.csv,Master,배송점코드,"[""nnnn""]",[100.0],"[""nnnn"", ""nnnnnn"", ""nnnnn"", ""nnnnnnn""]","[98.85, 1.03, 0.08, 0.04]",0,10,66.67
C:/projects/myproject/QDQM/DS_Input/Internal/택배_조직도.csv,택배_조직도.csv,예약접수마감시분,Master,C:/projects/myproject/QDQM/DS_Input/Internal/사원마스터.csv,사원마스터.csv,Master,조직코드,"[""nnnn""]",[100.0],"[""nnnn"", ""nnn"", ""AA"", ""nnnnnn"", ""AAAAA"", ""AAAA"", ""nnnnnnn""]","[97.07, 2.3, 0.22, 0.21, 0.14, 0.05, 0.01]",0,10,66.67
C:/projects/myproject/QDQM/DS_Input/Internal/택배_조직도.csv,택배_조직도.csv,우편번호,Master,C:/projects/myproject/QDQM/DS_Input/Internal/ORGNIZATION.csv,ORGNIZATION.csv,Master,우편번호,"[""nnnnnn"", ""nnnnn""]","[56.54, 43.46]","[""nnnnnn"", ""nnnnn""]","[56.54, 43.46]",0,1547,100.0
C:/projects/myproject/QDQM/DS_Input/Internal/택배_조직도.csv,택배_조직도.csv,우편번호,Master,C:/projects/myproject/QDQM/DS_Input/Internal/배송점.csv,배송점.csv,Master,우편번호,"[""nnnnnn"", ""nnnnn""]","[56.54, 43.46]","[""nnnnnn"", ""nnnnn""]","[60.82, 39.18]",0,1341,86.68
C:/projects/myproject/QDQM/DS_Input/Internal/택배_조직도.csv,택배_조직도.csv,우편번호,Master,C:/projects/myproject/QDQM/DS_Input/Reference/우편번호3.csv,우편번호3.csv,Reference,우편번호3,"[""nnnnnn"", ""nnnnn""]","[56.54, 43.46]","[""nnnnn""]",[100.0],3,345,78.23
C:/projects/myproject/QDQM/DS_Input/Internal/택배_조직도.csv,택배_조직도.csv,정렬순서,Master,C:/projects/myproject/QDQM/DS_Input/Internal/CUSTOMER.csv,CUSTOMER.csv,Master,집하지소번지,"[""n"", ""nn""]","[95.18, 4.82]","[""n"", ""nn"", ""nnn"", ""KK"", ""nK"", ""nnnn"", ""nnn-"", ""K"", ""nnK nnK"", ""/""]","[57.73, 34.11, 5.41, 0.86, 0.7, 0.38, 0.16, 0.16, 0.11, 0.05]",0,13,100.0
C:/projects/myproject/QDQM/DS_Input/Internal/택배_조직도.csv,택배_조직도.csv,정렬순서,Master,C:/projects/myproject/QDQM/DS_Input/Internal/미배송사유코드.csv,미배송사유코드.csv,Master,사유코드,"[""n"", ""nn""]","[95.18, 4.82]","[""nn"", ""n""]","[52.88, 47.12]",0,13,100.0
C:/projects/myproject/QDQM/DS_Input/Internal/택배_조직도.csv,택배_조직도.csv,정렬순서,Master,C:/projects/myproject/QDQM/DS_Input/Internal/test.csv,test.csv,Master,ID,"[""n"", ""nn""]","[95.18, 4.82]","[""nn"", ""n""]","[71.88, 28.12]",0,12,92.31
C:/projects/myproject/QDQM/DS_Input/Internal/택배_조직도.csv,택배_조직도.csv,정렬순서,Master,C:/projects/myproject/QDQM/DS_Input/Test/Z검증용데이터.csv,Z검증용데이터.csv,Test,수량,"[""n"", ""nn""]","[95.18, 4.82]","[""nn"", ""n"", ""nnn"", ""nnnnnn"", ""nnnnn"", ""nnnnnnn""]","[79.49, 19.1, 1.1, 0.21, 0.05, 0.05]",0,12,92.31
C:/projects/myproject/QDQM/DS_Input/Internal/택배_조직도.csv,택배_조직도.csv,정렬순서,Master,C:/projects/myproject/QDQM/DS_Input/Internal/조직터미널마스터.csv,조직터미널마스터.csv,Master,load_chute_cnt,"[""n"", ""nn""]","[95.18, 4.82]","[""n"", ""nn"", ""nnn""]","[91.55, 5.04, 3.42]",0,11,84.62
C:/projects/myproject/QDQM/DS_Input/Internal/택배_조직도.csv,택배_조직도.csv,정렬순서,Master,C:/projects/myproject/QDQM/DS_Input/Internal/조직터미널마스터.csv,조직터미널마스터.csv,Master,unload_chute_cnt,"[""n"", ""nn""]","[95.18, 4.82]","[""n"", ""nn""]","[96.13, 3.87]",0,10,76.92
C:/projects/myproject/QDQM/DS_Input/Internal/택배_조직도.csv,택배_조직도.csv,조직계약시작일자,Master,C:/projects/myproject/QDQM/DS_Input/Internal/ORGNIZATION.csv,ORGNIZATION.csv,Master,조직계약시작일자,"[""nnnnnnnn"", ""nnnnnn"", ""nnnnnnn""]","[99.75, 0.15, 0.1]","[""nnnnnnnn"", ""nnnnnn"", ""nnnnnnn""]","[99.75, 0.15, 0.1]",0,567,100.0
C:/projects/myproject/QDQM/DS_Input/Internal/택배_조직도.csv,택배_조직도.csv,조직계약시작일자,Master,C:/projects/myproject/QDQM/DS_Input/Internal/사원마스터.csv,사원마스터.csv,Master,근무시작일자,"[""nnnnnnnn"", ""nnnnnn"", ""nnnnnnn""]","[99.75, 0.15, 0.1]","[""nnnnnnnn"", ""nnnnnn"", ""nnnn""]","[99.93, 0.04, 0.03]",0,442,77.95
C:/projects/myproject/QDQM/DS_Input/Internal/택배_조직도.csv,택배_조직도.csv,조직계약시작일자,Master,C:/projects/myproject/QDQM/DS_Input/Internal/사원기본.csv,사원기본.csv,Master,시근일자,"[""nnnnnnnn"", ""nnnnnn"", ""nnnnnnn""]","[99.75, 0.15, 0.1]","[""nnnnnnnn"", ""nnnnnn"", ""nnnn""]","[99.91, 0.08, 0.01]",0,410,72.31
C:/projects/myproject/QDQM/DS_Input/Internal/택배_조직도.csv,택배_조직도.csv,조직계약시작일자,Master,C:/projects/myproject/QDQM/DS_Input/Internal/CONTRACT.csv,CONTRACT.csv,Master,CONTRACT_DATE,"[""nnnnnnnn"", ""nnnnnn"", ""nnnnnnn""]","[99.75, 0.15, 0.1]","[""nnnnnnnn""]",[100.0],0,396,69.84
C:/projects/myproject/QDQM/DS_Input/Internal/택배_조직도.csv,택배_조직도.csv,조직계약시작일자,Master,C:/projects/myproject/QDQM/DS_Input/Internal/배송점.csv,배송점.csv,Master,조직계약시작일자,"[""nnnnnnnn"", ""nnnnnn"", ""nnnnnnn""]","[99.75, 0.15, 0.1]","[""nnnnnnnn""]",[100.0],0,394,69.49
C:/projects/myproject/QDQM/DS_Input/Internal/택배_조직도.csv,택배_조직도.csv,조직계약시작일자,Master,C:/projects/myproject/QDQM/DS_Input/Internal/CUSTOMER.csv,CUSTOMER.csv,Master,판매일,"[""nnnnnnnn"", ""nnnnnn"", ""nnnnnnn""]","[99.75, 0.15, 0.1]","[""nnnnnnnn""]",[100.0],0,391,68.96
C:/projects/myproject/QDQM/DS_Input/Internal/택배_조직도.csv,택배_조직도.csv,조직계약시작일자,Master,C:/projects/myproject/QDQM/DS_Input/Internal/기업고객.csv,기업고객.csv,Master,판매일,"[""nnnnnnnn"", ""nnnnnn"", ""nnnnnnn""]","[99.75, 0.15, 0.1]","[""nnnnnnnn""]",[100.0],0,391,68.96
C:/projects/myproject/QDQM/DS_Input/Internal/택배_조직도.csv,택배_조직도.csv,조직계약종료일자,Master,C:/projects/myproject/QDQM/DS_Input/Internal/ORGNIZATION.csv,ORGNIZATION.csv,Master,조직계약종료일자,"[""nnnnnnnn""]",[100.0],"[""nnnnnnnn""]",[100.0],0,110,100.0
C:/projects/myproject/QDQM/DS_Input/Internal/택배_조직도.csv,택배_조직도.csv,조직계약종료일자,Master,Rule,Rule,Rule,DATECHAR,,0,,0,,938,100.0
C:/projects/myproject/QDQM/DS_Input/Internal/택배_조직도.csv,택배_조직도.csv,조직계약종료일자,Master,C:/projects/myproject/QDQM/DS_Input/Internal/배송점.csv,배송점.csv,Master,조직계약종료일자,"[""nnnnnnnn""]",[100.0],"[""nnnnnnnn""]",[100.0],0,101,91.82
C:/projects/myproject/QDQM/DS_Input/Internal/택배_조직도.csv,택배_조직도.csv,조직계약종료일자,Master,C:/projects/myproject/QDQM/DS_Input/Internal/CUSTOMER.csv,CUSTOMER.csv,Master,계약기간종료일,"[""nnnnnnnn""]",[100.0],"[""nnnnnnnn""]",[100.0],0,93,84.55
C:/projects/myproject/QDQM/DS_Input/Internal/택배_조직도.csv,택배_조직도.csv,조직계약종료일자,Master,C:/projects/myproject/QDQM/DS_Input/Internal/기업고객.csv,기업고객.csv,Master,계약기간종료일,"[""nnnnnnnn""]",[100.0],"[""nnnnnnnn""]",[100.0],0,93,84.55
C:/projects/myproject/QDQM/DS_Input/Internal/택배_조직도.csv,택배_조직도.csv,조직계약종료일자,Master,C:/projects/myproject/QDQM/DS_Input/Internal/사원마스터.csv,사원마스터.csv,Master,근무시작일자,"[""nnnnnnnn""]",[100.0],"[""nnnnnnnn"", ""nnnnnn"", ""nnnn""]","[99.93, 0.04, 0.03]",0,71,64.55
C:/projects/myproject/QDQM/DS_Input/Internal/택배_조직도.csv,택배_조직도.csv,조직구분코드,Master,C:/projects/myproject/QDQM/DS_Input/Internal/ORGNIZATION.csv,ORGNIZATION.csv,Master,조직구분코드,"[""AAAAAAA"", ""AAA"", ""AAAAAA"", ""AAAAsAAAA"", ""AAAsAAAA"", ""AAAA"", ""AA"", ""AAAAA"", ""AAAsAAAsAA"", ""AAAAAAAA""]","[60.04, 17.73, 12.17, 5.92, 1.51, 1.25, 0.91, 0.42, 0.03, 0.03]","[""AAAAAAA"", ""AAA"", ""AAAAAA"", ""AAAAsAAAA"", ""AAAsAAAA"", ""AAAA"", ""AA"", ""AAAAA"", ""AAAsAAAsAA"", ""AAAAAAAA""]","[60.04, 17.73, 12.17, 5.92, 1.51, 1.25, 0.91, 0.42, 0.03, 0.03]",0,15,100.0
C:/projects/myproject/QDQM/DS_Input/Internal/택배_조직도.csv,택배_조직도.csv,조직명,Master,C:/projects/myproject/QDQM/DS_Input/Internal/ORGNIZATION.csv,ORGNIZATION.csv,Master,조직명,"[""KK(K)"", ""KKKK(K)"", ""KK"", ""KKK(K)"", ""KKKK[KK]"", ""KKKK"", ""KK[KK]"", ""KKKKKK"", ""KKK"", ""AKK""]","[23.15, 9.05, 6.65, 6.6, 6.15, 4.04, 2.63, 2.16, 2.06, 1.75]","[""KK(K)"", ""KKKK(K)"", ""KK"", ""KKK(K)"", ""KKKK[KK]"", ""KKKK"", ""KK[KK]"", ""KKKKKK"", ""KKK"", ""AKK""]","[23.15, 9.05, 6.65, 6.6, 6.15, 4.04, 2.63, 2.16, 2.06, 1.75]",0,3643,100.0
C:/projects/myproject/QDQM/DS_Input/Internal/택배_조직도.csv,택배_조직도.csv,조직명,Master,C:/projects/myproject/QDQM/DS_Input/Internal/배송점.csv,배송점.csv,Master,배송점명,"[""KK(K)"", ""KKKK(K)"", ""KK"", ""KKK(K)"", ""KKKK[KK]"", ""KKKK"", ""KK[KK]"", ""KKKKKK"", ""KKK"", ""AKK""]","[23.15, 9.05, 6.65, 6.6, 6.15, 4.04, 2.63, 2.16, 2.06, 1.75]","[""KK(K)"", ""KKKK(K)"", ""KKKK[KK]"", ""KKK(K)"", ""KK[KK]"", ""AKK"", ""KKAAKK"", ""KK KKK"", ""KKn(K)"", ""AAKK""]","[26.64, 11.94, 9.17, 8.22, 3.99, 2.65, 2.29, 1.7, 1.58, 1.46]",0,2463,67.61
C:/projects/myproject/QDQM/DS_Input/Internal/택배_조직도.csv,택배_조직도.csv,조직코드,Master,C:/projects/myproject/QDQM/DS_Input/Internal/ORGNIZATION.csv,ORGNIZATION.csv,Master,조직코드,"[""nnnn"", ""nnn"", ""AAAAA"", ""AAAAAAA"", ""nnnnnn"", ""AAAA"", ""AA"", ""nnnnnnn"", ""nnnnn"", ""AAA""]","[78.96, 14.52, 2.4, 2.4, 1.02, 0.42, 0.13, 0.05, 0.05, 0.03]","[""nnnn"", ""nnn"", ""AAAAA"", ""AAAAAAA"", ""nnnnnn"", ""AAAA"", ""AA"", ""nnnnnnn"", ""nnnnn"", ""AAA""]","[78.96, 14.52, 2.4, 2.4, 1.02, 0.42, 0.13, 0.05, 0.05, 0.03]",0,3836,100.0
C:/projects/myproject/QDQM/DS_Input/Internal/택배_조직도.csv,택배_조직도.csv,조직폐쇄일자,Master,C:/projects/myproject/QDQM/DS_Input/Internal/ORGNIZATION.csv,ORGNIZATION.csv,Master,조직폐쇄일자,"[""nnnnnnnn""]",[100.0],"[""nnnnnnnn""]",[100.0],0,201,100.0
C:/projects/myproject/QDQM/DS_Input/Internal/택배_조직도.csv,택배_조직도.csv,조직폐쇄일자,Master,Rule,Rule,Rule,DATECHAR,,0,,0,,1067,99.91000366210938
C:/projects/myproject/QDQM/DS_Input/Internal/택배_조직도.csv,택배_조직도.csv,조직폐쇄일자,Master,C:/projects/myproject/QDQM/DS_Input/Internal/배송점.csv,배송점.csv,Master,조직폐쇄일자,"[""nnnnnnnn""]",[100.0],"[""nnnnnnnn""]",[100.0],0,165,82.09
C:/projects/myproject/QDQM/DS_Input/Internal/택배_조직도.csv,택배_조직도.csv,조직폐쇄일자,Master,C:/projects/myproject/QDQM/DS_Input/Internal/사원마스터.csv,사원마스터.csv,Master,근무시작일자,"[""nnnnnnnn""]",[100.0],"[""nnnnnnnn"", ""nnnnnn"", ""nnnn""]","[99.93, 0.04, 0.03]",0,137,68.16
C:/projects/myproject/QDQM/DS_Input/Internal/택배_조직도.csv,택배_조직도.csv,조직폐쇄일자,Master,C:/projects/myproject/QDQM/DS_Input/Internal/사원기본.csv,사원기본.csv,Master,시근일자,"[""nnnnnnnn""]",[100.0],"[""nnnnnnnn"", ""nnnnnn"", ""nnnn""]","[99.91, 0.08, 0.01]",0,128,63.68
C:/projects/myproject/QDQM/DS_Input/Internal/택배_조직도.csv,택배_조직도.csv,조직폐쇄일자,Master,C:/projects/myproject/QDQM/DS_Input/Internal/CUSTOMER.csv,CUSTOMER.csv,Master,판매일,"[""nnnnnnnn""]",[100.0],"[""nnnnnnnn""]",[100.0],0,126,62.69
C:/projects/myproject/QDQM/DS_Input/Internal/택배_조직도.csv,택배_조직도.csv,조직폐쇄일자,Master,C:/projects/myproject/QDQM/DS_Input/Internal/CONTRACT.csv,CONTRACT.csv,Master,CONTRACT_DATE,"[""nnnnnnnn""]",[100.0],"[""nnnnnnnn""]",[100.0],0,122,60.7
C:/projects/myproject/QDQM/DS_Input/Internal/택배_조직도.csv,택배_조직도.csv,최종변경사용자ID,Master,C:/projects/myproject/QDQM/DS_Input/Internal/ORGNIZATION.csv,ORGNIZATION.csv,Master,최종수정자,"[""AAA"", ""nnnnnnn"", ""aaa"", ""aaaaa""]","[68.23, 29.73, 1.8, 0.24]","[""nnnnnnn""]",[100.0],0,101,96.19
C:/projects/myproject/QDQM/DS_Input/Internal/택배_조직도.csv,택배_조직도.csv,최종변경사용자ID,Master,C:/projects/myproject/QDQM/DS_Input/Internal/택배_조직도.csv,택배_조직도.csv,Master,최종업데이트사원번호,"[""AAA"", ""nnnnnnn"", ""aaa"", ""aaaaa""]","[68.23, 29.73, 1.8, 0.24]","[""nnnnnnn""]",[100.0],0,101,96.19
C:/projects/myproject/QDQM/DS_Input/Internal/택배_조직도.csv,택배_조직도.csv,최종변경사용자ID,Master,C:/projects/myproject/QDQM/DS_Input/Internal/배송점.csv,배송점.csv,Master,최종수정자,"[""AAA"", ""nnnnnnn"", ""aaa"", ""aaaaa""]","[68.23, 29.73, 1.8, 0.24]","[""nnnnnnn""]",[100.0],0,77,73.33
C:/projects/myproject/QDQM/DS_Input/Internal/택배_조직도.csv,택배_조직도.csv,최종변경사용자ID,Master,C:/projects/myproject/QDQM/DS_Input/Internal/사용자.csv,사용자.csv,Master,사원번호,"[""AAA"", ""nnnnnnn"", ""aaa"", ""aaaaa""]","[68.23, 29.73, 1.8, 0.24]","[""nnnnnnn"", ""Annnnnn"", ""AAAnnnn"", ""AAnnnnn"", ""nnnnnn"", ""annnnnn"", ""aaaaaa"", ""aaannnn"", ""KKK"", ""nnnn""]","[95.0, 2.14, 1.73, 0.8, 0.1, 0.04, 0.04, 0.04, 0.03, 0.01]",0,75,71.43
C:/projects/myproject/QDQM/DS_Input/Internal/택배_조직도.csv,택배_조직도.csv,최종업데이트사원번호,Master,C:/projects/myproject/QDQM/DS_Input/Internal/ORGNIZATION.csv,ORGNIZATION.csv,Master,최종수정자,"[""nnnnnnn""]",[100.0],"[""nnnnnnn""]",[100.0],0,311,100.0
C:/projects/myproject/QDQM/DS_Input/Internal/택배_조직도.csv,택배_조직도.csv,최종업데이트사원번호,Master,C:/projects/myproject/QDQM/DS_Input/Internal/배송점.csv,배송점.csv,Master,최종수정자,"[""nnnnnnn""]",[100.0],"[""nnnnnnn""]",[100.0],0,251,80.71
C:/projects/myproject/QDQM/DS_Input/Internal/택배_조직도.csv,택배_조직도.csv,최종업데이트사원번호,Master,C:/projects/myproject/QDQM/DS_Input/Internal/사용자.csv,사용자.csv,Master,사원번호,"[""nnnnnnn""]",[100.0],"[""nnnnnnn"", ""Annnnnn"", ""AAAnnnn"", ""AAnnnnn"", ""nnnnnn"", ""annnnnn"", ""aaaaaa"", ""aaannnn"", ""KKK"", ""nnnn""]","[95.0, 2.14, 1.73, 0.8, 0.1, 0.04, 0.04, 0.04, 0.03, 0.01]",0,235,75.56
C:/projects/myproject/QDQM/DS_Input/Internal/택배_조직도.csv,택배_조직도.csv,팩스번호,Master,C:/projects/myproject/QDQM/DS_Input/Internal/ORGNIZATION.csv,ORGNIZATION.csv,Master,팩스번호,"[""nnnnnnnnnn"", ""nnn-nnn-nnnn"", ""nnnnnnnnnnn"", ""nn-nnn-nnnn"", ""nnn)nnn-nnnn"", ""nn"", ""nnnnnnnnn"", ""nn-nnnn-nnnn"", ""nnn"", ""nnn-nnnn-nnnn""]","[53.65, 16.89, 6.25, 4.91, 4.46, 3.65, 3.42, 2.6, 1.71, 0.6]","[""nnnnnnnnnn"", ""nnn-nnn-nnnn"", ""nnnnnnnnnnn"", ""nn-nnn-nnnn"", ""nnn)nnn-nnnn"", ""nn"", ""nnnnnnnnn"", ""nn-nnnn-nnnn"", ""nnn"", ""nnn-nnnn-nnnn""]","[53.65, 16.89, 6.25, 4.91, 4.46, 3.65, 3.42, 2.6, 1.71, 0.6]",0,680,100.0
C:/projects/myproject/QDQM/DS_Input/Internal/택배_조직도.csv,택배_조직도.csv,팩스번호,Master,C:/projects/myproject/QDQM/DS_Input/Internal/배송점.csv,배송점.csv,Master,팩스번호,"[""nnnnnnnnnn"", ""nnn-nnn-nnnn"", ""nnnnnnnnnnn"", ""nn-nnn-nnnn"", ""nnn)nnn-nnnn"", ""nn"", ""nnnnnnnnn"", ""nn-nnnn-nnnn"", ""nnn"", ""nnn-nnnn-nnnn""]","[53.65, 16.89, 6.25, 4.91, 4.46, 3.65, 3.42, 2.6, 1.71, 0.6]","[""nnnnnnnnnn"", ""nnn-nnn-nnnn"", ""nnn)nnn-nnnn"", ""nn-nnn-nnnn"", ""nn"", ""nnnnnnnnnnn"", ""nnnnnnnnn"", ""nnn"", ""nn-nnnn-nnnn"", ""nnn-nnnn-nnnn""]","[45.51, 20.7, 7.48, 5.49, 5.49, 4.61, 2.87, 2.37, 2.0, 1.0]",0,518,76.18
C:/projects/myproject/QDQM/DS_Input/Test/Z검증용데이터.csv,Z검증용데이터.csv,Customer,Test,Rule,Rule,Rule,KOR_NAME,,0,,0,,1899,100.0
C:/projects/myproject/QDQM/DS_Input/Test/Z검증용데이터.csv,Z검증용데이터.csv,Customer,Test,C:/projects/myproject/QDQM/DS_Input/Internal/CUSTOMER.csv,CUSTOMER.csv,Master,고객명,"[""KKK"", ""KKKK"", ""KKKKK"", ""KKKKKK"", ""KK"", ""(K)KKKK"", ""(K)KKKKK"", ""KKKKKKKK"", ""KKKKKKK"", ""(K)KKKKKK""]","[28.33, 13.16, 7.11, 4.05, 3.26, 2.53, 2.21, 2.16, 2.0, 2.0]","[""KKKK"", ""KKKKK"", ""KKK"", ""KKKKKK"", ""(K)KKKK"", ""KK"", ""KKKKKKK"", ""(K)KKKKK"", ""(K)KKKKKK"", ""KKKKKKKK""]","[16.74, 9.28, 6.95, 5.69, 3.71, 3.52, 3.32, 3.31, 2.56, 2.48]",0,1406,76.58
C:/projects/myproject/QDQM/DS_Input/Test/Z검증용데이터.csv,Z검증용데이터.csv,Customer,Test,C:/projects/myproject/QDQM/DS_Input/Internal/기업고객.csv,기업고객.csv,Master,기업고객명,"[""KKK"", ""KKKK"", ""KKKKK"", ""KKKKKK"", ""KK"", ""(K)KKKK"", ""(K)KKKKK"", ""KKKKKKKK"", ""KKKKKKK"", ""(K)KKKKKK""]","[28.33, 13.16, 7.11, 4.05, 3.26, 2.53, 2.21, 2.16, 2.0, 2.0]","[""KKKK"", ""KKKKK"", ""KKK"", ""KKKKKK"", ""(K)KKKK"", ""KK"", ""(K)KKKKK"", ""KKKKKKK"", ""(K)KKKKKK"", ""KKKKKKKK""]","[16.57, 9.23, 6.86, 5.73, 3.83, 3.55, 3.37, 3.29, 2.59, 2.56]",0,1339,72.93
C:/projects/myproject/QDQM/DS_Input/Test/Z검증용데이터.csv,Z검증용데이터.csv,GEN_TIMESTAMP,Test,Rule,Rule,Rule,TIMESTAMP,,0,,0,,1906,100.0
C:/projects/myproject/QDQM/DS_Input/Test/Z검증용데이터.csv,Z검증용데이터.csv,ID,Test,C:/projects/myproject/QDQM/DS_Input/Internal/CUSTOMER.csv,CUSTOMER.csv,Master,고객번호,"[""nnnnnnn"", ""Annnnnn""]","[76.86, 23.14]","[""nnnnnnn"", ""Annnnnn""]","[99.97, 0.03]",0,1465,76.86
C:/projects/myproject/QDQM/DS_Input/Test/Z검증용데이터.csv,Z검증용데이터.csv,가공주소,Test,Rule,Rule,Rule,ADDRESS,,0,,0,,1906,100.0
C:/projects/myproject/QDQM/DS_Input/Test/Z검증용데이터.csv,Z검증용데이터.csv,날짜포맷다양,Test,Rule,Rule,Rule,DATECHAR,,0,,0,,1899,99.62999725341797
C:/projects/myproject/QDQM/DS_Input/Test/Z검증용데이터.csv,Z검증용데이터.csv,날짜포맷다양,Test,C:/projects/myproject/QDQM/DS_Input/Internal/CONTRACT.csv,CONTRACT.csv,Master,START_DATE,"[""nnnn-nn-nn"", ""nnnnKnnKnnK"", ""nnnnnnnn""]","[91.55, 8.34, 0.1]","[""nnnn-nn-nn"", ""--""]","[99.82, 0.18]",0,924,62.26
C:/projects/myproject/QDQM/DS_Input/Test/Z검증용데이터.csv,Z검증용데이터.csv,단가,Test,C:/projects/myproject/QDQM/DS_Input/Internal/계정코드관리.csv,계정코드관리.csv,Master,정렬순서,"[""nnnn"", ""nnn"", ""n"", ""nn""]","[90.71, 8.97, 0.26, 0.05]","[""nnnn"", ""nnn"", ""nn""]","[69.7, 27.58, 2.73]",0,222,98.23
C:/projects/myproject/QDQM/DS_Input/Test/Z검증용데이터.csv,Z검증용데이터.csv,단가,Test,C:/projects/myproject/QDQM/DS_Input/Internal/관리회계_사업.csv,관리회계_사업.csv,Master,정렬순서,"[""nnnn"", ""nnn"", ""n"", ""nn""]","[90.71, 8.97, 0.26, 0.05]","[""nnnn"", ""nnn"", ""nn""]","[75.97, 21.84, 2.18]",0,222,98.23
C:/projects/myproject/QDQM/DS_Input/Test/Z검증용데이터.csv,Z검증용데이터.csv,단가,Test,C:/projects/myproject/QDQM/DS_Input/Internal/관리회계_조직그룹상세.csv,관리회계_조직그룹상세.csv,Master,정렬순서,"[""nnnn"", ""nnn"", ""n"", ""nn""]","[90.71, 8.97, 0.26, 0.05]","[""nnnn"", ""nnn"", ""nn""]","[71.63, 25.79, 2.58]",0,222,98.23
C:/projects/myproject/QDQM/DS_Input/Test/Z검증용데이터.csv,Z검증용데이터.csv,단가,Test,C:/projects/myproject/QDQM/DS_Input/Internal/관리회계계정.csv,관리회계계정.csv,Master,정렬순서,"[""nnnn"", ""nnn"", ""n"", ""nn""]","[90.71, 8.97, 0.26, 0.05]","[""nnnn"", ""nnn"", ""nn""]","[75.85, 21.95, 2.2]",0,222,98.23
C:/projects/myproject/QDQM/DS_Input/Test/Z검증용데이터.csv,Z검증용데이터.csv,단가,Test,C:/projects/myproject/QDQM/DS_Input/Internal/사업코드관리.csv,사업코드관리.csv,Master,정렬순서,"[""nnnn"", ""nnn"", ""n"", ""nn""]","[90.71, 8.97, 0.26, 0.05]","[""nnnn"", ""nnn"", ""nn""]","[71.39, 26.01, 2.6]",0,222,98.23
C:/projects/myproject/QDQM/DS_Input/Test/Z검증용데이터.csv,Z검증용데이터.csv,단가,Test,C:/projects/myproject/QDQM/DS_Input/Internal/ORGNIZATION.csv,ORGNIZATION.csv,Master,조직코드,"[""nnnn"", ""nnn"", ""n"", ""nn""]","[90.71, 8.97, 0.26, 0.05]","[""nnnn"", ""nnn"", ""AAAAA"", ""AAAAAAA"", ""nnnnnn"", ""AAAA"", ""AA"", ""nnnnnnn"", ""nnnnn"", ""AAA""]","[78.96, 14.52, 2.4, 2.4, 1.02, 0.42, 0.13, 0.05, 0.05, 0.03]",0,170,75.22
C:/projects/myproject/QDQM/DS_Input/Test/Z검증용데이터.csv,Z검증용데이터.csv,단가,Test,C:/projects/myproject/QDQM/DS_Input/Internal/택배_조직도.csv,택배_조직도.csv,Master,조직코드,"[""nnnn"", ""nnn"", ""n"", ""nn""]","[90.71, 8.97, 0.26, 0.05]","[""nnnn"", ""nnn"", ""AAAAA"", ""AAAAAAA"", ""nnnnnn"", ""AAAA"", ""AA"", ""nnnnnnn"", ""nnnnn"", ""AAA""]","[78.96, 14.52, 2.4, 2.4, 1.02, 0.42, 0.13, 0.05, 0.05, 0.03]",0,170,75.22
C:/projects/myproject/QDQM/DS_Input/Test/Z검증용데이터.csv,Z검증용데이터.csv,단가,Test,C:/projects/myproject/QDQM/DS_Input/Test/Z검증용데이터.csv,Z검증용데이터.csv,Test,금액,"[""nnnn"", ""nnn"", ""n"", ""nn""]","[90.71, 8.97, 0.26, 0.05]","[""nnnn"", ""nnn"", ""nnnnn""]","[79.96, 10.91, 9.13]",0,152,67.26
C:/projects/myproject/QDQM/DS_Input/Test/Z검증용데이터.csv,Z검증용데이터.csv,담당부서,Test,C:/projects/myproject/QDQM/DS_Input/Internal/CUSTOMER.csv,CUSTOMER.csv,Master,담당부서,"[""KK"", ""KKK"", ""."", ""KKKK"", ""KKKKK"", ""nnnnnnnnnn"", ""KKKKKK"", ""KKKKKKK"", ""s"", ""..""]","[48.45, 29.24, 6.1, 3.59, 3.26, 2.42, 1.17, 0.67, 0.67, 0.33]","[""KK"", ""KKK"", ""."", ""KKKK"", ""KKKKK"", ""KKKKKK"", ""s"", ""KKKKKKK"", "".."", ""-""]","[48.24, 31.85, 5.66, 3.67, 3.48, 1.2, 0.77, 0.57, 0.43, 0.33]",0,197,87.17
C:/projects/myproject/QDQM/DS_Input/Test/Z검증용데이터.csv,Z검증용데이터.csv,담당부서,Test,C:/projects/myproject/QDQM/DS_Input/Internal/기업고객.csv,기업고객.csv,Master,담당부서,"[""KK"", ""KKK"", ""."", ""KKKK"", ""KKKKK"", ""nnnnnnnnnn"", ""KKKKKK"", ""KKKKKKK"", ""s"", ""..""]","[48.45, 29.24, 6.1, 3.59, 3.26, 2.42, 1.17, 0.67, 0.67, 0.33]","[""KK"", ""KKK"", ""."", ""KKKK"", ""KKKKK"", ""KKKKKK"", ""s"", ""KKKKKKK"", "".."", ""-""]","[48.24, 31.85, 5.66, 3.67, 3.48, 1.2, 0.77, 0.57, 0.43, 0.33]",0,196,86.73
C:/projects/myproject/QDQM/DS_Input/Test/Z검증용데이터.csv,Z검증용데이터.csv,사업자,Test,C:/projects/myproject/QDQM/DS_Input/Reference/사업자등록번호3.csv,사업자등록번호3.csv,Reference,유효사업자번호3,"[""nnnnnnnnnn"", ""nnnn-nn-nn""]","[96.33, 3.67]","[""nnnnnnnnnn""]",[100.0],3,420,80.31
C:/projects/myproject/QDQM/DS_Input/Test/Z검증용데이터.csv,Z검증용데이터.csv,사업자,Test,C:/projects/myproject/QDQM/DS_Input/Internal/CUSTOMER.csv,CUSTOMER.csv,Master,주민_사업자등록번호,"[""nnnnnnnnnn"", ""nnnn-nn-nn""]","[96.33, 3.67]","[""nnnnnnnnnn"", ""nnnnnnnnn"", ""nnnnnnnn""]","[99.97, 0.01, 0.01]",0,1334,74.82
C:/projects/myproject/QDQM/DS_Input/Test/Z검증용데이터.csv,Z검증용데이터.csv,사업자,Test,C:/projects/myproject/QDQM/DS_Input/Internal/기업고객.csv,기업고객.csv,Master,기업사업자등록번호,"[""nnnnnnnnnn"", ""nnnn-nn-nn""]","[96.33, 3.67]","[""nnnnnnnnnn"", ""nnnnnnnnn"", ""nnnnnnnn""]","[99.97, 0.01, 0.01]",0,1270,71.23
C:/projects/myproject/QDQM/DS_Input/Test/Z검증용데이터.csv,Z검증용데이터.csv,수량,Test,C:/projects/myproject/QDQM/DS_Input/Internal/CUSTOMER.csv,CUSTOMER.csv,Master,집하지대번지,"[""nn"", ""n"", ""nnn"", ""nnnnnn"", ""nnnnn"", ""nnnnnnn""]","[79.49, 19.1, 1.1, 0.21, 0.05, 0.05]","[""nnn"", ""nn"", ""nnnn"", ""n"", ""nnn-n"", ""nnn-nn"", ""KKK"", ""Aaa-nn"", ""."", ""nn-nn""]","[53.98, 15.4, 10.79, 6.38, 4.23, 2.53, 2.05, 0.68, 0.61, 0.61]",0,89,91.75
C:/projects/myproject/QDQM/DS_Input/Test/Z검증용데이터.csv,Z검증용데이터.csv,수량,Test,C:/projects/myproject/QDQM/DS_Input/Internal/CUSTOMER.csv,CUSTOMER.csv,Master,집하지소번지,"[""nn"", ""n"", ""nnn"", ""nnnnnn"", ""nnnnn"", ""nnnnnnn""]","[79.49, 19.1, 1.1, 0.21, 0.05, 0.05]","[""n"", ""nn"", ""nnn"", ""KK"", ""nK"", ""nnnn"", ""nnn-"", ""K"", ""nnK nnK"", ""/""]","[57.73, 34.11, 5.41, 0.86, 0.7, 0.38, 0.16, 0.16, 0.11, 0.05]",0,78,80.41
C:/projects/myproject/QDQM/DS_Input/Test/Z검증용데이터.csv,Z검증용데이터.csv,우편번호,Test,C:/projects/myproject/QDQM/DS_Input/Internal/CUSTOMER.csv,CUSTOMER.csv,Master,우편번호,"[""nnnnnn"", ""nnnnn"", ""nnn-n""]","[82.7, 17.22, 0.07]","[""nnnnnn"", ""nnnnn"", ""nnn-n""]","[83.37, 16.62, 0.01]",0,936,100.0
C:/projects/myproject/QDQM/DS_Input/Test/Z검증용데이터.csv,Z검증용데이터.csv,우편번호,Test,C:/projects/myproject/QDQM/DS_Input/Internal/기업고객.csv,기업고객.csv,Master,기업우편번호,"[""nnnnnn"", ""nnnnn"", ""nnn-n""]","[82.7, 17.22, 0.07]","[""nnnnnn"", ""nnnnn"", ""nnnn"", ""nnn-n""]","[83.37, 9.95, 6.67, 0.01]",0,885,94.55
C:/projects/myproject/QDQM/DS_Input/Test/Z검증용데이터.csv,Z검증용데이터.csv,우편번호,Test,C:/projects/myproject/QDQM/DS_Input/Internal/CUSTOMER.csv,CUSTOMER.csv,Master,청구지우편번호,"[""nnnnnn"", ""nnnnn"", ""nnn-n""]","[82.7, 17.22, 0.07]","[""nnnnnn"", ""nnnnn""]","[84.16, 15.84]",0,839,89.64
C:/projects/myproject/QDQM/DS_Input/Test/Z검증용데이터.csv,Z검증용데이터.csv,우편번호,Test,C:/projects/myproject/QDQM/DS_Input/Internal/기업고객.csv,기업고객.csv,Master,청구지우편번호,"[""nnnnnn"", ""nnnnn"", ""nnn-n""]","[82.7, 17.22, 0.07]","[""nnnnnn"", ""nnnnn"", ""nnnn""]","[87.71, 9.48, 2.8]",0,805,86.0
C:/projects/myproject/QDQM/DS_Input/Test/Z검증용데이터.csv,Z검증용데이터.csv,우편번호,Test,C:/projects/myproject/QDQM/DS_Input/Internal/CUSTOMER.csv,CUSTOMER.csv,Master,집하지우편번호,"[""nnnnnn"", ""nnnnn"", ""nnn-n""]","[82.7, 17.22, 0.07]","[""nnnnnn"", ""nnnnn"", ""nnnn""]","[81.12, 18.86, 0.01]",0,665,71.05
C:/projects/myproject/QDQM/DS_Input/Test/Z검증용데이터.csv,Z검증용데이터.csv,우편번호,Test,C:/projects/myproject/QDQM/DS_Input/Reference/우편번호3.csv,우편번호3.csv,Reference,우편번호3,"[""nnnnnn"", ""nnnnn"", ""nnn-n""]","[82.7, 17.22, 0.07]","[""nnnnn""]",[100.0],3,203,70.73
C:/projects/myproject/QDQM/DS_Input/Test/Z검증용데이터.csv,Z검증용데이터.csv,우편번호,Test,C:/projects/myproject/QDQM/DS_Input/Reference/우편번호구3.csv,우편번호구3.csv,Reference,우편번호구3,"[""nnnnnn"", ""nnnnn"", ""nnn-n""]","[82.7, 17.22, 0.07]","[""nnnnnn"", ""nnn-nnn""]","[50.0, 50.0]",3,200,69.69
C:/projects/myproject/QDQM/DS_Input/Test/Z검증용데이터.csv,Z검증용데이터.csv,우편번호,Test,C:/projects/myproject/QDQM/DS_Input/Internal/기업고객.csv,기업고객.csv,Master,집하지우편번호,"[""nnnnnn"", ""nnnnn"", ""nnn-n""]","[82.7, 17.22, 0.07]","[""nnnnnn"", ""nnnnn"", ""nnnn""]","[84.62, 12.7, 2.67]",0,644,68.8
C:/projects/myproject/QDQM/DS_Input/Test/Z검증용데이터.csv,Z검증용데이터.csv,집하지우편번호,Test,C:/projects/myproject/QDQM/DS_Input/Reference/우편번호3.csv,우편번호3.csv,Reference,우편번호3,"[""nnnnnn"", ""nnnnn"", ""nnnn""]","[60.2, 31.98, 7.82]","[""nnnnn""]",[100.0],3,293,67.82
C:/projects/myproject/QDQM/DS_Input/Test/Z검증용데이터.csv,Z검증용데이터.csv,판매원사번,Test,C:/projects/myproject/QDQM/DS_Input/Internal/CUSTOMER.csv,CUSTOMER.csv,Master,판매원사번,"[""nnnnnnn"", ""KK"", ""KKK""]","[97.87, 1.1, 1.03]","[""nnnnnnn"", ""AAAnnnn""]","[99.97, 0.03]",0,484,98.98
C:/projects/myproject/QDQM/DS_Input/Test/Z검증용데이터.csv,Z검증용데이터.csv,판매원사번,Test,C:/projects/myproject/QDQM/DS_Input/Internal/기업고객.csv,기업고객.csv,Master,판매원사번,"[""nnnnnnn"", ""KK"", ""KKK""]","[97.87, 1.1, 1.03]","[""nnnnnnn"", ""nnnnnn"", ""nnnnn"", ""AAAnnnn""]","[60.04, 27.83, 12.1, 0.03]",0,326,66.67
C:/projects/myproject/QDQM/DS_Input/Test/Z검증용데이터.csv,Z검증용데이터.csv,판매원사번,Test,C:/projects/myproject/QDQM/DS_Input/Internal/CONTRACT.csv,CONTRACT.csv,Master,SALES_EMP,"[""nnnnnnn"", ""KK"", ""KKK""]","[97.87, 1.1, 1.03]","[""nnnnnnn"", ""nnnnnn"", ""nnnnn"", ""AAAnnnn""]","[61.97, 26.85, 11.14, 0.04]",0,296,60.53
C:/projects/myproject/QDQM/DS_Input/Test/Z검증용데이터.csv,Z검증용데이터.csv,판매점소,Test,C:/projects/myproject/QDQM/DS_Input/Internal/CUSTOMER.csv,CUSTOMER.csv,Master,판매점소,"[""AAAAA"", ""AAAAAAA"", ""AAAAAA"", ""AA""]","[58.86, 37.29, 3.8, 0.05]","[""AAAAA"", ""AAAAAAA"", ""AAAAAA"", ""AA""]","[78.07, 18.56, 3.32, 0.05]",0,75,97.4
C:/projects/myproject/QDQM/DS_Input/Test/Z검증용데이터.csv,Z검증용데이터.csv,판매점소,Test,C:/projects/myproject/QDQM/DS_Input/Internal/CONTRACT.csv,CONTRACT.csv,Master,CONTRACT_ORG_CD,"[""AAAAA"", ""AAAAAAA"", ""AAAAAA"", ""AA""]","[58.86, 37.29, 3.8, 0.05]","[""AAAAAAA"", ""AAAAA"", ""AAAAAA"", ""AA""]","[66.44, 31.13, 2.42, 0.01]",0,73,94.81
C:/projects/myproject/QDQM/DS_Input/Test/Z검증용데이터.csv,Z검증용데이터.csv,판매점소,Test,C:/projects/myproject/QDQM/DS_Input/Internal/기업고객.csv,기업고객.csv,Master,판매점소,"[""AAAAA"", ""AAAAAAA"", ""AAAAAA"", ""AA""]","[58.86, 37.29, 3.8, 0.05]","[""AAAAA"", ""AAAAAAA"", ""AAAAAA"", ""AA""]","[81.38, 15.27, 3.3, 0.05]",0,72,93.51
C:/projects/myproject/QDQM/DS_Input/Test/Z검증용데이터.csv,Z검증용데이터.csv,판매점소,Test,C:/projects/myproject/QDQM/DS_Input/Internal/택배_고객.csv,택배_고객.csv,Master,판매점소,"[""AAAAA"", ""AAAAAAA"", ""AAAAAA"", ""AA""]","[58.86, 37.29, 3.8, 0.05]","[""AAAAA"", ""AAAAAAA"", ""AAAAAA"", ""AA""]","[97.44, 2.26, 0.26, 0.04]",0,67,87.01
C:/projects/myproject/QDQM/DS_Input/Test/Z사용자.csv,Z사용자.csv,EMAIL,Test,C:/projects/myproject/QDQM/DS_Input/Internal/사용자.csv,사용자.csv,Master,EMAIL,"[""aaaaa@aaaaaa.aaa"", ""aaaaaa@aaaaaa.aaa"", ""aaaaaaa@aaaaaa.aaa"", ""aaaaaaaa@aaaaaa.aaa"", ""aaaaaaaaa@aaaaaa.aaa"", ""aaaa@aaaaaa.aaa"", ""aaaaaaaaaa@aaaaaa.aa"", ""AAAAAA@aaaaaa.aaa"", ""AAAAA@aaaaaa.aaa"", ""aaannnn@aaaaaa.aaa""]","[24.01, 23.26, 13.6, 10.06, 7.08, 7.04, 3.06, 0.96, 0.79, 0.7]","[""aaaaaa@aaaaaa.aaa"", ""aaaaa@aaaaaa.aaa"", ""aaaaaaa@aaaaaa.aaa"", ""aaaaaaaa@aaaaaa.aaa"", ""aaaaaaaaa@aaaaaa.aaa"", ""aaaa@aaaaaa.aaa"", ""aaaaaaaaaa@aaaaaa.aa"", ""AAAnnnn@aaaaaa.aaa"", ""AAAAAA@aaaaaa.aaa"", ""AAAAA@aaaaaa.aaa""]","[22.58, 22.5, 13.24, 9.56, 7.05, 6.42, 2.94, 1.37, 1.27, 1.04]",0,1994,100.0
C:/projects/myproject/QDQM/DS_Input/Test/Z사용자.csv,Z사용자.csv,EMAIL,Test,Rule,Rule,Rule,EMAIL,,0,,0,,2265,99.04000091552734
C:/projects/myproject/QDQM/DS_Input/Test/Z사용자.csv,Z사용자.csv,GEN_TIMESTAMP,Test,Rule,Rule,Rule,TIMESTAMP,,0,,0,,2361,100.0
C:/projects/myproject/QDQM/DS_Input/Test/Z사용자.csv,Z사용자.csv,등록일자,Test,C:/projects/myproject/QDQM/DS_Input/Internal/사용자.csv,사용자.csv,Master,등록일자,"[""nnnnnnnn""]",[100.0],"[""nnnnnnnn""]",[100.0],0,642,100.0
C:/projects/myproject/QDQM/DS_Input/Test/Z사용자.csv,Z사용자.csv,등록일자,Test,Rule,Rule,Rule,DATECHAR,,0,,0,,2361,100.0
C:/projects/myproject/QDQM/DS_Input/Test/Z사용자.csv,Z사용자.csv,등록일자,Test,C:/projects/myproject/QDQM/DS_Input/Internal/사원마스터.csv,사원마스터.csv,Master,근무시작일자,"[""nnnnnnnn""]",[100.0],"[""nnnnnnnn"", ""nnnnnn"", ""nnnn""]","[99.93, 0.04, 0.03]",0,426,66.36
C:/projects/myproject/QDQM/DS_Input/Test/Z사용자.csv,Z사용자.csv,등록일자,Test,C:/projects/myproject/QDQM/DS_Input/Internal/사원기본.csv,사원기본.csv,Master,시근일자,"[""nnnnnnnn""]",[100.0],"[""nnnnnnnn"", ""nnnnnn"", ""nnnn""]","[99.91, 0.08, 0.01]",0,410,63.86
C:/projects/myproject/QDQM/DS_Input/Test/Z사용자.csv,Z사용자.csv,사원번호,Test,C:/projects/myproject/QDQM/DS_Input/Internal/사용자.csv,사용자.csv,Master,사원번호,"[""nnnnnnn"", ""Annnnnn"", ""AAAnnnn"", ""AAnnnnn"", ""nnnnnn"", ""aaaaaa"", ""aaannnn"", ""KKK"", ""aaaaa"", ""aaaa""]","[92.76, 4.07, 1.78, 0.72, 0.21, 0.13, 0.08, 0.04, 0.04, 0.04]","[""nnnnnnn"", ""Annnnnn"", ""AAAnnnn"", ""AAnnnnn"", ""nnnnnn"", ""annnnnn"", ""aaaaaa"", ""aaannnn"", ""KKK"", ""nnnn""]","[95.0, 2.14, 1.73, 0.8, 0.1, 0.04, 0.04, 0.04, 0.03, 0.01]",0,2361,100.0
C:/projects/myproject/QDQM/DS_Input/Test/Z사용자.csv,Z사용자.csv,입사일자,Test,Rule,Rule,Rule,DATECHAR,,0,,0,,2344,99.95999908447266
C:/projects/myproject/QDQM/DS_Input/Test/Z사용자.csv,Z사용자.csv,전화번호,Test,Rule,Rule,Rule,CELLPHONE,,0,,0,,2165,91.69999694824219
C:/projects/myproject/QDQM/DS_Input/Test/Z사용자.csv,Z사용자.csv,전화번호1,Test,Rule,Rule,Rule,TEL,,0,,0,,1900,95.23999786376953
C:/projects/myproject/QDQM/DS_Input/Test/Z사용자.csv,Z사용자.csv,점소코드,Test,C:/projects/myproject/QDQM/DS_Input/Internal/사용자.csv,사용자.csv,Master,점소코드,"[""nnnn""]",[100.0],"[""nnnn""]",[100.0],0,229,100.0
C:/projects/myproject/QDQM/DS_Input/Test/Z사용자.csv,Z사용자.csv,점소코드,Test,C:/projects/myproject/QDQM/DS_Input/Internal/조직_수입관리.csv,조직_수입관리.csv,Master,OIO_ORG_NCD,"[""nnnn""]",[100.0],"[""nnnn""]",[100.0],0,151,65.94
C:/projects/myproject/QDQM/DS_Input/Test/Z사용자.csv,Z사용자.csv,점소코드,Test,C:/projects/myproject/QDQM/DS_Input/Internal/지점코드.csv,지점코드.csv,Master,OIO_ORG_NCD,"[""nnnn""]",[100.0],"[""nnnn""]",[100.0],0,151,65.94
C:/projects/myproject/QDQM/DS_Input/Test/Z사용자.csv,Z사용자.csv,직급,Test,C:/projects/myproject/QDQM/DS_Input/Internal/사용자.csv,사용자.csv,Master,직급,"[""KK"", ""nK"", ""KKKK"", ""KKKKKn"", ""KKK"", ""KKKKKK"", ""KKnK"", ""KKKKK"", ""KKKn"", ""A/AKKK""]","[37.78, 26.6, 20.88, 3.39, 2.63, 2.16, 1.52, 1.31, 1.14, 0.8]","[""KK"", ""KKKK"", ""nK"", ""KKKKKn"", ""KKK"", ""KKKKKK"", ""A/AKKK"", ""nKK"", ""KKKKK"", ""KKKn""]","[65.51, 11.14, 9.81, 4.89, 2.95, 1.26, 1.1, 0.82, 0.73, 0.63]",0,119,100.0
C:/projects/myproject/QDQM/DS_Input/Test/Z사용자.csv,Z사용자.csv,팀명,Test,C:/projects/myproject/QDQM/DS_Input/Internal/사용자.csv,사용자.csv,Master,팀명,"[""KKK"", ""KKKKKK"", ""KKKKK"", ""KKKK"", ""KKKKKKK"", ""KKAAAK"", ""KKKKKKKKK"", ""KKKKKKKK"", ""KKKKnK"", ""nAAKKK""]","[29.45, 23.94, 13.43, 8.9, 7.16, 2.58, 1.4, 1.19, 1.02, 0.93]","[""KKK"", ""KKKsssssss"", ""KKKKKK"", ""KKKKKsssss"", ""KKKKK"", ""KKKK"", ""KKKKKKssss"", ""KKKKKKK"", ""KKAAAK"", ""KKnKssssss""]","[17.99, 16.55, 13.34, 12.53, 6.74, 4.65, 3.39, 3.34, 2.91, 2.87]",0,534,100.0
C:/projects/myproject/QDQM/DS_Input/Test/Z사용자.csv,Z사용자.csv,휴대폰번호,Test,Rule,Rule,Rule,CELLPHONE,,0,,0,,2092,90.12999725341797
C:/projects/myproject/QDQM/DS_Input/Test/Z코드변동성예제.csv,Z코드변동성예제.csv,GEN_TIMESTAMP,Test,Rule,Rule,Rule,TIMESTAMP,,0,,0,,206,100.0
C:/projects/myproject/QDQM/DS_Input/Test/Z코드변동성예제.csv,Z코드변동성예제.csv,코드,Test,C:/projects/myproject/QDQM/DS_Input/Internal/Z코드변동성예제.csv,Z코드변동성예제.csv,Master,코드,"[""Annnnn"", ""AAnnnnn"", ""nnnnnn""]","[53.4, 38.83, 7.77]","[""Annnnn"", ""AAnnnnn"", ""nnnnnn""]","[53.4, 38.83, 7.77]",0,202,100.0
