FileName,ColumnName,MasterFile,MasterColumn,Similarity,PK,Format,FormatCnt,Attribute,DetailDataType,Null(%),Unique(%),R_PK,R_Format,R_FormatCnt,R_Attribute,R_DetailDataType,R_Null(%),R_Unique(%),same_column
COMPANY.csv,CompanyID,COMPANY.csv,CompanyID,1.0,1,nnn,4.0,,UNIQUE,0.0,100.0,1,nnn,4.0,,UNIQUE,0.0,100.0,True
COMPANY.csv,Company_Name,COMPANY.csv,Company_Name,1.0,0,(K)KKKKK,169.0,,COMPANY,0.0,94.98,0,(K)KKKKK,169.0,,COMPANY,0.0,94.98,True
COMPANY.csv,Company_Name_Abbreviation,COMPANY.csv,Company_Name_Abbreviation,1.0,0,KKKK,100.0,,Text,0.0,93.01,0,KKKK,100.0,,Text,0.0,93.01,True
COMPANY.csv,Business_Registration_Number,COMPANY.csv,Business_Registration_Number,1.0,0,nnnnnnnnnn,2.0,유효사업자번호3,,3.53,86.85,0,nnnnnnnnnn,2.0,유효사업자번호3,,3.53,86.85,True
COMPANY.csv,Business_Type,COMPANY.csv,Business_Type,1.0,0,KKK,126.0,,Text,2.31,25.0,0,KKK,126.0,,Text,2.31,25.0,True
COMPANY.csv,Business_Type,COMPANY.csv,Business_Item,0.8462,0,KKK,126.0,,Text,2.31,25.0,0,KK,295.0,,Text,2.51,56.65,False
COMPANY.csv,Business_Item,COMPANY.csv,Business_Type,0.8462,0,KK,295.0,,Text,2.51,56.65,0,KKK,126.0,,Text,2.31,25.0,False
COMPANY.csv,Business_Item,COMPANY.csv,Business_Item,1.0,0,KK,295.0,,Text,2.51,56.65,0,KK,295.0,,Text,2.51,56.65,True
COMPANY.csv,ZIP_Code,COMPANY.csv,ZIP_Code,1.0,0,nnnnnn,3.0,우편번호구3,,0.0,46.54,0,nnnnnn,3.0,우편번호구3,,0.0,46.54,True
COMPANY.csv,Address,COMPANY.csv,Address,1.0,0,KK KKK KKK nnn-n,456.0,,ADDRESS,0.2,91.43,0,KK KKK KKK nnn-n,456.0,,ADDRESS,0.2,91.43,True
COMPANY.csv,Address,CONTRACT.csv,ADDR,0.7273,0,KK KKK KKK nnn-n,456.0,,ADDRESS,0.2,91.43,0,KKKKK KKK KKK,1308.0,,ADDRESS,33.53,86.67,False
COMPANY.csv,Address,test.csv,Addr,0.7273,0,KK KKK KKK nnn-n,456.0,,ADDRESS,0.2,91.43,0,KKK KKKK KKK nn-n,4.0,,ADDRESS,0.0,18.75,False
COMPANY.csv,Address,test.csv,Address,1.0,0,KK KKK KKK nnn-n,456.0,,ADDRESS,0.2,91.43,0,KKKKK KK KKK nn-n,5.0,,ADDRESS,0.0,15.62,False
COMPANY.csv,Insert_Emp_ID,COMPANY.csv,Insert_Emp_ID,1.0,0,nnnnn,8.0,,,0.0,4.21,0,nnnnn,8.0,,,0.0,4.21,True
COMPANY.csv,Update_Emp_ID,COMPANY.csv,Update_Emp_ID,1.0,0,nnnnnnn,9.0,,,40.57,5.94,0,nnnnnnn,9.0,,,40.57,5.94,True
COMPANY.csv,Update_Emp_ID,CONTRACT.csv,UPDATE_EMP,0.8696,0,nnnnnnn,9.0,,,40.57,5.94,0,nnnnnnn,4.0,,,10.69,0.75,False
COMPANY.csv,Transaction_Suspension,COMPANY.csv,Transaction_Suspension,1.0,0,KK,6.0,,,91.79,7.44,0,KK,6.0,,,91.79,7.44,True
COMPANY.csv,Transaction_Suspension,COMPANY.csv,Transaction_extension,0.8372,0,KK,6.0,,,91.79,7.44,0,KK,6.0,,,90.64,6.52,False
COMPANY.csv,Transaction_extension,COMPANY.csv,Transaction_Suspension,0.8372,0,KK,6.0,,,90.64,6.52,0,KK,6.0,,,91.79,7.44,False
COMPANY.csv,Transaction_extension,COMPANY.csv,Transaction_extension,1.0,0,KK,6.0,,,90.64,6.52,0,KK,6.0,,,90.64,6.52,True
COMPANY.csv,Transaction_extension,COMPANY.csv,Transaction_Cancellation,0.7556,0,KK,6.0,,,90.64,6.52,0,KK,3.0,,,74.49,0.8,False
COMPANY.csv,Transaction_Cancellation,COMPANY.csv,Transaction_extension,0.7111,0,KK,3.0,,,74.49,0.8,0,KK,6.0,,,90.64,6.52,False
COMPANY.csv,Transaction_Cancellation,COMPANY.csv,Transaction_Cancellation,1.0,0,KK,3.0,,,74.49,0.8,0,KK,3.0,,,74.49,0.8,True
COMPANY.csv,Road_Name_Code,COMPANY.csv,Road_Name_Code,1.0,0,n.nnAsnn,1.0,,,79.04,9.06,0,n.nnAsnn,1.0,,,79.04,9.06,True
CONTRACT.csv,CONTRACT_NO,CONTRACT.csv,CONTRACT_NO,1.0,1,nnnnnnn,7.0,,UNIQUE,0.0,100.0,1,nnnnnnn,7.0,,UNIQUE,0.0,100.0,True
CONTRACT.csv,CONTRACT_NO,CONTRACT.csv,CONTRACT_ORG_CD,0.7692,1,nnnnnnn,7.0,,UNIQUE,0.0,100.0,0,AAAAAAA,4.0,,,7.37,0.98,False
CONTRACT.csv,CUSTOMER,CONTRACT.csv,CUSTOMER,1.0,0,KKK,727.0,,Text,0.13,91.62,0,KKK,727.0,,Text,0.13,91.62,True
CONTRACT.csv,CUST_NO,CONTRACT.csv,CUST_NO,1.0,0,nnnnnnnnnn,4.0,유효사업자번호3,,0.62,92.75,0,nnnnnnnnnn,4.0,유효사업자번호3,,0.62,92.75,True
CONTRACT.csv,CONTRACT_ORG_CD,CONTRACT.csv,CONTRACT_NO,0.7692,0,AAAAAAA,4.0,,,7.37,0.98,1,nnnnnnn,7.0,,UNIQUE,0.0,100.0,False
CONTRACT.csv,CONTRACT_ORG_CD,CONTRACT.csv,CONTRACT_ORG_CD,1.0,0,AAAAAAA,4.0,,,7.37,0.98,0,AAAAAAA,4.0,,,7.37,0.98,True
CONTRACT.csv,SALES_EMP,CONTRACT.csv,SALES_EMP,1.0,0,nnnnnnn,4.0,,,24.12,13.1,0,nnnnnnn,4.0,,,24.12,13.1,True
CONTRACT.csv,SALES_EMP,CONTRACT.csv,SALES_TYPE,0.7368,0,nnnnnnn,4.0,,,24.12,13.1,0,AAAAA,2.0,,,0.8,0.04,False
CONTRACT.csv,SALES_TYPE,CONTRACT.csv,SALES_EMP,0.7368,0,AAAAA,2.0,,,0.8,0.04,0,nnnnnnn,4.0,,,24.12,13.1,False
CONTRACT.csv,SALES_TYPE,CONTRACT.csv,SALES_TYPE,1.0,0,AAAAA,2.0,,,0.8,0.04,0,AAAAA,2.0,,,0.8,0.04,True
CONTRACT.csv,ZIP,CONTRACT.csv,ZIP,1.0,0,nnnnnn,3.0,,,1.4,64.74,0,nnnnnn,3.0,,,1.4,64.74,True
CONTRACT.csv,ADDR,COMPANY.csv,Address,0.7273,0,KKKKK KKK KKK,1308.0,,ADDRESS,33.53,86.67,0,KK KKK KKK nnn-n,456.0,,ADDRESS,0.2,91.43,False
CONTRACT.csv,ADDR,CONTRACT.csv,ADDR,1.0,0,KKKKK KKK KKK,1308.0,,ADDRESS,33.53,86.67,0,KKKKK KKK KKK,1308.0,,ADDRESS,33.53,86.67,True
CONTRACT.csv,ADDR,test.csv,Addr,1.0,0,KKKKK KKK KKK,1308.0,,ADDRESS,33.53,86.67,0,KKK KKKK KKK nn-n,4.0,,ADDRESS,0.0,18.75,False
CONTRACT.csv,ADDR,test.csv,Address,0.7273,0,KKKKK KKK KKK,1308.0,,ADDRESS,33.53,86.67,0,KKKKK KK KKK nn-n,5.0,,ADDRESS,0.0,15.62,False
CONTRACT.csv,ADDR_DETAIL,CONTRACT.csv,ADDR_DETAIL,1.0,0,nK,3245.0,,,16.85,88.18,0,nK,3245.0,,,16.85,88.18,True
CONTRACT.csv,ADDR_DETAIL,CONTRACT.csv,RETURN_ADDR_DETAIL,0.7586,0,nK,3245.0,,,16.85,88.18,0,nK,3246.0,,,16.89,88.26,False
CONTRACT.csv,RETURN_ZIP,CONTRACT.csv,RETURN_ZIP,1.0,0,nnn-nnn,3.0,,,1.56,64.85,0,nnn-nnn,3.0,,,1.56,64.85,True
CONTRACT.csv,RETURN_ADDR,CONTRACT.csv,RETURN_ADDR,1.0,0,KKKKK KKK KKK,1252.0,,ADDRESS,35.49,87.49,0,KKKKK KKK KKK,1252.0,,ADDRESS,35.49,87.49,True
CONTRACT.csv,RETURN_ADDR,CONTRACT.csv,RETURN_ADDR_DETAIL,0.7586,0,KKKKK KKK KKK,1252.0,,ADDRESS,35.49,87.49,0,nK,3246.0,,,16.89,88.26,False
CONTRACT.csv,RETURN_ADDR_DETAIL,CONTRACT.csv,ADDR_DETAIL,0.7586,0,nK,3246.0,,,16.89,88.26,0,nK,3245.0,,,16.85,88.18,False
CONTRACT.csv,RETURN_ADDR_DETAIL,CONTRACT.csv,RETURN_ADDR,0.7586,0,nK,3246.0,,,16.89,88.26,0,KKKKK KKK KKK,1252.0,,ADDRESS,35.49,87.49,False
CONTRACT.csv,RETURN_ADDR_DETAIL,CONTRACT.csv,RETURN_ADDR_DETAIL,1.0,0,nK,3246.0,,,16.89,88.26,0,nK,3246.0,,,16.89,88.26,True
CONTRACT.csv,SUSPENSION_DESC,CONTRACT.csv,SUSPENSION_DESC,1.0,0,KKKK KKK KK KKKK,41.0,,ADDRESS,81.51,4.54,0,KKKK KKK KK KKKK,41.0,,ADDRESS,81.51,4.54,True
CONTRACT.csv,ORG_CODE,CONTRACT.csv,ORG_CODE,1.0,0,nnnn,5.0,,,1.39,11.82,0,nnnn,5.0,,,1.39,11.82,True
CONTRACT.csv,ORG_CODE,조직_수입관리.csv,OIO_ORG_COD,0.7368,0,nnnn,5.0,,,1.39,11.82,1,AAAAA,5.0,,UNIQUE,0.0,100.0,False
CONTRACT.csv,ORG_CODE,지점코드.csv,OIO_ORG_COD,0.7368,0,nnnn,5.0,,,1.39,11.82,1,AAAAA,5.0,,UNIQUE,0.0,100.0,False
CONTRACT.csv,EMP_NO,CONTRACT.csv,EMP_NO,1.0,0,nnnnnnn,3.0,,,83.9,75.53,0,nnnnnnn,3.0,,,83.9,75.53,True
CONTRACT.csv,REQUEST_ORG,CONTRACT.csv,REQUEST_ORG,1.0,0,AAAAA,4.0,,,0.85,1.11,0,AAAAA,4.0,,,0.85,1.11,True
CONTRACT.csv,CORRECT_ORG,CONTRACT.csv,CORRECT_ORG,1.0,0,AAAAA,3.0,,,23.99,1.45,0,AAAAA,3.0,,,23.99,1.45,True
CONTRACT.csv,CORRECT_ORG,CONTRACT.csv,COST_ORG,0.7368,0,AAAAA,3.0,,,23.99,1.45,0,nnnn,1.0,,,0.83,0.98,False
CONTRACT.csv,COST_ORG,CONTRACT.csv,CORRECT_ORG,0.7368,0,nnnn,1.0,,,0.83,0.98,0,AAAAA,3.0,,,23.99,1.45,False
CONTRACT.csv,COST_ORG,CONTRACT.csv,COST_ORG,1.0,0,nnnn,1.0,,,0.83,0.98,0,nnnn,1.0,,,0.83,0.98,True
CONTRACT.csv,PAY_TYPE,CONTRACT.csv,PAY_TYPE,1.0,0,AAAA,2.0,,,0.84,0.02,0,AAAA,2.0,,,0.84,0.02,True
CONTRACT.csv,PRICE,CONTRACT.csv,PRICE,1.0,0,nnnn,5.0,,,2.88,2.11,0,nnnn,5.0,,,2.88,2.11,True
CONTRACT.csv,COMMISION,CONTRACT.csv,COMMISION,1.0,0,n,3.0,,,2.88,0.04,0,n,3.0,,,2.88,0.04,True
CONTRACT.csv,DEVELOP_ORG,CONTRACT.csv,DEVELOP_ORG,1.0,0,nnnn,4.0,,,85.97,30.86,0,nnnn,4.0,,,85.97,30.86,True
CONTRACT.csv,ENT_EMP,CONTRACT.csv,ENT_EMP,1.0,0,nnnnnnn,7.0,,,3.5,4.16,0,nnnnnnn,7.0,,,3.5,4.16,True
CONTRACT.csv,UPDATE_DATE,CONTRACT.csv,UPDATE_DATE,1.0,0,nn:nn,1.0,,,11.83,1.33,0,nn:nn,1.0,,,11.83,1.33,True
CONTRACT.csv,UPDATE_DATE,CONTRACT.csv,UPDATE_EMP,0.7619,0,nn:nn,1.0,,,11.83,1.33,0,nnnnnnn,4.0,,,10.69,0.75,False
CONTRACT.csv,UPDATE_EMP,COMPANY.csv,Update_Emp_ID,0.8696,0,nnnnnnn,4.0,,,10.69,0.75,0,nnnnnnn,9.0,,,40.57,5.94,False
CONTRACT.csv,UPDATE_EMP,CONTRACT.csv,UPDATE_DATE,0.7619,0,nnnnnnn,4.0,,,10.69,0.75,0,nn:nn,1.0,,,11.83,1.33,False
CONTRACT.csv,UPDATE_EMP,CONTRACT.csv,UPDATE_EMP,1.0,0,nnnnnnn,4.0,,,10.69,0.75,0,nnnnnnn,4.0,,,10.69,0.75,True
CUSTOMER.csv,고객번호,CUSTOMER.csv,고객번호,1.0,1,nnnnnnn,2.0,,UNIQUE,0.0,100.0,1,nnnnnnn,2.0,,UNIQUE,0.0,100.0,True
CUSTOMER.csv,고객번호,개인고객.csv,개인고객번호,0.8,1,nnnnnnn,2.0,,UNIQUE,0.0,100.0,1,Annnnnn,3.0,,UNIQUE,0.0,100.0,False
CUSTOMER.csv,고객번호,고객마스터.csv,고객번호,1.0,1,nnnnnnn,2.0,,UNIQUE,0.0,100.0,1,nnnnnnnnnn,1.0,유효사업자번호3,UNIQUE,0.0,100.0,False
CUSTOMER.csv,고객번호,기업고객.csv,기업고객번호,0.8,1,nnnnnnn,2.0,,UNIQUE,0.0,100.0,0,nnnnnnn,6.0,,TEL,0.0,100.0,False
CUSTOMER.csv,고객번호,수입관리_고객.csv,고객번호,1.0,1,nnnnnnn,2.0,,UNIQUE,0.0,100.0,1,nnnnnnnnnn,1.0,유효사업자번호3,UNIQUE,0.0,100.0,False
CUSTOMER.csv,고객번호,택배_고객.csv,고객번호,1.0,1,nnnnnnn,2.0,,UNIQUE,0.0,100.0,1,nnnnnnn,1.0,,UNIQUE,0.0,100.0,False
CUSTOMER.csv,고객명,CUSTOMER.csv,고객명,1.0,0,KKK,724.0,,Text,0.32,92.27,0,KKK,724.0,,Text,0.32,92.27,True
CUSTOMER.csv,고객명,CUSTOMER.csv,영문고객명,0.75,0,KKK,724.0,,Text,0.32,92.27,0,A,180.0,,,97.23,97.11,False
CUSTOMER.csv,고객명,OneClick고객.csv,고객명,1.0,0,KKK,724.0,,Text,0.32,92.27,0,KKK,347.0,,Text,0.0,85.83,False
CUSTOMER.csv,고객명,개인고객.csv,고객명,1.0,0,KKK,724.0,,Text,0.32,92.27,0,KKK,37.0,,Text,0.26,91.75,False
CUSTOMER.csv,고객명,개인고객.csv,영문고객명,0.75,0,KKK,724.0,,Text,0.32,92.27,0,AAAAAAAA AAAAAAA AAA,6.0,,,99.74,100.0,False
CUSTOMER.csv,고객명,계약마스터.csv,고객명,1.0,0,KKK,724.0,,Text,0.32,92.27,0,KKKK,375.0,,Text,0.0,78.27,False
CUSTOMER.csv,고객명,고객마스터.csv,고객명,1.0,0,KKK,724.0,,Text,0.32,92.27,0,KKKK,494.0,,Text,0.01,98.63,False
CUSTOMER.csv,고객명,고객유형.csv,고객유형명,0.75,0,KKK,724.0,,Text,0.32,92.27,0,aAAAAA,4.0,,,0.0,100.0,False
CUSTOMER.csv,고객명,관리회계_고객.csv,고객명,1.0,0,KKK,724.0,,Text,0.32,92.27,0,KKKK,730.0,,Text,0.0,100.0,False
CUSTOMER.csv,고객명,기업고객.csv,기업고객명,0.75,0,KKK,724.0,,Text,0.32,92.27,0,KKKK,681.0,,Text,0.05,92.53,False
CUSTOMER.csv,고객명,기업고객.csv,영문고객명,0.75,0,KKK,724.0,,Text,0.32,92.27,0,A,176.0,,,96.33,97.05,False
CUSTOMER.csv,고객명,사업자등록번호정보.csv,고객명,1.0,0,KKK,724.0,,Text,0.32,92.27,0,KKKK,913.0,,Text,0.0,98.37,False
CUSTOMER.csv,고객명,수입관리_고객.csv,고객명,1.0,0,KKK,724.0,,Text,0.32,92.27,0,KKKK,812.0,,Text,0.0,97.88,False
CUSTOMER.csv,고객명,택배_고객.csv,한글고객명,0.75,0,KKK,724.0,,Text,0.32,92.27,0,KKKK,799.0,,Text,0.55,89.93,False
CUSTOMER.csv,고객명,택배_고객.csv,영문고객명,0.75,0,KKK,724.0,,Text,0.32,92.27,0,A,312.0,,,94.3,92.11,False
CUSTOMER.csv,영문고객명,CUSTOMER.csv,고객명,0.75,0,A,180.0,,,97.23,97.11,0,KKK,724.0,,Text,0.32,92.27,False
CUSTOMER.csv,영문고객명,CUSTOMER.csv,영문고객명,1.0,0,A,180.0,,,97.23,97.11,0,A,180.0,,,97.23,97.11,True
CUSTOMER.csv,영문고객명,OneClick고객.csv,고객명,0.75,0,A,180.0,,,97.23,97.11,0,KKK,347.0,,Text,0.0,85.83,False
CUSTOMER.csv,영문고객명,개인고객.csv,고객명,0.75,0,A,180.0,,,97.23,97.11,0,KKK,37.0,,Text,0.26,91.75,False
CUSTOMER.csv,영문고객명,개인고객.csv,영문고객명,1.0,0,A,180.0,,,97.23,97.11,0,AAAAAAAA AAAAAAA AAA,6.0,,,99.74,100.0,False
CUSTOMER.csv,영문고객명,계약마스터.csv,고객명,0.75,0,A,180.0,,,97.23,97.11,0,KKKK,375.0,,Text,0.0,78.27,False
CUSTOMER.csv,영문고객명,고객마스터.csv,고객명,0.75,0,A,180.0,,,97.23,97.11,0,KKKK,494.0,,Text,0.01,98.63,False
CUSTOMER.csv,영문고객명,관리회계_고객.csv,고객명,0.75,0,A,180.0,,,97.23,97.11,0,KKKK,730.0,,Text,0.0,100.0,False
CUSTOMER.csv,영문고객명,기업고객.csv,영문고객명,1.0,0,A,180.0,,,97.23,97.11,0,A,176.0,,,96.33,97.05,False
CUSTOMER.csv,영문고객명,사업자등록번호정보.csv,고객명,0.75,0,A,180.0,,,97.23,97.11,0,KKKK,913.0,,Text,0.0,98.37,False
CUSTOMER.csv,영문고객명,수입관리_고객.csv,고객명,0.75,0,A,180.0,,,97.23,97.11,0,KKKK,812.0,,Text,0.0,97.88,False
CUSTOMER.csv,영문고객명,택배_고객.csv,영문고객명,1.0,0,A,180.0,,,97.23,97.11,0,A,312.0,,,94.3,92.11,False
CUSTOMER.csv,국가코드,CUSTOMER.csv,국가코드,1.0,0,AA,1.0,,,6.94,0.08,0,AA,1.0,,,6.94,0.08,True
CUSTOMER.csv,국가코드,개인고객.csv,국가코드,1.0,0,AA,1.0,,,6.94,0.08,0,AA,1.0,,,0.0,0.31,False
CUSTOMER.csv,국가코드,기업고객.csv,국가코드,1.0,0,AA,1.0,,,6.94,0.08,0,AA,1.0,,,9.09,0.03,False
CUSTOMER.csv,국가코드,선석.csv,국가코드,1.0,0,AA,1.0,,,6.94,0.08,0,AA,1.0,,SINGLE VALUE,0.0,0.1,False
CUSTOMER.csv,국가코드,택배_고객.csv,국가코드,1.0,0,AA,1.0,,,6.94,0.08,0,AA,1.0,,,14.81,0.04,False
CUSTOMER.csv,주민_사업자등록번호,CUSTOMER.csv,주민_사업자등록번호,1.0,0,nnnnnnnnnn,3.0,유효사업자번호3,,2.84,92.58,0,nnnnnnnnnn,3.0,유효사업자번호3,,2.84,92.58,True
CUSTOMER.csv,주민_사업자등록번호,OneClick고객.csv,사업자등록번호,0.8235,0,nnnnnnnnnn,3.0,유효사업자번호3,,2.84,92.58,0,nnn-nn-nnnnn,2.0,,,0.0,90.72,False
CUSTOMER.csv,주민_사업자등록번호,ORGNIZATION.csv,사업자등록번호,0.8235,0,nnnnnnnnnn,3.0,유효사업자번호3,,2.84,92.58,0,nnnnnnnnnn,1.0,유효사업자번호3,,49.82,75.01,False
CUSTOMER.csv,주민_사업자등록번호,개인고객.csv,사업자등록번호,0.8235,0,nnnnnnnnnn,3.0,유효사업자번호3,,2.84,92.58,1,nnnnnnnnnn,2.0,유효사업자번호3,UNIQUE,11.49,100.0,False
CUSTOMER.csv,주민_사업자등록번호,고객마스터.csv,사업자등록번호,0.8235,0,nnnnnnnnnn,3.0,유효사업자번호3,,2.84,92.58,0,nnn-nn-nnnnn,3.0,,,0.0,92.76,False
CUSTOMER.csv,주민_사업자등록번호,관리회계_고객.csv,사업자등록번호,0.8235,0,nnnnnnnnnn,3.0,유효사업자번호3,,2.84,92.58,1,nnnnnnnnnn,10.0,유효사업자번호3,UNIQUE,0.0,100.0,False
CUSTOMER.csv,주민_사업자등록번호,기업고객.csv,기업사업자등록번호,0.7368,0,nnnnnnnnnn,3.0,유효사업자번호3,,2.84,92.58,0,nnnnnnnnnn,3.0,유효사업자번호3,,0.01,90.95,False
CUSTOMER.csv,주민_사업자등록번호,배송점.csv,사업자등록번호,0.8235,0,nnnnnnnnnn,3.0,유효사업자번호3,,2.84,92.58,0,nnnnnnnnnn,1.0,유효사업자번호3,,33.32,80.85,False
CUSTOMER.csv,주민_사업자등록번호,사업자등록번호정보.csv,사업자등록번호,0.8235,0,nnnnnnnnnn,3.0,유효사업자번호3,,2.84,92.58,1,nnnnnnnnnn,11.0,유효사업자번호3,UNIQUE,0.0,100.0,False
CUSTOMER.csv,주민_사업자등록번호,사용자.csv,주민등록번호,0.75,0,nnnnnnnnnn,3.0,유효사업자번호3,,2.84,92.58,0,aaaaaaaa,1.0,,SINGLE VALUE,92.69,0.19,False
CUSTOMER.csv,주민_사업자등록번호,서브터미널.csv,사업자등록번호,0.8235,0,nnnnnnnnnn,3.0,유효사업자번호3,,2.84,92.58,0,nnnnnnnnnn,1.0,,,99.99,100.0,False
CUSTOMER.csv,주민_사업자등록번호,영업소.csv,사업자등록번호,0.8235,0,nnnnnnnnnn,3.0,유효사업자번호3,,2.84,92.58,0,nnnnnnnnnn,1.0,유효사업자번호3,,0.0,52.05,False
CUSTOMER.csv,주민_사업자등록번호,택배_고객.csv,주민_사업자등록번호,1.0,0,nnnnnnnnnn,3.0,유효사업자번호3,,2.84,92.58,0,nnnnnnnnnn,2.0,유효사업자번호3,,0.58,89.94,False
CUSTOMER.csv,주민_사업자등록번호,택배_고객.csv,사업자등록우편번호,0.7368,0,nnnnnnnnnn,3.0,유효사업자번호3,,2.84,92.58,0,nnnnnn,2.0,우편번호구3,,2.04,32.74,False
CUSTOMER.csv,주민_사업자등록번호,택배_조직도.csv,사업자등록번호,0.8235,0,nnnnnnnnnn,3.0,유효사업자번호3,,2.84,92.58,0,nnnnnnnnnn,1.0,유효사업자번호3,,49.82,75.01,False
CUSTOMER.csv,주민_사업자등록번호,사업자등록번호5.csv,사업자등록번호5,0.7778,0,nnnnnnnnnn,3.0,유효사업자번호3,,2.84,92.58,1,nnnnnnnnnn,1.0,,UNIQUE,0.0,100.0,False
CUSTOMER.csv,주민_사업자등록번호,사업자등록번호7.csv,사업자등록번호7,0.7778,0,nnnnnnnnnn,3.0,유효사업자번호3,,2.84,92.58,1,nnn-nn-nnnnn,1.0,,UNIQUE,0.0,100.0,False
CUSTOMER.csv,우편번호,CUSTOMER.csv,우편번호,1.0,0,nnnnnn,3.0,우편번호3,,28.48,44.99,0,nnnnnn,3.0,우편번호3,,28.48,44.99,True
CUSTOMER.csv,우편번호,CUSTOMER.csv,청구지우편번호,0.7273,0,nnnnnn,3.0,우편번호3,,28.48,44.99,0,nnnnnn,2.0,우편번호3,,23.33,47.14,False
CUSTOMER.csv,우편번호,CUSTOMER.csv,집하지우편번호,0.7273,0,nnnnnn,3.0,우편번호3,,28.48,44.99,0,nnnnnn,3.0,우편번호3,,1.58,64.41,False
CUSTOMER.csv,우편번호,OneClick고객.csv,사업우편번호,0.8,0,nnnnnn,3.0,우편번호3,,28.48,44.99,0,nnnnn,2.0,우편번호3,,78.43,86.28,False
CUSTOMER.csv,우편번호,ORGNIZATION.csv,우편번호,1.0,0,nnnnnn,3.0,우편번호3,,28.48,44.99,0,nnnnnn,2.0,우편번호3,,9.25,44.44,False
CUSTOMER.csv,우편번호,개인고객.csv,우편번호,1.0,0,nnnnnn,3.0,우편번호3,,28.48,44.99,0,nnnnnn,3.0,,,99.87,100.0,False
CUSTOMER.csv,우편번호,개인고객.csv,집하지우편번호,0.7273,0,nnnnnn,3.0,우편번호3,,28.48,44.99,0,nnnnn,3.0,우편번호3,,0.22,89.94,False
CUSTOMER.csv,우편번호,고객마스터.csv,우편번호,1.0,0,nnnnnn,3.0,우편번호3,,28.48,44.99,0,nnnnn,2.0,우편번호3,,90.06,92.56,False
CUSTOMER.csv,우편번호,기업고객.csv,기업우편번호,0.8,0,nnnnnn,3.0,우편번호3,,28.48,44.99,0,nnnnnn,4.0,,,3.29,44.97,False
CUSTOMER.csv,우편번호,기업고객.csv,청구지우편번호,0.7273,0,nnnnnn,3.0,우편번호3,,28.48,44.99,0,nnnnnn,3.0,,,0.57,45.82,False
CUSTOMER.csv,우편번호,기업고객.csv,집하지우편번호,0.7273,0,nnnnnn,3.0,우편번호3,,28.48,44.99,0,nnnnnn,3.0,우편번호3,,1.81,58.49,False
CUSTOMER.csv,우편번호,배송점.csv,우편번호,1.0,0,nnnnnn,3.0,우편번호3,,28.48,44.99,0,nnnnnn,2.0,우편번호3,,6.88,56.92,False
CUSTOMER.csv,우편번호,서브터미널.csv,우편번호,1.0,0,nnnnnn,3.0,우편번호3,,28.48,44.99,0,nnnnn,1.0,,,99.99,100.0,False
CUSTOMER.csv,우편번호,영업소.csv,우편번호,1.0,0,nnnnnn,3.0,우편번호3,,28.48,44.99,0,nnnnnn,1.0,우편번호구3,,0.0,50.68,False
CUSTOMER.csv,우편번호,택배_고객.csv,집하지우편번호,0.7273,0,nnnnnn,3.0,우편번호3,,28.48,44.99,0,nnnnnn,2.0,우편번호구3,,2.61,40.58,False
CUSTOMER.csv,우편번호,택배_조직도.csv,우편번호,1.0,0,nnnnnn,3.0,우편번호3,,28.48,44.99,0,nnnnnn,2.0,우편번호3,,9.25,44.44,False
CUSTOMER.csv,우편번호,우편번호3.csv,우편번호3,0.8889,0,nnnnnn,3.0,우편번호3,,28.48,44.99,1,nnnnn,1.0,,UNIQUE,0.0,100.0,False
CUSTOMER.csv,우편번호,우편번호구3.csv,우편번호구3,0.8,0,nnnnnn,3.0,우편번호3,,28.48,44.99,1,nnnnnn,2.0,,UNIQUE,0.0,100.0,False
CUSTOMER.csv,주소,CUSTOMER.csv,주소,1.0,0,nnn-n,3079.0,,,8.32,84.5,0,nnn-n,3079.0,,,8.32,84.5,True
CUSTOMER.csv,주소,개인고객.csv,주소,1.0,0,nnn-n,3079.0,,,8.32,84.5,0,nnnK,905.0,,,0.62,87.64,False
CUSTOMER.csv,주소,고객마스터.csv,주소,1.0,0,nnn-n,3079.0,,,8.32,84.5,0,KKKK KKK KKK KKK nnn,834.0,,ADDRESS,83.91,98.32,False
CUSTOMER.csv,주소,기업고객.csv,주소,1.0,0,nnn-n,3079.0,,,8.32,84.5,0,nnn-n,2280.0,,,6.52,83.88,False
CUSTOMER.csv,주소,사원마스터.csv,주소,1.0,0,nnn-n,3079.0,,,8.32,84.5,0,KK KK KK,334.0,,ADDRESS,82.37,66.65,False
CUSTOMER.csv,주소,수입관리_고객.csv,주소,1.0,0,nnn-n,3079.0,,,8.32,84.5,0,nnn,2551.0,,,0.12,87.93,False
CUSTOMER.csv,주소,영업소.csv,주소,1.0,0,nnn-n,3079.0,,,8.32,84.5,0,KK KKK KKK KKK KKK A,67.0,,ADDRESS,8.22,75.37,False
CUSTOMER.csv,청구부서,CUSTOMER.csv,청구부서,1.0,0,KK,49.0,,Text,72.38,12.78,0,KK,49.0,,Text,72.38,12.78,True
CUSTOMER.csv,청구부서,기업고객.csv,청구부서,1.0,0,KK,49.0,,Text,72.38,12.78,0,KK,48.0,,Text,62.65,12.75,False
CUSTOMER.csv,청구부서,택배_고객.csv,고객 청구부서,0.8,0,KK,49.0,,Text,72.38,12.78,0,KK,83.0,,Text,36.23,10.43,False
CUSTOMER.csv,청구지우편번호,CUSTOMER.csv,우편번호,0.7273,0,nnnnnn,2.0,우편번호3,,23.33,47.14,0,nnnnnn,3.0,우편번호3,,28.48,44.99,False
CUSTOMER.csv,청구지우편번호,CUSTOMER.csv,청구지우편번호,1.0,0,nnnnnn,2.0,우편번호3,,23.33,47.14,0,nnnnnn,2.0,우편번호3,,23.33,47.14,True
CUSTOMER.csv,청구지우편번호,CUSTOMER.csv,집하지우편번호,0.7143,0,nnnnnn,2.0,우편번호3,,23.33,47.14,0,nnnnnn,3.0,우편번호3,,1.58,64.41,False
CUSTOMER.csv,청구지우편번호,ORGNIZATION.csv,우편번호,0.7273,0,nnnnnn,2.0,우편번호3,,23.33,47.14,0,nnnnnn,2.0,우편번호3,,9.25,44.44,False
CUSTOMER.csv,청구지우편번호,개인고객.csv,우편번호,0.7273,0,nnnnnn,2.0,우편번호3,,23.33,47.14,0,nnnnnn,3.0,,,99.87,100.0,False
CUSTOMER.csv,청구지우편번호,개인고객.csv,집하지우편번호,0.7143,0,nnnnnn,2.0,우편번호3,,23.33,47.14,0,nnnnn,3.0,우편번호3,,0.22,89.94,False
CUSTOMER.csv,청구지우편번호,고객마스터.csv,우편번호,0.7273,0,nnnnnn,2.0,우편번호3,,23.33,47.14,0,nnnnn,2.0,우편번호3,,90.06,92.56,False
CUSTOMER.csv,청구지우편번호,기업고객.csv,청구지우편번호,1.0,0,nnnnnn,2.0,우편번호3,,23.33,47.14,0,nnnnnn,3.0,,,0.57,45.82,False
CUSTOMER.csv,청구지우편번호,기업고객.csv,집하지우편번호,0.7143,0,nnnnnn,2.0,우편번호3,,23.33,47.14,0,nnnnnn,3.0,우편번호3,,1.81,58.49,False
CUSTOMER.csv,청구지우편번호,배송점.csv,우편번호,0.7273,0,nnnnnn,2.0,우편번호3,,23.33,47.14,0,nnnnnn,2.0,우편번호3,,6.88,56.92,False
CUSTOMER.csv,청구지우편번호,서브터미널.csv,우편번호,0.7273,0,nnnnnn,2.0,우편번호3,,23.33,47.14,0,nnnnn,1.0,,,99.99,100.0,False
CUSTOMER.csv,청구지우편번호,영업소.csv,우편번호,0.7273,0,nnnnnn,2.0,우편번호3,,23.33,47.14,0,nnnnnn,1.0,우편번호구3,,0.0,50.68,False
CUSTOMER.csv,청구지우편번호,택배_고객.csv,고객 청구지우편번호,0.875,0,nnnnnn,2.0,우편번호3,,23.33,47.14,0,nnnnnn,2.0,우편번호구3,,1.29,33.3,False
CUSTOMER.csv,청구지우편번호,택배_고객.csv,집하지우편번호,0.7143,0,nnnnnn,2.0,우편번호3,,23.33,47.14,0,nnnnnn,2.0,우편번호구3,,2.61,40.58,False
CUSTOMER.csv,청구지우편번호,택배_조직도.csv,우편번호,0.7273,0,nnnnnn,2.0,우편번호3,,23.33,47.14,0,nnnnnn,2.0,우편번호3,,9.25,44.44,False
CUSTOMER.csv,청구지주소,CUSTOMER.csv,청구지주소,1.0,0,nnn-n,2074.0,,,37.93,87.56,0,nnn-n,2074.0,,,37.93,87.56,True
CUSTOMER.csv,청구지주소,기업고객.csv,청구지주소,1.0,0,nnn-n,2074.0,,,37.93,87.56,0,nnn-n,1960.0,,,20.28,87.99,False
CUSTOMER.csv,청구지주소,택배_고객.csv,고객청구지주소,0.8333,0,nnn-n,2074.0,,,37.93,87.56,0,nnn-n,1883.0,,,27.08,87.31,False
CUSTOMER.csv,판매점소,CUSTOMER.csv,판매점소,1.0,0,AAAAA,4.0,,,0.47,0.95,0,AAAAA,4.0,,,0.47,0.95,True
CUSTOMER.csv,판매점소,개인고객.csv,판매점소,1.0,0,AAAAA,4.0,,,0.47,0.95,0,AAAAAAA,3.0,,,0.26,2.03,False
CUSTOMER.csv,판매점소,기업고객.csv,판매점소,1.0,0,AAAAA,4.0,,,0.47,0.95,0,AAAAA,4.0,,,0.26,1.22,False
CUSTOMER.csv,판매점소,택배_고객.csv,판매점소,1.0,0,AAAAA,4.0,,,0.47,0.95,0,AAAAA,4.0,,,0.86,0.99,False
CUSTOMER.csv,판매원사번,CUSTOMER.csv,판매원사번,1.0,0,nnnnnnn,2.0,,,23.53,13.12,0,nnnnnnn,2.0,,,23.53,13.12,True
CUSTOMER.csv,판매원사번,기업고객.csv,판매원사번,1.0,0,nnnnnnn,2.0,,,23.53,13.12,0,nnnnnnn,4.0,,,0.84,12.77,False
CUSTOMER.csv,판매원사번,택배_고객.csv,판매원사번,1.0,0,nnnnnnn,2.0,,,23.53,13.12,0,nnnnnnn,2.0,,,2.11,6.73,False
CUSTOMER.csv,담당부서,CUSTOMER.csv,담당부서,1.0,0,KK,112.0,,Text,36.51,12.52,0,KK,112.0,,Text,36.51,12.52,True
CUSTOMER.csv,담당부서,기업고객.csv,담당부서,1.0,0,KK,112.0,,Text,36.51,12.52,0,KK,111.0,,Text,14.12,12.51,False
CUSTOMER.csv,담당부서,택배_고객.csv,담당부서,1.0,0,KK,112.0,,Text,36.51,12.52,0,KK,128.0,,Text,11.11,12.69,False
CUSTOMER.csv,집하지우편번호,CUSTOMER.csv,우편번호,0.7273,0,nnnnnn,3.0,우편번호3,,1.58,64.41,0,nnnnnn,3.0,우편번호3,,28.48,44.99,False
CUSTOMER.csv,집하지우편번호,CUSTOMER.csv,청구지우편번호,0.7143,0,nnnnnn,3.0,우편번호3,,1.58,64.41,0,nnnnnn,2.0,우편번호3,,23.33,47.14,False
CUSTOMER.csv,집하지우편번호,CUSTOMER.csv,집하지우편번호,1.0,0,nnnnnn,3.0,우편번호3,,1.58,64.41,0,nnnnnn,3.0,우편번호3,,1.58,64.41,True
CUSTOMER.csv,집하지우편번호,ORGNIZATION.csv,우편번호,0.7273,0,nnnnnn,3.0,우편번호3,,1.58,64.41,0,nnnnnn,2.0,우편번호3,,9.25,44.44,False
CUSTOMER.csv,집하지우편번호,개인고객.csv,우편번호,0.7273,0,nnnnnn,3.0,우편번호3,,1.58,64.41,0,nnnnnn,3.0,,,99.87,100.0,False
CUSTOMER.csv,집하지우편번호,개인고객.csv,집하지우편번호,1.0,0,nnnnnn,3.0,우편번호3,,1.58,64.41,0,nnnnn,3.0,우편번호3,,0.22,89.94,False
CUSTOMER.csv,집하지우편번호,고객마스터.csv,우편번호,0.7273,0,nnnnnn,3.0,우편번호3,,1.58,64.41,0,nnnnn,2.0,우편번호3,,90.06,92.56,False
CUSTOMER.csv,집하지우편번호,기업고객.csv,청구지우편번호,0.7143,0,nnnnnn,3.0,우편번호3,,1.58,64.41,0,nnnnnn,3.0,,,0.57,45.82,False
CUSTOMER.csv,집하지우편번호,기업고객.csv,집하지우편번호,1.0,0,nnnnnn,3.0,우편번호3,,1.58,64.41,0,nnnnnn,3.0,우편번호3,,1.81,58.49,False
CUSTOMER.csv,집하지우편번호,배송점.csv,우편번호,0.7273,0,nnnnnn,3.0,우편번호3,,1.58,64.41,0,nnnnnn,2.0,우편번호3,,6.88,56.92,False
CUSTOMER.csv,집하지우편번호,서브터미널.csv,우편번호,0.7273,0,nnnnnn,3.0,우편번호3,,1.58,64.41,0,nnnnn,1.0,,,99.99,100.0,False
CUSTOMER.csv,집하지우편번호,영업소.csv,우편번호,0.7273,0,nnnnnn,3.0,우편번호3,,1.58,64.41,0,nnnnnn,1.0,우편번호구3,,0.0,50.68,False
CUSTOMER.csv,집하지우편번호,택배_고객.csv,집하지우편번호,1.0,0,nnnnnn,3.0,우편번호3,,1.58,64.41,0,nnnnnn,2.0,우편번호구3,,2.61,40.58,False
CUSTOMER.csv,집하지우편번호,택배_조직도.csv,우편번호,0.7273,0,nnnnnn,3.0,우편번호3,,1.58,64.41,0,nnnnnn,2.0,우편번호3,,9.25,44.44,False
CUSTOMER.csv,집하지대번지,CUSTOMER.csv,집하지대번지,1.0,0,nnn,35.0,,,70.7,47.24,0,nnn,35.0,,,70.7,47.24,True
CUSTOMER.csv,집하지대번지,CUSTOMER.csv,집하지소번지,0.8333,0,nnn,35.0,,,70.7,47.24,0,n,16.0,,,81.49,10.97,False
CUSTOMER.csv,집하지대번지,기업고객.csv,집하지대번지,1.0,0,nnn,35.0,,,70.7,47.24,0,nnn,35.0,,,60.4,47.22,False
CUSTOMER.csv,집하지대번지,기업고객.csv,집하지소번지,0.8333,0,nnn,35.0,,,70.7,47.24,0,n,16.0,,,75.0,10.82,False
CUSTOMER.csv,집하지대번지,택배_고객.csv,집하지대번지,1.0,0,nnn,35.0,,,70.7,47.24,0,nnn,40.0,,,32.72,33.01,False
CUSTOMER.csv,집하지대번지,택배_고객.csv,집하지소번지,0.8333,0,nnn,35.0,,,70.7,47.24,0,n,19.0,,,56.44,8.08,False
CUSTOMER.csv,집하지소번지,CUSTOMER.csv,집하지대번지,0.8333,0,n,16.0,,,81.49,10.97,0,nnn,35.0,,,70.7,47.24,False
CUSTOMER.csv,집하지소번지,CUSTOMER.csv,집하지소번지,1.0,0,n,16.0,,,81.49,10.97,0,n,16.0,,,81.49,10.97,True
CUSTOMER.csv,집하지소번지,CUSTOMER.csv,집하지주소,0.7273,0,n,16.0,,,81.49,10.97,0,nK,3161.0,,,17.06,87.58,False
CUSTOMER.csv,집하지소번지,개인고객.csv,집하지주소,0.7273,0,n,16.0,,,81.49,10.97,0,nnnK,902.0,,,0.62,87.64,False
CUSTOMER.csv,집하지소번지,기업고객.csv,집하지대번지,0.8333,0,n,16.0,,,81.49,10.97,0,nnn,35.0,,,60.4,47.22,False
CUSTOMER.csv,집하지소번지,기업고객.csv,집하지소번지,1.0,0,n,16.0,,,81.49,10.97,0,n,16.0,,,75.0,10.82,False
CUSTOMER.csv,집하지소번지,기업고객.csv,집하지주소,0.7273,0,n,16.0,,,81.49,10.97,0,(KKK),2321.0,,,22.56,89.05,False
CUSTOMER.csv,집하지소번지,택배_고객.csv,집하지대번지,0.8333,0,n,16.0,,,81.49,10.97,0,nnn,40.0,,,32.72,33.01,False
CUSTOMER.csv,집하지소번지,택배_고객.csv,집하지소번지,1.0,0,n,16.0,,,81.49,10.97,0,n,19.0,,,56.44,8.08,False
CUSTOMER.csv,집하지주소,CUSTOMER.csv,집하지소번지,0.7273,0,nK,3161.0,,,17.06,87.58,0,n,16.0,,,81.49,10.97,False
CUSTOMER.csv,집하지주소,CUSTOMER.csv,집하지주소,1.0,0,nK,3161.0,,,17.06,87.58,0,nK,3161.0,,,17.06,87.58,True
CUSTOMER.csv,집하지주소,개인고객.csv,집하지주소,1.0,0,nK,3161.0,,,17.06,87.58,0,nnnK,902.0,,,0.62,87.64,False
CUSTOMER.csv,집하지주소,기업고객.csv,집하지소번지,0.7273,0,nK,3161.0,,,17.06,87.58,0,n,16.0,,,75.0,10.82,False
CUSTOMER.csv,집하지주소,기업고객.csv,집하지주소,1.0,0,nK,3161.0,,,17.06,87.58,0,(KKK),2321.0,,,22.56,89.05,False
CUSTOMER.csv,집하지주소,택배_고객.csv,집하지소번지,0.7273,0,nK,3161.0,,,17.06,87.58,0,n,19.0,,,56.44,8.08,False
CUSTOMER.csv,1ST_STREET,CUSTOMER.csv,1ST_STREET,1.0,0,aaaaa aaaaaa,194.0,,,97.78,95.05,0,aaaaa aaaaaa,194.0,,,97.78,95.05,True
CUSTOMER.csv,1ST_STREET,개인고객.csv,1ST_STREET,1.0,0,aaaaa aaaaaa,194.0,,,97.78,95.05,0,AAAAAAAA-AAA AAAA-AA,6.0,,,99.74,100.0,False
CUSTOMER.csv,1ST_STREET,기업고객.csv,1ST_STREET,1.0,0,aaaaa aaaaaa,194.0,,,97.78,95.05,0,aaaaa aaaaaa,188.0,,,97.08,94.91,False
CUSTOMER.csv,청구점소,CUSTOMER.csv,청구점소,1.0,0,AAAAA,4.0,,,0.81,1.12,0,AAAAA,4.0,,,0.81,1.12,True
CUSTOMER.csv,청구점소,개인고객.csv,청구점소,1.0,0,AAAAA,4.0,,,0.81,1.12,0,AAAAA,2.0,,,0.57,1.77,False
CUSTOMER.csv,청구점소,기업고객.csv,청구점소,1.0,0,AAAAA,4.0,,,0.81,1.12,0,AAAAA,3.0,,,0.66,1.48,False
CUSTOMER.csv,수금점소,CUSTOMER.csv,수금점소,1.0,0,AAAAA,4.0,,,0.81,1.18,0,AAAAA,4.0,,,0.81,1.18,True
CUSTOMER.csv,수금점소,개인고객.csv,수금점소,1.0,0,AAAAA,4.0,,,0.81,1.18,0,AAAAA,2.0,,,0.57,1.77,False
CUSTOMER.csv,수금점소,기업고객.csv,수금점소,1.0,0,AAAAA,4.0,,,0.81,1.18,0,AAAAA,3.0,,,0.66,1.55,False
CUSTOMER.csv,수금점소,수입관리_고객.csv,수금점소코드,0.8,0,AAAAA,4.0,,,0.81,1.18,0,nnnn,1.0,,,44.32,2.51,False
CUSTOMER.csv,최종수정일시,CUSTOMER.csv,최종수정일시,1.0,0,nn:nn,1.0,,,21.64,26.31,0,nn:nn,1.0,,,21.64,26.31,True
CUSTOMER.csv,최종수정일시,ORGNIZATION.csv,최수정일시,0.9091,0,nn:nn,1.0,,,21.64,26.31,0,nn:nn,1.0,,,8.03,25.91,False
CUSTOMER.csv,최종수정일시,ORGNIZATION.csv,최종수정자,0.7273,0,nn:nn,1.0,,,21.64,26.31,0,nnnnnnn,1.0,,,8.24,8.84,False
CUSTOMER.csv,최종수정일시,개인고객.csv,최종수정일시,1.0,0,nn:nn,1.0,,,21.64,26.31,0,nn:nn,1.0,,,93.05,94.3,False
CUSTOMER.csv,최종수정일시,기업고객.csv,최종수정일시,1.0,0,nn:nn,1.0,,,21.64,26.31,0,nn:nn,1.0,,,0.42,25.06,False
CUSTOMER.csv,최종수정일시,배송점.csv,최수정일시,0.9091,0,nn:nn,1.0,,,21.64,26.31,0,nn:nn,1.0,,,5.61,21.02,False
CUSTOMER.csv,최종수정일시,배송점.csv,최종수정자,0.7273,0,nn:nn,1.0,,,21.64,26.31,0,nnnnnnn,1.0,,,5.61,10.51,False
CUSTOMER.csv,최종수정일시,서브터미널.csv,수정일시,0.8,0,nn:nn,1.0,,,21.64,26.31,0,nn:nn,1.0,,,99.99,100.0,False
CUSTOMER.csv,최종변경자사번,CUSTOMER.csv,최종변경자사번,1.0,0,nnnnnnn,5.0,,,0.56,5.96,0,nnnnnnn,5.0,,,0.56,5.96,True
CUSTOMER.csv,최종변경자사번,개인고객.csv,최종변경자사번,1.0,0,nnnnnnn,5.0,,,0.56,5.96,0,nnnnnnn,4.0,,,0.26,9.31,False
CUSTOMER.csv,최종변경자사번,기업고객.csv,최종변경자사번,1.0,0,nnnnnnn,5.0,,,0.56,5.96,0,nnnnnnn,7.0,,,0.43,6.06,False
CUSTOMER.csv,집하점소,CUSTOMER.csv,집하점소,1.0,0,nnnn,3.0,,,1.33,11.86,0,nnnn,3.0,,,1.33,11.86,True
CUSTOMER.csv,집하점소,개인고객.csv,집하점소,1.0,0,nnnn,3.0,,,1.33,11.86,0,nnnn,3.0,,,0.26,26.04,False
CUSTOMER.csv,집하점소,기업고객.csv,집하점소,1.0,0,nnnn,3.0,,,1.33,11.86,0,nnnn,5.0,,,1.46,15.35,False
CUSTOMER.csv,수입조직,CUSTOMER.csv,수입조직,1.0,0,nnnn,1.0,,,0.78,0.99,0,nnnn,1.0,,,0.78,0.99,True
CUSTOMER.csv,수입조직,ORGNIZATION.csv,수입조직코드,0.8,0,nnnn,1.0,,,0.78,0.99,0,AAAAA,1.0,,,21.79,2.8,False
CUSTOMER.csv,수입조직,개인고객.csv,수입조직,1.0,0,nnnn,1.0,,,0.78,0.99,0,nnnn,1.0,,,0.26,1.9,False
CUSTOMER.csv,수입조직,기업고객.csv,수입조직,1.0,0,nnnn,1.0,,,0.78,0.99,0,nnnn,1.0,,,0.72,1.31,False
CUSTOMER.csv,수입조직,택배_고객.csv,수입조직,1.0,0,nnnn,1.0,,,0.78,0.99,0,nnnn,1.0,,,0.92,0.99,False
CUSTOMER.csv,수입조직,택배_조직도.csv,수입조직코드,0.8,0,nnnn,1.0,,,0.78,0.99,0,AAAAA,1.0,,,21.79,2.8,False
CUSTOMER.csv,법인번호,CUSTOMER.csv,법인번호,1.0,0,nnnnnnnnnnnnn,1.0,법인번호7,,87.03,11.72,0,nnnnnnnnnnnnn,1.0,법인번호7,,87.03,11.72,True
CUSTOMER.csv,법인번호,OneClick고객.csv,법인등록번호,0.8,0,nnnnnnnnnnnnn,1.0,법인번호7,,87.03,11.72,0,n.nnnnnAsnn,3.0,,,98.78,33.61,False
CUSTOMER.csv,법인번호,고객마스터.csv,법인등록번호,0.8,0,nnnnnnnnnnnnn,1.0,법인번호7,,87.03,11.72,0,n.nnnnnAsnn,2.0,,,94.85,21.75,False
CUSTOMER.csv,법인번호,관리회계_고객.csv,법인번호,1.0,0,nnnnnnnnnnnnn,1.0,법인번호7,,87.03,11.72,0,nnnnnnnnnnnnn,3.0,법인번호7,,73.56,10.7,False
CUSTOMER.csv,법인번호,기업고객.csv,기업법인번호,0.8,0,nnnnnnnnnnnnn,1.0,법인번호7,,87.03,11.72,0,n.nnnnnAsnn,2.0,,,82.45,11.72,False
CUSTOMER.csv,법인번호,법인정보.csv,법인번호,1.0,0,nnnnnnnnnnnnn,1.0,법인번호7,,87.03,11.72,1,nnnnnnnnnnnnn,4.0,법인번호7,UNIQUE,0.0,100.0,False
CUSTOMER.csv,법인번호,사업자등록번호정보.csv,법인번호,1.0,0,nnnnnnnnnnnnn,1.0,법인번호7,,87.03,11.72,0,nnnnnnnnnnnnn,2.0,법인번호7,,72.02,93.42,False
CUSTOMER.csv,법인번호,수입관리_고객.csv,법인번호,1.0,0,nnnnnnnnnnnnn,1.0,법인번호7,,87.03,11.72,0,n.nnnnnAsnn,4.0,,,84.0,13.31,False
CUSTOMER.csv,법인번호,법인번호7.csv,법인번호7,0.8889,0,nnnnnnnnnnnnn,1.0,법인번호7,,87.03,11.72,1,nnnnnnnnnnnnn,1.0,,UNIQUE,0.0,100.0,False
OneClick고객.csv,고객명,CUSTOMER.csv,고객명,1.0,0,KKK,347.0,,Text,0.0,85.83,0,KKK,724.0,,Text,0.32,92.27,False
OneClick고객.csv,고객명,CUSTOMER.csv,영문고객명,0.75,0,KKK,347.0,,Text,0.0,85.83,0,A,180.0,,,97.23,97.11,False
OneClick고객.csv,고객명,OneClick고객.csv,고객명,1.0,0,KKK,347.0,,Text,0.0,85.83,0,KKK,347.0,,Text,0.0,85.83,True
OneClick고객.csv,고객명,개인고객.csv,고객명,1.0,0,KKK,347.0,,Text,0.0,85.83,0,KKK,37.0,,Text,0.26,91.75,False
OneClick고객.csv,고객명,개인고객.csv,영문고객명,0.75,0,KKK,347.0,,Text,0.0,85.83,0,AAAAAAAA AAAAAAA AAA,6.0,,,99.74,100.0,False
OneClick고객.csv,고객명,계약마스터.csv,고객명,1.0,0,KKK,347.0,,Text,0.0,85.83,0,KKKK,375.0,,Text,0.0,78.27,False
OneClick고객.csv,고객명,고객마스터.csv,고객명,1.0,0,KKK,347.0,,Text,0.0,85.83,0,KKKK,494.0,,Text,0.01,98.63,False
OneClick고객.csv,고객명,고객유형.csv,고객유형명,0.75,0,KKK,347.0,,Text,0.0,85.83,0,aAAAAA,4.0,,,0.0,100.0,False
OneClick고객.csv,고객명,관리회계_고객.csv,고객명,1.0,0,KKK,347.0,,Text,0.0,85.83,0,KKKK,730.0,,Text,0.0,100.0,False
OneClick고객.csv,고객명,기업고객.csv,기업고객명,0.75,0,KKK,347.0,,Text,0.0,85.83,0,KKKK,681.0,,Text,0.05,92.53,False
OneClick고객.csv,고객명,기업고객.csv,영문고객명,0.75,0,KKK,347.0,,Text,0.0,85.83,0,A,176.0,,,96.33,97.05,False
OneClick고객.csv,고객명,사업자등록번호정보.csv,고객명,1.0,0,KKK,347.0,,Text,0.0,85.83,0,KKKK,913.0,,Text,0.0,98.37,False
OneClick고객.csv,고객명,수입관리_고객.csv,고객명,1.0,0,KKK,347.0,,Text,0.0,85.83,0,KKKK,812.0,,Text,0.0,97.88,False
OneClick고객.csv,고객명,택배_고객.csv,한글고객명,0.75,0,KKK,347.0,,Text,0.0,85.83,0,KKKK,799.0,,Text,0.55,89.93,False
OneClick고객.csv,고객명,택배_고객.csv,영문고객명,0.75,0,KKK,347.0,,Text,0.0,85.83,0,A,312.0,,,94.3,92.11,False
OneClick고객.csv,고객구분코드,OneClick고객.csv,고객구분코드,1.0,0,AAAAAAAA,1.0,,SINGLE VALUE,0.0,0.01,0,AAAAAAAA,1.0,,SINGLE VALUE,0.0,0.01,True
OneClick고객.csv,고객구분코드,고객마스터.csv,고객구분코드,1.0,0,AAAAAAAA,1.0,,SINGLE VALUE,0.0,0.01,0,AAAAAAA,2.0,,,0.0,0.02,False
OneClick고객.csv,사업자등록번호,CUSTOMER.csv,주민_사업자등록번호,0.8235,0,nnn-nn-nnnnn,2.0,,,0.0,90.72,0,nnnnnnnnnn,3.0,유효사업자번호3,,2.84,92.58,False
OneClick고객.csv,사업자등록번호,OneClick고객.csv,사업자등록번호,1.0,0,nnn-nn-nnnnn,2.0,,,0.0,90.72,0,nnn-nn-nnnnn,2.0,,,0.0,90.72,True
OneClick고객.csv,사업자등록번호,ORGNIZATION.csv,사업자등록번호,1.0,0,nnn-nn-nnnnn,2.0,,,0.0,90.72,0,nnnnnnnnnn,1.0,유효사업자번호3,,49.82,75.01,False
OneClick고객.csv,사업자등록번호,PRM계약.csv,사업자번호,0.8333,0,nnn-nn-nnnnn,2.0,,,0.0,90.72,0,nnnnnnnnnn,1.0,유효사업자번호3,,0.0,35.16,False
OneClick고객.csv,사업자등록번호,간선사업자.csv,사업자번호,0.8333,0,nnn-nn-nnnnn,2.0,,,0.0,90.72,1,nnn-nn-nnnnn,2.0,,UNIQUE,0.0,100.0,False
OneClick고객.csv,사업자등록번호,개인고객.csv,사업자등록번호,1.0,0,nnn-nn-nnnnn,2.0,,,0.0,90.72,1,nnnnnnnnnn,2.0,유효사업자번호3,UNIQUE,11.49,100.0,False
OneClick고객.csv,사업자등록번호,계약마스터.csv,사업자번호,0.8333,0,nnn-nn-nnnnn,2.0,,,0.0,90.72,0,nnnnnnnnnn,1.0,유효사업자번호3,,0.0,78.54,False
OneClick고객.csv,사업자등록번호,고객마스터.csv,사업자등록번호,1.0,0,nnn-nn-nnnnn,2.0,,,0.0,90.72,0,nnn-nn-nnnnn,3.0,,,0.0,92.76,False
OneClick고객.csv,사업자등록번호,관리회계_고객.csv,사업자등록번호,1.0,0,nnn-nn-nnnnn,2.0,,,0.0,90.72,1,nnnnnnnnnn,10.0,유효사업자번호3,UNIQUE,0.0,100.0,False
OneClick고객.csv,사업자등록번호,기업고객.csv,기업사업자등록번호,0.875,0,nnn-nn-nnnnn,2.0,,,0.0,90.72,0,nnnnnnnnnn,3.0,유효사업자번호3,,0.01,90.95,False
OneClick고객.csv,사업자등록번호,배송점.csv,사업자등록번호,1.0,0,nnn-nn-nnnnn,2.0,,,0.0,90.72,0,nnnnnnnnnn,1.0,유효사업자번호3,,33.32,80.85,False
OneClick고객.csv,사업자등록번호,사업자등록번호정보.csv,사업자등록번호,1.0,0,nnn-nn-nnnnn,2.0,,,0.0,90.72,1,nnnnnnnnnn,11.0,유효사업자번호3,UNIQUE,0.0,100.0,False
OneClick고객.csv,사업자등록번호,서브터미널.csv,사업자등록번호,1.0,0,nnn-nn-nnnnn,2.0,,,0.0,90.72,0,nnnnnnnnnn,1.0,,,99.99,100.0,False
OneClick고객.csv,사업자등록번호,수입관리점소.csv,사업자번호,0.8333,0,nnn-nn-nnnnn,2.0,,,0.0,90.72,0,nnnnnnnnnn,1.0,유효사업자번호3,,0.0,12.57,False
OneClick고객.csv,사업자등록번호,영업소.csv,사업자등록번호,1.0,0,nnn-nn-nnnnn,2.0,,,0.0,90.72,0,nnnnnnnnnn,1.0,유효사업자번호3,,0.0,52.05,False
OneClick고객.csv,사업자등록번호,택배_고객.csv,주민_사업자등록번호,0.8235,0,nnn-nn-nnnnn,2.0,,,0.0,90.72,0,nnnnnnnnnn,2.0,유효사업자번호3,,0.58,89.94,False
OneClick고객.csv,사업자등록번호,택배_고객.csv,사업자등록우편번호,0.875,0,nnn-nn-nnnnn,2.0,,,0.0,90.72,0,nnnnnn,2.0,우편번호구3,,2.04,32.74,False
OneClick고객.csv,사업자등록번호,택배_조직도.csv,사업자등록번호,1.0,0,nnn-nn-nnnnn,2.0,,,0.0,90.72,0,nnnnnnnnnn,1.0,유효사업자번호3,,49.82,75.01,False
OneClick고객.csv,사업자등록번호,사업자등록번호5.csv,사업자등록번호5,0.9333,0,nnn-nn-nnnnn,2.0,,,0.0,90.72,1,nnnnnnnnnn,1.0,,UNIQUE,0.0,100.0,False
OneClick고객.csv,사업자등록번호,사업자등록번호7.csv,사업자등록번호7,0.9333,0,nnn-nn-nnnnn,2.0,,,0.0,90.72,1,nnn-nn-nnnnn,1.0,,UNIQUE,0.0,100.0,False
OneClick고객.csv,법인등록번호,CUSTOMER.csv,법인번호,0.8,0,n.nnnnnAsnn,3.0,,,98.78,33.61,0,nnnnnnnnnnnnn,1.0,법인번호7,,87.03,11.72,False
OneClick고객.csv,법인등록번호,OneClick고객.csv,법인등록번호,1.0,0,n.nnnnnAsnn,3.0,,,98.78,33.61,0,n.nnnnnAsnn,3.0,,,98.78,33.61,True
OneClick고객.csv,법인등록번호,고객마스터.csv,법인등록번호,1.0,0,n.nnnnnAsnn,3.0,,,98.78,33.61,0,n.nnnnnAsnn,2.0,,,94.85,21.75,False
OneClick고객.csv,법인등록번호,관리회계_고객.csv,법인번호,0.8,0,n.nnnnnAsnn,3.0,,,98.78,33.61,0,nnnnnnnnnnnnn,3.0,법인번호7,,73.56,10.7,False
OneClick고객.csv,법인등록번호,법인정보.csv,법인번호,0.8,0,n.nnnnnAsnn,3.0,,,98.78,33.61,1,nnnnnnnnnnnnn,4.0,법인번호7,UNIQUE,0.0,100.0,False
OneClick고객.csv,법인등록번호,사업자등록번호정보.csv,법인번호,0.8,0,n.nnnnnAsnn,3.0,,,98.78,33.61,0,nnnnnnnnnnnnn,2.0,법인번호7,,72.02,93.42,False
OneClick고객.csv,법인등록번호,수입관리_고객.csv,법인번호,0.8,0,n.nnnnnAsnn,3.0,,,98.78,33.61,0,n.nnnnnAsnn,4.0,,,84.0,13.31,False
OneClick고객.csv,법인등록번호,법인번호7.csv,법인번호7,0.7273,0,n.nnnnnAsnn,3.0,,,98.78,33.61,1,nnnnnnnnnnnnn,1.0,,UNIQUE,0.0,100.0,False
OneClick고객.csv,업태,OneClick고객.csv,업태,1.0,0,KKK,144.0,,Text,77.03,19.76,0,KKK,144.0,,Text,77.03,19.76,True
OneClick고객.csv,업태,PRM계약.csv,업태,1.0,0,KKK,144.0,,Text,77.03,19.76,0,KKK,72.0,,Text,0.0,5.33,False
OneClick고객.csv,업태,고객마스터.csv,업태,1.0,0,KKK,144.0,,Text,77.03,19.76,0,KKK,118.0,,Text,61.76,12.76,False
OneClick고객.csv,업태,영업소.csv,업태,1.0,0,KKK,144.0,,Text,77.03,19.76,0,KKK,20.0,,,1.37,18.06,False
OneClick고객.csv,업종명,OneClick고객.csv,업종명,1.0,0,KK,900.0,,Text,0.02,37.86,0,KK,900.0,,Text,0.02,37.86,True
OneClick고객.csv,업종명,PRM계약.csv,업종,0.8,0,KK,900.0,,Text,0.02,37.86,0,KKK,122.0,업종명2,Text,0.0,9.49,False
OneClick고객.csv,업종명,고객마스터.csv,업종명,1.0,0,KK,900.0,,Text,0.02,37.86,0,KK,464.0,,Text,6.03,24.72,False
OneClick고객.csv,업종명,영업소.csv,업종,0.8,0,KK,900.0,,Text,0.02,37.86,0,KK,23.0,,Text,0.0,26.71,False
OneClick고객.csv,업종명,업종.csv,업종,0.8,0,KK,900.0,,Text,0.02,37.86,0,KK KKK,447.0,,Text,0.0,100.0,False
OneClick고객.csv,업종명,업종명2.csv,업종명2,0.8571,0,KK,900.0,,Text,0.02,37.86,1,KK,20.0,,UNIQUE,0.0,100.0,False
OneClick고객.csv,사업기본주소,OneClick고객.csv,사업기본주소,1.0,0,KK KKK KKK nnn,2035.0,,ADDRESS,1.76,96.52,0,KK KKK KKK nnn,2035.0,,ADDRESS,1.76,96.52,True
OneClick고객.csv,사업기본주소,ORGNIZATION.csv,기본주소,0.8,0,KK KKK KKK nnn,2035.0,,ADDRESS,1.76,96.52,0,KK KK KK,326.0,,ADDRESS,48.38,53.69,False
OneClick고객.csv,사업기본주소,배송점.csv,기본주소,0.8,0,KK KKK KKK nnn,2035.0,,ADDRESS,1.76,96.52,0,KK KK KK,242.0,,ADDRESS,50.08,60.73,False
OneClick고객.csv,사업기본주소,서브터미널.csv,기본주소,0.8,0,KK KKK KKK nnn,2035.0,,ADDRESS,1.76,96.52,0,KKK KKK KKKKnnnKK,1.0,,,99.99,100.0,False
OneClick고객.csv,사업기본주소,택배_조직도.csv,기본주소,0.8,0,KK KKK KKK nnn,2035.0,,ADDRESS,1.76,96.52,0,KK KK KK,326.0,,ADDRESS,48.38,53.69,False
OneClick고객.csv,사업상세주소,OneClick고객.csv,사업상세주소,1.0,0,nnnK,2750.0,,,12.28,84.04,0,nnnK,2750.0,,,12.28,84.04,True
OneClick고객.csv,사업상세주소,ORGNIZATION.csv,상세주소,0.8,0,nnnK,2750.0,,,12.28,84.04,0,nnn-n,539.0,,,30.03,58.72,False
OneClick고객.csv,사업상세주소,고객마스터.csv,상세주소,0.8,0,nnnK,2750.0,,,12.28,84.04,0,nK,452.0,,,90.95,88.29,False
OneClick고객.csv,사업상세주소,배송점.csv,상세주소,0.8,0,nnnK,2750.0,,,12.28,84.04,0,nnn-n,424.0,,,25.38,64.67,False
OneClick고객.csv,사업상세주소,택배_조직도.csv,상세주소,0.8,0,nnnK,2750.0,,,12.28,84.04,0,nnn-n,541.0,,,30.03,58.76,False
OneClick고객.csv,사업우편번호,CUSTOMER.csv,우편번호,0.8,0,nnnnn,2.0,우편번호3,,78.43,86.28,0,nnnnnn,3.0,우편번호3,,28.48,44.99,False
OneClick고객.csv,사업우편번호,OneClick고객.csv,사업우편번호,1.0,0,nnnnn,2.0,우편번호3,,78.43,86.28,0,nnnnn,2.0,우편번호3,,78.43,86.28,True
OneClick고객.csv,사업우편번호,ORGNIZATION.csv,우편번호,0.8,0,nnnnn,2.0,우편번호3,,78.43,86.28,0,nnnnnn,2.0,우편번호3,,9.25,44.44,False
OneClick고객.csv,사업우편번호,PRM계약.csv,사업자번호,0.7273,0,nnnnn,2.0,우편번호3,,78.43,86.28,0,nnnnnnnnnn,1.0,유효사업자번호3,,0.0,35.16,False
OneClick고객.csv,사업우편번호,간선사업자.csv,사업자번호,0.7273,0,nnnnn,2.0,우편번호3,,78.43,86.28,1,nnn-nn-nnnnn,2.0,,UNIQUE,0.0,100.0,False
OneClick고객.csv,사업우편번호,개인고객.csv,우편번호,0.8,0,nnnnn,2.0,우편번호3,,78.43,86.28,0,nnnnnn,3.0,,,99.87,100.0,False
OneClick고객.csv,사업우편번호,계약마스터.csv,사업자번호,0.7273,0,nnnnn,2.0,우편번호3,,78.43,86.28,0,nnnnnnnnnn,1.0,유효사업자번호3,,0.0,78.54,False
OneClick고객.csv,사업우편번호,고객마스터.csv,우편번호,0.8,0,nnnnn,2.0,우편번호3,,78.43,86.28,0,nnnnn,2.0,우편번호3,,90.06,92.56,False
OneClick고객.csv,사업우편번호,기업고객.csv,기업우편번호,0.8333,0,nnnnn,2.0,우편번호3,,78.43,86.28,0,nnnnnn,4.0,,,3.29,44.97,False
OneClick고객.csv,사업우편번호,배송점.csv,우편번호,0.8,0,nnnnn,2.0,우편번호3,,78.43,86.28,0,nnnnnn,2.0,우편번호3,,6.88,56.92,False
OneClick고객.csv,사업우편번호,서브터미널.csv,우편번호,0.8,0,nnnnn,2.0,우편번호3,,78.43,86.28,0,nnnnn,1.0,,,99.99,100.0,False
OneClick고객.csv,사업우편번호,수입관리점소.csv,사업자번호,0.7273,0,nnnnn,2.0,우편번호3,,78.43,86.28,0,nnnnnnnnnn,1.0,유효사업자번호3,,0.0,12.57,False
OneClick고객.csv,사업우편번호,영업소.csv,우편번호,0.8,0,nnnnn,2.0,우편번호3,,78.43,86.28,0,nnnnnn,1.0,우편번호구3,,0.0,50.68,False
OneClick고객.csv,사업우편번호,택배_고객.csv,사업자등록우편번호,0.8,0,nnnnn,2.0,우편번호3,,78.43,86.28,0,nnnnnn,2.0,우편번호구3,,2.04,32.74,False
OneClick고객.csv,사업우편번호,택배_조직도.csv,우편번호,0.8,0,nnnnn,2.0,우편번호3,,78.43,86.28,0,nnnnnn,2.0,우편번호3,,9.25,44.44,False
OneClick고객.csv,사업우편번호,우편번호3.csv,우편번호3,0.7273,0,nnnnn,2.0,우편번호3,,78.43,86.28,1,nnnnn,1.0,,UNIQUE,0.0,100.0,False
OneClick고객.csv,SFDC고객ID,OneClick고객.csv,SFDC고객ID,1.0,1,AAnnnnnnnnnnnnn,168.0,,UNIQUE,76.53,100.0,1,AAnnnnnnnnnnnnn,168.0,,UNIQUE,76.53,100.0,True
OneClick고객.csv,SFDC고객ID,고객마스터.csv,SFDC고객ID,1.0,1,AAnnnnnnnnnnnnn,168.0,,UNIQUE,76.53,100.0,1,nnnnnnnnnnAaaAAAAA,438.0,,UNIQUE,5.85,100.0,False
OneClick고객.csv,SFDC고객ID,수입관리_고객.csv,SFDC고객ID,1.0,1,AAnnnnnnnnnnnnn,168.0,,UNIQUE,76.53,100.0,1,AAnnnnnnnnnnnnn,475.0,,UNIQUE,11.63,100.0,False
OneClick고객.csv,최종업데이트사원번호,OneClick고객.csv,최종업데이트사원번호,1.0,0,nnnnnnn,1.0,,,0.64,2.95,0,nnnnnnn,1.0,,,0.64,2.95,True
OneClick고객.csv,최종업데이트사원번호,조직터미널마스터.csv,최종업데이트사원번호,1.0,0,nnnnnnn,1.0,,,0.64,2.95,0,nnnnnnn,1.0,,,0.18,7.19,False
OneClick고객.csv,최종업데이트사원번호,택배_조직도.csv,최종업데이트사원번호,1.0,0,nnnnnnn,1.0,,,0.64,2.95,0,nnnnnnn,1.0,,,8.24,8.84,False
ORGNIZATION.csv,조직코드,ORGNIZATION.csv,조직코드,1.0,1,nnnn,11.0,,UNIQUE,0.0,100.0,1,nnnn,11.0,,UNIQUE,0.0,100.0,True
ORGNIZATION.csv,조직코드,ORGNIZATION.csv,상위조직코드,0.8,1,nnnn,11.0,,UNIQUE,0.0,100.0,0,nnn,6.0,,,0.76,16.44,False
ORGNIZATION.csv,조직코드,ORGNIZATION.csv,조직구분코드,0.8,1,nnnn,11.0,,UNIQUE,0.0,100.0,0,AAAAAAA,10.0,,,0.0,0.39,False
ORGNIZATION.csv,조직코드,ORGNIZATION.csv,수입조직코드,0.8,1,nnnn,11.0,,UNIQUE,0.0,100.0,0,AAAAA,1.0,,,21.79,2.8,False
ORGNIZATION.csv,조직코드,관리회계_조직.csv,부서조직코드,0.8,1,nnnn,11.0,,UNIQUE,0.0,100.0,1,AAAAAA,7.0,,UNIQUE,0.0,100.0,False
ORGNIZATION.csv,조직코드,관리회계_조직.csv,조직유형코드,0.8,1,nnnn,11.0,,UNIQUE,0.0,100.0,0,AAAAAA,2.0,,,86.9,52.73,False
ORGNIZATION.csv,조직코드,관리회계_조직_test.csv,조직유형코드,0.8,1,nnnn,11.0,,UNIQUE,0.0,100.0,0,AAAAAA,1.0,,,91.67,100.0,False
ORGNIZATION.csv,조직코드,배송점.csv,상위조직코드,0.8,1,nnnn,11.0,,UNIQUE,0.0,100.0,0,nnn,2.0,,,0.04,17.99,False
ORGNIZATION.csv,조직코드,배송점.csv,조직구분코드,0.8,1,nnnn,11.0,,UNIQUE,0.0,100.0,0,AAAAAAA,2.0,,,0.0,0.08,False
ORGNIZATION.csv,조직코드,사원기본.csv,소속조직코드,0.8,1,nnnn,11.0,,UNIQUE,0.0,100.0,0,nnnn,7.0,,,0.0,17.28,False
ORGNIZATION.csv,조직코드,사원기본.csv,직종코드,0.75,1,nnnn,11.0,,UNIQUE,0.0,100.0,0,nn,2.0,,,0.0,0.28,False
ORGNIZATION.csv,조직코드,사원마스터.csv,조직코드,1.0,1,nnnn,11.0,,UNIQUE,0.0,100.0,0,nnnn,7.0,,,0.0,17.28,False
ORGNIZATION.csv,조직코드,사원마스터.csv,직종코드,0.75,1,nnnn,11.0,,UNIQUE,0.0,100.0,0,nn,2.0,,,0.0,0.28,False
ORGNIZATION.csv,조직코드,선석.csv,조직코드,1.0,1,nnnn,11.0,,UNIQUE,0.0,100.0,0,nnnnnn,1.0,,YEARMONTH,38.24,2.32,False
ORGNIZATION.csv,조직코드,원가인명정보.csv,급여조직코드,0.8,1,nnnn,11.0,,UNIQUE,0.0,100.0,0,AAAAAA,5.0,,,0.0,3.45,False
ORGNIZATION.csv,조직코드,조직터미널마스터.csv,터미널조직코드,0.7273,1,nnnn,11.0,,UNIQUE,0.0,100.0,1,nnn,1.0,,UNIQUE,0.0,100.0,False
ORGNIZATION.csv,조직코드,택배_조직도.csv,조직코드,1.0,1,nnnn,11.0,,UNIQUE,0.0,100.0,1,nnnn,11.0,,UNIQUE,0.0,100.0,False
ORGNIZATION.csv,조직코드,택배_조직도.csv,상위조직코드,0.8,1,nnnn,11.0,,UNIQUE,0.0,100.0,0,nnn,6.0,,,0.76,16.44,False
ORGNIZATION.csv,조직코드,택배_조직도.csv,조직구분코드,0.8,1,nnnn,11.0,,UNIQUE,0.0,100.0,0,AAAAAAA,10.0,,,0.0,0.39,False
ORGNIZATION.csv,조직코드,택배_조직도.csv,수입조직코드,0.8,1,nnnn,11.0,,UNIQUE,0.0,100.0,0,AAAAA,1.0,,,21.79,2.8,False
ORGNIZATION.csv,조직코드,택배_조직도.csv,조직중구분코드,0.7273,1,nnnn,11.0,,UNIQUE,0.0,100.0,0,A,3.0,,,48.2,2.32,False
ORGNIZATION.csv,상위조직코드,ORGNIZATION.csv,조직코드,0.8,0,nnn,6.0,,,0.76,16.44,1,nnnn,11.0,,UNIQUE,0.0,100.0,False
ORGNIZATION.csv,상위조직코드,ORGNIZATION.csv,상위조직코드,1.0,0,nnn,6.0,,,0.76,16.44,0,nnn,6.0,,,0.76,16.44,True
ORGNIZATION.csv,상위조직코드,관리회계_조직.csv,상위부서조직코드,0.8571,0,nnn,6.0,,,0.76,16.44,0,AAAAA,4.0,,,0.24,22.67,False
ORGNIZATION.csv,상위조직코드,관리회계_조직_test.csv,상위귀속부서조직코드,0.75,0,nnn,6.0,,,0.76,16.44,0,AAAAA,7.0,,,8.33,90.91,False
ORGNIZATION.csv,상위조직코드,배송점.csv,상위조직코드,1.0,0,nnn,6.0,,,0.76,16.44,0,nnn,2.0,,,0.04,17.99,False
ORGNIZATION.csv,상위조직코드,사원마스터.csv,조직코드,0.8,0,nnn,6.0,,,0.76,16.44,0,nnnn,7.0,,,0.0,17.28,False
ORGNIZATION.csv,상위조직코드,선석.csv,조직코드,0.8,0,nnn,6.0,,,0.76,16.44,0,nnnnnn,1.0,,YEARMONTH,38.24,2.32,False
ORGNIZATION.csv,상위조직코드,택배_조직도.csv,조직코드,0.8,0,nnn,6.0,,,0.76,16.44,1,nnnn,11.0,,UNIQUE,0.0,100.0,False
ORGNIZATION.csv,상위조직코드,택배_조직도.csv,상위조직코드,1.0,0,nnn,6.0,,,0.76,16.44,0,nnn,6.0,,,0.76,16.44,False
ORGNIZATION.csv,조직명,ORGNIZATION.csv,조직명,1.0,0,KK(K),270.0,,Text,0.0,94.97,0,KK(K),270.0,,Text,0.0,94.97,True
ORGNIZATION.csv,조직명,ORGNIZATION.csv,영문조직명,0.75,0,KK(K),270.0,,Text,0.0,94.97,0,AAAAAA AAAAA,481.0,,,17.57,80.52,False
ORGNIZATION.csv,조직명,관리회계_조직.csv,부서조직명,0.75,0,KK(K),270.0,,Text,0.0,94.97,0,KKKKKK,86.0,,Text,0.0,98.33,False
ORGNIZATION.csv,조직명,배송점.csv,영문조직명,0.75,0,KK(K),270.0,,Text,0.0,94.97,0,AAAAAA AAAAA,330.0,,,19.45,85.48,False
ORGNIZATION.csv,조직명,택배_조직도.csv,조직명,1.0,0,KK(K),270.0,,Text,0.0,94.97,0,KK(K),270.0,,Text,0.0,94.97,False
ORGNIZATION.csv,조직명,택배_조직도.csv,영문조직명,0.75,0,KK(K),270.0,,Text,0.0,94.97,0,AAAAAA AAAAA,481.0,,,17.57,80.52,False
ORGNIZATION.csv,조직명,조직.csv,조직,0.8,0,KK(K),270.0,,Text,0.0,94.97,1,KKKK,13.0,,UNIQUE,0.0,100.0,False
ORGNIZATION.csv,조직구분코드,ORGNIZATION.csv,조직코드,0.8,0,AAAAAAA,10.0,,,0.0,0.39,1,nnnn,11.0,,UNIQUE,0.0,100.0,False
ORGNIZATION.csv,조직구분코드,ORGNIZATION.csv,조직구분코드,1.0,0,AAAAAAA,10.0,,,0.0,0.39,0,AAAAAAA,10.0,,,0.0,0.39,True
ORGNIZATION.csv,조직구분코드,ORGNIZATION.csv,조직권역구분코드,0.8571,0,AAAAAAA,10.0,,,0.0,0.39,0,AA,1.0,,,0.36,0.21,False
ORGNIZATION.csv,조직구분코드,배송점.csv,조직구분코드,1.0,0,AAAAAAA,10.0,,,0.0,0.39,0,AAAAAAA,2.0,,,0.0,0.08,False
ORGNIZATION.csv,조직구분코드,배송점.csv,조직권역구분코드,0.8571,0,AAAAAAA,10.0,,,0.0,0.39,0,AA,1.0,,,0.0,0.28,False
ORGNIZATION.csv,조직구분코드,사원마스터.csv,조직코드,0.8,0,AAAAAAA,10.0,,,0.0,0.39,0,nnnn,7.0,,,0.0,17.28,False
ORGNIZATION.csv,조직구분코드,선석.csv,조직코드,0.8,0,AAAAAAA,10.0,,,0.0,0.39,0,nnnnnn,1.0,,YEARMONTH,38.24,2.32,False
ORGNIZATION.csv,조직구분코드,택배_조직도.csv,조직코드,0.8,0,AAAAAAA,10.0,,,0.0,0.39,1,nnnn,11.0,,UNIQUE,0.0,100.0,False
ORGNIZATION.csv,조직구분코드,택배_조직도.csv,조직구분코드,1.0,0,AAAAAAA,10.0,,,0.0,0.39,0,AAAAAAA,10.0,,,0.0,0.39,False
ORGNIZATION.csv,조직구분코드,택배_조직도.csv,조직권역구분코드,0.8571,0,AAAAAAA,10.0,,,0.0,0.39,0,AA,1.0,,,0.36,0.21,False
ORGNIZATION.csv,조직구분코드,택배_조직도.csv,조직권역구분상세코드,0.75,0,AAAAAAA,10.0,,,0.0,0.39,0,AA,1.0,,,99.95,100.0,False
ORGNIZATION.csv,조직구분코드,택배_조직도.csv,조직중구분코드,0.9231,0,AAAAAAA,10.0,,,0.0,0.39,0,A,3.0,,,48.2,2.32,False
ORGNIZATION.csv,조직관리유형코드,ORGNIZATION.csv,조직관리유형코드,1.0,0,AAAsAAAAAA,2.0,,,0.03,0.05,0,AAAsAAAAAA,2.0,,,0.03,0.05,True
ORGNIZATION.csv,조직관리유형코드,관리회계_조직.csv,조직유형코드,0.8571,0,AAAsAAAAAA,2.0,,,0.03,0.05,0,AAAAAA,2.0,,,86.9,52.73,False
ORGNIZATION.csv,조직관리유형코드,관리회계_조직_test.csv,조직유형코드,0.8571,0,AAAsAAAAAA,2.0,,,0.03,0.05,0,AAAAAA,1.0,,,91.67,100.0,False
ORGNIZATION.csv,조직관리유형코드,배송점.csv,조직관리유형코드,1.0,0,AAAsAAAAAA,2.0,,,0.03,0.05,0,AAAsAAAAAA,2.0,,,0.0,0.08,False
ORGNIZATION.csv,조직관리유형코드,택배_조직도.csv,조직관리유형코드,1.0,0,AAAsAAAAAA,2.0,,,0.03,0.05,0,AAAsAAAAAA,2.0,,,0.03,0.05,False
ORGNIZATION.csv,조직권역구분코드,ORGNIZATION.csv,조직구분코드,0.8571,0,AA,1.0,,,0.36,0.21,0,AAAAAAA,10.0,,,0.0,0.39,False
ORGNIZATION.csv,조직권역구분코드,ORGNIZATION.csv,조직권역구분코드,1.0,0,AA,1.0,,,0.36,0.21,0,AA,1.0,,,0.36,0.21,True
ORGNIZATION.csv,조직권역구분코드,배송점.csv,조직구분코드,0.8571,0,AA,1.0,,,0.36,0.21,0,AAAAAAA,2.0,,,0.0,0.08,False
ORGNIZATION.csv,조직권역구분코드,배송점.csv,조직권역구분코드,1.0,0,AA,1.0,,,0.36,0.21,0,AA,1.0,,,0.0,0.28,False
ORGNIZATION.csv,조직권역구분코드,택배_조직도.csv,조직구분코드,0.8571,0,AA,1.0,,,0.36,0.21,0,AAAAAAA,10.0,,,0.0,0.39,False
ORGNIZATION.csv,조직권역구분코드,택배_조직도.csv,조직권역구분코드,1.0,0,AA,1.0,,,0.36,0.21,0,AA,1.0,,,0.36,0.21,False
ORGNIZATION.csv,조직권역구분코드,택배_조직도.csv,조직권역구분상세코드,0.8889,0,AA,1.0,,,0.36,0.21,0,AA,1.0,,,99.95,100.0,False
ORGNIZATION.csv,조직권역구분코드,택배_조직도.csv,조직중구분코드,0.8,0,AA,1.0,,,0.36,0.21,0,A,3.0,,,48.2,2.32,False
ORGNIZATION.csv,영문조직명,ORGNIZATION.csv,조직명,0.75,0,AAAAAA AAAAA,481.0,,,17.57,80.52,0,KK(K),270.0,,Text,0.0,94.97,False
ORGNIZATION.csv,영문조직명,ORGNIZATION.csv,영문조직명,1.0,0,AAAAAA AAAAA,481.0,,,17.57,80.52,0,AAAAAA AAAAA,481.0,,,17.57,80.52,True
ORGNIZATION.csv,영문조직명,배송점.csv,영문조직명,1.0,0,AAAAAA AAAAA,481.0,,,17.57,80.52,0,AAAAAA AAAAA,330.0,,,19.45,85.48,False
ORGNIZATION.csv,영문조직명,택배_조직도.csv,조직명,0.75,0,AAAAAA AAAAA,481.0,,,17.57,80.52,0,KK(K),270.0,,Text,0.0,94.97,False
ORGNIZATION.csv,영문조직명,택배_조직도.csv,영문조직명,1.0,0,AAAAAA AAAAA,481.0,,,17.57,80.52,0,AAAAAA AAAAA,481.0,,,17.57,80.52,False
ORGNIZATION.csv,팩스번호,ORGNIZATION.csv,팩스번호,1.0,0,nnnnnnnnnn,23.0,,,64.96,50.6,0,nnnnnnnnnn,23.0,,,64.96,50.6,True
ORGNIZATION.csv,팩스번호,배송점.csv,팩스번호,1.0,0,nnnnnnnnnn,23.0,,,64.96,50.6,0,nnnnnnnnnn,19.0,,,68.3,64.59,False
ORGNIZATION.csv,팩스번호,택배_조직도.csv,팩스번호,1.0,0,nnnnnnnnnn,23.0,,,64.96,50.6,0,nnnnnnnnnn,23.0,,,64.96,50.6,False
ORGNIZATION.csv,우편번호,CUSTOMER.csv,우편번호,1.0,0,nnnnnn,2.0,우편번호3,,9.25,44.44,0,nnnnnn,3.0,우편번호3,,28.48,44.99,False
ORGNIZATION.csv,우편번호,CUSTOMER.csv,청구지우편번호,0.7273,0,nnnnnn,2.0,우편번호3,,9.25,44.44,0,nnnnnn,2.0,우편번호3,,23.33,47.14,False
ORGNIZATION.csv,우편번호,CUSTOMER.csv,집하지우편번호,0.7273,0,nnnnnn,2.0,우편번호3,,9.25,44.44,0,nnnnnn,3.0,우편번호3,,1.58,64.41,False
ORGNIZATION.csv,우편번호,OneClick고객.csv,사업우편번호,0.8,0,nnnnnn,2.0,우편번호3,,9.25,44.44,0,nnnnn,2.0,우편번호3,,78.43,86.28,False
ORGNIZATION.csv,우편번호,ORGNIZATION.csv,우편번호,1.0,0,nnnnnn,2.0,우편번호3,,9.25,44.44,0,nnnnnn,2.0,우편번호3,,9.25,44.44,True
ORGNIZATION.csv,우편번호,개인고객.csv,우편번호,1.0,0,nnnnnn,2.0,우편번호3,,9.25,44.44,0,nnnnnn,3.0,,,99.87,100.0,False
ORGNIZATION.csv,우편번호,개인고객.csv,집하지우편번호,0.7273,0,nnnnnn,2.0,우편번호3,,9.25,44.44,0,nnnnn,3.0,우편번호3,,0.22,89.94,False
ORGNIZATION.csv,우편번호,고객마스터.csv,우편번호,1.0,0,nnnnnn,2.0,우편번호3,,9.25,44.44,0,nnnnn,2.0,우편번호3,,90.06,92.56,False
ORGNIZATION.csv,우편번호,기업고객.csv,기업우편번호,0.8,0,nnnnnn,2.0,우편번호3,,9.25,44.44,0,nnnnnn,4.0,,,3.29,44.97,False
ORGNIZATION.csv,우편번호,기업고객.csv,청구지우편번호,0.7273,0,nnnnnn,2.0,우편번호3,,9.25,44.44,0,nnnnnn,3.0,,,0.57,45.82,False
ORGNIZATION.csv,우편번호,기업고객.csv,집하지우편번호,0.7273,0,nnnnnn,2.0,우편번호3,,9.25,44.44,0,nnnnnn,3.0,우편번호3,,1.81,58.49,False
ORGNIZATION.csv,우편번호,배송점.csv,우편번호,1.0,0,nnnnnn,2.0,우편번호3,,9.25,44.44,0,nnnnnn,2.0,우편번호3,,6.88,56.92,False
ORGNIZATION.csv,우편번호,서브터미널.csv,우편번호,1.0,0,nnnnnn,2.0,우편번호3,,9.25,44.44,0,nnnnn,1.0,,,99.99,100.0,False
ORGNIZATION.csv,우편번호,영업소.csv,우편번호,1.0,0,nnnnnn,2.0,우편번호3,,9.25,44.44,0,nnnnnn,1.0,우편번호구3,,0.0,50.68,False
ORGNIZATION.csv,우편번호,택배_고객.csv,집하지우편번호,0.7273,0,nnnnnn,2.0,우편번호3,,9.25,44.44,0,nnnnnn,2.0,우편번호구3,,2.61,40.58,False
ORGNIZATION.csv,우편번호,택배_조직도.csv,우편번호,1.0,0,nnnnnn,2.0,우편번호3,,9.25,44.44,0,nnnnnn,2.0,우편번호3,,9.25,44.44,False
ORGNIZATION.csv,우편번호,우편번호3.csv,우편번호3,0.8889,0,nnnnnn,2.0,우편번호3,,9.25,44.44,1,nnnnn,1.0,,UNIQUE,0.0,100.0,False
ORGNIZATION.csv,우편번호,우편번호구3.csv,우편번호구3,0.8,0,nnnnnn,2.0,우편번호3,,9.25,44.44,1,nnnnnn,2.0,,UNIQUE,0.0,100.0,False
ORGNIZATION.csv,기본주소,OneClick고객.csv,사업기본주소,0.8,0,KK KK KK,326.0,,ADDRESS,48.38,53.69,0,KK KKK KKK nnn,2035.0,,ADDRESS,1.76,96.52,False
ORGNIZATION.csv,기본주소,ORGNIZATION.csv,기본주소,1.0,0,KK KK KK,326.0,,ADDRESS,48.38,53.69,0,KK KK KK,326.0,,ADDRESS,48.38,53.69,True
ORGNIZATION.csv,기본주소,배송점.csv,기본주소,1.0,0,KK KK KK,326.0,,ADDRESS,48.38,53.69,0,KK KK KK,242.0,,ADDRESS,50.08,60.73,False
ORGNIZATION.csv,기본주소,서브터미널.csv,기본주소,1.0,0,KK KK KK,326.0,,ADDRESS,48.38,53.69,0,KKK KKK KKKKnnnKK,1.0,,,99.99,100.0,False
ORGNIZATION.csv,기본주소,택배_조직도.csv,기본주소,1.0,0,KK KK KK,326.0,,ADDRESS,48.38,53.69,0,KK KK KK,326.0,,ADDRESS,48.38,53.69,False
ORGNIZATION.csv,상세주소,OneClick고객.csv,사업상세주소,0.8,0,nnn-n,539.0,,,30.03,58.72,0,nnnK,2750.0,,,12.28,84.04,False
ORGNIZATION.csv,상세주소,ORGNIZATION.csv,상세주소,1.0,0,nnn-n,539.0,,,30.03,58.72,0,nnn-n,539.0,,,30.03,58.72,True
ORGNIZATION.csv,상세주소,고객마스터.csv,상세주소,1.0,0,nnn-n,539.0,,,30.03,58.72,0,nK,452.0,,,90.95,88.29,False
ORGNIZATION.csv,상세주소,배송점.csv,상세주소,1.0,0,nnn-n,539.0,,,30.03,58.72,0,nnn-n,424.0,,,25.38,64.67,False
ORGNIZATION.csv,상세주소,택배_조직도.csv,상세주소,1.0,0,nnn-n,539.0,,,30.03,58.72,0,nnn-n,541.0,,,30.03,58.76,False
ORGNIZATION.csv,수입조직코드,CUSTOMER.csv,수입조직,0.8,0,AAAAA,1.0,,,21.79,2.8,0,nnnn,1.0,,,0.78,0.99,False
ORGNIZATION.csv,수입조직코드,ORGNIZATION.csv,조직코드,0.8,0,AAAAA,1.0,,,21.79,2.8,1,nnnn,11.0,,UNIQUE,0.0,100.0,False
ORGNIZATION.csv,수입조직코드,ORGNIZATION.csv,수입조직코드,1.0,0,AAAAA,1.0,,,21.79,2.8,0,AAAAA,1.0,,,21.79,2.8,True
ORGNIZATION.csv,수입조직코드,ORGNIZATION.csv,수입신규조직코드,0.8571,0,AAAAA,1.0,,,21.79,2.8,0,nnnn,1.0,,,21.79,2.8,False
ORGNIZATION.csv,수입조직코드,개인고객.csv,수입조직,0.8,0,AAAAA,1.0,,,21.79,2.8,0,nnnn,1.0,,,0.26,1.9,False
ORGNIZATION.csv,수입조직코드,기업고객.csv,수입조직,0.8,0,AAAAA,1.0,,,21.79,2.8,0,nnnn,1.0,,,0.72,1.31,False
ORGNIZATION.csv,수입조직코드,사원마스터.csv,조직코드,0.8,0,AAAAA,1.0,,,21.79,2.8,0,nnnn,7.0,,,0.0,17.28,False
ORGNIZATION.csv,수입조직코드,선석.csv,조직코드,0.8,0,AAAAA,1.0,,,21.79,2.8,0,nnnnnn,1.0,,YEARMONTH,38.24,2.32,False
ORGNIZATION.csv,수입조직코드,택배_고객.csv,수입조직,0.8,0,AAAAA,1.0,,,21.79,2.8,0,nnnn,1.0,,,0.92,0.99,False
ORGNIZATION.csv,수입조직코드,택배_조직도.csv,조직코드,0.8,0,AAAAA,1.0,,,21.79,2.8,1,nnnn,11.0,,UNIQUE,0.0,100.0,False
ORGNIZATION.csv,수입조직코드,택배_조직도.csv,수입조직코드,1.0,0,AAAAA,1.0,,,21.79,2.8,0,AAAAA,1.0,,,21.79,2.8,False
ORGNIZATION.csv,수입조직코드,택배_조직도.csv,수입신규조직코드,0.8571,0,AAAAA,1.0,,,21.79,2.8,0,nnnn,1.0,,,21.79,2.8,False
ORGNIZATION.csv,수입신규조직코드,ORGNIZATION.csv,수입조직코드,0.8571,0,nnnn,1.0,,,21.79,2.8,0,AAAAA,1.0,,,21.79,2.8,False
ORGNIZATION.csv,수입신규조직코드,ORGNIZATION.csv,수입신규조직코드,1.0,0,nnnn,1.0,,,21.79,2.8,0,nnnn,1.0,,,21.79,2.8,True
ORGNIZATION.csv,수입신규조직코드,택배_조직도.csv,수입조직코드,0.8571,0,nnnn,1.0,,,21.79,2.8,0,AAAAA,1.0,,,21.79,2.8,False
ORGNIZATION.csv,수입신규조직코드,택배_조직도.csv,수입신규조직코드,1.0,0,nnnn,1.0,,,21.79,2.8,0,nnnn,1.0,,,21.79,2.8,False
ORGNIZATION.csv,좌표구분코드,ORGNIZATION.csv,좌표구분코드,1.0,0,AAAAAA,2.0,,,68.46,0.17,0,AAAAAA,2.0,,,68.46,0.17,True
ORGNIZATION.csv,좌표구분코드,택배_조직도.csv,좌표구분코드,1.0,0,AAAAAA,2.0,,,68.46,0.17,0,AAAAAA,2.0,,,68.46,0.17,False
ORGNIZATION.csv,X좌표,ORGNIZATION.csv,X좌표,1.0,0,nnnnnn,5.0,,,68.46,62.64,0,nnnnnn,5.0,,,68.46,62.64,True
ORGNIZATION.csv,X좌표,서브터미널.csv,X좌표,1.0,0,nnnnnn,5.0,,,68.46,62.64,0,nnn.nnnnn,1.0,,,99.99,100.0,False
ORGNIZATION.csv,X좌표,택배_조직도.csv,X좌표,1.0,0,nnnnnn,5.0,,,68.46,62.64,0,nnnnnn,5.0,,,68.46,62.64,False
ORGNIZATION.csv,Y좌표,ORGNIZATION.csv,Y좌표,1.0,0,nnnnnn,7.0,,,68.46,62.31,0,nnnnnn,7.0,,,68.46,62.31,True
ORGNIZATION.csv,Y좌표,서브터미널.csv,Y좌표,1.0,0,nnnnnn,7.0,,,68.46,62.31,0,nn.nnnnn,1.0,,,99.99,100.0,False
ORGNIZATION.csv,Y좌표,택배_조직도.csv,Y좌표,1.0,0,nnnnnn,7.0,,,68.46,62.31,0,nnnnnn,7.0,,,68.46,62.31,False
ORGNIZATION.csv,사업자등록번호,CUSTOMER.csv,주민_사업자등록번호,0.8235,0,nnnnnnnnnn,1.0,유효사업자번호3,,49.82,75.01,0,nnnnnnnnnn,3.0,유효사업자번호3,,2.84,92.58,False
ORGNIZATION.csv,사업자등록번호,OneClick고객.csv,사업자등록번호,1.0,0,nnnnnnnnnn,1.0,유효사업자번호3,,49.82,75.01,0,nnn-nn-nnnnn,2.0,,,0.0,90.72,False
ORGNIZATION.csv,사업자등록번호,ORGNIZATION.csv,사업자등록번호,1.0,0,nnnnnnnnnn,1.0,유효사업자번호3,,49.82,75.01,0,nnnnnnnnnn,1.0,유효사업자번호3,,49.82,75.01,True
ORGNIZATION.csv,사업자등록번호,PRM계약.csv,사업자번호,0.8333,0,nnnnnnnnnn,1.0,유효사업자번호3,,49.82,75.01,0,nnnnnnnnnn,1.0,유효사업자번호3,,0.0,35.16,False
ORGNIZATION.csv,사업자등록번호,간선사업자.csv,사업자번호,0.8333,0,nnnnnnnnnn,1.0,유효사업자번호3,,49.82,75.01,1,nnn-nn-nnnnn,2.0,,UNIQUE,0.0,100.0,False
ORGNIZATION.csv,사업자등록번호,개인고객.csv,사업자등록번호,1.0,0,nnnnnnnnnn,1.0,유효사업자번호3,,49.82,75.01,1,nnnnnnnnnn,2.0,유효사업자번호3,UNIQUE,11.49,100.0,False
ORGNIZATION.csv,사업자등록번호,계약마스터.csv,사업자번호,0.8333,0,nnnnnnnnnn,1.0,유효사업자번호3,,49.82,75.01,0,nnnnnnnnnn,1.0,유효사업자번호3,,0.0,78.54,False
ORGNIZATION.csv,사업자등록번호,고객마스터.csv,사업자등록번호,1.0,0,nnnnnnnnnn,1.0,유효사업자번호3,,49.82,75.01,0,nnn-nn-nnnnn,3.0,,,0.0,92.76,False
ORGNIZATION.csv,사업자등록번호,관리회계_고객.csv,사업자등록번호,1.0,0,nnnnnnnnnn,1.0,유효사업자번호3,,49.82,75.01,1,nnnnnnnnnn,10.0,유효사업자번호3,UNIQUE,0.0,100.0,False
ORGNIZATION.csv,사업자등록번호,기업고객.csv,기업사업자등록번호,0.875,0,nnnnnnnnnn,1.0,유효사업자번호3,,49.82,75.01,0,nnnnnnnnnn,3.0,유효사업자번호3,,0.01,90.95,False
ORGNIZATION.csv,사업자등록번호,배송점.csv,사업자등록번호,1.0,0,nnnnnnnnnn,1.0,유효사업자번호3,,49.82,75.01,0,nnnnnnnnnn,1.0,유효사업자번호3,,33.32,80.85,False
ORGNIZATION.csv,사업자등록번호,사업자등록번호정보.csv,사업자등록번호,1.0,0,nnnnnnnnnn,1.0,유효사업자번호3,,49.82,75.01,1,nnnnnnnnnn,11.0,유효사업자번호3,UNIQUE,0.0,100.0,False
ORGNIZATION.csv,사업자등록번호,서브터미널.csv,사업자등록번호,1.0,0,nnnnnnnnnn,1.0,유효사업자번호3,,49.82,75.01,0,nnnnnnnnnn,1.0,,,99.99,100.0,False
ORGNIZATION.csv,사업자등록번호,수입관리점소.csv,사업자번호,0.8333,0,nnnnnnnnnn,1.0,유효사업자번호3,,49.82,75.01,0,nnnnnnnnnn,1.0,유효사업자번호3,,0.0,12.57,False
ORGNIZATION.csv,사업자등록번호,영업소.csv,사업자등록번호,1.0,0,nnnnnnnnnn,1.0,유효사업자번호3,,49.82,75.01,0,nnnnnnnnnn,1.0,유효사업자번호3,,0.0,52.05,False
ORGNIZATION.csv,사업자등록번호,택배_고객.csv,주민_사업자등록번호,0.8235,0,nnnnnnnnnn,1.0,유효사업자번호3,,49.82,75.01,0,nnnnnnnnnn,2.0,유효사업자번호3,,0.58,89.94,False
ORGNIZATION.csv,사업자등록번호,택배_고객.csv,사업자등록우편번호,0.875,0,nnnnnnnnnn,1.0,유효사업자번호3,,49.82,75.01,0,nnnnnn,2.0,우편번호구3,,2.04,32.74,False
ORGNIZATION.csv,사업자등록번호,택배_조직도.csv,사업자등록번호,1.0,0,nnnnnnnnnn,1.0,유효사업자번호3,,49.82,75.01,0,nnnnnnnnnn,1.0,유효사업자번호3,,49.82,75.01,False
ORGNIZATION.csv,사업자등록번호,사업자등록번호5.csv,사업자등록번호5,0.9333,0,nnnnnnnnnn,1.0,유효사업자번호3,,49.82,75.01,1,nnnnnnnnnn,1.0,,UNIQUE,0.0,100.0,False
ORGNIZATION.csv,사업자등록번호,사업자등록번호7.csv,사업자등록번호7,0.9333,0,nnnnnnnnnn,1.0,유효사업자번호3,,49.82,75.01,1,nnn-nn-nnnnn,1.0,,UNIQUE,0.0,100.0,False
ORGNIZATION.csv,최수정일시,CUSTOMER.csv,최종수정일시,0.9091,0,nn:nn,1.0,,,8.03,25.91,0,nn:nn,1.0,,,21.64,26.31,False
ORGNIZATION.csv,최수정일시,ORGNIZATION.csv,최수정일시,1.0,0,nn:nn,1.0,,,8.03,25.91,0,nn:nn,1.0,,,8.03,25.91,True
ORGNIZATION.csv,최수정일시,개인고객.csv,최종수정일시,0.9091,0,nn:nn,1.0,,,8.03,25.91,0,nn:nn,1.0,,,93.05,94.3,False
ORGNIZATION.csv,최수정일시,기업고객.csv,최종수정일시,0.9091,0,nn:nn,1.0,,,8.03,25.91,0,nn:nn,1.0,,,0.42,25.06,False
ORGNIZATION.csv,최수정일시,배송점.csv,최수정일시,1.0,0,nn:nn,1.0,,,8.03,25.91,0,nn:nn,1.0,,,5.61,21.02,False
ORGNIZATION.csv,최수정일시,서브터미널.csv,수정일시,0.8889,0,nn:nn,1.0,,,8.03,25.91,0,nn:nn,1.0,,,99.99,100.0,False
ORGNIZATION.csv,최종수정자,CUSTOMER.csv,최종수정일시,0.7273,0,nnnnnnn,1.0,,,8.24,8.84,0,nn:nn,1.0,,,21.64,26.31,False
ORGNIZATION.csv,최종수정자,ORGNIZATION.csv,최종수정자,1.0,0,nnnnnnn,1.0,,,8.24,8.84,0,nnnnnnn,1.0,,,8.24,8.84,True
ORGNIZATION.csv,최종수정자,개인고객.csv,최종수정일시,0.7273,0,nnnnnnn,1.0,,,8.24,8.84,0,nn:nn,1.0,,,93.05,94.3,False
ORGNIZATION.csv,최종수정자,기업고객.csv,최종수정일시,0.7273,0,nnnnnnn,1.0,,,8.24,8.84,0,nn:nn,1.0,,,0.42,25.06,False
ORGNIZATION.csv,최종수정자,배송점.csv,최종수정자,1.0,0,nnnnnnn,1.0,,,8.24,8.84,0,nnnnnnn,1.0,,,5.61,10.51,False
PRM계약.csv,PRM계약번호,PRM계약.csv,PRM계약번호,1.0,1,AAnnnnnnnnn,1.0,,UNIQUE,0.0,100.0,1,AAnnnnnnnnn,1.0,,UNIQUE,0.0,100.0,True
PRM계약.csv,PRM계약번호,계약마스터.csv,계약번호,0.7273,1,AAnnnnnnnnn,1.0,,UNIQUE,0.0,100.0,0,nnnnnnn,4.0,,,0.0,83.88,False
PRM계약.csv,사업자번호,OneClick고객.csv,사업자등록번호,0.8333,0,nnnnnnnnnn,1.0,유효사업자번호3,,0.0,35.16,0,nnn-nn-nnnnn,2.0,,,0.0,90.72,False
PRM계약.csv,사업자번호,OneClick고객.csv,사업우편번호,0.7273,0,nnnnnnnnnn,1.0,유효사업자번호3,,0.0,35.16,0,nnnnn,2.0,우편번호3,,78.43,86.28,False
PRM계약.csv,사업자번호,ORGNIZATION.csv,사업자등록번호,0.8333,0,nnnnnnnnnn,1.0,유효사업자번호3,,0.0,35.16,0,nnnnnnnnnn,1.0,유효사업자번호3,,49.82,75.01,False
PRM계약.csv,사업자번호,PRM계약.csv,사업자번호,1.0,0,nnnnnnnnnn,1.0,유효사업자번호3,,0.0,35.16,0,nnnnnnnnnn,1.0,유효사업자번호3,,0.0,35.16,True
PRM계약.csv,사업자번호,간선사업자.csv,사업자번호,1.0,0,nnnnnnnnnn,1.0,유효사업자번호3,,0.0,35.16,1,nnn-nn-nnnnn,2.0,,UNIQUE,0.0,100.0,False
PRM계약.csv,사업자번호,개인고객.csv,사업자등록번호,0.8333,0,nnnnnnnnnn,1.0,유효사업자번호3,,0.0,35.16,1,nnnnnnnnnn,2.0,유효사업자번호3,UNIQUE,11.49,100.0,False
PRM계약.csv,사업자번호,계약마스터.csv,사업자번호,1.0,0,nnnnnnnnnn,1.0,유효사업자번호3,,0.0,35.16,0,nnnnnnnnnn,1.0,유효사업자번호3,,0.0,78.54,False
PRM계약.csv,사업자번호,고객마스터.csv,사업자등록번호,0.8333,0,nnnnnnnnnn,1.0,유효사업자번호3,,0.0,35.16,0,nnn-nn-nnnnn,3.0,,,0.0,92.76,False
PRM계약.csv,사업자번호,관리회계_고객.csv,사업자등록번호,0.8333,0,nnnnnnnnnn,1.0,유효사업자번호3,,0.0,35.16,1,nnnnnnnnnn,10.0,유효사업자번호3,UNIQUE,0.0,100.0,False
PRM계약.csv,사업자번호,기업고객.csv,기업사업자등록번호,0.7143,0,nnnnnnnnnn,1.0,유효사업자번호3,,0.0,35.16,0,nnnnnnnnnn,3.0,유효사업자번호3,,0.01,90.95,False
PRM계약.csv,사업자번호,배송점.csv,사업자등록번호,0.8333,0,nnnnnnnnnn,1.0,유효사업자번호3,,0.0,35.16,0,nnnnnnnnnn,1.0,유효사업자번호3,,33.32,80.85,False
PRM계약.csv,사업자번호,사업자등록번호정보.csv,사업자등록번호,0.8333,0,nnnnnnnnnn,1.0,유효사업자번호3,,0.0,35.16,1,nnnnnnnnnn,11.0,유효사업자번호3,UNIQUE,0.0,100.0,False
PRM계약.csv,사업자번호,서브터미널.csv,사업자등록번호,0.8333,0,nnnnnnnnnn,1.0,유효사업자번호3,,0.0,35.16,0,nnnnnnnnnn,1.0,,,99.99,100.0,False
PRM계약.csv,사업자번호,수입관리점소.csv,사업자번호,1.0,0,nnnnnnnnnn,1.0,유효사업자번호3,,0.0,35.16,0,nnnnnnnnnn,1.0,유효사업자번호3,,0.0,12.57,False
PRM계약.csv,사업자번호,영업소.csv,사업자등록번호,0.8333,0,nnnnnnnnnn,1.0,유효사업자번호3,,0.0,35.16,0,nnnnnnnnnn,1.0,유효사업자번호3,,0.0,52.05,False
PRM계약.csv,사업자번호,택배_고객.csv,사업자등록우편번호,0.7143,0,nnnnnnnnnn,1.0,유효사업자번호3,,0.0,35.16,0,nnnnnn,2.0,우편번호구3,,2.04,32.74,False
PRM계약.csv,사업자번호,택배_조직도.csv,사업자등록번호,0.8333,0,nnnnnnnnnn,1.0,유효사업자번호3,,0.0,35.16,0,nnnnnnnnnn,1.0,유효사업자번호3,,49.82,75.01,False
PRM계약.csv,사업자번호,사업자등록번호3.csv,유효사업자번호3,0.7692,0,nnnnnnnnnn,1.0,유효사업자번호3,,0.0,35.16,1,nnnnnnnnnn,1.0,,UNIQUE,0.0,100.0,False
PRM계약.csv,사업자번호,사업자등록번호5.csv,사업자등록번호5,0.7692,0,nnnnnnnnnn,1.0,유효사업자번호3,,0.0,35.16,1,nnnnnnnnnn,1.0,,UNIQUE,0.0,100.0,False
PRM계약.csv,사업자번호,사업자등록번호7.csv,사업자등록번호7,0.7692,0,nnnnnnnnnn,1.0,유효사업자번호3,,0.0,35.16,1,nnn-nn-nnnnn,1.0,,UNIQUE,0.0,100.0,False
PRM계약.csv,계약명,PRM계약.csv,계약명,1.0,0,KK(K) KKK KK,233.0,,ADDRESS,0.0,46.95,0,KK(K) KKK KK,233.0,,ADDRESS,0.0,46.95,True
PRM계약.csv,계약구분,PRM계약.csv,계약구분,1.0,0,nnn,1.0,,SEQUENCE,0.0,0.16,0,nnn,1.0,,SEQUENCE,0.0,0.16,True
PRM계약.csv,사업자명,PRM계약.csv,사업자명,1.0,0,KKKK,139.0,,Text,0.0,38.8,0,KKKK,139.0,,Text,0.0,38.8,True
PRM계약.csv,사업자명,계약마스터.csv,소사업명,0.75,0,KKKK,139.0,,Text,0.0,38.8,0,AnAKK,18.0,,,0.05,0.59,False
PRM계약.csv,사업자명,관리회계BI_사업.csv,전사업명,0.75,0,KKKK,139.0,,Text,0.0,38.8,0,KKKKK,1.0,,SINGLE VALUE,0.0,0.48,False
PRM계약.csv,사업자명,관리회계BI_사업.csv,대사업명,0.75,0,KKKK,139.0,,Text,0.0,38.8,0,KKKKKK,4.0,,,0.0,2.42,False
PRM계약.csv,사업자명,관리회계BI_사업.csv,중사업명,0.75,0,KKKK,139.0,,Text,0.0,38.8,0,KKKK,5.0,,,0.0,8.21,False
PRM계약.csv,사업자명,관리회계BI_사업.csv,소사업명,0.75,0,KKKK,139.0,,Text,0.0,38.8,0,KKKKKK,14.0,,,0.0,18.84,False
PRM계약.csv,사업자명,관리회계BI_사업.csv,사업명,0.8571,0,KKKK,139.0,,Text,0.0,38.8,0,KKKKKK,23.0,,Text,0.0,50.24,False
PRM계약.csv,사업자명,관리회계_사업.csv,사업명,0.8571,0,KKKK,139.0,,Text,0.0,38.8,0,KKKKKK,35.0,,Text,0.0,44.66,False
PRM계약.csv,사업자명,사업코드관리.csv,전사업명,0.75,0,KKKK,139.0,,Text,0.0,38.8,0,KKKKKK,1.0,,SINGLE VALUE,0.0,0.29,False
PRM계약.csv,사업자명,사업코드관리.csv,대사업명,0.75,0,KKKK,139.0,,Text,0.0,38.8,0,KKKKKK,3.0,,,0.0,1.45,False
PRM계약.csv,사업자명,사업코드관리.csv,중사업명,0.75,0,KKKK,139.0,,Text,0.0,38.8,0,KKKK,5.0,,,0.0,6.36,False
PRM계약.csv,사업자명,사업코드관리.csv,소사업명,0.75,0,KKKK,139.0,,Text,0.0,38.8,0,KKKKKK,16.0,,,0.0,18.79,False
PRM계약.csv,사업자명,사업코드관리.csv,사업명,0.8571,0,KKKK,139.0,,Text,0.0,38.8,0,KKKKKK,31.0,,Text,0.0,52.02,False
PRM계약.csv,사업자명,사업자명5.csv,사업자명5,0.8889,0,KKKK,139.0,,Text,0.0,38.8,0,KKKK,211.0,,Text,0.0,100.0,False
PRM계약.csv,상호명,PRM계약.csv,상호명,1.0,0,KK(K),151.0,,Text,0.0,58.8,0,KK(K),151.0,,Text,0.0,58.8,True
PRM계약.csv,상호명,상호명5.csv,상호명5,0.8571,0,KK(K),151.0,,Text,0.0,58.8,0,KKKKK,64.0,,Text,0.0,100.0,False
PRM계약.csv,업태,OneClick고객.csv,업태,1.0,0,KKK,72.0,,Text,0.0,5.33,0,KKK,144.0,,Text,77.03,19.76,False
PRM계약.csv,업태,PRM계약.csv,업태,1.0,0,KKK,72.0,,Text,0.0,5.33,0,KKK,72.0,,Text,0.0,5.33,True
PRM계약.csv,업태,고객마스터.csv,업태,1.0,0,KKK,72.0,,Text,0.0,5.33,0,KKK,118.0,,Text,61.76,12.76,False
PRM계약.csv,업태,영업소.csv,업태,1.0,0,KKK,72.0,,Text,0.0,5.33,0,KKK,20.0,,,1.37,18.06,False
PRM계약.csv,업종,OneClick고객.csv,업종명,0.8,0,KKK,122.0,업종명2,Text,0.0,9.49,0,KK,900.0,,Text,0.02,37.86,False
PRM계약.csv,업종,PRM계약.csv,업종,1.0,0,KKK,122.0,업종명2,Text,0.0,9.49,0,KKK,122.0,업종명2,Text,0.0,9.49,True
PRM계약.csv,업종,고객마스터.csv,업종명,0.8,0,KKK,122.0,업종명2,Text,0.0,9.49,0,KK,464.0,,Text,6.03,24.72,False
PRM계약.csv,업종,영업소.csv,업종,1.0,0,KKK,122.0,업종명2,Text,0.0,9.49,0,KK,23.0,,Text,0.0,26.71,False
PRM계약.csv,업종,업종.csv,업종,1.0,0,KKK,122.0,업종명2,Text,0.0,9.49,0,KK KKK,447.0,,Text,0.0,100.0,False
PRM계약.csv,운영점소대,PRM계약.csv,운영점소대,1.0,0,AAAAA,3.0,,,0.0,0.21,0,AAAAA,3.0,,,0.0,0.21,True
PRM계약.csv,운영점소대,PRM계약.csv,운영점소중,0.8,0,AAAAA,3.0,,,0.0,0.21,0,AAAAA,2.0,,,0.0,0.55,False
PRM계약.csv,운영점소대,PRM계약.csv,운영점소,0.8889,0,AAAAA,3.0,,,0.0,0.21,0,AAAAA,3.0,,,0.0,2.07,False
PRM계약.csv,운영점소중,PRM계약.csv,운영점소대,0.8,0,AAAAA,2.0,,,0.0,0.55,0,AAAAA,3.0,,,0.0,0.21,False
PRM계약.csv,운영점소중,PRM계약.csv,운영점소중,1.0,0,AAAAA,2.0,,,0.0,0.55,0,AAAAA,2.0,,,0.0,0.55,True
PRM계약.csv,운영점소중,PRM계약.csv,운영점소,0.8889,0,AAAAA,2.0,,,0.0,0.55,0,AAAAA,3.0,,,0.0,2.07,False
PRM계약.csv,운영점소,PRM계약.csv,운영점소대,0.8889,0,AAAAA,3.0,,,0.0,2.07,0,AAAAA,3.0,,,0.0,0.21,False
PRM계약.csv,운영점소,PRM계약.csv,운영점소중,0.8889,0,AAAAA,3.0,,,0.0,2.07,0,AAAAA,2.0,,,0.0,0.55,False
PRM계약.csv,운영점소,PRM계약.csv,운영점소,1.0,0,AAAAA,3.0,,,0.0,2.07,0,AAAAA,3.0,,,0.0,2.07,True
test.csv,ID,test.csv,ID,1.0,1,nn,2.0,,UNIQUE,0.0,100.0,1,nn,2.0,,UNIQUE,0.0,100.0,True
test.csv,Name,test.csv,Name,1.0,0,KKK,2.0,,KOR_NAME,0.0,50.0,0,KKK,2.0,,KOR_NAME,0.0,50.0,True
test.csv,Name,test.csv,Name2,0.8889,0,KKK,2.0,,KOR_NAME,0.0,50.0,0,KKK,2.0,,KOR_NAME,0.0,43.75,False
test.csv,Name,test1.csv,Name,1.0,0,KKK,2.0,,KOR_NAME,0.0,50.0,0,KKK,1.0,,KOR_NAME,0.0,83.33,False
test.csv,Age,test.csv,Age,1.0,0,nn,1.0,,,0.0,15.62,0,nn,1.0,,,0.0,15.62,True
test.csv,Country,test.csv,Country,1.0,0,AAA,1.0,,,0.0,12.5,0,AAA,1.0,,,0.0,12.5,True
test.csv,Country,Country.csv,Country,1.0,0,AAA,1.0,,,0.0,12.5,0,KKK,29.0,,Text,0.0,100.0,False
test.csv,Country,Country_Eng.csv,Country_Eng,0.7778,0,AAA,1.0,,,0.0,12.5,1,Aaaaaaa,69.0,,UNIQUE,0.0,100.0,False
test.csv,Country,Country_ISO2.csv,Country_ISO2,0.7368,0,AAA,1.0,,,0.0,12.5,1,AA,1.0,,UNIQUE,0.0,100.0,False
test.csv,Country,Country_ISO3.csv,Country_ISO3,0.7368,0,AAA,1.0,,,0.0,12.5,1,AAA,1.0,,UNIQUE,0.0,100.0,False
test.csv,Tel,test.csv,Tel,1.0,0,nnn-nnnn,3.0,,TEL,0.0,68.75,0,nnn-nnnn,3.0,,TEL,0.0,68.75,True
test.csv,Addr,COMPANY.csv,Address,0.7273,0,KKK KKKK KKK nn-n,4.0,,ADDRESS,0.0,18.75,0,KK KKK KKK nnn-n,456.0,,ADDRESS,0.2,91.43,False
test.csv,Addr,CONTRACT.csv,ADDR,1.0,0,KKK KKKK KKK nn-n,4.0,,ADDRESS,0.0,18.75,0,KKKKK KKK KKK,1308.0,,ADDRESS,33.53,86.67,False
test.csv,Addr,test.csv,Addr,1.0,0,KKK KKKK KKK nn-n,4.0,,ADDRESS,0.0,18.75,0,KKK KKKK KKK nn-n,4.0,,ADDRESS,0.0,18.75,True
test.csv,Addr,test.csv,Address,0.7273,0,KKK KKKK KKK nn-n,4.0,,ADDRESS,0.0,18.75,0,KKKKK KK KKK nn-n,5.0,,ADDRESS,0.0,15.62,False
test.csv,Cell Phone,test.csv,Cell Phone,1.0,0,nnn-nnnn-nnnn,2.0,,CELLPHONE,0.0,15.62,0,nnn-nnnn-nnnn,2.0,,CELLPHONE,0.0,15.62,True
test.csv,Desc,test.csv,Desc,1.0,0,KK KK KKK,4.0,,ADDRESS,0.0,12.5,0,KK KK KKK,4.0,,ADDRESS,0.0,12.5,True
test.csv,Address,COMPANY.csv,Address,1.0,0,KKKKK KK KKK nn-n,5.0,,ADDRESS,0.0,15.62,0,KK KKK KKK nnn-n,456.0,,ADDRESS,0.2,91.43,False
test.csv,Address,CONTRACT.csv,ADDR,0.7273,0,KKKKK KK KKK nn-n,5.0,,ADDRESS,0.0,15.62,0,KKKKK KKK KKK,1308.0,,ADDRESS,33.53,86.67,False
test.csv,Address,test.csv,Addr,0.7273,0,KKKKK KK KKK nn-n,5.0,,ADDRESS,0.0,15.62,0,KKK KKKK KKK nn-n,4.0,,ADDRESS,0.0,18.75,False
test.csv,Address,test.csv,Address,1.0,0,KKKKK KK KKK nn-n,5.0,,ADDRESS,0.0,15.62,0,KKKKK KK KKK nn-n,5.0,,ADDRESS,0.0,15.62,True
test.csv,Year,test.csv,Year,1.0,0,nnnn,2.0,,YEAR,0.0,12.5,0,nnnn,2.0,,YEAR,0.0,12.5,True
test.csv,YearMonth,test.csv,YearMonth,1.0,0,nnnnnn,1.0,,YEARMONTH,0.0,9.38,0,nnnnnn,1.0,,YEARMONTH,0.0,9.38,True
test.csv,Email,test.csv,Email,1.0,0,aaaaaa@aaaaa.aa.aa,4.0,,EMAIL,0.0,12.5,0,aaaaaa@aaaaa.aa.aa,4.0,,EMAIL,0.0,12.5,True
test.csv,Email,사용자.csv,EMAIL,1.0,0,aaaaaa@aaaaa.aa.aa,4.0,,EMAIL,0.0,12.5,0,aaaaaa@aaaaaa.aaa,159.0,,EMAIL,45.9,85.01,False
test.csv,Name2,test.csv,Name,0.8889,0,KKK,2.0,,KOR_NAME,0.0,43.75,0,KKK,2.0,,KOR_NAME,0.0,50.0,False
test.csv,Name2,test.csv,Name2,1.0,0,KKK,2.0,,KOR_NAME,0.0,43.75,0,KKK,2.0,,KOR_NAME,0.0,43.75,True
test.csv,Name2,test1.csv,Name,0.8889,0,KKK,2.0,,KOR_NAME,0.0,43.75,0,KKK,1.0,,KOR_NAME,0.0,83.33,False
test.csv,전화번호,test.csv,전화번호,1.0,0,nnnnnnnn,2.0,,TEL,0.0,81.25,0,nnnnnnnn,2.0,,TEL,0.0,81.25,True
test.csv,전화번호,사용자.csv,전화번호,1.0,0,nnnnnnnn,2.0,,TEL,0.0,81.25,0,nnn-nnn-nnnn,21.0,,TEL,15.7,25.04,False
test.csv,전화번호,수입관리점소.csv,전화번호,1.0,0,nnnnnnnn,2.0,,TEL,0.0,81.25,0,nn-nnn-nnnn,5.0,,TEL,0.0,49.72,False
test.csv,전화번호,전화국가번호.csv,전화국가번호,0.8,0,nnnnnnnn,2.0,,TEL,0.0,81.25,1,nnn,10.0,,UNIQUE,0.0,100.0,False
test.csv,전화번호,전화지역번호.csv,전화지역번호,0.8,0,nnnnnnnn,2.0,,TEL,0.0,81.25,1,nnn,2.0,,UNIQUE,0.0,100.0,False
test.csv,YYYYMMDD,test.csv,YYYYMMDD,1.0,0,nnnnnnnn,1.0,,TEL,0.0,25.0,0,nnnnnnnn,1.0,,TEL,0.0,25.0,True
test.csv,YYYYMMDD,test.csv,YYMMDD,0.8571,0,nnnnnnnn,1.0,,TEL,0.0,25.0,0,nnnnnn,2.0,,YEARMONTH,0.0,28.12,False
test.csv,시도,test.csv,시도,1.0,0,KK,4.0,시도명,,0.0,68.75,0,KK,4.0,시도명,,0.0,68.75,True
test.csv,시도,시도명.csv,시도명,0.8,0,KK,4.0,시도명,,0.0,68.75,1,KK,5.0,,UNIQUE,0.0,100.0,False
test.csv,YYMMDD,test.csv,YYYYMMDD,0.8571,0,nnnnnn,2.0,,YEARMONTH,0.0,28.12,0,nnnnnnnn,1.0,,TEL,0.0,25.0,False
test.csv,YYMMDD,test.csv,YYMMDD,1.0,0,nnnnnn,2.0,,YEARMONTH,0.0,28.12,0,nnnnnn,2.0,,YEARMONTH,0.0,28.12,True
test.csv,업체명,test.csv,업체명,1.0,0,(K)KKKK,10.0,,COMPANY,0.0,65.62,0,(K)KKKK,10.0,,COMPANY,0.0,65.62,True
test.csv,업체명,간선사업자.csv,업체명,1.0,0,(K)KKKK,10.0,,COMPANY,0.0,65.62,0,KKnnKnnnn,58.0,,CAR_NUMBER,0.0,97.0,False
test.csv,차량번호,test.csv,차량번호,1.0,0,KKnnKnnnn,1.0,,CAR_NUMBER,0.0,56.25,0,KKnnKnnnn,1.0,,CAR_NUMBER,0.0,56.25,True
test.csv,차량번호,사원기본.csv,차량번호,1.0,0,KKnnKnnnn,1.0,,CAR_NUMBER,0.0,56.25,0,KKnnKnnnn,3.0,,CAR_NUMBER,88.23,99.83,False
test.csv,차량번호,사원마스터.csv,차량번호,1.0,0,KKnnKnnnn,1.0,,CAR_NUMBER,0.0,56.25,0,KKnnKnnnn,3.0,,CAR_NUMBER,88.23,99.83,False
test1.csv,Name,test.csv,Name,1.0,0,KKK,1.0,,KOR_NAME,0.0,83.33,0,KKK,2.0,,KOR_NAME,0.0,50.0,False
test1.csv,Name,test.csv,Name2,0.8889,0,KKK,1.0,,KOR_NAME,0.0,83.33,0,KKK,2.0,,KOR_NAME,0.0,43.75,False
test1.csv,Name,test1.csv,Name,1.0,0,KKK,1.0,,KOR_NAME,0.0,83.33,0,KKK,1.0,,KOR_NAME,0.0,83.33,True
test1.csv,Dept,test1.csv,Dept,1.0,0,Aaaaa,2.0,,,0.0,16.67,0,Aaaaa,2.0,,,0.0,16.67,True
test1.csv,Dept,test1_sum.csv,Dept,1.0,0,Aaaaa,2.0,,,0.0,16.67,0,Aaaaa,2.0,,,0.0,50.0,False
test1.csv,Dept,test2.csv,Dept,1.0,0,Aaaaa,2.0,,,0.0,16.67,0,Aaaaa,2.0,,,0.0,50.0,False
test1.csv,City,test1.csv,City,1.0,0,KK,1.0,,,0.0,66.67,0,KK,1.0,,,0.0,66.67,True
test1.csv,City,test1_sum2.csv,City,1.0,0,KK,1.0,,,0.0,66.67,0,KK,1.0,,,0.0,80.0,False
test1.csv,City,test3.csv,City,1.0,0,KK,1.0,,,0.0,66.67,0,KK,1.0,,,0.0,100.0,False
test1.csv,Qty,test1.csv,Qty,1.0,0,n,2.0,,,0.0,83.33,0,n,2.0,,,0.0,83.33,True
test1.csv,Amt,test1.csv,Amt,1.0,0,nnn,1.0,,,0.0,91.67,0,nnn,1.0,,,0.0,91.67,True
test1_sum.csv,Dept,test1.csv,Dept,1.0,0,Aaaaa,2.0,,,0.0,50.0,0,Aaaaa,2.0,,,0.0,16.67,False
test1_sum.csv,Dept,test1_sum.csv,Dept,1.0,0,Aaaaa,2.0,,,0.0,50.0,0,Aaaaa,2.0,,,0.0,50.0,True
test1_sum.csv,Dept,test2.csv,Dept,1.0,0,Aaaaa,2.0,,,0.0,50.0,0,Aaaaa,2.0,,,0.0,50.0,False
test1_sum.csv,Qty_Sum,test1_sum.csv,Qty_Sum,1.0,0,nnn,1.0,,,0.0,75.0,0,nnn,1.0,,,0.0,75.0,True
test1_sum2.csv,City,test1.csv,City,1.0,0,KK,1.0,,,0.0,80.0,0,KK,1.0,,,0.0,66.67,False
test1_sum2.csv,City,test1_sum2.csv,City,1.0,0,KK,1.0,,,0.0,80.0,0,KK,1.0,,,0.0,80.0,True
test1_sum2.csv,City,test3.csv,City,1.0,0,KK,1.0,,,0.0,80.0,0,KK,1.0,,,0.0,100.0,False
test1_sum2.csv,Amount_Sum,test1_sum2.csv,Amount_Sum,1.0,0,nnnn,2.0,,,0.0,90.0,0,nnnn,2.0,,,0.0,90.0,True
test2.csv,Dept,test1.csv,Dept,1.0,0,Aaaaa,2.0,,,0.0,50.0,0,Aaaaa,2.0,,,0.0,16.67,False
test2.csv,Dept,test1_sum.csv,Dept,1.0,0,Aaaaa,2.0,,,0.0,50.0,0,Aaaaa,2.0,,,0.0,50.0,False
test2.csv,Dept,test2.csv,Dept,1.0,0,Aaaaa,2.0,,,0.0,50.0,0,Aaaaa,2.0,,,0.0,50.0,True
test2.csv,DeptName,test2.csv,DeptName,1.0,0,KKK,2.0,,,0.0,100.0,0,KKK,2.0,,,0.0,100.0,True
test3.csv,City,test1.csv,City,1.0,0,KK,1.0,,,0.0,100.0,0,KK,1.0,,,0.0,66.67,False
test3.csv,City,test1_sum2.csv,City,1.0,0,KK,1.0,,,0.0,100.0,0,KK,1.0,,,0.0,80.0,False
test3.csv,City,test3.csv,City,1.0,0,KK,1.0,,,0.0,100.0,0,KK,1.0,,,0.0,100.0,True
test3.csv,CityName,test3.csv,CityName,1.0,0,KKK,2.0,,,0.0,100.0,0,KKK,2.0,,,0.0,100.0,True
간선사업자.csv,사업자번호,OneClick고객.csv,사업자등록번호,0.8333,1,nnn-nn-nnnnn,2.0,,UNIQUE,0.0,100.0,0,nnn-nn-nnnnn,2.0,,,0.0,90.72,False
간선사업자.csv,사업자번호,OneClick고객.csv,사업우편번호,0.7273,1,nnn-nn-nnnnn,2.0,,UNIQUE,0.0,100.0,0,nnnnn,2.0,우편번호3,,78.43,86.28,False
간선사업자.csv,사업자번호,ORGNIZATION.csv,사업자등록번호,0.8333,1,nnn-nn-nnnnn,2.0,,UNIQUE,0.0,100.0,0,nnnnnnnnnn,1.0,유효사업자번호3,,49.82,75.01,False
간선사업자.csv,사업자번호,PRM계약.csv,사업자번호,1.0,1,nnn-nn-nnnnn,2.0,,UNIQUE,0.0,100.0,0,nnnnnnnnnn,1.0,유효사업자번호3,,0.0,35.16,False
간선사업자.csv,사업자번호,간선사업자.csv,사업자번호,1.0,1,nnn-nn-nnnnn,2.0,,UNIQUE,0.0,100.0,1,nnn-nn-nnnnn,2.0,,UNIQUE,0.0,100.0,True
간선사업자.csv,사업자번호,개인고객.csv,사업자등록번호,0.8333,1,nnn-nn-nnnnn,2.0,,UNIQUE,0.0,100.0,1,nnnnnnnnnn,2.0,유효사업자번호3,UNIQUE,11.49,100.0,False
간선사업자.csv,사업자번호,계약마스터.csv,사업자번호,1.0,1,nnn-nn-nnnnn,2.0,,UNIQUE,0.0,100.0,0,nnnnnnnnnn,1.0,유효사업자번호3,,0.0,78.54,False
간선사업자.csv,사업자번호,고객마스터.csv,사업자등록번호,0.8333,1,nnn-nn-nnnnn,2.0,,UNIQUE,0.0,100.0,0,nnn-nn-nnnnn,3.0,,,0.0,92.76,False
간선사업자.csv,사업자번호,관리회계_고객.csv,사업자등록번호,0.8333,1,nnn-nn-nnnnn,2.0,,UNIQUE,0.0,100.0,1,nnnnnnnnnn,10.0,유효사업자번호3,UNIQUE,0.0,100.0,False
간선사업자.csv,사업자번호,기업고객.csv,기업사업자등록번호,0.7143,1,nnn-nn-nnnnn,2.0,,UNIQUE,0.0,100.0,0,nnnnnnnnnn,3.0,유효사업자번호3,,0.01,90.95,False
간선사업자.csv,사업자번호,배송점.csv,사업자등록번호,0.8333,1,nnn-nn-nnnnn,2.0,,UNIQUE,0.0,100.0,0,nnnnnnnnnn,1.0,유효사업자번호3,,33.32,80.85,False
간선사업자.csv,사업자번호,사업자등록번호정보.csv,사업자등록번호,0.8333,1,nnn-nn-nnnnn,2.0,,UNIQUE,0.0,100.0,1,nnnnnnnnnn,11.0,유효사업자번호3,UNIQUE,0.0,100.0,False
간선사업자.csv,사업자번호,서브터미널.csv,사업자등록번호,0.8333,1,nnn-nn-nnnnn,2.0,,UNIQUE,0.0,100.0,0,nnnnnnnnnn,1.0,,,99.99,100.0,False
간선사업자.csv,사업자번호,수입관리점소.csv,사업자번호,1.0,1,nnn-nn-nnnnn,2.0,,UNIQUE,0.0,100.0,0,nnnnnnnnnn,1.0,유효사업자번호3,,0.0,12.57,False
간선사업자.csv,사업자번호,영업소.csv,사업자등록번호,0.8333,1,nnn-nn-nnnnn,2.0,,UNIQUE,0.0,100.0,0,nnnnnnnnnn,1.0,유효사업자번호3,,0.0,52.05,False
간선사업자.csv,사업자번호,택배_고객.csv,사업자등록우편번호,0.7143,1,nnn-nn-nnnnn,2.0,,UNIQUE,0.0,100.0,0,nnnnnn,2.0,우편번호구3,,2.04,32.74,False
간선사업자.csv,사업자번호,택배_조직도.csv,사업자등록번호,0.8333,1,nnn-nn-nnnnn,2.0,,UNIQUE,0.0,100.0,0,nnnnnnnnnn,1.0,유효사업자번호3,,49.82,75.01,False
간선사업자.csv,사업자번호,사업자등록번호3.csv,유효사업자번호3,0.7692,1,nnn-nn-nnnnn,2.0,,UNIQUE,0.0,100.0,1,nnnnnnnnnn,1.0,,UNIQUE,0.0,100.0,False
간선사업자.csv,사업자번호,사업자등록번호5.csv,사업자등록번호5,0.7692,1,nnn-nn-nnnnn,2.0,,UNIQUE,0.0,100.0,1,nnnnnnnnnn,1.0,,UNIQUE,0.0,100.0,False
간선사업자.csv,사업자번호,사업자등록번호7.csv,사업자등록번호7,0.7692,1,nnn-nn-nnnnn,2.0,,UNIQUE,0.0,100.0,1,nnn-nn-nnnnn,1.0,,UNIQUE,0.0,100.0,False
간선사업자.csv,업체구분,간선사업자.csv,업체구분,1.0,0,AA,1.0,,,0.0,0.5,0,AA,1.0,,,0.0,0.5,True
간선사업자.csv,업체구분,택배_고객.csv,업종구분,0.75,0,AA,1.0,,,0.0,0.5,0,nn,1.0,,,15.98,0.35,False
간선사업자.csv,업체명,test.csv,업체명,1.0,0,KKnnKnnnn,58.0,,CAR_NUMBER,0.0,97.0,0,(K)KKKK,10.0,,COMPANY,0.0,65.62,False
간선사업자.csv,업체명,간선사업자.csv,업체명,1.0,0,KKnnKnnnn,58.0,,CAR_NUMBER,0.0,97.0,0,KKnnKnnnn,58.0,,CAR_NUMBER,0.0,97.0,True
개인고객.csv,개인고객번호,CUSTOMER.csv,고객번호,0.8,1,Annnnnn,3.0,,UNIQUE,0.0,100.0,1,nnnnnnn,2.0,,UNIQUE,0.0,100.0,False
개인고객.csv,개인고객번호,개인고객.csv,개인고객번호,1.0,1,Annnnnn,3.0,,UNIQUE,0.0,100.0,1,Annnnnn,3.0,,UNIQUE,0.0,100.0,True
개인고객.csv,개인고객번호,고객마스터.csv,고객번호,0.8,1,Annnnnn,3.0,,UNIQUE,0.0,100.0,1,nnnnnnnnnn,1.0,유효사업자번호3,UNIQUE,0.0,100.0,False
개인고객.csv,개인고객번호,수입관리_고객.csv,고객번호,0.8,1,Annnnnn,3.0,,UNIQUE,0.0,100.0,1,nnnnnnnnnn,1.0,유효사업자번호3,UNIQUE,0.0,100.0,False
개인고객.csv,개인고객번호,택배_고객.csv,고객번호,0.8,1,Annnnnn,3.0,,UNIQUE,0.0,100.0,1,nnnnnnn,1.0,,UNIQUE,0.0,100.0,False
개인고객.csv,고객명,CUSTOMER.csv,고객명,1.0,0,KKK,37.0,,Text,0.26,91.75,0,KKK,724.0,,Text,0.32,92.27,False
개인고객.csv,고객명,CUSTOMER.csv,영문고객명,0.75,0,KKK,37.0,,Text,0.26,91.75,0,A,180.0,,,97.23,97.11,False
개인고객.csv,고객명,OneClick고객.csv,고객명,1.0,0,KKK,37.0,,Text,0.26,91.75,0,KKK,347.0,,Text,0.0,85.83,False
개인고객.csv,고객명,개인고객.csv,고객명,1.0,0,KKK,37.0,,Text,0.26,91.75,0,KKK,37.0,,Text,0.26,91.75,True
개인고객.csv,고객명,개인고객.csv,영문고객명,0.75,0,KKK,37.0,,Text,0.26,91.75,0,AAAAAAAA AAAAAAA AAA,6.0,,,99.74,100.0,False
개인고객.csv,고객명,계약마스터.csv,고객명,1.0,0,KKK,37.0,,Text,0.26,91.75,0,KKKK,375.0,,Text,0.0,78.27,False
개인고객.csv,고객명,고객마스터.csv,고객명,1.0,0,KKK,37.0,,Text,0.26,91.75,0,KKKK,494.0,,Text,0.01,98.63,False
개인고객.csv,고객명,고객유형.csv,고객유형명,0.75,0,KKK,37.0,,Text,0.26,91.75,0,aAAAAA,4.0,,,0.0,100.0,False
개인고객.csv,고객명,관리회계_고객.csv,고객명,1.0,0,KKK,37.0,,Text,0.26,91.75,0,KKKK,730.0,,Text,0.0,100.0,False
개인고객.csv,고객명,기업고객.csv,기업고객명,0.75,0,KKK,37.0,,Text,0.26,91.75,0,KKKK,681.0,,Text,0.05,92.53,False
개인고객.csv,고객명,기업고객.csv,영문고객명,0.75,0,KKK,37.0,,Text,0.26,91.75,0,A,176.0,,,96.33,97.05,False
개인고객.csv,고객명,사업자등록번호정보.csv,고객명,1.0,0,KKK,37.0,,Text,0.26,91.75,0,KKKK,913.0,,Text,0.0,98.37,False
개인고객.csv,고객명,수입관리_고객.csv,고객명,1.0,0,KKK,37.0,,Text,0.26,91.75,0,KKKK,812.0,,Text,0.0,97.88,False
개인고객.csv,고객명,택배_고객.csv,한글고객명,0.75,0,KKK,37.0,,Text,0.26,91.75,0,KKKK,799.0,,Text,0.55,89.93,False
개인고객.csv,고객명,택배_고객.csv,영문고객명,0.75,0,KKK,37.0,,Text,0.26,91.75,0,A,312.0,,,94.3,92.11,False
개인고객.csv,영문고객명,CUSTOMER.csv,고객명,0.75,0,AAAAAAAA AAAAAAA AAA,6.0,,,99.74,100.0,0,KKK,724.0,,Text,0.32,92.27,False
개인고객.csv,영문고객명,CUSTOMER.csv,영문고객명,1.0,0,AAAAAAAA AAAAAAA AAA,6.0,,,99.74,100.0,0,A,180.0,,,97.23,97.11,False
개인고객.csv,영문고객명,OneClick고객.csv,고객명,0.75,0,AAAAAAAA AAAAAAA AAA,6.0,,,99.74,100.0,0,KKK,347.0,,Text,0.0,85.83,False
개인고객.csv,영문고객명,개인고객.csv,고객명,0.75,0,AAAAAAAA AAAAAAA AAA,6.0,,,99.74,100.0,0,KKK,37.0,,Text,0.26,91.75,False
개인고객.csv,영문고객명,개인고객.csv,영문고객명,1.0,0,AAAAAAAA AAAAAAA AAA,6.0,,,99.74,100.0,0,AAAAAAAA AAAAAAA AAA,6.0,,,99.74,100.0,True
개인고객.csv,영문고객명,계약마스터.csv,고객명,0.75,0,AAAAAAAA AAAAAAA AAA,6.0,,,99.74,100.0,0,KKKK,375.0,,Text,0.0,78.27,False
개인고객.csv,영문고객명,고객마스터.csv,고객명,0.75,0,AAAAAAAA AAAAAAA AAA,6.0,,,99.74,100.0,0,KKKK,494.0,,Text,0.01,98.63,False
개인고객.csv,영문고객명,관리회계_고객.csv,고객명,0.75,0,AAAAAAAA AAAAAAA AAA,6.0,,,99.74,100.0,0,KKKK,730.0,,Text,0.0,100.0,False
개인고객.csv,영문고객명,기업고객.csv,영문고객명,1.0,0,AAAAAAAA AAAAAAA AAA,6.0,,,99.74,100.0,0,A,176.0,,,96.33,97.05,False
개인고객.csv,영문고객명,사업자등록번호정보.csv,고객명,0.75,0,AAAAAAAA AAAAAAA AAA,6.0,,,99.74,100.0,0,KKKK,913.0,,Text,0.0,98.37,False
개인고객.csv,영문고객명,수입관리_고객.csv,고객명,0.75,0,AAAAAAAA AAAAAAA AAA,6.0,,,99.74,100.0,0,KKKK,812.0,,Text,0.0,97.88,False
개인고객.csv,영문고객명,택배_고객.csv,영문고객명,1.0,0,AAAAAAAA AAAAAAA AAA,6.0,,,99.74,100.0,0,A,312.0,,,94.3,92.11,False
개인고객.csv,국가코드,CUSTOMER.csv,국가코드,1.0,0,AA,1.0,,,0.0,0.31,0,AA,1.0,,,6.94,0.08,False
개인고객.csv,국가코드,개인고객.csv,국가코드,1.0,0,AA,1.0,,,0.0,0.31,0,AA,1.0,,,0.0,0.31,True
개인고객.csv,국가코드,기업고객.csv,국가코드,1.0,0,AA,1.0,,,0.0,0.31,0,AA,1.0,,,9.09,0.03,False
개인고객.csv,국가코드,선석.csv,국가코드,1.0,0,AA,1.0,,,0.0,0.31,0,AA,1.0,,SINGLE VALUE,0.0,0.1,False
개인고객.csv,국가코드,택배_고객.csv,국가코드,1.0,0,AA,1.0,,,0.0,0.31,0,AA,1.0,,,14.81,0.04,False
개인고객.csv,사업자등록번호,CUSTOMER.csv,주민_사업자등록번호,0.8235,1,nnnnnnnnnn,2.0,유효사업자번호3,UNIQUE,11.49,100.0,0,nnnnnnnnnn,3.0,유효사업자번호3,,2.84,92.58,False
개인고객.csv,사업자등록번호,OneClick고객.csv,사업자등록번호,1.0,1,nnnnnnnnnn,2.0,유효사업자번호3,UNIQUE,11.49,100.0,0,nnn-nn-nnnnn,2.0,,,0.0,90.72,False
개인고객.csv,사업자등록번호,ORGNIZATION.csv,사업자등록번호,1.0,1,nnnnnnnnnn,2.0,유효사업자번호3,UNIQUE,11.49,100.0,0,nnnnnnnnnn,1.0,유효사업자번호3,,49.82,75.01,False
개인고객.csv,사업자등록번호,PRM계약.csv,사업자번호,0.8333,1,nnnnnnnnnn,2.0,유효사업자번호3,UNIQUE,11.49,100.0,0,nnnnnnnnnn,1.0,유효사업자번호3,,0.0,35.16,False
개인고객.csv,사업자등록번호,간선사업자.csv,사업자번호,0.8333,1,nnnnnnnnnn,2.0,유효사업자번호3,UNIQUE,11.49,100.0,1,nnn-nn-nnnnn,2.0,,UNIQUE,0.0,100.0,False
개인고객.csv,사업자등록번호,개인고객.csv,사업자등록번호,1.0,1,nnnnnnnnnn,2.0,유효사업자번호3,UNIQUE,11.49,100.0,1,nnnnnnnnnn,2.0,유효사업자번호3,UNIQUE,11.49,100.0,True
개인고객.csv,사업자등록번호,계약마스터.csv,사업자번호,0.8333,1,nnnnnnnnnn,2.0,유효사업자번호3,UNIQUE,11.49,100.0,0,nnnnnnnnnn,1.0,유효사업자번호3,,0.0,78.54,False
개인고객.csv,사업자등록번호,고객마스터.csv,사업자등록번호,1.0,1,nnnnnnnnnn,2.0,유효사업자번호3,UNIQUE,11.49,100.0,0,nnn-nn-nnnnn,3.0,,,0.0,92.76,False
개인고객.csv,사업자등록번호,관리회계_고객.csv,사업자등록번호,1.0,1,nnnnnnnnnn,2.0,유효사업자번호3,UNIQUE,11.49,100.0,1,nnnnnnnnnn,10.0,유효사업자번호3,UNIQUE,0.0,100.0,False
개인고객.csv,사업자등록번호,기업고객.csv,기업사업자등록번호,0.875,1,nnnnnnnnnn,2.0,유효사업자번호3,UNIQUE,11.49,100.0,0,nnnnnnnnnn,3.0,유효사업자번호3,,0.01,90.95,False
개인고객.csv,사업자등록번호,배송점.csv,사업자등록번호,1.0,1,nnnnnnnnnn,2.0,유효사업자번호3,UNIQUE,11.49,100.0,0,nnnnnnnnnn,1.0,유효사업자번호3,,33.32,80.85,False
개인고객.csv,사업자등록번호,사업자등록번호정보.csv,사업자등록번호,1.0,1,nnnnnnnnnn,2.0,유효사업자번호3,UNIQUE,11.49,100.0,1,nnnnnnnnnn,11.0,유효사업자번호3,UNIQUE,0.0,100.0,False
개인고객.csv,사업자등록번호,서브터미널.csv,사업자등록번호,1.0,1,nnnnnnnnnn,2.0,유효사업자번호3,UNIQUE,11.49,100.0,0,nnnnnnnnnn,1.0,,,99.99,100.0,False
개인고객.csv,사업자등록번호,수입관리점소.csv,사업자번호,0.8333,1,nnnnnnnnnn,2.0,유효사업자번호3,UNIQUE,11.49,100.0,0,nnnnnnnnnn,1.0,유효사업자번호3,,0.0,12.57,False
개인고객.csv,사업자등록번호,영업소.csv,사업자등록번호,1.0,1,nnnnnnnnnn,2.0,유효사업자번호3,UNIQUE,11.49,100.0,0,nnnnnnnnnn,1.0,유효사업자번호3,,0.0,52.05,False
개인고객.csv,사업자등록번호,택배_고객.csv,주민_사업자등록번호,0.8235,1,nnnnnnnnnn,2.0,유효사업자번호3,UNIQUE,11.49,100.0,0,nnnnnnnnnn,2.0,유효사업자번호3,,0.58,89.94,False
개인고객.csv,사업자등록번호,택배_고객.csv,사업자등록우편번호,0.875,1,nnnnnnnnnn,2.0,유효사업자번호3,UNIQUE,11.49,100.0,0,nnnnnn,2.0,우편번호구3,,2.04,32.74,False
개인고객.csv,사업자등록번호,택배_조직도.csv,사업자등록번호,1.0,1,nnnnnnnnnn,2.0,유효사업자번호3,UNIQUE,11.49,100.0,0,nnnnnnnnnn,1.0,유효사업자번호3,,49.82,75.01,False
개인고객.csv,사업자등록번호,사업자등록번호5.csv,사업자등록번호5,0.9333,1,nnnnnnnnnn,2.0,유효사업자번호3,UNIQUE,11.49,100.0,1,nnnnnnnnnn,1.0,,UNIQUE,0.0,100.0,False
개인고객.csv,사업자등록번호,사업자등록번호7.csv,사업자등록번호7,0.9333,1,nnnnnnnnnn,2.0,유효사업자번호3,UNIQUE,11.49,100.0,1,nnn-nn-nnnnn,1.0,,UNIQUE,0.0,100.0,False
개인고객.csv,우편번호,CUSTOMER.csv,우편번호,1.0,0,nnnnnn,3.0,,,99.87,100.0,0,nnnnnn,3.0,우편번호3,,28.48,44.99,False
개인고객.csv,우편번호,CUSTOMER.csv,청구지우편번호,0.7273,0,nnnnnn,3.0,,,99.87,100.0,0,nnnnnn,2.0,우편번호3,,23.33,47.14,False
개인고객.csv,우편번호,CUSTOMER.csv,집하지우편번호,0.7273,0,nnnnnn,3.0,,,99.87,100.0,0,nnnnnn,3.0,우편번호3,,1.58,64.41,False
개인고객.csv,우편번호,OneClick고객.csv,사업우편번호,0.8,0,nnnnnn,3.0,,,99.87,100.0,0,nnnnn,2.0,우편번호3,,78.43,86.28,False
개인고객.csv,우편번호,ORGNIZATION.csv,우편번호,1.0,0,nnnnnn,3.0,,,99.87,100.0,0,nnnnnn,2.0,우편번호3,,9.25,44.44,False
개인고객.csv,우편번호,개인고객.csv,우편번호,1.0,0,nnnnnn,3.0,,,99.87,100.0,0,nnnnnn,3.0,,,99.87,100.0,True
개인고객.csv,우편번호,개인고객.csv,집하지우편번호,0.7273,0,nnnnnn,3.0,,,99.87,100.0,0,nnnnn,3.0,우편번호3,,0.22,89.94,False
개인고객.csv,우편번호,고객마스터.csv,우편번호,1.0,0,nnnnnn,3.0,,,99.87,100.0,0,nnnnn,2.0,우편번호3,,90.06,92.56,False
개인고객.csv,우편번호,기업고객.csv,기업우편번호,0.8,0,nnnnnn,3.0,,,99.87,100.0,0,nnnnnn,4.0,,,3.29,44.97,False
개인고객.csv,우편번호,기업고객.csv,청구지우편번호,0.7273,0,nnnnnn,3.0,,,99.87,100.0,0,nnnnnn,3.0,,,0.57,45.82,False
개인고객.csv,우편번호,기업고객.csv,집하지우편번호,0.7273,0,nnnnnn,3.0,,,99.87,100.0,0,nnnnnn,3.0,우편번호3,,1.81,58.49,False
개인고객.csv,우편번호,배송점.csv,우편번호,1.0,0,nnnnnn,3.0,,,99.87,100.0,0,nnnnnn,2.0,우편번호3,,6.88,56.92,False
개인고객.csv,우편번호,서브터미널.csv,우편번호,1.0,0,nnnnnn,3.0,,,99.87,100.0,0,nnnnn,1.0,,,99.99,100.0,False
개인고객.csv,우편번호,영업소.csv,우편번호,1.0,0,nnnnnn,3.0,,,99.87,100.0,0,nnnnnn,1.0,우편번호구3,,0.0,50.68,False
개인고객.csv,우편번호,택배_고객.csv,집하지우편번호,0.7273,0,nnnnnn,3.0,,,99.87,100.0,0,nnnnnn,2.0,우편번호구3,,2.61,40.58,False
개인고객.csv,우편번호,택배_조직도.csv,우편번호,1.0,0,nnnnnn,3.0,,,99.87,100.0,0,nnnnnn,2.0,우편번호3,,9.25,44.44,False
개인고객.csv,우편번호,우편번호3.csv,우편번호3,0.8889,0,nnnnnn,3.0,,,99.87,100.0,1,nnnnn,1.0,,UNIQUE,0.0,100.0,False
개인고객.csv,우편번호,우편번호구3.csv,우편번호구3,0.8,0,nnnnnn,3.0,,,99.87,100.0,1,nnnnnn,2.0,,UNIQUE,0.0,100.0,False
개인고객.csv,주소,CUSTOMER.csv,주소,1.0,0,nnnK,905.0,,,0.62,87.64,0,nnn-n,3079.0,,,8.32,84.5,False
개인고객.csv,주소,개인고객.csv,주소,1.0,0,nnnK,905.0,,,0.62,87.64,0,nnnK,905.0,,,0.62,87.64,True
개인고객.csv,주소,고객마스터.csv,주소,1.0,0,nnnK,905.0,,,0.62,87.64,0,KKKK KKK KKK KKK nnn,834.0,,ADDRESS,83.91,98.32,False
개인고객.csv,주소,기업고객.csv,주소,1.0,0,nnnK,905.0,,,0.62,87.64,0,nnn-n,2280.0,,,6.52,83.88,False
개인고객.csv,주소,사원마스터.csv,주소,1.0,0,nnnK,905.0,,,0.62,87.64,0,KK KK KK,334.0,,ADDRESS,82.37,66.65,False
개인고객.csv,주소,수입관리_고객.csv,주소,1.0,0,nnnK,905.0,,,0.62,87.64,0,nnn,2551.0,,,0.12,87.93,False
개인고객.csv,주소,영업소.csv,주소,1.0,0,nnnK,905.0,,,0.62,87.64,0,KK KKK KKK KKK KKK A,67.0,,ADDRESS,8.22,75.37,False
개인고객.csv,판매점소,CUSTOMER.csv,판매점소,1.0,0,AAAAAAA,3.0,,,0.26,2.03,0,AAAAA,4.0,,,0.47,0.95,False
개인고객.csv,판매점소,개인고객.csv,판매점소,1.0,0,AAAAAAA,3.0,,,0.26,2.03,0,AAAAAAA,3.0,,,0.26,2.03,True
개인고객.csv,판매점소,기업고객.csv,판매점소,1.0,0,AAAAAAA,3.0,,,0.26,2.03,0,AAAAA,4.0,,,0.26,1.22,False
개인고객.csv,판매점소,택배_고객.csv,판매점소,1.0,0,AAAAAAA,3.0,,,0.26,2.03,0,AAAAA,4.0,,,0.86,0.99,False
개인고객.csv,집하지우편번호,CUSTOMER.csv,우편번호,0.7273,0,nnnnn,3.0,우편번호3,,0.22,89.94,0,nnnnnn,3.0,우편번호3,,28.48,44.99,False
개인고객.csv,집하지우편번호,CUSTOMER.csv,청구지우편번호,0.7143,0,nnnnn,3.0,우편번호3,,0.22,89.94,0,nnnnnn,2.0,우편번호3,,23.33,47.14,False
개인고객.csv,집하지우편번호,CUSTOMER.csv,집하지우편번호,1.0,0,nnnnn,3.0,우편번호3,,0.22,89.94,0,nnnnnn,3.0,우편번호3,,1.58,64.41,False
개인고객.csv,집하지우편번호,ORGNIZATION.csv,우편번호,0.7273,0,nnnnn,3.0,우편번호3,,0.22,89.94,0,nnnnnn,2.0,우편번호3,,9.25,44.44,False
개인고객.csv,집하지우편번호,개인고객.csv,우편번호,0.7273,0,nnnnn,3.0,우편번호3,,0.22,89.94,0,nnnnnn,3.0,,,99.87,100.0,False
개인고객.csv,집하지우편번호,개인고객.csv,집하지우편번호,1.0,0,nnnnn,3.0,우편번호3,,0.22,89.94,0,nnnnn,3.0,우편번호3,,0.22,89.94,True
개인고객.csv,집하지우편번호,고객마스터.csv,우편번호,0.7273,0,nnnnn,3.0,우편번호3,,0.22,89.94,0,nnnnn,2.0,우편번호3,,90.06,92.56,False
개인고객.csv,집하지우편번호,기업고객.csv,청구지우편번호,0.7143,0,nnnnn,3.0,우편번호3,,0.22,89.94,0,nnnnnn,3.0,,,0.57,45.82,False
개인고객.csv,집하지우편번호,기업고객.csv,집하지우편번호,1.0,0,nnnnn,3.0,우편번호3,,0.22,89.94,0,nnnnnn,3.0,우편번호3,,1.81,58.49,False
개인고객.csv,집하지우편번호,배송점.csv,우편번호,0.7273,0,nnnnn,3.0,우편번호3,,0.22,89.94,0,nnnnnn,2.0,우편번호3,,6.88,56.92,False
개인고객.csv,집하지우편번호,서브터미널.csv,우편번호,0.7273,0,nnnnn,3.0,우편번호3,,0.22,89.94,0,nnnnn,1.0,,,99.99,100.0,False
개인고객.csv,집하지우편번호,영업소.csv,우편번호,0.7273,0,nnnnn,3.0,우편번호3,,0.22,89.94,0,nnnnnn,1.0,우편번호구3,,0.0,50.68,False
개인고객.csv,집하지우편번호,택배_고객.csv,집하지우편번호,1.0,0,nnnnn,3.0,우편번호3,,0.22,89.94,0,nnnnnn,2.0,우편번호구3,,2.61,40.58,False
개인고객.csv,집하지우편번호,택배_조직도.csv,우편번호,0.7273,0,nnnnn,3.0,우편번호3,,0.22,89.94,0,nnnnnn,2.0,우편번호3,,9.25,44.44,False
개인고객.csv,집하지주소,CUSTOMER.csv,집하지소번지,0.7273,0,nnnK,902.0,,,0.62,87.64,0,n,16.0,,,81.49,10.97,False
개인고객.csv,집하지주소,CUSTOMER.csv,집하지주소,1.0,0,nnnK,902.0,,,0.62,87.64,0,nK,3161.0,,,17.06,87.58,False
개인고객.csv,집하지주소,개인고객.csv,집하지주소,1.0,0,nnnK,902.0,,,0.62,87.64,0,nnnK,902.0,,,0.62,87.64,True
개인고객.csv,집하지주소,기업고객.csv,집하지소번지,0.7273,0,nnnK,902.0,,,0.62,87.64,0,n,16.0,,,75.0,10.82,False
개인고객.csv,집하지주소,기업고객.csv,집하지주소,1.0,0,nnnK,902.0,,,0.62,87.64,0,(KKK),2321.0,,,22.56,89.05,False
개인고객.csv,집하지주소,택배_고객.csv,집하지소번지,0.7273,0,nnnK,902.0,,,0.62,87.64,0,n,19.0,,,56.44,8.08,False
개인고객.csv,1ST_STREET,CUSTOMER.csv,1ST_STREET,1.0,0,AAAAAAAA-AAA AAAA-AA,6.0,,,99.74,100.0,0,aaaaa aaaaaa,194.0,,,97.78,95.05,False
개인고객.csv,1ST_STREET,개인고객.csv,1ST_STREET,1.0,0,AAAAAAAA-AAA AAAA-AA,6.0,,,99.74,100.0,0,AAAAAAAA-AAA AAAA-AA,6.0,,,99.74,100.0,True
개인고객.csv,1ST_STREET,기업고객.csv,1ST_STREET,1.0,0,AAAAAAAA-AAA AAAA-AA,6.0,,,99.74,100.0,0,aaaaa aaaaaa,188.0,,,97.08,94.91,False
개인고객.csv,청구점소,CUSTOMER.csv,청구점소,1.0,0,AAAAA,2.0,,,0.57,1.77,0,AAAAA,4.0,,,0.81,1.12,False
개인고객.csv,청구점소,개인고객.csv,청구점소,1.0,0,AAAAA,2.0,,,0.57,1.77,0,AAAAA,2.0,,,0.57,1.77,True
개인고객.csv,청구점소,기업고객.csv,청구점소,1.0,0,AAAAA,2.0,,,0.57,1.77,0,AAAAA,3.0,,,0.66,1.48,False
개인고객.csv,수금점소,CUSTOMER.csv,수금점소,1.0,0,AAAAA,2.0,,,0.57,1.77,0,AAAAA,4.0,,,0.81,1.18,False
개인고객.csv,수금점소,개인고객.csv,수금점소,1.0,0,AAAAA,2.0,,,0.57,1.77,0,AAAAA,2.0,,,0.57,1.77,True
개인고객.csv,수금점소,기업고객.csv,수금점소,1.0,0,AAAAA,2.0,,,0.57,1.77,0,AAAAA,3.0,,,0.66,1.55,False
개인고객.csv,수금점소,수입관리_고객.csv,수금점소코드,0.8,0,AAAAA,2.0,,,0.57,1.77,0,nnnn,1.0,,,44.32,2.51,False
개인고객.csv,최종수정일시,CUSTOMER.csv,최종수정일시,1.0,0,nn:nn,1.0,,,93.05,94.3,0,nn:nn,1.0,,,21.64,26.31,False
개인고객.csv,최종수정일시,ORGNIZATION.csv,최수정일시,0.9091,0,nn:nn,1.0,,,93.05,94.3,0,nn:nn,1.0,,,8.03,25.91,False
개인고객.csv,최종수정일시,ORGNIZATION.csv,최종수정자,0.7273,0,nn:nn,1.0,,,93.05,94.3,0,nnnnnnn,1.0,,,8.24,8.84,False
개인고객.csv,최종수정일시,개인고객.csv,최종수정일시,1.0,0,nn:nn,1.0,,,93.05,94.3,0,nn:nn,1.0,,,93.05,94.3,True
개인고객.csv,최종수정일시,기업고객.csv,최종수정일시,1.0,0,nn:nn,1.0,,,93.05,94.3,0,nn:nn,1.0,,,0.42,25.06,False
개인고객.csv,최종수정일시,배송점.csv,최수정일시,0.9091,0,nn:nn,1.0,,,93.05,94.3,0,nn:nn,1.0,,,5.61,21.02,False
개인고객.csv,최종수정일시,배송점.csv,최종수정자,0.7273,0,nn:nn,1.0,,,93.05,94.3,0,nnnnnnn,1.0,,,5.61,10.51,False
개인고객.csv,최종수정일시,서브터미널.csv,수정일시,0.8,0,nn:nn,1.0,,,93.05,94.3,0,nn:nn,1.0,,,99.99,100.0,False
개인고객.csv,최종변경자사번,CUSTOMER.csv,최종변경자사번,1.0,0,nnnnnnn,4.0,,,0.26,9.31,0,nnnnnnn,5.0,,,0.56,5.96,False
개인고객.csv,최종변경자사번,개인고객.csv,최종변경자사번,1.0,0,nnnnnnn,4.0,,,0.26,9.31,0,nnnnnnn,4.0,,,0.26,9.31,True
개인고객.csv,최종변경자사번,기업고객.csv,최종변경자사번,1.0,0,nnnnnnn,4.0,,,0.26,9.31,0,nnnnnnn,7.0,,,0.43,6.06,False
개인고객.csv,집하점소,CUSTOMER.csv,집하점소,1.0,0,nnnn,3.0,,,0.26,26.04,0,nnnn,3.0,,,1.33,11.86,False
개인고객.csv,집하점소,개인고객.csv,집하점소,1.0,0,nnnn,3.0,,,0.26,26.04,0,nnnn,3.0,,,0.26,26.04,True
개인고객.csv,집하점소,기업고객.csv,집하점소,1.0,0,nnnn,3.0,,,0.26,26.04,0,nnnn,5.0,,,1.46,15.35,False
개인고객.csv,수입조직,CUSTOMER.csv,수입조직,1.0,0,nnnn,1.0,,,0.26,1.9,0,nnnn,1.0,,,0.78,0.99,False
개인고객.csv,수입조직,ORGNIZATION.csv,수입조직코드,0.8,0,nnnn,1.0,,,0.26,1.9,0,AAAAA,1.0,,,21.79,2.8,False
개인고객.csv,수입조직,개인고객.csv,수입조직,1.0,0,nnnn,1.0,,,0.26,1.9,0,nnnn,1.0,,,0.26,1.9,True
개인고객.csv,수입조직,기업고객.csv,수입조직,1.0,0,nnnn,1.0,,,0.26,1.9,0,nnnn,1.0,,,0.72,1.31,False
개인고객.csv,수입조직,택배_고객.csv,수입조직,1.0,0,nnnn,1.0,,,0.26,1.9,0,nnnn,1.0,,,0.92,0.99,False
개인고객.csv,수입조직,택배_조직도.csv,수입조직코드,0.8,0,nnnn,1.0,,,0.26,1.9,0,AAAAA,1.0,,,21.79,2.8,False
결제조건.csv,결제조건명,결제조건.csv,결제조건명,1.0,1,KK,10.0,,UNIQUE,0.0,100.0,1,KK,10.0,,UNIQUE,0.0,100.0,True
결제조건.csv,dt_adjt,결제조건.csv,dt_adjt,1.0,0,nnnnnnnn,1.0,,,94.74,100.0,0,nnnnnnnn,1.0,,,94.74,100.0,True
결제조건.csv,처리자사번,결제조건.csv,처리자사번,1.0,0,nnnnnnn,1.0,,,0.0,10.53,0,nnnnnnn,1.0,,,0.0,10.53,True
결제조건.csv,처리자사번,기업설립형태.csv,처리자사번,1.0,0,nnnnnnn,1.0,,,0.0,10.53,0,nnnnnnn,1.0,,TEL,0.0,9.09,False
결제조건.csv,처리자사번,불량등급.csv,처리자사번,1.0,0,nnnnnnn,1.0,,,0.0,10.53,0,nnnnnnn,1.0,,,0.0,26.32,False
결제조건.csv,처리자사번,사업구분.csv,처리자사번,1.0,0,nnnnnnn,1.0,,,0.0,10.53,0,nnnnnnn,1.0,,,0.0,3.36,False
결제조건.csv,처리자사번,사용자.csv,처리자사번,1.0,0,nnnnnnn,1.0,,,0.0,10.53,0,nnnnnnn,8.0,,,0.0,5.21,False
결제조건.csv,처리자사번,수입관리점소.csv,처리자사번,1.0,0,nnnnnnn,1.0,,,0.0,10.53,0,nnnnnnn,1.0,,,0.0,5.31,False
결제조건.csv,처리자사번,신용공여기간.csv,처리자사번,1.0,0,nnnnnnn,1.0,,,0.0,10.53,0,nnnnnnn,1.0,,,0.0,30.23,False
결제조건.csv,처리자사번,신용등급.csv,처리자사번,1.0,0,nnnnnnn,1.0,,,0.0,10.53,0,nnnnnnn,1.0,,,0.0,16.67,False
계약마스터.csv,계약적용월,계약마스터.csv,계약적용월,1.0,0,nnnnnn,1.0,,YEARMONTH,0.0,0.56,0,nnnnnn,1.0,,YEARMONTH,0.0,0.56,True
계약마스터.csv,계약관리번호,계약마스터.csv,계약관리번호,1.0,0,nnnnAAAnnnnn,2.0,,,0.0,85.8,0,nnnnAAAnnnnn,2.0,,,0.0,85.8,True
계약마스터.csv,계약관리번호,계약마스터.csv,계약번호,0.8,0,nnnnAAAnnnnn,2.0,,,0.0,85.8,0,nnnnnnn,4.0,,,0.0,83.88,False
계약마스터.csv,계약번호,PRM계약.csv,PRM계약번호,0.7273,0,nnnnnnn,4.0,,,0.0,83.88,1,AAnnnnnnnnn,1.0,,UNIQUE,0.0,100.0,False
계약마스터.csv,계약번호,계약마스터.csv,계약관리번호,0.8,0,nnnnnnn,4.0,,,0.0,83.88,0,nnnnAAAnnnnn,2.0,,,0.0,85.8,False
계약마스터.csv,계약번호,계약마스터.csv,계약번호,1.0,0,nnnnnnn,4.0,,,0.0,83.88,0,nnnnnnn,4.0,,,0.0,83.88,True
계약마스터.csv,소사업코드,계약마스터.csv,소사업코드,1.0,0,nnn,1.0,,,0.0,0.6,0,nnn,1.0,,,0.0,0.6,True
계약마스터.csv,소사업코드,관리회계BI_사업.csv,사업유형코드,0.7273,0,nnn,1.0,,,0.0,0.6,0,AAAAn,1.0,,,0.0,0.97,False
계약마스터.csv,소사업코드,관리회계BI_사업.csv,전사업코드,0.8,0,nnn,1.0,,,0.0,0.6,0,nnn,1.0,,SEQUENCE,0.0,0.48,False
계약마스터.csv,소사업코드,관리회계BI_사업.csv,대사업코드,0.8,0,nnn,1.0,,,0.0,0.6,0,nnn,1.0,,,0.0,2.42,False
계약마스터.csv,소사업코드,관리회계BI_사업.csv,중사업코드,0.8,0,nnn,1.0,,,0.0,0.6,0,nnn,1.0,,,0.0,8.21,False
계약마스터.csv,소사업코드,관리회계BI_사업.csv,소사업코드,1.0,0,nnn,1.0,,,0.0,0.6,0,nnn,1.0,,,0.0,18.84,False
계약마스터.csv,소사업코드,관리회계BI_사업.csv,소사업,0.75,0,nnn,1.0,,,0.0,0.6,0,KKKK,13.0,,,0.0,18.84,False
계약마스터.csv,소사업코드,관리회계BI_사업.csv,사업코드,0.8889,0,nnn,1.0,,,0.0,0.6,0,nnn,1.0,,,0.0,50.24,False
계약마스터.csv,소사업코드,관리회계_사업.csv,사업유형코드,0.7273,0,nnn,1.0,,,0.0,0.6,0,AAAAn,1.0,,,0.0,0.49,False
계약마스터.csv,소사업코드,관리회계_사업.csv,사업코드,0.8889,0,nnn,1.0,,,0.0,0.6,0,nnn,2.0,,,0.0,57.77,False
계약마스터.csv,소사업코드,관리회계_사업.csv,상위사업코드,0.7273,0,nnn,1.0,,,0.0,0.6,0,nnn,1.0,,,0.97,19.61,False
계약마스터.csv,소사업코드,사업구분.csv,사업구분코드,0.7273,0,nnn,1.0,,,0.0,0.6,1,AAA,3.0,,UNIQUE,0.0,100.0,False
계약마스터.csv,소사업코드,사업코드관리.csv,사업유형코드,0.7273,0,nnn,1.0,,,0.0,0.6,0,AAAA n,1.0,,,0.0,0.58,False
계약마스터.csv,소사업코드,사업코드관리.csv,전사업코드,0.8,0,nnn,1.0,,,0.0,0.6,0,nnn,1.0,,SEQUENCE,0.0,0.29,False
계약마스터.csv,소사업코드,사업코드관리.csv,대사업코드,0.8,0,nnn,1.0,,,0.0,0.6,0,nnn,1.0,,,0.0,1.45,False
계약마스터.csv,소사업코드,사업코드관리.csv,중사업코드,0.8,0,nnn,1.0,,,0.0,0.6,0,nnn,1.0,,,0.0,6.36,False
계약마스터.csv,소사업코드,사업코드관리.csv,소사업코드,1.0,0,nnn,1.0,,,0.0,0.6,0,nnn,1.0,,,0.0,18.79,False
계약마스터.csv,소사업코드,사업코드관리.csv,사업코드,0.8889,0,nnn,1.0,,,0.0,0.6,0,nnn,1.0,,,0.0,52.31,False
계약마스터.csv,소사업코드,택배BI_조직.csv,사업본부코드,0.7273,0,nnn,1.0,,,0.0,0.6,0,AAAAA,2.0,,,0.67,0.11,False
계약마스터.csv,팀코드,계약마스터.csv,팀코드,1.0,0,AAAAA,3.0,,,0.0,0.95,0,AAAAA,3.0,,,0.0,0.95,True
계약마스터.csv,팀코드,관리회계BI_조직.csv,팀센터코드,0.75,0,AAAAA,3.0,,,0.0,0.95,1,AAAAAA,7.0,,UNIQUE,0.0,100.0,False
계약마스터.csv,팀코드,조직코드관리.csv,팀센터코드,0.75,0,AAAAA,3.0,,,0.0,0.95,1,AAAAAA,7.0,,UNIQUE,0.0,100.0,False
계약마스터.csv,소사업명,PRM계약.csv,사업자명,0.75,0,AnAKK,18.0,,,0.05,0.59,0,KKKK,139.0,,Text,0.0,38.8,False
계약마스터.csv,소사업명,계약마스터.csv,소사업명,1.0,0,AnAKK,18.0,,,0.05,0.59,0,AnAKK,18.0,,,0.05,0.59,True
계약마스터.csv,소사업명,관리회계BI_사업.csv,전사업명,0.75,0,AnAKK,18.0,,,0.05,0.59,0,KKKKK,1.0,,SINGLE VALUE,0.0,0.48,False
계약마스터.csv,소사업명,관리회계BI_사업.csv,대사업명,0.75,0,AnAKK,18.0,,,0.05,0.59,0,KKKKKK,4.0,,,0.0,2.42,False
계약마스터.csv,소사업명,관리회계BI_사업.csv,중사업명,0.75,0,AnAKK,18.0,,,0.05,0.59,0,KKKK,5.0,,,0.0,8.21,False
계약마스터.csv,소사업명,관리회계BI_사업.csv,소사업명,1.0,0,AnAKK,18.0,,,0.05,0.59,0,KKKKKK,14.0,,,0.0,18.84,False
계약마스터.csv,소사업명,관리회계BI_사업.csv,소사업,0.8571,0,AnAKK,18.0,,,0.05,0.59,0,KKKK,13.0,,,0.0,18.84,False
계약마스터.csv,소사업명,관리회계BI_사업.csv,사업명,0.8571,0,AnAKK,18.0,,,0.05,0.59,0,KKKKKK,23.0,,Text,0.0,50.24,False
계약마스터.csv,소사업명,관리회계_사업.csv,사업명,0.8571,0,AnAKK,18.0,,,0.05,0.59,0,KKKKKK,35.0,,Text,0.0,44.66,False
계약마스터.csv,소사업명,사업코드관리.csv,전사업명,0.75,0,AnAKK,18.0,,,0.05,0.59,0,KKKKKK,1.0,,SINGLE VALUE,0.0,0.29,False
계약마스터.csv,소사업명,사업코드관리.csv,대사업명,0.75,0,AnAKK,18.0,,,0.05,0.59,0,KKKKKK,3.0,,,0.0,1.45,False
계약마스터.csv,소사업명,사업코드관리.csv,중사업명,0.75,0,AnAKK,18.0,,,0.05,0.59,0,KKKK,5.0,,,0.0,6.36,False
계약마스터.csv,소사업명,사업코드관리.csv,소사업명,1.0,0,AnAKK,18.0,,,0.05,0.59,0,KKKKKK,16.0,,,0.0,18.79,False
계약마스터.csv,소사업명,사업코드관리.csv,사업명,0.8571,0,AnAKK,18.0,,,0.05,0.59,0,KKKKKK,31.0,,Text,0.0,52.02,False
계약마스터.csv,팀명,계약마스터.csv,팀명,1.0,0,KKKKKK,15.0,,,0.0,0.9,0,KKKKKK,15.0,,,0.0,0.9,True
계약마스터.csv,팀명,사용자.csv,팀명,1.0,0,KKKKKK,15.0,,,0.0,0.9,0,KKK,162.0,,Text,0.01,18.6,False
계약마스터.csv,사업자번호,OneClick고객.csv,사업자등록번호,0.8333,0,nnnnnnnnnn,1.0,유효사업자번호3,,0.0,78.54,0,nnn-nn-nnnnn,2.0,,,0.0,90.72,False
계약마스터.csv,사업자번호,OneClick고객.csv,사업우편번호,0.7273,0,nnnnnnnnnn,1.0,유효사업자번호3,,0.0,78.54,0,nnnnn,2.0,우편번호3,,78.43,86.28,False
계약마스터.csv,사업자번호,ORGNIZATION.csv,사업자등록번호,0.8333,0,nnnnnnnnnn,1.0,유효사업자번호3,,0.0,78.54,0,nnnnnnnnnn,1.0,유효사업자번호3,,49.82,75.01,False
계약마스터.csv,사업자번호,PRM계약.csv,사업자번호,1.0,0,nnnnnnnnnn,1.0,유효사업자번호3,,0.0,78.54,0,nnnnnnnnnn,1.0,유효사업자번호3,,0.0,35.16,False
계약마스터.csv,사업자번호,간선사업자.csv,사업자번호,1.0,0,nnnnnnnnnn,1.0,유효사업자번호3,,0.0,78.54,1,nnn-nn-nnnnn,2.0,,UNIQUE,0.0,100.0,False
계약마스터.csv,사업자번호,개인고객.csv,사업자등록번호,0.8333,0,nnnnnnnnnn,1.0,유효사업자번호3,,0.0,78.54,1,nnnnnnnnnn,2.0,유효사업자번호3,UNIQUE,11.49,100.0,False
계약마스터.csv,사업자번호,계약마스터.csv,사업자번호,1.0,0,nnnnnnnnnn,1.0,유효사업자번호3,,0.0,78.54,0,nnnnnnnnnn,1.0,유효사업자번호3,,0.0,78.54,True
계약마스터.csv,사업자번호,고객마스터.csv,사업자등록번호,0.8333,0,nnnnnnnnnn,1.0,유효사업자번호3,,0.0,78.54,0,nnn-nn-nnnnn,3.0,,,0.0,92.76,False
계약마스터.csv,사업자번호,관리회계_고객.csv,사업자등록번호,0.8333,0,nnnnnnnnnn,1.0,유효사업자번호3,,0.0,78.54,1,nnnnnnnnnn,10.0,유효사업자번호3,UNIQUE,0.0,100.0,False
계약마스터.csv,사업자번호,기업고객.csv,기업사업자등록번호,0.7143,0,nnnnnnnnnn,1.0,유효사업자번호3,,0.0,78.54,0,nnnnnnnnnn,3.0,유효사업자번호3,,0.01,90.95,False
계약마스터.csv,사업자번호,배송점.csv,사업자등록번호,0.8333,0,nnnnnnnnnn,1.0,유효사업자번호3,,0.0,78.54,0,nnnnnnnnnn,1.0,유효사업자번호3,,33.32,80.85,False
계약마스터.csv,사업자번호,사업자등록번호정보.csv,사업자등록번호,0.8333,0,nnnnnnnnnn,1.0,유효사업자번호3,,0.0,78.54,1,nnnnnnnnnn,11.0,유효사업자번호3,UNIQUE,0.0,100.0,False
계약마스터.csv,사업자번호,서브터미널.csv,사업자등록번호,0.8333,0,nnnnnnnnnn,1.0,유효사업자번호3,,0.0,78.54,0,nnnnnnnnnn,1.0,,,99.99,100.0,False
계약마스터.csv,사업자번호,수입관리점소.csv,사업자번호,1.0,0,nnnnnnnnnn,1.0,유효사업자번호3,,0.0,78.54,0,nnnnnnnnnn,1.0,유효사업자번호3,,0.0,12.57,False
계약마스터.csv,사업자번호,영업소.csv,사업자등록번호,0.8333,0,nnnnnnnnnn,1.0,유효사업자번호3,,0.0,78.54,0,nnnnnnnnnn,1.0,유효사업자번호3,,0.0,52.05,False
계약마스터.csv,사업자번호,택배_고객.csv,사업자등록우편번호,0.7143,0,nnnnnnnnnn,1.0,유효사업자번호3,,0.0,78.54,0,nnnnnn,2.0,우편번호구3,,2.04,32.74,False
계약마스터.csv,사업자번호,택배_조직도.csv,사업자등록번호,0.8333,0,nnnnnnnnnn,1.0,유효사업자번호3,,0.0,78.54,0,nnnnnnnnnn,1.0,유효사업자번호3,,49.82,75.01,False
계약마스터.csv,사업자번호,사업자등록번호3.csv,유효사업자번호3,0.7692,0,nnnnnnnnnn,1.0,유효사업자번호3,,0.0,78.54,1,nnnnnnnnnn,1.0,,UNIQUE,0.0,100.0,False
계약마스터.csv,사업자번호,사업자등록번호5.csv,사업자등록번호5,0.7692,0,nnnnnnnnnn,1.0,유효사업자번호3,,0.0,78.54,1,nnnnnnnnnn,1.0,,UNIQUE,0.0,100.0,False
계약마스터.csv,사업자번호,사업자등록번호7.csv,사업자등록번호7,0.7692,0,nnnnnnnnnn,1.0,유효사업자번호3,,0.0,78.54,1,nnn-nn-nnnnn,1.0,,UNIQUE,0.0,100.0,False
계약마스터.csv,고객명,CUSTOMER.csv,고객명,1.0,0,KKKK,375.0,,Text,0.0,78.27,0,KKK,724.0,,Text,0.32,92.27,False
계약마스터.csv,고객명,CUSTOMER.csv,영문고객명,0.75,0,KKKK,375.0,,Text,0.0,78.27,0,A,180.0,,,97.23,97.11,False
계약마스터.csv,고객명,OneClick고객.csv,고객명,1.0,0,KKKK,375.0,,Text,0.0,78.27,0,KKK,347.0,,Text,0.0,85.83,False
계약마스터.csv,고객명,개인고객.csv,고객명,1.0,0,KKKK,375.0,,Text,0.0,78.27,0,KKK,37.0,,Text,0.26,91.75,False
계약마스터.csv,고객명,개인고객.csv,영문고객명,0.75,0,KKKK,375.0,,Text,0.0,78.27,0,AAAAAAAA AAAAAAA AAA,6.0,,,99.74,100.0,False
계약마스터.csv,고객명,계약마스터.csv,고객명,1.0,0,KKKK,375.0,,Text,0.0,78.27,0,KKKK,375.0,,Text,0.0,78.27,True
계약마스터.csv,고객명,고객마스터.csv,고객명,1.0,0,KKKK,375.0,,Text,0.0,78.27,0,KKKK,494.0,,Text,0.01,98.63,False
계약마스터.csv,고객명,고객유형.csv,고객유형명,0.75,0,KKKK,375.0,,Text,0.0,78.27,0,aAAAAA,4.0,,,0.0,100.0,False
계약마스터.csv,고객명,관리회계_고객.csv,고객명,1.0,0,KKKK,375.0,,Text,0.0,78.27,0,KKKK,730.0,,Text,0.0,100.0,False
계약마스터.csv,고객명,기업고객.csv,기업고객명,0.75,0,KKKK,375.0,,Text,0.0,78.27,0,KKKK,681.0,,Text,0.05,92.53,False
계약마스터.csv,고객명,기업고객.csv,영문고객명,0.75,0,KKKK,375.0,,Text,0.0,78.27,0,A,176.0,,,96.33,97.05,False
계약마스터.csv,고객명,사업자등록번호정보.csv,고객명,1.0,0,KKKK,375.0,,Text,0.0,78.27,0,KKKK,913.0,,Text,0.0,98.37,False
계약마스터.csv,고객명,수입관리_고객.csv,고객명,1.0,0,KKKK,375.0,,Text,0.0,78.27,0,KKKK,812.0,,Text,0.0,97.88,False
계약마스터.csv,고객명,택배_고객.csv,한글고객명,0.75,0,KKKK,375.0,,Text,0.0,78.27,0,KKKK,799.0,,Text,0.55,89.93,False
계약마스터.csv,고객명,택배_고객.csv,영문고객명,0.75,0,KKKK,375.0,,Text,0.0,78.27,0,A,312.0,,,94.3,92.11,False
계약마스터.csv,물량단위,계약마스터.csv,물량단위,1.0,0,AAA,4.0,단위_대문자,,0.0,0.11,0,AAA,4.0,단위_대문자,,0.0,0.11,True
계약마스터.csv,예상물량년,계약마스터.csv,예상물량년,1.0,0,nnnn,9.0,,,0.0,11.88,0,nnnn,9.0,,,0.0,11.88,True
계약마스터.csv,예상물량년,택배_고객.csv,월예상물량,0.8,0,nnnn,9.0,,,0.0,11.88,0,nnn,7.0,,,15.12,2.43,False
계약마스터.csv,최초생성자ID,계약마스터.csv,최초생성자ID,1.0,0,aaa,1.0,,SINGLE VALUE,0.0,0.01,0,aaa,1.0,,SINGLE VALUE,0.0,0.01,True
계약마스터.csv,최초생성자ID,계정과목코드.csv,최초생성자ID,1.0,0,aaa,1.0,,SINGLE VALUE,0.0,0.01,0,aaaaa,1.0,,SINGLE VALUE,0.0,0.24,False
계약마스터.csv,최초생성자ID,계정코드관리.csv,최초생성자ID,1.0,0,aaa,1.0,,SINGLE VALUE,0.0,0.01,0,aaaaa,1.0,,SINGLE VALUE,0.0,0.3,False
계약마스터.csv,최초생성자ID,관리회계BI_계정.csv,최초생성자ID,1.0,0,aaa,1.0,,SINGLE VALUE,0.0,0.01,0,aaaaa,1.0,,SINGLE VALUE,0.0,0.29,False
계약마스터.csv,최초생성자ID,관리회계BI_사업.csv,최초생성자ID,1.0,0,aaa,1.0,,SINGLE VALUE,0.0,0.01,0,aaaaa,1.0,,SINGLE VALUE,0.0,0.48,False
계약마스터.csv,최초생성자ID,관리회계BI_조직.csv,최초생성자ID,1.0,0,aaa,1.0,,SINGLE VALUE,0.0,0.01,0,aaaaa,1.0,,SINGLE VALUE,0.0,0.24,False
계약마스터.csv,최초생성자ID,관리회계_계정그룹.csv,최초생성자ID,1.0,0,aaa,1.0,,SINGLE VALUE,0.0,0.01,0,aaaaa,2.0,,,0.0,66.67,False
계약마스터.csv,최초생성자ID,관리회계_계정그룹상세.csv,최초생성자ID,1.0,0,aaa,1.0,,SINGLE VALUE,0.0,0.01,0,aaaaa,1.0,,,0.0,2.15,False
계약마스터.csv,최초생성자ID,관리회계_고객.csv,최초생성자ID,1.0,0,aaa,1.0,,SINGLE VALUE,0.0,0.01,0,AAAAA,5.0,,,0.13,0.08,False
계약마스터.csv,최초생성자ID,관리회계_공통코드.csv,최초생성자ID,1.0,0,aaa,1.0,,SINGLE VALUE,0.0,0.01,0,aaaaaa,2.0,,,52.63,5.56,False
계약마스터.csv,최초생성자ID,관리회계_분류공통코드.csv,최초생성자ID,1.0,0,aaa,1.0,,SINGLE VALUE,0.0,0.01,0,aaaaaa,3.0,,,50.0,23.08,False
계약마스터.csv,최초생성자ID,관리회계_사업.csv,최초생성자ID,1.0,0,aaa,1.0,,SINGLE VALUE,0.0,0.01,0,aaaaa,1.0,,SINGLE VALUE,0.0,0.24,False
계약마스터.csv,최초생성자ID,관리회계_조직.csv,최초생성자ID,1.0,0,aaa,1.0,,SINGLE VALUE,0.0,0.01,0,aaaaa,1.0,,SINGLE VALUE,0.0,0.24,False
계약마스터.csv,최초생성자ID,관리회계_조직_test.csv,최초생성자ID,1.0,0,aaa,1.0,,SINGLE VALUE,0.0,0.01,0,aaaaa,1.0,,,33.33,12.5,False
계약마스터.csv,최초생성자ID,관리회계_조직그룹.csv,최초생성자ID,1.0,0,aaa,1.0,,SINGLE VALUE,0.0,0.01,0,aaaaa,1.0,,,0.0,10.0,False
계약마스터.csv,최초생성자ID,관리회계_조직그룹상세.csv,최초생성자ID,1.0,0,aaa,1.0,,SINGLE VALUE,0.0,0.01,0,aaaaa,1.0,,SINGLE VALUE,0.0,0.29,False
계약마스터.csv,최초생성자ID,관리회계계정.csv,최초생성자ID,1.0,0,aaa,1.0,,SINGLE VALUE,0.0,0.01,0,aaaaa,1.0,,SINGLE VALUE,0.0,0.24,False
계약마스터.csv,최초생성자ID,법인정보.csv,최초생성자ID,1.0,0,aaa,1.0,,SINGLE VALUE,0.0,0.01,0,AAAAA,5.0,,,0.0,0.08,False
계약마스터.csv,최초생성자ID,사업코드관리.csv,최초생성자ID,1.0,0,aaa,1.0,,SINGLE VALUE,0.0,0.01,0,aaaaa,1.0,,SINGLE VALUE,0.0,0.29,False
계약마스터.csv,최초생성자ID,원가인명정보.csv,최초생성자ID,1.0,0,aaa,1.0,,SINGLE VALUE,0.0,0.01,0,aaaaa,3.0,,,6.02,0.04,False
계약마스터.csv,최초생성일시,계약마스터.csv,최초생성일시,1.0,0,nn:nn.n,2.0,,,0.0,2.18,0,nn:nn.n,2.0,,,0.0,2.18,True
계약마스터.csv,최초생성일시,계정과목코드.csv,최초생성일시,1.0,0,nn:nn.n,2.0,,,0.0,2.18,0,nn:nn.n,2.0,,,0.0,1.22,False
계약마스터.csv,최초생성일시,관리회계_계정그룹.csv,최초생성일시,1.0,0,nn:nn.n,2.0,,,0.0,2.18,0,nnnn-nn-nn nn:nn:nn.,1.0,,,0.0,100.0,False
계약마스터.csv,최초생성일시,관리회계_고객.csv,최초생성일시,1.0,0,nn:nn.n,2.0,,,0.0,2.18,0,nn:nn.n,2.0,,,0.13,2.57,False
계약마스터.csv,최초생성일시,관리회계_조직.csv,최초생성일시,1.0,0,nn:nn.n,2.0,,,0.0,2.18,0,nn:nn.n,2.0,,,0.0,1.19,False
계약마스터.csv,최초생성일시,관리회계_조직_test.csv,최초생성일시,1.0,0,nn:nn.n,2.0,,,0.0,2.18,0,nn:nn.n,1.0,,,33.33,12.5,False
계약마스터.csv,최초생성일시,관리회계_조직그룹.csv,최초생성일시,1.0,0,nn:nn.n,2.0,,,0.0,2.18,0,nnnn-nn-nn nn:nn:nn.,1.0,,,0.0,100.0,False
계약마스터.csv,최종변경일시,계약마스터.csv,최종변경일시,1.0,0,nn:nn,1.0,,SINGLE VALUE,0.0,0.01,0,nn:nn,1.0,,SINGLE VALUE,0.0,0.01,True
계약마스터.csv,최종변경일시,계정과목코드.csv,최종변경일시,1.0,0,nn:nn,1.0,,SINGLE VALUE,0.0,0.01,0,nn:nn.n,2.0,,,0.0,1.22,False
계약마스터.csv,최종변경일시,고객유형.csv,최종변경일시,1.0,0,nn:nn,1.0,,SINGLE VALUE,0.0,0.01,0,nnnn-nn-nn nn:nn:nn.,1.0,,,0.0,100.0,False
계약마스터.csv,최종변경일시,관리회계_계정그룹.csv,최종변경일시,1.0,0,nn:nn,1.0,,SINGLE VALUE,0.0,0.01,0,nnnn-nn-nn nn:nn:nn.,1.0,,,0.0,100.0,False
계약마스터.csv,최종변경일시,관리회계_고객.csv,최종변경일시,1.0,0,nn:nn,1.0,,SINGLE VALUE,0.0,0.01,0,nn:nn.n,2.0,,,0.07,2.56,False
계약마스터.csv,최종변경일시,관리회계_조직.csv,최종변경일시,1.0,0,nn:nn,1.0,,SINGLE VALUE,0.0,0.01,0,nn:nn.n,2.0,,,0.0,1.19,False
계약마스터.csv,최종변경일시,관리회계_조직_test.csv,최종변경일시,1.0,0,nn:nn,1.0,,SINGLE VALUE,0.0,0.01,0,nn:nn.n,1.0,,,33.33,12.5,False
계약마스터.csv,최종변경일시,관리회계_조직그룹.csv,최종변경일시,1.0,0,nn:nn,1.0,,SINGLE VALUE,0.0,0.01,0,nnnn-nn-nn nn:nn:nn.,1.0,,,0.0,100.0,False
계약마스터.csv,최종변경일시,택배관리회계조직매핑.csv,최종변경일시,1.0,0,nn:nn,1.0,,SINGLE VALUE,0.0,0.01,0,nn:nn,1.0,,,0.0,4.17,False
계정과목코드.csv,계정과목코드,계정과목코드.csv,계정과목코드,1.0,1,nnnnnn,1.0,,UNIQUE,0.0,100.0,1,nnnnnn,1.0,,UNIQUE,0.0,100.0,True
계정과목코드.csv,계정과목코드,계정과목코드.csv,계정과목명,0.7273,1,nnnnnn,1.0,,UNIQUE,0.0,100.0,0,KKKKK,52.0,계정과목,Text,0.0,95.61,False
계정과목코드.csv,계정과목코드,계정과목코드.csv,상위계정과목코드,0.8571,1,nnnnnn,1.0,,UNIQUE,0.0,100.0,0,nnnnnn,1.0,,,0.0,15.37,False
계정과목코드.csv,계정과목코드,계정코드관리.csv,상위계정과목코드,0.8571,1,nnnnnn,1.0,,UNIQUE,0.0,100.0,0,nnnnnn,1.0,,,0.0,1.52,False
계정과목코드.csv,계정과목코드,계정코드관리.csv,계정과목코드,1.0,1,nnnnnn,1.0,,UNIQUE,0.0,100.0,0,nnnnnn,1.0,,,0.0,16.67,False
계정과목코드.csv,계정과목코드,계정코드관리.csv,계정과목명,0.7273,1,nnnnnn,1.0,,UNIQUE,0.0,100.0,0,KKKKK,9.0,계정과목,,0.0,16.67,False
계정과목코드.csv,계정과목코드,계정코드관리.csv,하위계정과목코드,0.8571,1,nnnnnn,1.0,,UNIQUE,0.0,100.0,1,nnnnnn,1.0,,UNIQUE,0.0,100.0,False
계정과목코드.csv,계정과목코드,관리회계BI_계정.csv,상위계정과목코드,0.8571,1,nnnnnn,1.0,,UNIQUE,0.0,100.0,0,nnnnnn,1.0,,,0.0,5.75,False
계정과목코드.csv,계정과목코드,관리회계BI_계정.csv,계정과목코드,1.0,1,nnnnnn,1.0,,UNIQUE,0.0,100.0,0,nnnnnn,1.0,,,0.0,20.11,False
계정과목코드.csv,계정과목코드,관리회계BI_계정.csv,계정과목명,0.7273,1,nnnnnn,1.0,,UNIQUE,0.0,100.0,0,KKKKK,9.0,계정과목,,0.0,18.97,False
계정과목코드.csv,계정과목코드,관리회계BI_계정.csv,하위계정과목코드,0.8571,1,nnnnnn,1.0,,UNIQUE,0.0,100.0,0,nnnnnn,1.0,,YEARMONTH,0.0,100.0,False
계정과목코드.csv,계정과목코드,관리회계_계정그룹상세.csv,계정코드,0.8,1,nnnnnn,1.0,,UNIQUE,0.0,100.0,1,nnnnnn,1.0,,UNIQUE,0.0,100.0,False
계정과목코드.csv,계정과목코드,사업구분.csv,계정코드,0.8,1,nnnnnn,1.0,,UNIQUE,0.0,100.0,0,nnnnnn,2.0,,,25.49,54.89,False
계정과목코드.csv,계정과목코드,계정과목.csv,계정과목,0.8,1,nnnnnn,1.0,,UNIQUE,0.0,100.0,0,KKKKK,51.0,,Text,0.0,100.0,False
계정과목코드.csv,계정과목명,계정과목코드.csv,계정과목코드,0.7273,0,KKKKK,52.0,계정과목,Text,0.0,95.61,1,nnnnnn,1.0,,UNIQUE,0.0,100.0,False
계정과목코드.csv,계정과목명,계정과목코드.csv,계정과목명,1.0,0,KKKKK,52.0,계정과목,Text,0.0,95.61,0,KKKKK,52.0,계정과목,Text,0.0,95.61,True
계정과목코드.csv,계정과목명,계정코드관리.csv,상위계정과목명,0.8333,0,KKKKK,52.0,계정과목,Text,0.0,95.61,0,KKKK,2.0,,,0.0,1.52,False
계정과목코드.csv,계정과목명,계정코드관리.csv,계정과목코드,0.7273,0,KKKKK,52.0,계정과목,Text,0.0,95.61,0,nnnnnn,1.0,,,0.0,16.67,False
계정과목코드.csv,계정과목명,계정코드관리.csv,계정과목명,1.0,0,KKKKK,52.0,계정과목,Text,0.0,95.61,0,KKKKK,9.0,계정과목,,0.0,16.67,False
계정과목코드.csv,계정과목명,계정코드관리.csv,하위계정과목명,0.8333,0,KKKKK,52.0,계정과목,Text,0.0,95.61,0,KKKKK,50.0,계정과목,Text,0.0,100.0,False
계정과목코드.csv,계정과목명,관리회계BI_계정.csv,상위계정과목명,0.8333,0,KKKKK,52.0,계정과목,Text,0.0,95.61,0,KKKK,4.0,,,0.0,5.46,False
계정과목코드.csv,계정과목명,관리회계BI_계정.csv,계정과목코드,0.7273,0,KKKKK,52.0,계정과목,Text,0.0,95.61,0,nnnnnn,1.0,,,0.0,20.11,False
계정과목코드.csv,계정과목명,관리회계BI_계정.csv,계정과목명,1.0,0,KKKKK,52.0,계정과목,Text,0.0,95.61,0,KKKKK,9.0,계정과목,,0.0,18.97,False
계정과목코드.csv,계정과목명,관리회계BI_계정.csv,하위계정과목명,0.8333,0,KKKKK,52.0,계정과목,Text,0.0,95.61,0,KKKKK,51.0,계정과목,Text,0.0,99.71,False
계정과목코드.csv,계정과목명,관리회계계정.csv,계정명,0.75,0,KKKKK,52.0,계정과목,Text,0.0,95.61,0,KKKKK,52.0,계정과목,Text,0.0,95.61,False
계정과목코드.csv,계정과목명,계정과목.csv,계정과목,0.8889,0,KKKKK,52.0,계정과목,Text,0.0,95.61,0,KKKKK,51.0,,Text,0.0,100.0,False
계정과목코드.csv,상위계정과목코드,계정과목코드.csv,계정과목코드,0.8571,0,nnnnnn,1.0,,,0.0,15.37,1,nnnnnn,1.0,,UNIQUE,0.0,100.0,False
계정과목코드.csv,상위계정과목코드,계정과목코드.csv,상위계정과목코드,1.0,0,nnnnnn,1.0,,,0.0,15.37,0,nnnnnn,1.0,,,0.0,15.37,True
계정과목코드.csv,상위계정과목코드,계정코드관리.csv,상위계정과목코드,1.0,0,nnnnnn,1.0,,,0.0,15.37,0,nnnnnn,1.0,,,0.0,1.52,False
계정과목코드.csv,상위계정과목코드,계정코드관리.csv,상위계정과목명,0.8,0,nnnnnn,1.0,,,0.0,15.37,0,KKKK,2.0,,,0.0,1.52,False
계정과목코드.csv,상위계정과목코드,계정코드관리.csv,계정과목코드,0.8571,0,nnnnnn,1.0,,,0.0,15.37,0,nnnnnn,1.0,,,0.0,16.67,False
계정과목코드.csv,상위계정과목코드,계정코드관리.csv,하위계정과목코드,0.875,0,nnnnnn,1.0,,,0.0,15.37,1,nnnnnn,1.0,,UNIQUE,0.0,100.0,False
계정과목코드.csv,상위계정과목코드,관리회계BI_계정.csv,상위계정과목코드,1.0,0,nnnnnn,1.0,,,0.0,15.37,0,nnnnnn,1.0,,,0.0,5.75,False
계정과목코드.csv,상위계정과목코드,관리회계BI_계정.csv,상위계정과목명,0.8,0,nnnnnn,1.0,,,0.0,15.37,0,KKKK,4.0,,,0.0,5.46,False
계정과목코드.csv,상위계정과목코드,관리회계BI_계정.csv,계정과목코드,0.8571,0,nnnnnn,1.0,,,0.0,15.37,0,nnnnnn,1.0,,,0.0,20.11,False
계정과목코드.csv,상위계정과목코드,관리회계BI_계정.csv,하위계정과목코드,0.875,0,nnnnnn,1.0,,,0.0,15.37,0,nnnnnn,1.0,,YEARMONTH,0.0,100.0,False
계정과목코드.csv,계정유형코드,계정과목코드.csv,계정유형코드,1.0,0,KKKK,4.0,,,86.34,28.57,0,KKKK,4.0,,,86.34,28.57,True
계정과목코드.csv,계정유형코드,관리회계_계정그룹상세.csv,계정코드,0.8,0,KKKK,4.0,,,86.34,28.57,1,nnnnnn,1.0,,UNIQUE,0.0,100.0,False
계정과목코드.csv,계정유형코드,관리회계계정.csv,관리회계계정유형코드,0.75,0,KKKK,4.0,,,86.34,28.57,0,KKKK,4.0,,,86.34,28.57,False
계정과목코드.csv,계정유형코드,사업구분.csv,계정코드,0.8,0,KKKK,4.0,,,86.34,28.57,0,nnnnnn,2.0,,,25.49,54.89,False
계정과목코드.csv,계정속성값1,계정과목코드.csv,계정속성값1,1.0,0,KK,1.0,,SINGLE VALUE,97.32,9.09,0,KK,1.0,,SINGLE VALUE,97.32,9.09,True
계정과목코드.csv,계정속성값1,계정과목코드.csv,계정속성값2,0.8333,0,KK,1.0,,SINGLE VALUE,97.32,9.09,1,snnnnnns-nnnnnn,8.0,,UNIQUE,96.34,100.0,False
계정과목코드.csv,계정속성값1,관리회계계정.csv,관리회계계정속성값1,0.75,0,KK,1.0,,SINGLE VALUE,97.32,9.09,0,KK,1.0,,SINGLE VALUE,97.32,9.09,False
계정과목코드.csv,계정속성값2,계정과목코드.csv,계정속성값1,0.8333,1,snnnnnns-nnnnnn,8.0,,UNIQUE,96.34,100.0,0,KK,1.0,,SINGLE VALUE,97.32,9.09,False
계정과목코드.csv,계정속성값2,계정과목코드.csv,계정속성값2,1.0,1,snnnnnns-nnnnnn,8.0,,UNIQUE,96.34,100.0,1,snnnnnns-nnnnnn,8.0,,UNIQUE,96.34,100.0,True
계정과목코드.csv,계정속성값2,관리회계계정.csv,관리회계계정속성값2,0.75,1,snnnnnns-nnnnnn,8.0,,UNIQUE,96.34,100.0,1,snnnnnns-nnnnnn,8.0,,UNIQUE,96.34,100.0,False
계정과목코드.csv,최초생성자ID,계약마스터.csv,최초생성자ID,1.0,0,aaaaa,1.0,,SINGLE VALUE,0.0,0.24,0,aaa,1.0,,SINGLE VALUE,0.0,0.01,False
계정과목코드.csv,최초생성자ID,계정과목코드.csv,최초생성자ID,1.0,0,aaaaa,1.0,,SINGLE VALUE,0.0,0.24,0,aaaaa,1.0,,SINGLE VALUE,0.0,0.24,True
계정과목코드.csv,최초생성자ID,계정코드관리.csv,최초생성자ID,1.0,0,aaaaa,1.0,,SINGLE VALUE,0.0,0.24,0,aaaaa,1.0,,SINGLE VALUE,0.0,0.3,False
계정과목코드.csv,최초생성자ID,관리회계BI_계정.csv,최초생성자ID,1.0,0,aaaaa,1.0,,SINGLE VALUE,0.0,0.24,0,aaaaa,1.0,,SINGLE VALUE,0.0,0.29,False
계정과목코드.csv,최초생성자ID,관리회계BI_사업.csv,최초생성자ID,1.0,0,aaaaa,1.0,,SINGLE VALUE,0.0,0.24,0,aaaaa,1.0,,SINGLE VALUE,0.0,0.48,False
계정과목코드.csv,최초생성자ID,관리회계BI_조직.csv,최초생성자ID,1.0,0,aaaaa,1.0,,SINGLE VALUE,0.0,0.24,0,aaaaa,1.0,,SINGLE VALUE,0.0,0.24,False
계정과목코드.csv,최초생성자ID,관리회계_계정그룹.csv,최초생성자ID,1.0,0,aaaaa,1.0,,SINGLE VALUE,0.0,0.24,0,aaaaa,2.0,,,0.0,66.67,False
계정과목코드.csv,최초생성자ID,관리회계_계정그룹상세.csv,최초생성자ID,1.0,0,aaaaa,1.0,,SINGLE VALUE,0.0,0.24,0,aaaaa,1.0,,,0.0,2.15,False
계정과목코드.csv,최초생성자ID,관리회계_고객.csv,최초생성자ID,1.0,0,aaaaa,1.0,,SINGLE VALUE,0.0,0.24,0,AAAAA,5.0,,,0.13,0.08,False
계정과목코드.csv,최초생성자ID,관리회계_공통코드.csv,최초생성자ID,1.0,0,aaaaa,1.0,,SINGLE VALUE,0.0,0.24,0,aaaaaa,2.0,,,52.63,5.56,False
계정과목코드.csv,최초생성자ID,관리회계_분류공통코드.csv,최초생성자ID,1.0,0,aaaaa,1.0,,SINGLE VALUE,0.0,0.24,0,aaaaaa,3.0,,,50.0,23.08,False
계정과목코드.csv,최초생성자ID,관리회계_사업.csv,최초생성자ID,1.0,0,aaaaa,1.0,,SINGLE VALUE,0.0,0.24,0,aaaaa,1.0,,SINGLE VALUE,0.0,0.24,False
계정과목코드.csv,최초생성자ID,관리회계_조직.csv,최초생성자ID,1.0,0,aaaaa,1.0,,SINGLE VALUE,0.0,0.24,0,aaaaa,1.0,,SINGLE VALUE,0.0,0.24,False
계정과목코드.csv,최초생성자ID,관리회계_조직_test.csv,최초생성자ID,1.0,0,aaaaa,1.0,,SINGLE VALUE,0.0,0.24,0,aaaaa,1.0,,,33.33,12.5,False
계정과목코드.csv,최초생성자ID,관리회계_조직그룹.csv,최초생성자ID,1.0,0,aaaaa,1.0,,SINGLE VALUE,0.0,0.24,0,aaaaa,1.0,,,0.0,10.0,False
계정과목코드.csv,최초생성자ID,관리회계_조직그룹상세.csv,최초생성자ID,1.0,0,aaaaa,1.0,,SINGLE VALUE,0.0,0.24,0,aaaaa,1.0,,SINGLE VALUE,0.0,0.29,False
계정과목코드.csv,최초생성자ID,관리회계계정.csv,최초생성자ID,1.0,0,aaaaa,1.0,,SINGLE VALUE,0.0,0.24,0,aaaaa,1.0,,SINGLE VALUE,0.0,0.24,False
계정과목코드.csv,최초생성자ID,법인정보.csv,최초생성자ID,1.0,0,aaaaa,1.0,,SINGLE VALUE,0.0,0.24,0,AAAAA,5.0,,,0.0,0.08,False
계정과목코드.csv,최초생성자ID,사업코드관리.csv,최초생성자ID,1.0,0,aaaaa,1.0,,SINGLE VALUE,0.0,0.24,0,aaaaa,1.0,,SINGLE VALUE,0.0,0.29,False
계정과목코드.csv,최초생성자ID,원가인명정보.csv,최초생성자ID,1.0,0,aaaaa,1.0,,SINGLE VALUE,0.0,0.24,0,aaaaa,3.0,,,6.02,0.04,False
계정과목코드.csv,최초생성일시,계약마스터.csv,최초생성일시,1.0,0,nn:nn.n,2.0,,,0.0,1.22,0,nn:nn.n,2.0,,,0.0,2.18,False
계정과목코드.csv,최초생성일시,계정과목코드.csv,최초생성일시,1.0,0,nn:nn.n,2.0,,,0.0,1.22,0,nn:nn.n,2.0,,,0.0,1.22,True
계정과목코드.csv,최초생성일시,관리회계_계정그룹.csv,최초생성일시,1.0,0,nn:nn.n,2.0,,,0.0,1.22,0,nnnn-nn-nn nn:nn:nn.,1.0,,,0.0,100.0,False
계정과목코드.csv,최초생성일시,관리회계_고객.csv,최초생성일시,1.0,0,nn:nn.n,2.0,,,0.0,1.22,0,nn:nn.n,2.0,,,0.13,2.57,False
계정과목코드.csv,최초생성일시,관리회계_조직.csv,최초생성일시,1.0,0,nn:nn.n,2.0,,,0.0,1.22,0,nn:nn.n,2.0,,,0.0,1.19,False
계정과목코드.csv,최초생성일시,관리회계_조직_test.csv,최초생성일시,1.0,0,nn:nn.n,2.0,,,0.0,1.22,0,nn:nn.n,1.0,,,33.33,12.5,False
계정과목코드.csv,최초생성일시,관리회계_조직그룹.csv,최초생성일시,1.0,0,nn:nn.n,2.0,,,0.0,1.22,0,nnnn-nn-nn nn:nn:nn.,1.0,,,0.0,100.0,False
계정과목코드.csv,최종갱신자ID,계정과목코드.csv,최종갱신자ID,1.0,0,aaaaa,1.0,,SINGLE VALUE,0.0,0.24,0,aaaaa,1.0,,SINGLE VALUE,0.0,0.24,True
계정과목코드.csv,최종갱신자ID,관리회계BI_계정.csv,최종갱신자ID,1.0,0,aaaaa,1.0,,SINGLE VALUE,0.0,0.24,0,aaaaa,1.0,,SINGLE VALUE,0.0,0.29,False
계정과목코드.csv,최종갱신자ID,관리회계BI_사업.csv,최종갱신자ID,1.0,0,aaaaa,1.0,,SINGLE VALUE,0.0,0.24,0,aaaaa,1.0,,SINGLE VALUE,0.0,0.48,False
계정과목코드.csv,최종갱신자ID,관리회계BI_조직.csv,최종갱신자ID,1.0,0,aaaaa,1.0,,SINGLE VALUE,0.0,0.24,0,aaaaa,1.0,,SINGLE VALUE,0.0,0.24,False
계정과목코드.csv,최종갱신자ID,관리회계_계정그룹.csv,최종갱신자ID,1.0,0,aaaaa,1.0,,SINGLE VALUE,0.0,0.24,0,aaaaa,2.0,,,0.0,66.67,False
계정과목코드.csv,최종갱신자ID,관리회계_계정그룹상세.csv,최종갱신자ID,1.0,0,aaaaa,1.0,,SINGLE VALUE,0.0,0.24,0,aaaaa,1.0,,,0.0,2.15,False
계정과목코드.csv,최종갱신자ID,관리회계_고객.csv,최종갱신자ID,1.0,0,aaaaa,1.0,,SINGLE VALUE,0.0,0.24,0,AAAAA,5.0,,,0.07,0.08,False
계정과목코드.csv,최종갱신자ID,관리회계_공통코드.csv,최종갱신자ID,1.0,0,aaaaa,1.0,,SINGLE VALUE,0.0,0.24,0,aaaaaa,3.0,,,49.12,6.9,False
계정과목코드.csv,최종갱신자ID,관리회계_분류공통코드.csv,최종갱신자ID,1.0,0,aaaaa,1.0,,SINGLE VALUE,0.0,0.24,0,aaaaaa,2.0,,,50.0,15.38,False
계정과목코드.csv,최종갱신자ID,관리회계_사업.csv,최종갱신자ID,1.0,0,aaaaa,1.0,,SINGLE VALUE,0.0,0.24,0,aaaaa,1.0,,SINGLE VALUE,0.0,0.24,False
계정과목코드.csv,최종갱신자ID,관리회계_조직.csv,최종갱신자ID,1.0,0,aaaaa,1.0,,SINGLE VALUE,0.0,0.24,0,aaaaa,1.0,,SINGLE VALUE,0.0,0.24,False
계정과목코드.csv,최종갱신자ID,관리회계_조직_test.csv,최종갱신자ID,1.0,0,aaaaa,1.0,,SINGLE VALUE,0.0,0.24,0,aaaaa,1.0,,,33.33,12.5,False
계정과목코드.csv,최종갱신자ID,관리회계_조직그룹.csv,최종갱신자ID,1.0,0,aaaaa,1.0,,SINGLE VALUE,0.0,0.24,0,aaaaa,1.0,,,0.0,10.0,False
계정과목코드.csv,최종갱신자ID,관리회계_조직그룹상세.csv,최종갱신자ID,1.0,0,aaaaa,1.0,,SINGLE VALUE,0.0,0.24,0,aaaaa,1.0,,SINGLE VALUE,0.0,0.29,False
계정과목코드.csv,최종갱신자ID,관리회계계정.csv,최종갱신자ID,1.0,0,aaaaa,1.0,,SINGLE VALUE,0.0,0.24,0,aaaaa,1.0,,SINGLE VALUE,0.0,0.24,False
계정과목코드.csv,최종갱신자ID,법인정보.csv,최종갱신자ID,1.0,0,aaaaa,1.0,,SINGLE VALUE,0.0,0.24,0,AAAAA,6.0,,,0.0,0.07,False
계정과목코드.csv,최종갱신자ID,원가인명정보.csv,최종갱신자ID,1.0,0,aaaaa,1.0,,SINGLE VALUE,0.0,0.24,0,aaaaa,4.0,,,6.01,0.05,False
계정과목코드.csv,최종변경일시,계약마스터.csv,최종변경일시,1.0,0,nn:nn.n,2.0,,,0.0,1.22,0,nn:nn,1.0,,SINGLE VALUE,0.0,0.01,False
계정과목코드.csv,최종변경일시,계정과목코드.csv,최종변경일시,1.0,0,nn:nn.n,2.0,,,0.0,1.22,0,nn:nn.n,2.0,,,0.0,1.22,True
계정과목코드.csv,최종변경일시,고객유형.csv,최종변경일시,1.0,0,nn:nn.n,2.0,,,0.0,1.22,0,nnnn-nn-nn nn:nn:nn.,1.0,,,0.0,100.0,False
계정과목코드.csv,최종변경일시,관리회계_계정그룹.csv,최종변경일시,1.0,0,nn:nn.n,2.0,,,0.0,1.22,0,nnnn-nn-nn nn:nn:nn.,1.0,,,0.0,100.0,False
계정과목코드.csv,최종변경일시,관리회계_고객.csv,최종변경일시,1.0,0,nn:nn.n,2.0,,,0.0,1.22,0,nn:nn.n,2.0,,,0.07,2.56,False
계정과목코드.csv,최종변경일시,관리회계_조직.csv,최종변경일시,1.0,0,nn:nn.n,2.0,,,0.0,1.22,0,nn:nn.n,2.0,,,0.0,1.19,False
계정과목코드.csv,최종변경일시,관리회계_조직_test.csv,최종변경일시,1.0,0,nn:nn.n,2.0,,,0.0,1.22,0,nn:nn.n,1.0,,,33.33,12.5,False
계정과목코드.csv,최종변경일시,관리회계_조직그룹.csv,최종변경일시,1.0,0,nn:nn.n,2.0,,,0.0,1.22,0,nnnn-nn-nn nn:nn:nn.,1.0,,,0.0,100.0,False
계정과목코드.csv,최종변경일시,택배관리회계조직매핑.csv,최종변경일시,1.0,0,nn:nn.n,2.0,,,0.0,1.22,0,nn:nn,1.0,,,0.0,4.17,False
계정코드관리.csv,수익비용구분코드,계정코드관리.csv,수익비용구분코드,1.0,0,nnnnnn,1.0,,,0.0,0.61,0,nnnnnn,1.0,,,0.0,0.61,True
계정코드관리.csv,수익비용구분코드,계정코드관리.csv,수익비용구분명,0.8,0,nnnnnn,1.0,,,0.0,0.61,0,KK,1.0,,,0.0,0.61,False
계정코드관리.csv,수익비용구분코드,관리회계BI_계정.csv,수익비용구분코드,1.0,0,nnnnnn,1.0,,,0.0,0.61,0,nnnnnn,1.0,,,0.0,0.57,False
계정코드관리.csv,수익비용구분코드,관리회계BI_계정.csv,수익비용구분명,0.8,0,nnnnnn,1.0,,,0.0,0.61,0,KK,1.0,,,0.0,0.57,False
계정코드관리.csv,수익비용구분명,계정코드관리.csv,수익비용구분코드,0.8,0,KK,1.0,,,0.0,0.61,0,nnnnnn,1.0,,,0.0,0.61,False
계정코드관리.csv,수익비용구분명,계정코드관리.csv,수익비용구분명,1.0,0,KK,1.0,,,0.0,0.61,0,KK,1.0,,,0.0,0.61,True
계정코드관리.csv,수익비용구분명,관리회계BI_계정.csv,수익비용구분코드,0.8,0,KK,1.0,,,0.0,0.61,0,nnnnnn,1.0,,,0.0,0.57,False
계정코드관리.csv,수익비용구분명,관리회계BI_계정.csv,수익비용구분명,1.0,0,KK,1.0,,,0.0,0.61,0,KK,1.0,,,0.0,0.57,False
계정코드관리.csv,상위계정과목코드,계정과목코드.csv,계정과목코드,0.8571,0,nnnnnn,1.0,,,0.0,1.52,1,nnnnnn,1.0,,UNIQUE,0.0,100.0,False
계정코드관리.csv,상위계정과목코드,계정과목코드.csv,상위계정과목코드,1.0,0,nnnnnn,1.0,,,0.0,1.52,0,nnnnnn,1.0,,,0.0,15.37,False
계정코드관리.csv,상위계정과목코드,계정코드관리.csv,상위계정과목코드,1.0,0,nnnnnn,1.0,,,0.0,1.52,0,nnnnnn,1.0,,,0.0,1.52,True
계정코드관리.csv,상위계정과목코드,계정코드관리.csv,상위계정과목명,0.8,0,nnnnnn,1.0,,,0.0,1.52,0,KKKK,2.0,,,0.0,1.52,False
계정코드관리.csv,상위계정과목코드,계정코드관리.csv,계정과목코드,0.8571,0,nnnnnn,1.0,,,0.0,1.52,0,nnnnnn,1.0,,,0.0,16.67,False
계정코드관리.csv,상위계정과목코드,계정코드관리.csv,하위계정과목코드,0.875,0,nnnnnn,1.0,,,0.0,1.52,1,nnnnnn,1.0,,UNIQUE,0.0,100.0,False
계정코드관리.csv,상위계정과목코드,관리회계BI_계정.csv,상위계정과목코드,1.0,0,nnnnnn,1.0,,,0.0,1.52,0,nnnnnn,1.0,,,0.0,5.75,False
계정코드관리.csv,상위계정과목코드,관리회계BI_계정.csv,상위계정과목명,0.8,0,nnnnnn,1.0,,,0.0,1.52,0,KKKK,4.0,,,0.0,5.46,False
계정코드관리.csv,상위계정과목코드,관리회계BI_계정.csv,계정과목코드,0.8571,0,nnnnnn,1.0,,,0.0,1.52,0,nnnnnn,1.0,,,0.0,20.11,False
계정코드관리.csv,상위계정과목코드,관리회계BI_계정.csv,하위계정과목코드,0.875,0,nnnnnn,1.0,,,0.0,1.52,0,nnnnnn,1.0,,YEARMONTH,0.0,100.0,False
계정코드관리.csv,상위계정과목명,계정과목코드.csv,계정과목명,0.8333,0,KKKK,2.0,,,0.0,1.52,0,KKKKK,52.0,계정과목,Text,0.0,95.61,False
계정코드관리.csv,상위계정과목명,계정과목코드.csv,상위계정과목코드,0.8,0,KKKK,2.0,,,0.0,1.52,0,nnnnnn,1.0,,,0.0,15.37,False
계정코드관리.csv,상위계정과목명,계정코드관리.csv,상위계정과목코드,0.8,0,KKKK,2.0,,,0.0,1.52,0,nnnnnn,1.0,,,0.0,1.52,False
계정코드관리.csv,상위계정과목명,계정코드관리.csv,상위계정과목명,1.0,0,KKKK,2.0,,,0.0,1.52,0,KKKK,2.0,,,0.0,1.52,True
계정코드관리.csv,상위계정과목명,계정코드관리.csv,계정과목명,0.8333,0,KKKK,2.0,,,0.0,1.52,0,KKKKK,9.0,계정과목,,0.0,16.67,False
계정코드관리.csv,상위계정과목명,계정코드관리.csv,하위계정과목명,0.8571,0,KKKK,2.0,,,0.0,1.52,0,KKKKK,50.0,계정과목,Text,0.0,100.0,False
계정코드관리.csv,상위계정과목명,관리회계BI_계정.csv,상위계정과목코드,0.8,0,KKKK,2.0,,,0.0,1.52,0,nnnnnn,1.0,,,0.0,5.75,False
계정코드관리.csv,상위계정과목명,관리회계BI_계정.csv,상위계정과목명,1.0,0,KKKK,2.0,,,0.0,1.52,0,KKKK,4.0,,,0.0,5.46,False
계정코드관리.csv,상위계정과목명,관리회계BI_계정.csv,계정과목명,0.8333,0,KKKK,2.0,,,0.0,1.52,0,KKKKK,9.0,계정과목,,0.0,18.97,False
계정코드관리.csv,상위계정과목명,관리회계BI_계정.csv,하위계정과목명,0.8571,0,KKKK,2.0,,,0.0,1.52,0,KKKKK,51.0,계정과목,Text,0.0,99.71,False
계정코드관리.csv,상위계정과목명,계정과목.csv,계정과목,0.7273,0,KKKK,2.0,,,0.0,1.52,0,KKKKK,51.0,,Text,0.0,100.0,False
계정코드관리.csv,계정과목코드,계정과목코드.csv,계정과목코드,1.0,0,nnnnnn,1.0,,,0.0,16.67,1,nnnnnn,1.0,,UNIQUE,0.0,100.0,False
계정코드관리.csv,계정과목코드,계정과목코드.csv,계정과목명,0.7273,0,nnnnnn,1.0,,,0.0,16.67,0,KKKKK,52.0,계정과목,Text,0.0,95.61,False
계정코드관리.csv,계정과목코드,계정과목코드.csv,상위계정과목코드,0.8571,0,nnnnnn,1.0,,,0.0,16.67,0,nnnnnn,1.0,,,0.0,15.37,False
계정코드관리.csv,계정과목코드,계정코드관리.csv,상위계정과목코드,0.8571,0,nnnnnn,1.0,,,0.0,16.67,0,nnnnnn,1.0,,,0.0,1.52,False
계정코드관리.csv,계정과목코드,계정코드관리.csv,계정과목코드,1.0,0,nnnnnn,1.0,,,0.0,16.67,0,nnnnnn,1.0,,,0.0,16.67,True
계정코드관리.csv,계정과목코드,계정코드관리.csv,계정과목명,0.7273,0,nnnnnn,1.0,,,0.0,16.67,0,KKKKK,9.0,계정과목,,0.0,16.67,False
계정코드관리.csv,계정과목코드,계정코드관리.csv,하위계정과목코드,0.8571,0,nnnnnn,1.0,,,0.0,16.67,1,nnnnnn,1.0,,UNIQUE,0.0,100.0,False
계정코드관리.csv,계정과목코드,관리회계BI_계정.csv,상위계정과목코드,0.8571,0,nnnnnn,1.0,,,0.0,16.67,0,nnnnnn,1.0,,,0.0,5.75,False
계정코드관리.csv,계정과목코드,관리회계BI_계정.csv,계정과목코드,1.0,0,nnnnnn,1.0,,,0.0,16.67,0,nnnnnn,1.0,,,0.0,20.11,False
계정코드관리.csv,계정과목코드,관리회계BI_계정.csv,계정과목명,0.7273,0,nnnnnn,1.0,,,0.0,16.67,0,KKKKK,9.0,계정과목,,0.0,18.97,False
계정코드관리.csv,계정과목코드,관리회계BI_계정.csv,하위계정과목코드,0.8571,0,nnnnnn,1.0,,,0.0,16.67,0,nnnnnn,1.0,,YEARMONTH,0.0,100.0,False
계정코드관리.csv,계정과목코드,관리회계_계정그룹상세.csv,계정코드,0.8,0,nnnnnn,1.0,,,0.0,16.67,1,nnnnnn,1.0,,UNIQUE,0.0,100.0,False
계정코드관리.csv,계정과목코드,사업구분.csv,계정코드,0.8,0,nnnnnn,1.0,,,0.0,16.67,0,nnnnnn,2.0,,,25.49,54.89,False
계정코드관리.csv,계정과목코드,계정과목.csv,계정과목,0.8,0,nnnnnn,1.0,,,0.0,16.67,0,KKKKK,51.0,,Text,0.0,100.0,False
계정코드관리.csv,계정과목명,계정과목코드.csv,계정과목코드,0.7273,0,KKKKK,9.0,계정과목,,0.0,16.67,1,nnnnnn,1.0,,UNIQUE,0.0,100.0,False
계정코드관리.csv,계정과목명,계정과목코드.csv,계정과목명,1.0,0,KKKKK,9.0,계정과목,,0.0,16.67,0,KKKKK,52.0,계정과목,Text,0.0,95.61,False
계정코드관리.csv,계정과목명,계정코드관리.csv,상위계정과목명,0.8333,0,KKKKK,9.0,계정과목,,0.0,16.67,0,KKKK,2.0,,,0.0,1.52,False
계정코드관리.csv,계정과목명,계정코드관리.csv,계정과목코드,0.7273,0,KKKKK,9.0,계정과목,,0.0,16.67,0,nnnnnn,1.0,,,0.0,16.67,False
계정코드관리.csv,계정과목명,계정코드관리.csv,계정과목명,1.0,0,KKKKK,9.0,계정과목,,0.0,16.67,0,KKKKK,9.0,계정과목,,0.0,16.67,True
계정코드관리.csv,계정과목명,계정코드관리.csv,하위계정과목명,0.8333,0,KKKKK,9.0,계정과목,,0.0,16.67,0,KKKKK,50.0,계정과목,Text,0.0,100.0,False
계정코드관리.csv,계정과목명,관리회계BI_계정.csv,상위계정과목명,0.8333,0,KKKKK,9.0,계정과목,,0.0,16.67,0,KKKK,4.0,,,0.0,5.46,False
계정코드관리.csv,계정과목명,관리회계BI_계정.csv,계정과목코드,0.7273,0,KKKKK,9.0,계정과목,,0.0,16.67,0,nnnnnn,1.0,,,0.0,20.11,False
계정코드관리.csv,계정과목명,관리회계BI_계정.csv,계정과목명,1.0,0,KKKKK,9.0,계정과목,,0.0,16.67,0,KKKKK,9.0,계정과목,,0.0,18.97,False
계정코드관리.csv,계정과목명,관리회계BI_계정.csv,하위계정과목명,0.8333,0,KKKKK,9.0,계정과목,,0.0,16.67,0,KKKKK,51.0,계정과목,Text,0.0,99.71,False
계정코드관리.csv,계정과목명,관리회계계정.csv,계정명,0.75,0,KKKKK,9.0,계정과목,,0.0,16.67,0,KKKKK,52.0,계정과목,Text,0.0,95.61,False
계정코드관리.csv,계정과목명,계정과목.csv,계정과목,0.8889,0,KKKKK,9.0,계정과목,,0.0,16.67,0,KKKKK,51.0,,Text,0.0,100.0,False
계정코드관리.csv,하위계정과목코드,계정과목코드.csv,계정과목코드,0.8571,1,nnnnnn,1.0,,UNIQUE,0.0,100.0,1,nnnnnn,1.0,,UNIQUE,0.0,100.0,False
계정코드관리.csv,하위계정과목코드,계정과목코드.csv,상위계정과목코드,0.875,1,nnnnnn,1.0,,UNIQUE,0.0,100.0,0,nnnnnn,1.0,,,0.0,15.37,False
계정코드관리.csv,하위계정과목코드,계정코드관리.csv,상위계정과목코드,0.875,1,nnnnnn,1.0,,UNIQUE,0.0,100.0,0,nnnnnn,1.0,,,0.0,1.52,False
계정코드관리.csv,하위계정과목코드,계정코드관리.csv,계정과목코드,0.8571,1,nnnnnn,1.0,,UNIQUE,0.0,100.0,0,nnnnnn,1.0,,,0.0,16.67,False
계정코드관리.csv,하위계정과목코드,계정코드관리.csv,하위계정과목코드,1.0,1,nnnnnn,1.0,,UNIQUE,0.0,100.0,1,nnnnnn,1.0,,UNIQUE,0.0,100.0,True
계정코드관리.csv,하위계정과목코드,계정코드관리.csv,하위계정과목명,0.8,1,nnnnnn,1.0,,UNIQUE,0.0,100.0,0,KKKKK,50.0,계정과목,Text,0.0,100.0,False
계정코드관리.csv,하위계정과목코드,관리회계BI_계정.csv,상위계정과목코드,0.875,1,nnnnnn,1.0,,UNIQUE,0.0,100.0,0,nnnnnn,1.0,,,0.0,5.75,False
계정코드관리.csv,하위계정과목코드,관리회계BI_계정.csv,계정과목코드,0.8571,1,nnnnnn,1.0,,UNIQUE,0.0,100.0,0,nnnnnn,1.0,,,0.0,20.11,False
계정코드관리.csv,하위계정과목코드,관리회계BI_계정.csv,하위계정과목코드,1.0,1,nnnnnn,1.0,,UNIQUE,0.0,100.0,0,nnnnnn,1.0,,YEARMONTH,0.0,100.0,False
계정코드관리.csv,하위계정과목코드,관리회계BI_계정.csv,하위계정과목명,0.8,1,nnnnnn,1.0,,UNIQUE,0.0,100.0,0,KKKKK,51.0,계정과목,Text,0.0,99.71,False
계정코드관리.csv,하위계정과목명,계정과목코드.csv,계정과목명,0.8333,0,KKKKK,50.0,계정과목,Text,0.0,100.0,0,KKKKK,52.0,계정과목,Text,0.0,95.61,False
계정코드관리.csv,하위계정과목명,계정코드관리.csv,상위계정과목명,0.8571,0,KKKKK,50.0,계정과목,Text,0.0,100.0,0,KKKK,2.0,,,0.0,1.52,False
계정코드관리.csv,하위계정과목명,계정코드관리.csv,계정과목명,0.8333,0,KKKKK,50.0,계정과목,Text,0.0,100.0,0,KKKKK,9.0,계정과목,,0.0,16.67,False
계정코드관리.csv,하위계정과목명,계정코드관리.csv,하위계정과목코드,0.8,0,KKKKK,50.0,계정과목,Text,0.0,100.0,1,nnnnnn,1.0,,UNIQUE,0.0,100.0,False
계정코드관리.csv,하위계정과목명,계정코드관리.csv,하위계정과목명,1.0,0,KKKKK,50.0,계정과목,Text,0.0,100.0,0,KKKKK,50.0,계정과목,Text,0.0,100.0,True
계정코드관리.csv,하위계정과목명,관리회계BI_계정.csv,상위계정과목명,0.8571,0,KKKKK,50.0,계정과목,Text,0.0,100.0,0,KKKK,4.0,,,0.0,5.46,False
계정코드관리.csv,하위계정과목명,관리회계BI_계정.csv,계정과목명,0.8333,0,KKKKK,50.0,계정과목,Text,0.0,100.0,0,KKKKK,9.0,계정과목,,0.0,18.97,False
계정코드관리.csv,하위계정과목명,관리회계BI_계정.csv,하위계정과목코드,0.8,0,KKKKK,50.0,계정과목,Text,0.0,100.0,0,nnnnnn,1.0,,YEARMONTH,0.0,100.0,False
계정코드관리.csv,하위계정과목명,관리회계BI_계정.csv,하위계정과목명,1.0,0,KKKKK,50.0,계정과목,Text,0.0,100.0,0,KKKKK,51.0,계정과목,Text,0.0,99.71,False
계정코드관리.csv,하위계정과목명,계정과목.csv,계정과목,0.7273,0,KKKKK,50.0,계정과목,Text,0.0,100.0,0,KKKKK,51.0,,Text,0.0,100.0,False
계정코드관리.csv,정렬순서,계정코드관리.csv,정렬순서,1.0,1,nnnn,3.0,,UNIQUE,0.0,100.0,1,nnnn,3.0,,UNIQUE,0.0,100.0,True
계정코드관리.csv,정렬순서,관리회계_계정그룹.csv,정렬순서,1.0,1,nnnn,3.0,,UNIQUE,0.0,100.0,0,nn,1.0,,,0.0,100.0,False
계정코드관리.csv,정렬순서,관리회계_계정그룹상세.csv,정렬순서,1.0,1,nnnn,3.0,,UNIQUE,0.0,100.0,1,nnn,2.0,,UNIQUE,1.08,100.0,False
계정코드관리.csv,정렬순서,관리회계_공통코드.csv,정렬순서,1.0,1,nnnn,3.0,,UNIQUE,0.0,100.0,0,nn,3.0,,,5.26,25.0,False
계정코드관리.csv,정렬순서,관리회계_사업.csv,정렬순서,1.0,1,nnnn,3.0,,UNIQUE,0.0,100.0,1,nnnn,3.0,,UNIQUE,0.0,100.0,False
계정코드관리.csv,정렬순서,관리회계_조직.csv,정렬순서,1.0,1,nnnn,3.0,,UNIQUE,0.0,100.0,1,nnnn,3.0,,UNIQUE,0.0,100.0,False
계정코드관리.csv,정렬순서,관리회계_조직_test.csv,정렬순서,1.0,1,nnnn,3.0,,UNIQUE,0.0,100.0,0,nnnn,2.0,,,33.33,37.5,False
계정코드관리.csv,정렬순서,관리회계_조직그룹.csv,정렬순서,1.0,1,nnnn,3.0,,UNIQUE,0.0,100.0,0,nn,2.0,,,0.0,100.0,False
계정코드관리.csv,정렬순서,관리회계_조직그룹상세.csv,정렬순서,1.0,1,nnnn,3.0,,UNIQUE,0.0,100.0,1,nnnn,3.0,,UNIQUE,0.0,100.0,False
계정코드관리.csv,정렬순서,관리회계계정.csv,정렬순서,1.0,1,nnnn,3.0,,UNIQUE,0.0,100.0,1,nnnn,3.0,,UNIQUE,0.0,100.0,False
계정코드관리.csv,정렬순서,사업코드관리.csv,정렬순서,1.0,1,nnnn,3.0,,UNIQUE,0.0,100.0,1,nnnn,3.0,,UNIQUE,0.0,100.0,False
계정코드관리.csv,정렬순서,조직코드관리.csv,정렬순서,1.0,1,nnnn,3.0,,UNIQUE,0.0,100.0,1,nnnn,3.0,,UNIQUE,0.0,100.0,False
계정코드관리.csv,정렬순서,택배_조직도.csv,정렬순서,1.0,1,nnnn,3.0,,UNIQUE,0.0,100.0,0,n,2.0,,,97.84,15.66,False
계정코드관리.csv,최초생성자ID,계약마스터.csv,최초생성자ID,1.0,0,aaaaa,1.0,,SINGLE VALUE,0.0,0.3,0,aaa,1.0,,SINGLE VALUE,0.0,0.01,False
계정코드관리.csv,최초생성자ID,계정과목코드.csv,최초생성자ID,1.0,0,aaaaa,1.0,,SINGLE VALUE,0.0,0.3,0,aaaaa,1.0,,SINGLE VALUE,0.0,0.24,False
계정코드관리.csv,최초생성자ID,계정코드관리.csv,최초생성자ID,1.0,0,aaaaa,1.0,,SINGLE VALUE,0.0,0.3,0,aaaaa,1.0,,SINGLE VALUE,0.0,0.3,True
계정코드관리.csv,최초생성자ID,관리회계BI_계정.csv,최초생성자ID,1.0,0,aaaaa,1.0,,SINGLE VALUE,0.0,0.3,0,aaaaa,1.0,,SINGLE VALUE,0.0,0.29,False
계정코드관리.csv,최초생성자ID,관리회계BI_사업.csv,최초생성자ID,1.0,0,aaaaa,1.0,,SINGLE VALUE,0.0,0.3,0,aaaaa,1.0,,SINGLE VALUE,0.0,0.48,False
계정코드관리.csv,최초생성자ID,관리회계BI_조직.csv,최초생성자ID,1.0,0,aaaaa,1.0,,SINGLE VALUE,0.0,0.3,0,aaaaa,1.0,,SINGLE VALUE,0.0,0.24,False
계정코드관리.csv,최초생성자ID,관리회계_계정그룹.csv,최초생성자ID,1.0,0,aaaaa,1.0,,SINGLE VALUE,0.0,0.3,0,aaaaa,2.0,,,0.0,66.67,False
계정코드관리.csv,최초생성자ID,관리회계_계정그룹상세.csv,최초생성자ID,1.0,0,aaaaa,1.0,,SINGLE VALUE,0.0,0.3,0,aaaaa,1.0,,,0.0,2.15,False
계정코드관리.csv,최초생성자ID,관리회계_고객.csv,최초생성자ID,1.0,0,aaaaa,1.0,,SINGLE VALUE,0.0,0.3,0,AAAAA,5.0,,,0.13,0.08,False
계정코드관리.csv,최초생성자ID,관리회계_공통코드.csv,최초생성자ID,1.0,0,aaaaa,1.0,,SINGLE VALUE,0.0,0.3,0,aaaaaa,2.0,,,52.63,5.56,False
계정코드관리.csv,최초생성자ID,관리회계_분류공통코드.csv,최초생성자ID,1.0,0,aaaaa,1.0,,SINGLE VALUE,0.0,0.3,0,aaaaaa,3.0,,,50.0,23.08,False
계정코드관리.csv,최초생성자ID,관리회계_사업.csv,최초생성자ID,1.0,0,aaaaa,1.0,,SINGLE VALUE,0.0,0.3,0,aaaaa,1.0,,SINGLE VALUE,0.0,0.24,False
계정코드관리.csv,최초생성자ID,관리회계_조직.csv,최초생성자ID,1.0,0,aaaaa,1.0,,SINGLE VALUE,0.0,0.3,0,aaaaa,1.0,,SINGLE VALUE,0.0,0.24,False
계정코드관리.csv,최초생성자ID,관리회계_조직_test.csv,최초생성자ID,1.0,0,aaaaa,1.0,,SINGLE VALUE,0.0,0.3,0,aaaaa,1.0,,,33.33,12.5,False
계정코드관리.csv,최초생성자ID,관리회계_조직그룹.csv,최초생성자ID,1.0,0,aaaaa,1.0,,SINGLE VALUE,0.0,0.3,0,aaaaa,1.0,,,0.0,10.0,False
계정코드관리.csv,최초생성자ID,관리회계_조직그룹상세.csv,최초생성자ID,1.0,0,aaaaa,1.0,,SINGLE VALUE,0.0,0.3,0,aaaaa,1.0,,SINGLE VALUE,0.0,0.29,False
계정코드관리.csv,최초생성자ID,관리회계계정.csv,최초생성자ID,1.0,0,aaaaa,1.0,,SINGLE VALUE,0.0,0.3,0,aaaaa,1.0,,SINGLE VALUE,0.0,0.24,False
계정코드관리.csv,최초생성자ID,법인정보.csv,최초생성자ID,1.0,0,aaaaa,1.0,,SINGLE VALUE,0.0,0.3,0,AAAAA,5.0,,,0.0,0.08,False
계정코드관리.csv,최초생성자ID,사업코드관리.csv,최초생성자ID,1.0,0,aaaaa,1.0,,SINGLE VALUE,0.0,0.3,0,aaaaa,1.0,,SINGLE VALUE,0.0,0.29,False
계정코드관리.csv,최초생성자ID,원가인명정보.csv,최초생성자ID,1.0,0,aaaaa,1.0,,SINGLE VALUE,0.0,0.3,0,aaaaa,3.0,,,6.02,0.04,False
고객마스터.csv,고객번호,CUSTOMER.csv,고객번호,1.0,1,nnnnnnnnnn,1.0,유효사업자번호3,UNIQUE,0.0,100.0,1,nnnnnnn,2.0,,UNIQUE,0.0,100.0,False
고객마스터.csv,고객번호,개인고객.csv,개인고객번호,0.8,1,nnnnnnnnnn,1.0,유효사업자번호3,UNIQUE,0.0,100.0,1,Annnnnn,3.0,,UNIQUE,0.0,100.0,False
고객마스터.csv,고객번호,고객마스터.csv,고객번호,1.0,1,nnnnnnnnnn,1.0,유효사업자번호3,UNIQUE,0.0,100.0,1,nnnnnnnnnn,1.0,유효사업자번호3,UNIQUE,0.0,100.0,True
고객마스터.csv,고객번호,기업고객.csv,기업고객번호,0.8,1,nnnnnnnnnn,1.0,유효사업자번호3,UNIQUE,0.0,100.0,0,nnnnnnn,6.0,,TEL,0.0,100.0,False
고객마스터.csv,고객번호,수입관리_고객.csv,고객번호,1.0,1,nnnnnnnnnn,1.0,유효사업자번호3,UNIQUE,0.0,100.0,1,nnnnnnnnnn,1.0,유효사업자번호3,UNIQUE,0.0,100.0,False
고객마스터.csv,고객번호,택배_고객.csv,고객번호,1.0,1,nnnnnnnnnn,1.0,유효사업자번호3,UNIQUE,0.0,100.0,1,nnnnnnn,1.0,,UNIQUE,0.0,100.0,False
고객마스터.csv,고객명,CUSTOMER.csv,고객명,1.0,0,KKKK,494.0,,Text,0.01,98.63,0,KKK,724.0,,Text,0.32,92.27,False
고객마스터.csv,고객명,CUSTOMER.csv,영문고객명,0.75,0,KKKK,494.0,,Text,0.01,98.63,0,A,180.0,,,97.23,97.11,False
고객마스터.csv,고객명,OneClick고객.csv,고객명,1.0,0,KKKK,494.0,,Text,0.01,98.63,0,KKK,347.0,,Text,0.0,85.83,False
고객마스터.csv,고객명,개인고객.csv,고객명,1.0,0,KKKK,494.0,,Text,0.01,98.63,0,KKK,37.0,,Text,0.26,91.75,False
고객마스터.csv,고객명,개인고객.csv,영문고객명,0.75,0,KKKK,494.0,,Text,0.01,98.63,0,AAAAAAAA AAAAAAA AAA,6.0,,,99.74,100.0,False
고객마스터.csv,고객명,계약마스터.csv,고객명,1.0,0,KKKK,494.0,,Text,0.01,98.63,0,KKKK,375.0,,Text,0.0,78.27,False
고객마스터.csv,고객명,고객마스터.csv,고객명,1.0,0,KKKK,494.0,,Text,0.01,98.63,0,KKKK,494.0,,Text,0.01,98.63,True
고객마스터.csv,고객명,고객유형.csv,고객유형명,0.75,0,KKKK,494.0,,Text,0.01,98.63,0,aAAAAA,4.0,,,0.0,100.0,False
고객마스터.csv,고객명,관리회계_고객.csv,고객명,1.0,0,KKKK,494.0,,Text,0.01,98.63,0,KKKK,730.0,,Text,0.0,100.0,False
고객마스터.csv,고객명,기업고객.csv,기업고객명,0.75,0,KKKK,494.0,,Text,0.01,98.63,0,KKKK,681.0,,Text,0.05,92.53,False
고객마스터.csv,고객명,기업고객.csv,영문고객명,0.75,0,KKKK,494.0,,Text,0.01,98.63,0,A,176.0,,,96.33,97.05,False
고객마스터.csv,고객명,사업자등록번호정보.csv,고객명,1.0,0,KKKK,494.0,,Text,0.01,98.63,0,KKKK,913.0,,Text,0.0,98.37,False
고객마스터.csv,고객명,수입관리_고객.csv,고객명,1.0,0,KKKK,494.0,,Text,0.01,98.63,0,KKKK,812.0,,Text,0.0,97.88,False
고객마스터.csv,고객명,택배_고객.csv,한글고객명,0.75,0,KKKK,494.0,,Text,0.01,98.63,0,KKKK,799.0,,Text,0.55,89.93,False
고객마스터.csv,고객명,택배_고객.csv,영문고객명,0.75,0,KKKK,494.0,,Text,0.01,98.63,0,A,312.0,,,94.3,92.11,False
고객마스터.csv,고객구분코드,OneClick고객.csv,고객구분코드,1.0,0,AAAAAAA,2.0,,,0.0,0.02,0,AAAAAAAA,1.0,,SINGLE VALUE,0.0,0.01,False
고객마스터.csv,고객구분코드,고객마스터.csv,고객구분코드,1.0,0,AAAAAAA,2.0,,,0.0,0.02,0,AAAAAAA,2.0,,,0.0,0.02,True
고객마스터.csv,사업자등록번호,CUSTOMER.csv,주민_사업자등록번호,0.8235,0,nnn-nn-nnnnn,3.0,,,0.0,92.76,0,nnnnnnnnnn,3.0,유효사업자번호3,,2.84,92.58,False
고객마스터.csv,사업자등록번호,OneClick고객.csv,사업자등록번호,1.0,0,nnn-nn-nnnnn,3.0,,,0.0,92.76,0,nnn-nn-nnnnn,2.0,,,0.0,90.72,False
고객마스터.csv,사업자등록번호,ORGNIZATION.csv,사업자등록번호,1.0,0,nnn-nn-nnnnn,3.0,,,0.0,92.76,0,nnnnnnnnnn,1.0,유효사업자번호3,,49.82,75.01,False
고객마스터.csv,사업자등록번호,PRM계약.csv,사업자번호,0.8333,0,nnn-nn-nnnnn,3.0,,,0.0,92.76,0,nnnnnnnnnn,1.0,유효사업자번호3,,0.0,35.16,False
고객마스터.csv,사업자등록번호,간선사업자.csv,사업자번호,0.8333,0,nnn-nn-nnnnn,3.0,,,0.0,92.76,1,nnn-nn-nnnnn,2.0,,UNIQUE,0.0,100.0,False
고객마스터.csv,사업자등록번호,개인고객.csv,사업자등록번호,1.0,0,nnn-nn-nnnnn,3.0,,,0.0,92.76,1,nnnnnnnnnn,2.0,유효사업자번호3,UNIQUE,11.49,100.0,False
고객마스터.csv,사업자등록번호,계약마스터.csv,사업자번호,0.8333,0,nnn-nn-nnnnn,3.0,,,0.0,92.76,0,nnnnnnnnnn,1.0,유효사업자번호3,,0.0,78.54,False
고객마스터.csv,사업자등록번호,고객마스터.csv,사업자등록번호,1.0,0,nnn-nn-nnnnn,3.0,,,0.0,92.76,0,nnn-nn-nnnnn,3.0,,,0.0,92.76,True
고객마스터.csv,사업자등록번호,관리회계_고객.csv,사업자등록번호,1.0,0,nnn-nn-nnnnn,3.0,,,0.0,92.76,1,nnnnnnnnnn,10.0,유효사업자번호3,UNIQUE,0.0,100.0,False
고객마스터.csv,사업자등록번호,기업고객.csv,기업사업자등록번호,0.875,0,nnn-nn-nnnnn,3.0,,,0.0,92.76,0,nnnnnnnnnn,3.0,유효사업자번호3,,0.01,90.95,False
고객마스터.csv,사업자등록번호,배송점.csv,사업자등록번호,1.0,0,nnn-nn-nnnnn,3.0,,,0.0,92.76,0,nnnnnnnnnn,1.0,유효사업자번호3,,33.32,80.85,False
고객마스터.csv,사업자등록번호,사업자등록번호정보.csv,사업자등록번호,1.0,0,nnn-nn-nnnnn,3.0,,,0.0,92.76,1,nnnnnnnnnn,11.0,유효사업자번호3,UNIQUE,0.0,100.0,False
고객마스터.csv,사업자등록번호,서브터미널.csv,사업자등록번호,1.0,0,nnn-nn-nnnnn,3.0,,,0.0,92.76,0,nnnnnnnnnn,1.0,,,99.99,100.0,False
고객마스터.csv,사업자등록번호,수입관리점소.csv,사업자번호,0.8333,0,nnn-nn-nnnnn,3.0,,,0.0,92.76,0,nnnnnnnnnn,1.0,유효사업자번호3,,0.0,12.57,False
고객마스터.csv,사업자등록번호,영업소.csv,사업자등록번호,1.0,0,nnn-nn-nnnnn,3.0,,,0.0,92.76,0,nnnnnnnnnn,1.0,유효사업자번호3,,0.0,52.05,False
고객마스터.csv,사업자등록번호,택배_고객.csv,주민_사업자등록번호,0.8235,0,nnn-nn-nnnnn,3.0,,,0.0,92.76,0,nnnnnnnnnn,2.0,유효사업자번호3,,0.58,89.94,False
고객마스터.csv,사업자등록번호,택배_고객.csv,사업자등록우편번호,0.875,0,nnn-nn-nnnnn,3.0,,,0.0,92.76,0,nnnnnn,2.0,우편번호구3,,2.04,32.74,False
고객마스터.csv,사업자등록번호,택배_조직도.csv,사업자등록번호,1.0,0,nnn-nn-nnnnn,3.0,,,0.0,92.76,0,nnnnnnnnnn,1.0,유효사업자번호3,,49.82,75.01,False
고객마스터.csv,사업자등록번호,사업자등록번호5.csv,사업자등록번호5,0.9333,0,nnn-nn-nnnnn,3.0,,,0.0,92.76,1,nnnnnnnnnn,1.0,,UNIQUE,0.0,100.0,False
고객마스터.csv,사업자등록번호,사업자등록번호7.csv,사업자등록번호7,0.9333,0,nnn-nn-nnnnn,3.0,,,0.0,92.76,1,nnn-nn-nnnnn,1.0,,UNIQUE,0.0,100.0,False
고객마스터.csv,법인등록번호,CUSTOMER.csv,법인번호,0.8,0,n.nnnnnAsnn,2.0,,,94.85,21.75,0,nnnnnnnnnnnnn,1.0,법인번호7,,87.03,11.72,False
고객마스터.csv,법인등록번호,OneClick고객.csv,법인등록번호,1.0,0,n.nnnnnAsnn,2.0,,,94.85,21.75,0,n.nnnnnAsnn,3.0,,,98.78,33.61,False
고객마스터.csv,법인등록번호,고객마스터.csv,법인등록번호,1.0,0,n.nnnnnAsnn,2.0,,,94.85,21.75,0,n.nnnnnAsnn,2.0,,,94.85,21.75,True
고객마스터.csv,법인등록번호,관리회계_고객.csv,법인번호,0.8,0,n.nnnnnAsnn,2.0,,,94.85,21.75,0,nnnnnnnnnnnnn,3.0,법인번호7,,73.56,10.7,False
고객마스터.csv,법인등록번호,법인정보.csv,법인번호,0.8,0,n.nnnnnAsnn,2.0,,,94.85,21.75,1,nnnnnnnnnnnnn,4.0,법인번호7,UNIQUE,0.0,100.0,False
고객마스터.csv,법인등록번호,사업자등록번호정보.csv,법인번호,0.8,0,n.nnnnnAsnn,2.0,,,94.85,21.75,0,nnnnnnnnnnnnn,2.0,법인번호7,,72.02,93.42,False
고객마스터.csv,법인등록번호,수입관리_고객.csv,법인번호,0.8,0,n.nnnnnAsnn,2.0,,,94.85,21.75,0,n.nnnnnAsnn,4.0,,,84.0,13.31,False
고객마스터.csv,법인등록번호,법인번호7.csv,법인번호7,0.7273,0,n.nnnnnAsnn,2.0,,,94.85,21.75,1,nnnnnnnnnnnnn,1.0,,UNIQUE,0.0,100.0,False
고객마스터.csv,업태,OneClick고객.csv,업태,1.0,0,KKK,118.0,,Text,61.76,12.76,0,KKK,144.0,,Text,77.03,19.76,False
고객마스터.csv,업태,PRM계약.csv,업태,1.0,0,KKK,118.0,,Text,61.76,12.76,0,KKK,72.0,,Text,0.0,5.33,False
고객마스터.csv,업태,고객마스터.csv,업태,1.0,0,KKK,118.0,,Text,61.76,12.76,0,KKK,118.0,,Text,61.76,12.76,True
고객마스터.csv,업태,영업소.csv,업태,1.0,0,KKK,118.0,,Text,61.76,12.76,0,KKK,20.0,,,1.37,18.06,False
고객마스터.csv,업종명,OneClick고객.csv,업종명,1.0,0,KK,464.0,,Text,6.03,24.72,0,KK,900.0,,Text,0.02,37.86,False
고객마스터.csv,업종명,PRM계약.csv,업종,0.8,0,KK,464.0,,Text,6.03,24.72,0,KKK,122.0,업종명2,Text,0.0,9.49,False
고객마스터.csv,업종명,고객마스터.csv,업종명,1.0,0,KK,464.0,,Text,6.03,24.72,0,KK,464.0,,Text,6.03,24.72,True
고객마스터.csv,업종명,영업소.csv,업종,0.8,0,KK,464.0,,Text,6.03,24.72,0,KK,23.0,,Text,0.0,26.71,False
고객마스터.csv,업종명,업종.csv,업종,0.8,0,KK,464.0,,Text,6.03,24.72,0,KK KKK,447.0,,Text,0.0,100.0,False
고객마스터.csv,업종명,업종명2.csv,업종명2,0.8571,0,KK,464.0,,Text,6.03,24.72,1,KK,20.0,,UNIQUE,0.0,100.0,False
고객마스터.csv,주소,CUSTOMER.csv,주소,1.0,0,KKKK KKK KKK KKK nnn,834.0,,ADDRESS,83.91,98.32,0,nnn-n,3079.0,,,8.32,84.5,False
고객마스터.csv,주소,개인고객.csv,주소,1.0,0,KKKK KKK KKK KKK nnn,834.0,,ADDRESS,83.91,98.32,0,nnnK,905.0,,,0.62,87.64,False
고객마스터.csv,주소,고객마스터.csv,주소,1.0,0,KKKK KKK KKK KKK nnn,834.0,,ADDRESS,83.91,98.32,0,KKKK KKK KKK KKK nnn,834.0,,ADDRESS,83.91,98.32,True
고객마스터.csv,주소,기업고객.csv,주소,1.0,0,KKKK KKK KKK KKK nnn,834.0,,ADDRESS,83.91,98.32,0,nnn-n,2280.0,,,6.52,83.88,False
고객마스터.csv,주소,사원마스터.csv,주소,1.0,0,KKKK KKK KKK KKK nnn,834.0,,ADDRESS,83.91,98.32,0,KK KK KK,334.0,,ADDRESS,82.37,66.65,False
고객마스터.csv,주소,수입관리_고객.csv,주소,1.0,0,KKKK KKK KKK KKK nnn,834.0,,ADDRESS,83.91,98.32,0,nnn,2551.0,,,0.12,87.93,False
고객마스터.csv,주소,영업소.csv,주소,1.0,0,KKKK KKK KKK KKK nnn,834.0,,ADDRESS,83.91,98.32,0,KK KKK KKK KKK KKK A,67.0,,ADDRESS,8.22,75.37,False
고객마스터.csv,상세주소,OneClick고객.csv,사업상세주소,0.8,0,nK,452.0,,,90.95,88.29,0,nnnK,2750.0,,,12.28,84.04,False
고객마스터.csv,상세주소,ORGNIZATION.csv,상세주소,1.0,0,nK,452.0,,,90.95,88.29,0,nnn-n,539.0,,,30.03,58.72,False
고객마스터.csv,상세주소,고객마스터.csv,상세주소,1.0,0,nK,452.0,,,90.95,88.29,0,nK,452.0,,,90.95,88.29,True
고객마스터.csv,상세주소,배송점.csv,상세주소,1.0,0,nK,452.0,,,90.95,88.29,0,nnn-n,424.0,,,25.38,64.67,False
고객마스터.csv,상세주소,택배_조직도.csv,상세주소,1.0,0,nK,452.0,,,90.95,88.29,0,nnn-n,541.0,,,30.03,58.76,False
고객마스터.csv,우편번호,CUSTOMER.csv,우편번호,1.0,0,nnnnn,2.0,우편번호3,,90.06,92.56,0,nnnnnn,3.0,우편번호3,,28.48,44.99,False
고객마스터.csv,우편번호,CUSTOMER.csv,청구지우편번호,0.7273,0,nnnnn,2.0,우편번호3,,90.06,92.56,0,nnnnnn,2.0,우편번호3,,23.33,47.14,False
고객마스터.csv,우편번호,CUSTOMER.csv,집하지우편번호,0.7273,0,nnnnn,2.0,우편번호3,,90.06,92.56,0,nnnnnn,3.0,우편번호3,,1.58,64.41,False
고객마스터.csv,우편번호,OneClick고객.csv,사업우편번호,0.8,0,nnnnn,2.0,우편번호3,,90.06,92.56,0,nnnnn,2.0,우편번호3,,78.43,86.28,False
고객마스터.csv,우편번호,ORGNIZATION.csv,우편번호,1.0,0,nnnnn,2.0,우편번호3,,90.06,92.56,0,nnnnnn,2.0,우편번호3,,9.25,44.44,False
고객마스터.csv,우편번호,개인고객.csv,우편번호,1.0,0,nnnnn,2.0,우편번호3,,90.06,92.56,0,nnnnnn,3.0,,,99.87,100.0,False
고객마스터.csv,우편번호,개인고객.csv,집하지우편번호,0.7273,0,nnnnn,2.0,우편번호3,,90.06,92.56,0,nnnnn,3.0,우편번호3,,0.22,89.94,False
고객마스터.csv,우편번호,고객마스터.csv,우편번호,1.0,0,nnnnn,2.0,우편번호3,,90.06,92.56,0,nnnnn,2.0,우편번호3,,90.06,92.56,True
고객마스터.csv,우편번호,기업고객.csv,기업우편번호,0.8,0,nnnnn,2.0,우편번호3,,90.06,92.56,0,nnnnnn,4.0,,,3.29,44.97,False
고객마스터.csv,우편번호,기업고객.csv,청구지우편번호,0.7273,0,nnnnn,2.0,우편번호3,,90.06,92.56,0,nnnnnn,3.0,,,0.57,45.82,False
고객마스터.csv,우편번호,기업고객.csv,집하지우편번호,0.7273,0,nnnnn,2.0,우편번호3,,90.06,92.56,0,nnnnnn,3.0,우편번호3,,1.81,58.49,False
고객마스터.csv,우편번호,배송점.csv,우편번호,1.0,0,nnnnn,2.0,우편번호3,,90.06,92.56,0,nnnnnn,2.0,우편번호3,,6.88,56.92,False
고객마스터.csv,우편번호,서브터미널.csv,우편번호,1.0,0,nnnnn,2.0,우편번호3,,90.06,92.56,0,nnnnn,1.0,,,99.99,100.0,False
고객마스터.csv,우편번호,영업소.csv,우편번호,1.0,0,nnnnn,2.0,우편번호3,,90.06,92.56,0,nnnnnn,1.0,우편번호구3,,0.0,50.68,False
고객마스터.csv,우편번호,택배_고객.csv,집하지우편번호,0.7273,0,nnnnn,2.0,우편번호3,,90.06,92.56,0,nnnnnn,2.0,우편번호구3,,2.61,40.58,False
고객마스터.csv,우편번호,택배_조직도.csv,우편번호,1.0,0,nnnnn,2.0,우편번호3,,90.06,92.56,0,nnnnnn,2.0,우편번호3,,9.25,44.44,False
고객마스터.csv,우편번호,우편번호3.csv,우편번호3,0.8889,0,nnnnn,2.0,우편번호3,,90.06,92.56,1,nnnnn,1.0,,UNIQUE,0.0,100.0,False
고객마스터.csv,우편번호,우편번호구3.csv,우편번호구3,0.8,0,nnnnn,2.0,우편번호3,,90.06,92.56,1,nnnnnn,2.0,,UNIQUE,0.0,100.0,False
고객마스터.csv,거래중지사유,고객마스터.csv,거래중지사유,1.0,0,KK,5.0,,,98.01,4.52,0,KK,5.0,,,98.01,4.52,True
고객마스터.csv,SFDC고객ID,OneClick고객.csv,SFDC고객ID,1.0,1,nnnnnnnnnnAaaAAAAA,438.0,,UNIQUE,5.85,100.0,1,AAnnnnnnnnnnnnn,168.0,,UNIQUE,76.53,100.0,False
고객마스터.csv,SFDC고객ID,고객마스터.csv,SFDC고객ID,1.0,1,nnnnnnnnnnAaaAAAAA,438.0,,UNIQUE,5.85,100.0,1,nnnnnnnnnnAaaAAAAA,438.0,,UNIQUE,5.85,100.0,True
고객마스터.csv,SFDC고객ID,수입관리_고객.csv,SFDC고객ID,1.0,1,nnnnnnnnnnAaaAAAAA,438.0,,UNIQUE,5.85,100.0,1,AAnnnnnnnnnnnnn,475.0,,UNIQUE,11.63,100.0,False
고객마스터.csv,등록일시,고객마스터.csv,등록일시,1.0,0,nn:nn,1.0,,,0.0,32.07,0,nn:nn,1.0,,,0.0,32.07,True
고객마스터.csv,등록일시,고객유형.csv,등록일시,1.0,0,nn:nn,1.0,,,0.0,32.07,0,nnnn-nn-nn nn:nn:nn.,1.0,,,0.0,100.0,False
고객마스터.csv,최종사원업데이트일시,고객마스터.csv,최종사원업데이트일시,1.0,0,nn:nn,1.0,,,5.92,29.3,0,nn:nn,1.0,,,5.92,29.3,True
고객마스터.csv,최종사원업데이트일시,서브터미널.csv,최종업데이트일시,0.8889,0,nn:nn,1.0,,,5.92,29.3,0,nn:nn,1.0,,,99.99,100.0,False
고객유형.csv,고객유형코드,고객유형.csv,고객유형코드,1.0,0,AAA,1.0,,,0.0,100.0,0,AAA,1.0,,,0.0,100.0,True
고객유형.csv,고객유형코드,고객유형.csv,고객유형명,0.7273,0,AAA,1.0,,,0.0,100.0,0,aAAAAA,4.0,,,0.0,100.0,False
고객유형.csv,고객유형명,CUSTOMER.csv,고객명,0.75,0,aAAAAA,4.0,,,0.0,100.0,0,KKK,724.0,,Text,0.32,92.27,False
고객유형.csv,고객유형명,OneClick고객.csv,고객명,0.75,0,aAAAAA,4.0,,,0.0,100.0,0,KKK,347.0,,Text,0.0,85.83,False
고객유형.csv,고객유형명,개인고객.csv,고객명,0.75,0,aAAAAA,4.0,,,0.0,100.0,0,KKK,37.0,,Text,0.26,91.75,False
고객유형.csv,고객유형명,계약마스터.csv,고객명,0.75,0,aAAAAA,4.0,,,0.0,100.0,0,KKKK,375.0,,Text,0.0,78.27,False
고객유형.csv,고객유형명,고객마스터.csv,고객명,0.75,0,aAAAAA,4.0,,,0.0,100.0,0,KKKK,494.0,,Text,0.01,98.63,False
고객유형.csv,고객유형명,고객유형.csv,고객유형코드,0.7273,0,aAAAAA,4.0,,,0.0,100.0,0,AAA,1.0,,,0.0,100.0,False
고객유형.csv,고객유형명,고객유형.csv,고객유형명,1.0,0,aAAAAA,4.0,,,0.0,100.0,0,aAAAAA,4.0,,,0.0,100.0,True
고객유형.csv,고객유형명,관리회계_고객.csv,고객명,0.75,0,aAAAAA,4.0,,,0.0,100.0,0,KKKK,730.0,,Text,0.0,100.0,False
고객유형.csv,고객유형명,사업자등록번호정보.csv,고객명,0.75,0,aAAAAA,4.0,,,0.0,100.0,0,KKKK,913.0,,Text,0.0,98.37,False
고객유형.csv,고객유형명,수입관리_고객.csv,고객명,0.75,0,aAAAAA,4.0,,,0.0,100.0,0,KKKK,812.0,,Text,0.0,97.88,False
고객유형.csv,등록일시,고객마스터.csv,등록일시,1.0,0,nnnn-nn-nn nn:nn:nn.,1.0,,,0.0,100.0,0,nn:nn,1.0,,,0.0,32.07,False
고객유형.csv,등록일시,고객유형.csv,등록일시,1.0,0,nnnn-nn-nn nn:nn:nn.,1.0,,,0.0,100.0,0,nnnn-nn-nn nn:nn:nn.,1.0,,,0.0,100.0,True
고객유형.csv,등록사용자ID,고객유형.csv,등록사용자ID,1.0,0,nnnnnnn,1.0,,,0.0,20.0,0,nnnnnnn,1.0,,,0.0,20.0,True
고객유형.csv,등록사용자ID,고객유형.csv,변경사용자ID,0.7143,0,nnnnnnn,1.0,,,0.0,20.0,0,nnnnnnn,1.0,,,0.0,20.0,False
고객유형.csv,등록사용자ID,택배_조직도.csv,등록사용자ID,1.0,0,nnnnnnn,1.0,,,0.0,20.0,0,AAA,3.0,,,0.0,0.26,False
고객유형.csv,변경사용자ID,고객유형.csv,등록사용자ID,0.7143,0,nnnnnnn,1.0,,,0.0,20.0,0,nnnnnnn,1.0,,,0.0,20.0,False
고객유형.csv,변경사용자ID,고객유형.csv,변경사용자ID,1.0,0,nnnnnnn,1.0,,,0.0,20.0,0,nnnnnnn,1.0,,,0.0,20.0,True
고객유형.csv,변경사용자ID,택배_조직도.csv,등록사용자ID,0.7143,0,nnnnnnn,1.0,,,0.0,20.0,0,AAA,3.0,,,0.0,0.26,False
고객유형.csv,변경사용자ID,택배_조직도.csv,최종변경사용자ID,0.875,0,nnnnnnn,1.0,,,0.0,20.0,0,AAA,4.0,,,11.78,3.1,False
고객유형.csv,최종변경일시,계약마스터.csv,최종변경일시,1.0,0,nnnn-nn-nn nn:nn:nn.,1.0,,,0.0,100.0,0,nn:nn,1.0,,SINGLE VALUE,0.0,0.01,False
고객유형.csv,최종변경일시,계정과목코드.csv,최종변경일시,1.0,0,nnnn-nn-nn nn:nn:nn.,1.0,,,0.0,100.0,0,nn:nn.n,2.0,,,0.0,1.22,False
고객유형.csv,최종변경일시,고객유형.csv,최종변경일시,1.0,0,nnnn-nn-nn nn:nn:nn.,1.0,,,0.0,100.0,0,nnnn-nn-nn nn:nn:nn.,1.0,,,0.0,100.0,True
고객유형.csv,최종변경일시,관리회계_계정그룹.csv,최종변경일시,1.0,0,nnnn-nn-nn nn:nn:nn.,1.0,,,0.0,100.0,0,nnnn-nn-nn nn:nn:nn.,1.0,,,0.0,100.0,False
고객유형.csv,최종변경일시,관리회계_고객.csv,최종변경일시,1.0,0,nnnn-nn-nn nn:nn:nn.,1.0,,,0.0,100.0,0,nn:nn.n,2.0,,,0.07,2.56,False
고객유형.csv,최종변경일시,관리회계_조직.csv,최종변경일시,1.0,0,nnnn-nn-nn nn:nn:nn.,1.0,,,0.0,100.0,0,nn:nn.n,2.0,,,0.0,1.19,False
고객유형.csv,최종변경일시,관리회계_조직_test.csv,최종변경일시,1.0,0,nnnn-nn-nn nn:nn:nn.,1.0,,,0.0,100.0,0,nn:nn.n,1.0,,,33.33,12.5,False
고객유형.csv,최종변경일시,관리회계_조직그룹.csv,최종변경일시,1.0,0,nnnn-nn-nn nn:nn:nn.,1.0,,,0.0,100.0,0,nnnn-nn-nn nn:nn:nn.,1.0,,,0.0,100.0,False
고객유형.csv,최종변경일시,택배관리회계조직매핑.csv,최종변경일시,1.0,0,nnnn-nn-nn nn:nn:nn.,1.0,,,0.0,100.0,0,nn:nn,1.0,,,0.0,4.17,False
고객유형.csv,ETL일시,고객유형.csv,ETL일시,1.0,0,nnnn-nn-nn nn:nn:nn.,1.0,,,0.0,20.0,0,nnnn-nn-nn nn:nn:nn.,1.0,,,0.0,20.0,True
고객유형.csv,ETL일시,관리회계_계정그룹.csv,ETL일시,1.0,0,nnnn-nn-nn nn:nn:nn.,1.0,,,0.0,20.0,0,nnnn-nn-nn nn:nn:nn.,1.0,,,0.0,33.33,False
고객유형.csv,ETL일시,관리회계_조직_test.csv,ETL일시,1.0,0,nnnn-nn-nn nn:nn:nn.,1.0,,,0.0,20.0,0,nn:nn.n,1.0,,,33.33,12.5,False
고객유형.csv,ETL일시,관리회계_조직그룹.csv,ETL일시,1.0,0,nnnn-nn-nn nn:nn:nn.,1.0,,,0.0,20.0,0,nnnn-nn-nn nn:nn:nn.,1.0,,,0.0,10.0,False
고객유형.csv,ETL일시,서브터미널.csv,ETL일시,1.0,0,nnnn-nn-nn nn:nn:nn.,1.0,,,0.0,20.0,0,nn:nn.n,1.0,,,99.99,100.0,False
관리회계BI_계정.csv,수익비용구분코드,계정코드관리.csv,수익비용구분코드,1.0,0,nnnnnn,1.0,,,0.0,0.57,0,nnnnnn,1.0,,,0.0,0.61,False
관리회계BI_계정.csv,수익비용구분코드,계정코드관리.csv,수익비용구분명,0.8,0,nnnnnn,1.0,,,0.0,0.57,0,KK,1.0,,,0.0,0.61,False
관리회계BI_계정.csv,수익비용구분코드,관리회계BI_계정.csv,수익비용구분코드,1.0,0,nnnnnn,1.0,,,0.0,0.57,0,nnnnnn,1.0,,,0.0,0.57,True
관리회계BI_계정.csv,수익비용구분코드,관리회계BI_계정.csv,수익비용구분명,0.8,0,nnnnnn,1.0,,,0.0,0.57,0,KK,1.0,,,0.0,0.57,False
관리회계BI_계정.csv,수익비용구분명,계정코드관리.csv,수익비용구분코드,0.8,0,KK,1.0,,,0.0,0.57,0,nnnnnn,1.0,,,0.0,0.61,False
관리회계BI_계정.csv,수익비용구분명,계정코드관리.csv,수익비용구분명,1.0,0,KK,1.0,,,0.0,0.57,0,KK,1.0,,,0.0,0.61,False
관리회계BI_계정.csv,수익비용구분명,관리회계BI_계정.csv,수익비용구분코드,0.8,0,KK,1.0,,,0.0,0.57,0,nnnnnn,1.0,,,0.0,0.57,False
관리회계BI_계정.csv,수익비용구분명,관리회계BI_계정.csv,수익비용구분명,1.0,0,KK,1.0,,,0.0,0.57,0,KK,1.0,,,0.0,0.57,True
관리회계BI_계정.csv,상위계정과목코드,계정과목코드.csv,계정과목코드,0.8571,0,nnnnnn,1.0,,,0.0,5.75,1,nnnnnn,1.0,,UNIQUE,0.0,100.0,False
관리회계BI_계정.csv,상위계정과목코드,계정과목코드.csv,상위계정과목코드,1.0,0,nnnnnn,1.0,,,0.0,5.75,0,nnnnnn,1.0,,,0.0,15.37,False
관리회계BI_계정.csv,상위계정과목코드,계정코드관리.csv,상위계정과목코드,1.0,0,nnnnnn,1.0,,,0.0,5.75,0,nnnnnn,1.0,,,0.0,1.52,False
관리회계BI_계정.csv,상위계정과목코드,계정코드관리.csv,상위계정과목명,0.8,0,nnnnnn,1.0,,,0.0,5.75,0,KKKK,2.0,,,0.0,1.52,False
관리회계BI_계정.csv,상위계정과목코드,계정코드관리.csv,계정과목코드,0.8571,0,nnnnnn,1.0,,,0.0,5.75,0,nnnnnn,1.0,,,0.0,16.67,False
관리회계BI_계정.csv,상위계정과목코드,계정코드관리.csv,하위계정과목코드,0.875,0,nnnnnn,1.0,,,0.0,5.75,1,nnnnnn,1.0,,UNIQUE,0.0,100.0,False
관리회계BI_계정.csv,상위계정과목코드,관리회계BI_계정.csv,상위계정과목코드,1.0,0,nnnnnn,1.0,,,0.0,5.75,0,nnnnnn,1.0,,,0.0,5.75,True
관리회계BI_계정.csv,상위계정과목코드,관리회계BI_계정.csv,상위계정과목명,0.8,0,nnnnnn,1.0,,,0.0,5.75,0,KKKK,4.0,,,0.0,5.46,False
관리회계BI_계정.csv,상위계정과목코드,관리회계BI_계정.csv,계정과목코드,0.8571,0,nnnnnn,1.0,,,0.0,5.75,0,nnnnnn,1.0,,,0.0,20.11,False
관리회계BI_계정.csv,상위계정과목코드,관리회계BI_계정.csv,하위계정과목코드,0.875,0,nnnnnn,1.0,,,0.0,5.75,0,nnnnnn,1.0,,YEARMONTH,0.0,100.0,False
관리회계BI_계정.csv,상위계정과목명,계정과목코드.csv,계정과목명,0.8333,0,KKKK,4.0,,,0.0,5.46,0,KKKKK,52.0,계정과목,Text,0.0,95.61,False
관리회계BI_계정.csv,상위계정과목명,계정과목코드.csv,상위계정과목코드,0.8,0,KKKK,4.0,,,0.0,5.46,0,nnnnnn,1.0,,,0.0,15.37,False
관리회계BI_계정.csv,상위계정과목명,계정코드관리.csv,상위계정과목코드,0.8,0,KKKK,4.0,,,0.0,5.46,0,nnnnnn,1.0,,,0.0,1.52,False
관리회계BI_계정.csv,상위계정과목명,계정코드관리.csv,상위계정과목명,1.0,0,KKKK,4.0,,,0.0,5.46,0,KKKK,2.0,,,0.0,1.52,False
관리회계BI_계정.csv,상위계정과목명,계정코드관리.csv,계정과목명,0.8333,0,KKKK,4.0,,,0.0,5.46,0,KKKKK,9.0,계정과목,,0.0,16.67,False
관리회계BI_계정.csv,상위계정과목명,계정코드관리.csv,하위계정과목명,0.8571,0,KKKK,4.0,,,0.0,5.46,0,KKKKK,50.0,계정과목,Text,0.0,100.0,False
관리회계BI_계정.csv,상위계정과목명,관리회계BI_계정.csv,상위계정과목코드,0.8,0,KKKK,4.0,,,0.0,5.46,0,nnnnnn,1.0,,,0.0,5.75,False
관리회계BI_계정.csv,상위계정과목명,관리회계BI_계정.csv,상위계정과목명,1.0,0,KKKK,4.0,,,0.0,5.46,0,KKKK,4.0,,,0.0,5.46,True
관리회계BI_계정.csv,상위계정과목명,관리회계BI_계정.csv,계정과목명,0.8333,0,KKKK,4.0,,,0.0,5.46,0,KKKKK,9.0,계정과목,,0.0,18.97,False
관리회계BI_계정.csv,상위계정과목명,관리회계BI_계정.csv,하위계정과목명,0.8571,0,KKKK,4.0,,,0.0,5.46,0,KKKKK,51.0,계정과목,Text,0.0,99.71,False
관리회계BI_계정.csv,상위계정과목명,계정과목.csv,계정과목,0.7273,0,KKKK,4.0,,,0.0,5.46,0,KKKKK,51.0,,Text,0.0,100.0,False
관리회계BI_계정.csv,계정과목코드,계정과목코드.csv,계정과목코드,1.0,0,nnnnnn,1.0,,,0.0,20.11,1,nnnnnn,1.0,,UNIQUE,0.0,100.0,False
관리회계BI_계정.csv,계정과목코드,계정과목코드.csv,계정과목명,0.7273,0,nnnnnn,1.0,,,0.0,20.11,0,KKKKK,52.0,계정과목,Text,0.0,95.61,False
관리회계BI_계정.csv,계정과목코드,계정과목코드.csv,상위계정과목코드,0.8571,0,nnnnnn,1.0,,,0.0,20.11,0,nnnnnn,1.0,,,0.0,15.37,False
관리회계BI_계정.csv,계정과목코드,계정코드관리.csv,상위계정과목코드,0.8571,0,nnnnnn,1.0,,,0.0,20.11,0,nnnnnn,1.0,,,0.0,1.52,False
관리회계BI_계정.csv,계정과목코드,계정코드관리.csv,계정과목코드,1.0,0,nnnnnn,1.0,,,0.0,20.11,0,nnnnnn,1.0,,,0.0,16.67,False
관리회계BI_계정.csv,계정과목코드,계정코드관리.csv,계정과목명,0.7273,0,nnnnnn,1.0,,,0.0,20.11,0,KKKKK,9.0,계정과목,,0.0,16.67,False
관리회계BI_계정.csv,계정과목코드,계정코드관리.csv,하위계정과목코드,0.8571,0,nnnnnn,1.0,,,0.0,20.11,1,nnnnnn,1.0,,UNIQUE,0.0,100.0,False
관리회계BI_계정.csv,계정과목코드,관리회계BI_계정.csv,상위계정과목코드,0.8571,0,nnnnnn,1.0,,,0.0,20.11,0,nnnnnn,1.0,,,0.0,5.75,False
관리회계BI_계정.csv,계정과목코드,관리회계BI_계정.csv,계정과목코드,1.0,0,nnnnnn,1.0,,,0.0,20.11,0,nnnnnn,1.0,,,0.0,20.11,True
관리회계BI_계정.csv,계정과목코드,관리회계BI_계정.csv,계정과목명,0.7273,0,nnnnnn,1.0,,,0.0,20.11,0,KKKKK,9.0,계정과목,,0.0,18.97,False
관리회계BI_계정.csv,계정과목코드,관리회계BI_계정.csv,하위계정과목코드,0.8571,0,nnnnnn,1.0,,,0.0,20.11,0,nnnnnn,1.0,,YEARMONTH,0.0,100.0,False
관리회계BI_계정.csv,계정과목코드,관리회계_계정그룹상세.csv,계정코드,0.8,0,nnnnnn,1.0,,,0.0,20.11,1,nnnnnn,1.0,,UNIQUE,0.0,100.0,False
관리회계BI_계정.csv,계정과목코드,사업구분.csv,계정코드,0.8,0,nnnnnn,1.0,,,0.0,20.11,0,nnnnnn,2.0,,,25.49,54.89,False
관리회계BI_계정.csv,계정과목코드,계정과목.csv,계정과목,0.8,0,nnnnnn,1.0,,,0.0,20.11,0,KKKKK,51.0,,Text,0.0,100.0,False
관리회계BI_계정.csv,계정과목명,계정과목코드.csv,계정과목코드,0.7273,0,KKKKK,9.0,계정과목,,0.0,18.97,1,nnnnnn,1.0,,UNIQUE,0.0,100.0,False
관리회계BI_계정.csv,계정과목명,계정과목코드.csv,계정과목명,1.0,0,KKKKK,9.0,계정과목,,0.0,18.97,0,KKKKK,52.0,계정과목,Text,0.0,95.61,False
관리회계BI_계정.csv,계정과목명,계정코드관리.csv,상위계정과목명,0.8333,0,KKKKK,9.0,계정과목,,0.0,18.97,0,KKKK,2.0,,,0.0,1.52,False
관리회계BI_계정.csv,계정과목명,계정코드관리.csv,계정과목코드,0.7273,0,KKKKK,9.0,계정과목,,0.0,18.97,0,nnnnnn,1.0,,,0.0,16.67,False
관리회계BI_계정.csv,계정과목명,계정코드관리.csv,계정과목명,1.0,0,KKKKK,9.0,계정과목,,0.0,18.97,0,KKKKK,9.0,계정과목,,0.0,16.67,False
관리회계BI_계정.csv,계정과목명,계정코드관리.csv,하위계정과목명,0.8333,0,KKKKK,9.0,계정과목,,0.0,18.97,0,KKKKK,50.0,계정과목,Text,0.0,100.0,False
관리회계BI_계정.csv,계정과목명,관리회계BI_계정.csv,상위계정과목명,0.8333,0,KKKKK,9.0,계정과목,,0.0,18.97,0,KKKK,4.0,,,0.0,5.46,False
관리회계BI_계정.csv,계정과목명,관리회계BI_계정.csv,계정과목코드,0.7273,0,KKKKK,9.0,계정과목,,0.0,18.97,0,nnnnnn,1.0,,,0.0,20.11,False
관리회계BI_계정.csv,계정과목명,관리회계BI_계정.csv,계정과목명,1.0,0,KKKKK,9.0,계정과목,,0.0,18.97,0,KKKKK,9.0,계정과목,,0.0,18.97,True
관리회계BI_계정.csv,계정과목명,관리회계BI_계정.csv,하위계정과목명,0.8333,0,KKKKK,9.0,계정과목,,0.0,18.97,0,KKKKK,51.0,계정과목,Text,0.0,99.71,False
관리회계BI_계정.csv,계정과목명,관리회계계정.csv,계정명,0.75,0,KKKKK,9.0,계정과목,,0.0,18.97,0,KKKKK,52.0,계정과목,Text,0.0,95.61,False
관리회계BI_계정.csv,계정과목명,계정과목.csv,계정과목,0.8889,0,KKKKK,9.0,계정과목,,0.0,18.97,0,KKKKK,51.0,,Text,0.0,100.0,False
관리회계BI_계정.csv,하위계정과목코드,계정과목코드.csv,계정과목코드,0.8571,0,nnnnnn,1.0,,YEARMONTH,0.0,100.0,1,nnnnnn,1.0,,UNIQUE,0.0,100.0,False
관리회계BI_계정.csv,하위계정과목코드,계정과목코드.csv,상위계정과목코드,0.875,0,nnnnnn,1.0,,YEARMONTH,0.0,100.0,0,nnnnnn,1.0,,,0.0,15.37,False
관리회계BI_계정.csv,하위계정과목코드,계정코드관리.csv,상위계정과목코드,0.875,0,nnnnnn,1.0,,YEARMONTH,0.0,100.0,0,nnnnnn,1.0,,,0.0,1.52,False
관리회계BI_계정.csv,하위계정과목코드,계정코드관리.csv,계정과목코드,0.8571,0,nnnnnn,1.0,,YEARMONTH,0.0,100.0,0,nnnnnn,1.0,,,0.0,16.67,False
관리회계BI_계정.csv,하위계정과목코드,계정코드관리.csv,하위계정과목코드,1.0,0,nnnnnn,1.0,,YEARMONTH,0.0,100.0,1,nnnnnn,1.0,,UNIQUE,0.0,100.0,False
관리회계BI_계정.csv,하위계정과목코드,계정코드관리.csv,하위계정과목명,0.8,0,nnnnnn,1.0,,YEARMONTH,0.0,100.0,0,KKKKK,50.0,계정과목,Text,0.0,100.0,False
관리회계BI_계정.csv,하위계정과목코드,관리회계BI_계정.csv,상위계정과목코드,0.875,0,nnnnnn,1.0,,YEARMONTH,0.0,100.0,0,nnnnnn,1.0,,,0.0,5.75,False
관리회계BI_계정.csv,하위계정과목코드,관리회계BI_계정.csv,계정과목코드,0.8571,0,nnnnnn,1.0,,YEARMONTH,0.0,100.0,0,nnnnnn,1.0,,,0.0,20.11,False
관리회계BI_계정.csv,하위계정과목코드,관리회계BI_계정.csv,하위계정과목코드,1.0,0,nnnnnn,1.0,,YEARMONTH,0.0,100.0,0,nnnnnn,1.0,,YEARMONTH,0.0,100.0,True
관리회계BI_계정.csv,하위계정과목코드,관리회계BI_계정.csv,하위계정과목명,0.8,0,nnnnnn,1.0,,YEARMONTH,0.0,100.0,0,KKKKK,51.0,계정과목,Text,0.0,99.71,False
관리회계BI_계정.csv,하위계정과목명,계정과목코드.csv,계정과목명,0.8333,0,KKKKK,51.0,계정과목,Text,0.0,99.71,0,KKKKK,52.0,계정과목,Text,0.0,95.61,False
관리회계BI_계정.csv,하위계정과목명,계정코드관리.csv,상위계정과목명,0.8571,0,KKKKK,51.0,계정과목,Text,0.0,99.71,0,KKKK,2.0,,,0.0,1.52,False
관리회계BI_계정.csv,하위계정과목명,계정코드관리.csv,계정과목명,0.8333,0,KKKKK,51.0,계정과목,Text,0.0,99.71,0,KKKKK,9.0,계정과목,,0.0,16.67,False
관리회계BI_계정.csv,하위계정과목명,계정코드관리.csv,하위계정과목코드,0.8,0,KKKKK,51.0,계정과목,Text,0.0,99.71,1,nnnnnn,1.0,,UNIQUE,0.0,100.0,False
관리회계BI_계정.csv,하위계정과목명,계정코드관리.csv,하위계정과목명,1.0,0,KKKKK,51.0,계정과목,Text,0.0,99.71,0,KKKKK,50.0,계정과목,Text,0.0,100.0,False
관리회계BI_계정.csv,하위계정과목명,관리회계BI_계정.csv,상위계정과목명,0.8571,0,KKKKK,51.0,계정과목,Text,0.0,99.71,0,KKKK,4.0,,,0.0,5.46,False
관리회계BI_계정.csv,하위계정과목명,관리회계BI_계정.csv,계정과목명,0.8333,0,KKKKK,51.0,계정과목,Text,0.0,99.71,0,KKKKK,9.0,계정과목,,0.0,18.97,False
관리회계BI_계정.csv,하위계정과목명,관리회계BI_계정.csv,하위계정과목코드,0.8,0,KKKKK,51.0,계정과목,Text,0.0,99.71,0,nnnnnn,1.0,,YEARMONTH,0.0,100.0,False
관리회계BI_계정.csv,하위계정과목명,관리회계BI_계정.csv,하위계정과목명,1.0,0,KKKKK,51.0,계정과목,Text,0.0,99.71,0,KKKKK,51.0,계정과목,Text,0.0,99.71,True
관리회계BI_계정.csv,하위계정과목명,계정과목.csv,계정과목,0.7273,0,KKKKK,51.0,계정과목,Text,0.0,99.71,0,KKKKK,51.0,,Text,0.0,100.0,False
관리회계BI_계정.csv,최초생성자ID,계약마스터.csv,최초생성자ID,1.0,0,aaaaa,1.0,,SINGLE VALUE,0.0,0.29,0,aaa,1.0,,SINGLE VALUE,0.0,0.01,False
관리회계BI_계정.csv,최초생성자ID,계정과목코드.csv,최초생성자ID,1.0,0,aaaaa,1.0,,SINGLE VALUE,0.0,0.29,0,aaaaa,1.0,,SINGLE VALUE,0.0,0.24,False
관리회계BI_계정.csv,최초생성자ID,계정코드관리.csv,최초생성자ID,1.0,0,aaaaa,1.0,,SINGLE VALUE,0.0,0.29,0,aaaaa,1.0,,SINGLE VALUE,0.0,0.3,False
관리회계BI_계정.csv,최초생성자ID,관리회계BI_계정.csv,최초생성자ID,1.0,0,aaaaa,1.0,,SINGLE VALUE,0.0,0.29,0,aaaaa,1.0,,SINGLE VALUE,0.0,0.29,True
관리회계BI_계정.csv,최초생성자ID,관리회계BI_사업.csv,최초생성자ID,1.0,0,aaaaa,1.0,,SINGLE VALUE,0.0,0.29,0,aaaaa,1.0,,SINGLE VALUE,0.0,0.48,False
관리회계BI_계정.csv,최초생성자ID,관리회계BI_조직.csv,최초생성자ID,1.0,0,aaaaa,1.0,,SINGLE VALUE,0.0,0.29,0,aaaaa,1.0,,SINGLE VALUE,0.0,0.24,False
관리회계BI_계정.csv,최초생성자ID,관리회계_계정그룹.csv,최초생성자ID,1.0,0,aaaaa,1.0,,SINGLE VALUE,0.0,0.29,0,aaaaa,2.0,,,0.0,66.67,False
관리회계BI_계정.csv,최초생성자ID,관리회계_계정그룹상세.csv,최초생성자ID,1.0,0,aaaaa,1.0,,SINGLE VALUE,0.0,0.29,0,aaaaa,1.0,,,0.0,2.15,False
관리회계BI_계정.csv,최초생성자ID,관리회계_고객.csv,최초생성자ID,1.0,0,aaaaa,1.0,,SINGLE VALUE,0.0,0.29,0,AAAAA,5.0,,,0.13,0.08,False
관리회계BI_계정.csv,최초생성자ID,관리회계_공통코드.csv,최초생성자ID,1.0,0,aaaaa,1.0,,SINGLE VALUE,0.0,0.29,0,aaaaaa,2.0,,,52.63,5.56,False
관리회계BI_계정.csv,최초생성자ID,관리회계_분류공통코드.csv,최초생성자ID,1.0,0,aaaaa,1.0,,SINGLE VALUE,0.0,0.29,0,aaaaaa,3.0,,,50.0,23.08,False
관리회계BI_계정.csv,최초생성자ID,관리회계_사업.csv,최초생성자ID,1.0,0,aaaaa,1.0,,SINGLE VALUE,0.0,0.29,0,aaaaa,1.0,,SINGLE VALUE,0.0,0.24,False
관리회계BI_계정.csv,최초생성자ID,관리회계_조직.csv,최초생성자ID,1.0,0,aaaaa,1.0,,SINGLE VALUE,0.0,0.29,0,aaaaa,1.0,,SINGLE VALUE,0.0,0.24,False
관리회계BI_계정.csv,최초생성자ID,관리회계_조직_test.csv,최초생성자ID,1.0,0,aaaaa,1.0,,SINGLE VALUE,0.0,0.29,0,aaaaa,1.0,,,33.33,12.5,False
관리회계BI_계정.csv,최초생성자ID,관리회계_조직그룹.csv,최초생성자ID,1.0,0,aaaaa,1.0,,SINGLE VALUE,0.0,0.29,0,aaaaa,1.0,,,0.0,10.0,False
관리회계BI_계정.csv,최초생성자ID,관리회계_조직그룹상세.csv,최초생성자ID,1.0,0,aaaaa,1.0,,SINGLE VALUE,0.0,0.29,0,aaaaa,1.0,,SINGLE VALUE,0.0,0.29,False
관리회계BI_계정.csv,최초생성자ID,관리회계계정.csv,최초생성자ID,1.0,0,aaaaa,1.0,,SINGLE VALUE,0.0,0.29,0,aaaaa,1.0,,SINGLE VALUE,0.0,0.24,False
관리회계BI_계정.csv,최초생성자ID,법인정보.csv,최초생성자ID,1.0,0,aaaaa,1.0,,SINGLE VALUE,0.0,0.29,0,AAAAA,5.0,,,0.0,0.08,False
관리회계BI_계정.csv,최초생성자ID,사업코드관리.csv,최초생성자ID,1.0,0,aaaaa,1.0,,SINGLE VALUE,0.0,0.29,0,aaaaa,1.0,,SINGLE VALUE,0.0,0.29,False
관리회계BI_계정.csv,최초생성자ID,원가인명정보.csv,최초생성자ID,1.0,0,aaaaa,1.0,,SINGLE VALUE,0.0,0.29,0,aaaaa,3.0,,,6.02,0.04,False
관리회계BI_계정.csv,최종갱신자ID,계정과목코드.csv,최종갱신자ID,1.0,0,aaaaa,1.0,,SINGLE VALUE,0.0,0.29,0,aaaaa,1.0,,SINGLE VALUE,0.0,0.24,False
관리회계BI_계정.csv,최종갱신자ID,관리회계BI_계정.csv,최종갱신자ID,1.0,0,aaaaa,1.0,,SINGLE VALUE,0.0,0.29,0,aaaaa,1.0,,SINGLE VALUE,0.0,0.29,True
관리회계BI_계정.csv,최종갱신자ID,관리회계BI_사업.csv,최종갱신자ID,1.0,0,aaaaa,1.0,,SINGLE VALUE,0.0,0.29,0,aaaaa,1.0,,SINGLE VALUE,0.0,0.48,False
관리회계BI_계정.csv,최종갱신자ID,관리회계BI_조직.csv,최종갱신자ID,1.0,0,aaaaa,1.0,,SINGLE VALUE,0.0,0.29,0,aaaaa,1.0,,SINGLE VALUE,0.0,0.24,False
관리회계BI_계정.csv,최종갱신자ID,관리회계_계정그룹.csv,최종갱신자ID,1.0,0,aaaaa,1.0,,SINGLE VALUE,0.0,0.29,0,aaaaa,2.0,,,0.0,66.67,False
관리회계BI_계정.csv,최종갱신자ID,관리회계_계정그룹상세.csv,최종갱신자ID,1.0,0,aaaaa,1.0,,SINGLE VALUE,0.0,0.29,0,aaaaa,1.0,,,0.0,2.15,False
관리회계BI_계정.csv,최종갱신자ID,관리회계_고객.csv,최종갱신자ID,1.0,0,aaaaa,1.0,,SINGLE VALUE,0.0,0.29,0,AAAAA,5.0,,,0.07,0.08,False
관리회계BI_계정.csv,최종갱신자ID,관리회계_공통코드.csv,최종갱신자ID,1.0,0,aaaaa,1.0,,SINGLE VALUE,0.0,0.29,0,aaaaaa,3.0,,,49.12,6.9,False
관리회계BI_계정.csv,최종갱신자ID,관리회계_분류공통코드.csv,최종갱신자ID,1.0,0,aaaaa,1.0,,SINGLE VALUE,0.0,0.29,0,aaaaaa,2.0,,,50.0,15.38,False
관리회계BI_계정.csv,최종갱신자ID,관리회계_사업.csv,최종갱신자ID,1.0,0,aaaaa,1.0,,SINGLE VALUE,0.0,0.29,0,aaaaa,1.0,,SINGLE VALUE,0.0,0.24,False
관리회계BI_계정.csv,최종갱신자ID,관리회계_조직.csv,최종갱신자ID,1.0,0,aaaaa,1.0,,SINGLE VALUE,0.0,0.29,0,aaaaa,1.0,,SINGLE VALUE,0.0,0.24,False
관리회계BI_계정.csv,최종갱신자ID,관리회계_조직_test.csv,최종갱신자ID,1.0,0,aaaaa,1.0,,SINGLE VALUE,0.0,0.29,0,aaaaa,1.0,,,33.33,12.5,False
관리회계BI_계정.csv,최종갱신자ID,관리회계_조직그룹.csv,최종갱신자ID,1.0,0,aaaaa,1.0,,SINGLE VALUE,0.0,0.29,0,aaaaa,1.0,,,0.0,10.0,False
관리회계BI_계정.csv,최종갱신자ID,관리회계_조직그룹상세.csv,최종갱신자ID,1.0,0,aaaaa,1.0,,SINGLE VALUE,0.0,0.29,0,aaaaa,1.0,,SINGLE VALUE,0.0,0.29,False
관리회계BI_계정.csv,최종갱신자ID,관리회계계정.csv,최종갱신자ID,1.0,0,aaaaa,1.0,,SINGLE VALUE,0.0,0.29,0,aaaaa,1.0,,SINGLE VALUE,0.0,0.24,False
관리회계BI_계정.csv,최종갱신자ID,법인정보.csv,최종갱신자ID,1.0,0,aaaaa,1.0,,SINGLE VALUE,0.0,0.29,0,AAAAA,6.0,,,0.0,0.07,False
관리회계BI_계정.csv,최종갱신자ID,원가인명정보.csv,최종갱신자ID,1.0,0,aaaaa,1.0,,SINGLE VALUE,0.0,0.29,0,aaaaa,4.0,,,6.01,0.05,False
관리회계BI_사업.csv,사업유형코드,계약마스터.csv,소사업코드,0.7273,0,AAAAn,1.0,,,0.0,0.97,0,nnn,1.0,,,0.0,0.6,False
관리회계BI_사업.csv,사업유형코드,관리회계BI_사업.csv,사업유형코드,1.0,0,AAAAn,1.0,,,0.0,0.97,0,AAAAn,1.0,,,0.0,0.97,True
관리회계BI_사업.csv,사업유형코드,관리회계BI_사업.csv,전사업코드,0.7273,0,AAAAn,1.0,,,0.0,0.97,0,nnn,1.0,,SEQUENCE,0.0,0.48,False
관리회계BI_사업.csv,사업유형코드,관리회계BI_사업.csv,대사업코드,0.7273,0,AAAAn,1.0,,,0.0,0.97,0,nnn,1.0,,,0.0,2.42,False
관리회계BI_사업.csv,사업유형코드,관리회계BI_사업.csv,중사업코드,0.7273,0,AAAAn,1.0,,,0.0,0.97,0,nnn,1.0,,,0.0,8.21,False
관리회계BI_사업.csv,사업유형코드,관리회계BI_사업.csv,소사업코드,0.7273,0,AAAAn,1.0,,,0.0,0.97,0,nnn,1.0,,,0.0,18.84,False
관리회계BI_사업.csv,사업유형코드,관리회계BI_사업.csv,사업코드,0.8,0,AAAAn,1.0,,,0.0,0.97,0,nnn,1.0,,,0.0,50.24,False
관리회계BI_사업.csv,사업유형코드,관리회계_사업.csv,사업유형코드,1.0,0,AAAAn,1.0,,,0.0,0.97,0,AAAAn,1.0,,,0.0,0.49,False
관리회계BI_사업.csv,사업유형코드,관리회계_사업.csv,사업코드,0.8,0,AAAAn,1.0,,,0.0,0.97,0,nnn,2.0,,,0.0,57.77,False
관리회계BI_사업.csv,사업유형코드,미배송사유코드.csv,사유코드,0.8,0,AAAAn,1.0,,,0.0,0.97,0,nn,2.0,,,0.0,38.46,False
관리회계BI_사업.csv,사업유형코드,사업코드관리.csv,사업유형코드,1.0,0,AAAAn,1.0,,,0.0,0.97,0,AAAA n,1.0,,,0.0,0.58,False
관리회계BI_사업.csv,사업유형코드,사업코드관리.csv,전사업코드,0.7273,0,AAAAn,1.0,,,0.0,0.97,0,nnn,1.0,,SEQUENCE,0.0,0.29,False
관리회계BI_사업.csv,사업유형코드,사업코드관리.csv,대사업코드,0.7273,0,AAAAn,1.0,,,0.0,0.97,0,nnn,1.0,,,0.0,1.45,False
관리회계BI_사업.csv,사업유형코드,사업코드관리.csv,중사업코드,0.7273,0,AAAAn,1.0,,,0.0,0.97,0,nnn,1.0,,,0.0,6.36,False
관리회계BI_사업.csv,사업유형코드,사업코드관리.csv,소사업코드,0.7273,0,AAAAn,1.0,,,0.0,0.97,0,nnn,1.0,,,0.0,18.79,False
관리회계BI_사업.csv,사업유형코드,사업코드관리.csv,사업코드,0.8,0,AAAAn,1.0,,,0.0,0.97,0,nnn,1.0,,,0.0,52.31,False
관리회계BI_사업.csv,전사업코드,계약마스터.csv,소사업코드,0.8,0,nnn,1.0,,SEQUENCE,0.0,0.48,0,nnn,1.0,,,0.0,0.6,False
관리회계BI_사업.csv,전사업코드,관리회계BI_사업.csv,사업유형코드,0.7273,0,nnn,1.0,,SEQUENCE,0.0,0.48,0,AAAAn,1.0,,,0.0,0.97,False
관리회계BI_사업.csv,전사업코드,관리회계BI_사업.csv,전사업코드,1.0,0,nnn,1.0,,SEQUENCE,0.0,0.48,0,nnn,1.0,,SEQUENCE,0.0,0.48,True
관리회계BI_사업.csv,전사업코드,관리회계BI_사업.csv,대사업코드,0.8,0,nnn,1.0,,SEQUENCE,0.0,0.48,0,nnn,1.0,,,0.0,2.42,False
관리회계BI_사업.csv,전사업코드,관리회계BI_사업.csv,중사업코드,0.8,0,nnn,1.0,,SEQUENCE,0.0,0.48,0,nnn,1.0,,,0.0,8.21,False
관리회계BI_사업.csv,전사업코드,관리회계BI_사업.csv,소사업코드,0.8,0,nnn,1.0,,SEQUENCE,0.0,0.48,0,nnn,1.0,,,0.0,18.84,False
관리회계BI_사업.csv,전사업코드,관리회계BI_사업.csv,사업코드,0.8889,0,nnn,1.0,,SEQUENCE,0.0,0.48,0,nnn,1.0,,,0.0,50.24,False
관리회계BI_사업.csv,전사업코드,관리회계_사업.csv,사업유형코드,0.7273,0,nnn,1.0,,SEQUENCE,0.0,0.48,0,AAAAn,1.0,,,0.0,0.49,False
관리회계BI_사업.csv,전사업코드,관리회계_사업.csv,사업코드,0.8889,0,nnn,1.0,,SEQUENCE,0.0,0.48,0,nnn,2.0,,,0.0,57.77,False
관리회계BI_사업.csv,전사업코드,관리회계_사업.csv,상위사업코드,0.7273,0,nnn,1.0,,SEQUENCE,0.0,0.48,0,nnn,1.0,,,0.97,19.61,False
관리회계BI_사업.csv,전사업코드,사업구분.csv,사업구분코드,0.7273,0,nnn,1.0,,SEQUENCE,0.0,0.48,1,AAA,3.0,,UNIQUE,0.0,100.0,False
관리회계BI_사업.csv,전사업코드,사업코드관리.csv,사업유형코드,0.7273,0,nnn,1.0,,SEQUENCE,0.0,0.48,0,AAAA n,1.0,,,0.0,0.58,False
관리회계BI_사업.csv,전사업코드,사업코드관리.csv,전사업코드,1.0,0,nnn,1.0,,SEQUENCE,0.0,0.48,0,nnn,1.0,,SEQUENCE,0.0,0.29,False
관리회계BI_사업.csv,전사업코드,사업코드관리.csv,대사업코드,0.8,0,nnn,1.0,,SEQUENCE,0.0,0.48,0,nnn,1.0,,,0.0,1.45,False
관리회계BI_사업.csv,전사업코드,사업코드관리.csv,중사업코드,0.8,0,nnn,1.0,,SEQUENCE,0.0,0.48,0,nnn,1.0,,,0.0,6.36,False
관리회계BI_사업.csv,전사업코드,사업코드관리.csv,소사업코드,0.8,0,nnn,1.0,,SEQUENCE,0.0,0.48,0,nnn,1.0,,,0.0,18.79,False
관리회계BI_사업.csv,전사업코드,사업코드관리.csv,사업코드,0.8889,0,nnn,1.0,,SEQUENCE,0.0,0.48,0,nnn,1.0,,,0.0,52.31,False
관리회계BI_사업.csv,전사업코드,택배BI_조직.csv,사업본부코드,0.7273,0,nnn,1.0,,SEQUENCE,0.0,0.48,0,AAAAA,2.0,,,0.67,0.11,False
관리회계BI_사업.csv,전사업명,PRM계약.csv,사업자명,0.75,0,KKKKK,1.0,,SINGLE VALUE,0.0,0.48,0,KKKK,139.0,,Text,0.0,38.8,False
관리회계BI_사업.csv,전사업명,계약마스터.csv,소사업명,0.75,0,KKKKK,1.0,,SINGLE VALUE,0.0,0.48,0,AnAKK,18.0,,,0.05,0.59,False
관리회계BI_사업.csv,전사업명,관리회계BI_사업.csv,전사업명,1.0,0,KKKKK,1.0,,SINGLE VALUE,0.0,0.48,0,KKKKK,1.0,,SINGLE VALUE,0.0,0.48,True
관리회계BI_사업.csv,전사업명,관리회계BI_사업.csv,대사업명,0.75,0,KKKKK,1.0,,SINGLE VALUE,0.0,0.48,0,KKKKKK,4.0,,,0.0,2.42,False
관리회계BI_사업.csv,전사업명,관리회계BI_사업.csv,중사업명,0.75,0,KKKKK,1.0,,SINGLE VALUE,0.0,0.48,0,KKKK,5.0,,,0.0,8.21,False
관리회계BI_사업.csv,전사업명,관리회계BI_사업.csv,소사업명,0.75,0,KKKKK,1.0,,SINGLE VALUE,0.0,0.48,0,KKKKKK,14.0,,,0.0,18.84,False
관리회계BI_사업.csv,전사업명,관리회계BI_사업.csv,사업명,0.8571,0,KKKKK,1.0,,SINGLE VALUE,0.0,0.48,0,KKKKKK,23.0,,Text,0.0,50.24,False
관리회계BI_사업.csv,전사업명,관리회계_사업.csv,사업명,0.8571,0,KKKKK,1.0,,SINGLE VALUE,0.0,0.48,0,KKKKKK,35.0,,Text,0.0,44.66,False
관리회계BI_사업.csv,전사업명,사업코드관리.csv,전사업명,1.0,0,KKKKK,1.0,,SINGLE VALUE,0.0,0.48,0,KKKKKK,1.0,,SINGLE VALUE,0.0,0.29,False
관리회계BI_사업.csv,전사업명,사업코드관리.csv,대사업명,0.75,0,KKKKK,1.0,,SINGLE VALUE,0.0,0.48,0,KKKKKK,3.0,,,0.0,1.45,False
관리회계BI_사업.csv,전사업명,사업코드관리.csv,중사업명,0.75,0,KKKKK,1.0,,SINGLE VALUE,0.0,0.48,0,KKKK,5.0,,,0.0,6.36,False
관리회계BI_사업.csv,전사업명,사업코드관리.csv,소사업명,0.75,0,KKKKK,1.0,,SINGLE VALUE,0.0,0.48,0,KKKKKK,16.0,,,0.0,18.79,False
관리회계BI_사업.csv,전사업명,사업코드관리.csv,사업명,0.8571,0,KKKKK,1.0,,SINGLE VALUE,0.0,0.48,0,KKKKKK,31.0,,Text,0.0,52.02,False
관리회계BI_사업.csv,대사업코드,계약마스터.csv,소사업코드,0.8,0,nnn,1.0,,,0.0,2.42,0,nnn,1.0,,,0.0,0.6,False
관리회계BI_사업.csv,대사업코드,관리회계BI_사업.csv,사업유형코드,0.7273,0,nnn,1.0,,,0.0,2.42,0,AAAAn,1.0,,,0.0,0.97,False
관리회계BI_사업.csv,대사업코드,관리회계BI_사업.csv,전사업코드,0.8,0,nnn,1.0,,,0.0,2.42,0,nnn,1.0,,SEQUENCE,0.0,0.48,False
관리회계BI_사업.csv,대사업코드,관리회계BI_사업.csv,대사업코드,1.0,0,nnn,1.0,,,0.0,2.42,0,nnn,1.0,,,0.0,2.42,True
관리회계BI_사업.csv,대사업코드,관리회계BI_사업.csv,대사업,0.75,0,nnn,1.0,,,0.0,2.42,0,KK,3.0,,,0.0,2.42,False
관리회계BI_사업.csv,대사업코드,관리회계BI_사업.csv,중사업코드,0.8,0,nnn,1.0,,,0.0,2.42,0,nnn,1.0,,,0.0,8.21,False
관리회계BI_사업.csv,대사업코드,관리회계BI_사업.csv,소사업코드,0.8,0,nnn,1.0,,,0.0,2.42,0,nnn,1.0,,,0.0,18.84,False
관리회계BI_사업.csv,대사업코드,관리회계BI_사업.csv,사업코드,0.8889,0,nnn,1.0,,,0.0,2.42,0,nnn,1.0,,,0.0,50.24,False
관리회계BI_사업.csv,대사업코드,관리회계_사업.csv,사업유형코드,0.7273,0,nnn,1.0,,,0.0,2.42,0,AAAAn,1.0,,,0.0,0.49,False
관리회계BI_사업.csv,대사업코드,관리회계_사업.csv,사업코드,0.8889,0,nnn,1.0,,,0.0,2.42,0,nnn,2.0,,,0.0,57.77,False
관리회계BI_사업.csv,대사업코드,관리회계_사업.csv,상위사업코드,0.7273,0,nnn,1.0,,,0.0,2.42,0,nnn,1.0,,,0.97,19.61,False
관리회계BI_사업.csv,대사업코드,사업구분.csv,사업구분코드,0.7273,0,nnn,1.0,,,0.0,2.42,1,AAA,3.0,,UNIQUE,0.0,100.0,False
관리회계BI_사업.csv,대사업코드,사업코드관리.csv,사업유형코드,0.7273,0,nnn,1.0,,,0.0,2.42,0,AAAA n,1.0,,,0.0,0.58,False
관리회계BI_사업.csv,대사업코드,사업코드관리.csv,전사업코드,0.8,0,nnn,1.0,,,0.0,2.42,0,nnn,1.0,,SEQUENCE,0.0,0.29,False
관리회계BI_사업.csv,대사업코드,사업코드관리.csv,대사업코드,1.0,0,nnn,1.0,,,0.0,2.42,0,nnn,1.0,,,0.0,1.45,False
관리회계BI_사업.csv,대사업코드,사업코드관리.csv,중사업코드,0.8,0,nnn,1.0,,,0.0,2.42,0,nnn,1.0,,,0.0,6.36,False
관리회계BI_사업.csv,대사업코드,사업코드관리.csv,소사업코드,0.8,0,nnn,1.0,,,0.0,2.42,0,nnn,1.0,,,0.0,18.79,False
관리회계BI_사업.csv,대사업코드,사업코드관리.csv,사업코드,0.8889,0,nnn,1.0,,,0.0,2.42,0,nnn,1.0,,,0.0,52.31,False
관리회계BI_사업.csv,대사업코드,택배BI_조직.csv,사업본부코드,0.7273,0,nnn,1.0,,,0.0,2.42,0,AAAAA,2.0,,,0.67,0.11,False
관리회계BI_사업.csv,대사업명,PRM계약.csv,사업자명,0.75,0,KKKKKK,4.0,,,0.0,2.42,0,KKKK,139.0,,Text,0.0,38.8,False
관리회계BI_사업.csv,대사업명,계약마스터.csv,소사업명,0.75,0,KKKKKK,4.0,,,0.0,2.42,0,AnAKK,18.0,,,0.05,0.59,False
관리회계BI_사업.csv,대사업명,관리회계BI_사업.csv,전사업명,0.75,0,KKKKKK,4.0,,,0.0,2.42,0,KKKKK,1.0,,SINGLE VALUE,0.0,0.48,False
관리회계BI_사업.csv,대사업명,관리회계BI_사업.csv,대사업명,1.0,0,KKKKKK,4.0,,,0.0,2.42,0,KKKKKK,4.0,,,0.0,2.42,True
관리회계BI_사업.csv,대사업명,관리회계BI_사업.csv,대사업,0.8571,0,KKKKKK,4.0,,,0.0,2.42,0,KK,3.0,,,0.0,2.42,False
관리회계BI_사업.csv,대사업명,관리회계BI_사업.csv,중사업명,0.75,0,KKKKKK,4.0,,,0.0,2.42,0,KKKK,5.0,,,0.0,8.21,False
관리회계BI_사업.csv,대사업명,관리회계BI_사업.csv,소사업명,0.75,0,KKKKKK,4.0,,,0.0,2.42,0,KKKKKK,14.0,,,0.0,18.84,False
관리회계BI_사업.csv,대사업명,관리회계BI_사업.csv,사업명,0.8571,0,KKKKKK,4.0,,,0.0,2.42,0,KKKKKK,23.0,,Text,0.0,50.24,False
관리회계BI_사업.csv,대사업명,관리회계_사업.csv,사업명,0.8571,0,KKKKKK,4.0,,,0.0,2.42,0,KKKKKK,35.0,,Text,0.0,44.66,False
관리회계BI_사업.csv,대사업명,사업코드관리.csv,전사업명,0.75,0,KKKKKK,4.0,,,0.0,2.42,0,KKKKKK,1.0,,SINGLE VALUE,0.0,0.29,False
관리회계BI_사업.csv,대사업명,사업코드관리.csv,대사업명,1.0,0,KKKKKK,4.0,,,0.0,2.42,0,KKKKKK,3.0,,,0.0,1.45,False
관리회계BI_사업.csv,대사업명,사업코드관리.csv,중사업명,0.75,0,KKKKKK,4.0,,,0.0,2.42,0,KKKK,5.0,,,0.0,6.36,False
관리회계BI_사업.csv,대사업명,사업코드관리.csv,소사업명,0.75,0,KKKKKK,4.0,,,0.0,2.42,0,KKKKKK,16.0,,,0.0,18.79,False
관리회계BI_사업.csv,대사업명,사업코드관리.csv,사업명,0.8571,0,KKKKKK,4.0,,,0.0,2.42,0,KKKKKK,31.0,,Text,0.0,52.02,False
관리회계BI_사업.csv,대사업,관리회계BI_사업.csv,대사업코드,0.75,0,KK,3.0,,,0.0,2.42,0,nnn,1.0,,,0.0,2.42,False
관리회계BI_사업.csv,대사업,관리회계BI_사업.csv,대사업명,0.8571,0,KK,3.0,,,0.0,2.42,0,KKKKKK,4.0,,,0.0,2.42,False
관리회계BI_사업.csv,대사업,관리회계BI_사업.csv,대사업,1.0,0,KK,3.0,,,0.0,2.42,0,KK,3.0,,,0.0,2.42,True
관리회계BI_사업.csv,대사업,사업코드관리.csv,대사업코드,0.75,0,KK,3.0,,,0.0,2.42,0,nnn,1.0,,,0.0,1.45,False
관리회계BI_사업.csv,대사업,사업코드관리.csv,대사업명,0.8571,0,KK,3.0,,,0.0,2.42,0,KKKKKK,3.0,,,0.0,1.45,False
관리회계BI_사업.csv,중사업코드,계약마스터.csv,소사업코드,0.8,0,nnn,1.0,,,0.0,8.21,0,nnn,1.0,,,0.0,0.6,False
관리회계BI_사업.csv,중사업코드,관리회계BI_사업.csv,사업유형코드,0.7273,0,nnn,1.0,,,0.0,8.21,0,AAAAn,1.0,,,0.0,0.97,False
관리회계BI_사업.csv,중사업코드,관리회계BI_사업.csv,전사업코드,0.8,0,nnn,1.0,,,0.0,8.21,0,nnn,1.0,,SEQUENCE,0.0,0.48,False
관리회계BI_사업.csv,중사업코드,관리회계BI_사업.csv,대사업코드,0.8,0,nnn,1.0,,,0.0,8.21,0,nnn,1.0,,,0.0,2.42,False
관리회계BI_사업.csv,중사업코드,관리회계BI_사업.csv,중사업코드,1.0,0,nnn,1.0,,,0.0,8.21,0,nnn,1.0,,,0.0,8.21,True
관리회계BI_사업.csv,중사업코드,관리회계BI_사업.csv,중사업,0.75,0,nnn,1.0,,,0.0,8.21,0,KK,5.0,,,0.0,8.21,False
관리회계BI_사업.csv,중사업코드,관리회계BI_사업.csv,소사업코드,0.8,0,nnn,1.0,,,0.0,8.21,0,nnn,1.0,,,0.0,18.84,False
관리회계BI_사업.csv,중사업코드,관리회계BI_사업.csv,사업코드,0.8889,0,nnn,1.0,,,0.0,8.21,0,nnn,1.0,,,0.0,50.24,False
관리회계BI_사업.csv,중사업코드,관리회계_사업.csv,사업유형코드,0.7273,0,nnn,1.0,,,0.0,8.21,0,AAAAn,1.0,,,0.0,0.49,False
관리회계BI_사업.csv,중사업코드,관리회계_사업.csv,사업코드,0.8889,0,nnn,1.0,,,0.0,8.21,0,nnn,2.0,,,0.0,57.77,False
관리회계BI_사업.csv,중사업코드,관리회계_사업.csv,상위사업코드,0.7273,0,nnn,1.0,,,0.0,8.21,0,nnn,1.0,,,0.97,19.61,False
관리회계BI_사업.csv,중사업코드,사업구분.csv,사업구분코드,0.7273,0,nnn,1.0,,,0.0,8.21,1,AAA,3.0,,UNIQUE,0.0,100.0,False
관리회계BI_사업.csv,중사업코드,사업코드관리.csv,사업유형코드,0.7273,0,nnn,1.0,,,0.0,8.21,0,AAAA n,1.0,,,0.0,0.58,False
관리회계BI_사업.csv,중사업코드,사업코드관리.csv,전사업코드,0.8,0,nnn,1.0,,,0.0,8.21,0,nnn,1.0,,SEQUENCE,0.0,0.29,False
관리회계BI_사업.csv,중사업코드,사업코드관리.csv,대사업코드,0.8,0,nnn,1.0,,,0.0,8.21,0,nnn,1.0,,,0.0,1.45,False
관리회계BI_사업.csv,중사업코드,사업코드관리.csv,중사업코드,1.0,0,nnn,1.0,,,0.0,8.21,0,nnn,1.0,,,0.0,6.36,False
관리회계BI_사업.csv,중사업코드,사업코드관리.csv,소사업코드,0.8,0,nnn,1.0,,,0.0,8.21,0,nnn,1.0,,,0.0,18.79,False
관리회계BI_사업.csv,중사업코드,사업코드관리.csv,사업코드,0.8889,0,nnn,1.0,,,0.0,8.21,0,nnn,1.0,,,0.0,52.31,False
관리회계BI_사업.csv,중사업코드,택배BI_조직.csv,사업본부코드,0.7273,0,nnn,1.0,,,0.0,8.21,0,AAAAA,2.0,,,0.67,0.11,False
관리회계BI_사업.csv,중사업명,PRM계약.csv,사업자명,0.75,0,KKKK,5.0,,,0.0,8.21,0,KKKK,139.0,,Text,0.0,38.8,False
관리회계BI_사업.csv,중사업명,계약마스터.csv,소사업명,0.75,0,KKKK,5.0,,,0.0,8.21,0,AnAKK,18.0,,,0.05,0.59,False
관리회계BI_사업.csv,중사업명,관리회계BI_사업.csv,전사업명,0.75,0,KKKK,5.0,,,0.0,8.21,0,KKKKK,1.0,,SINGLE VALUE,0.0,0.48,False
관리회계BI_사업.csv,중사업명,관리회계BI_사업.csv,대사업명,0.75,0,KKKK,5.0,,,0.0,8.21,0,KKKKKK,4.0,,,0.0,2.42,False
관리회계BI_사업.csv,중사업명,관리회계BI_사업.csv,중사업명,1.0,0,KKKK,5.0,,,0.0,8.21,0,KKKK,5.0,,,0.0,8.21,True
관리회계BI_사업.csv,중사업명,관리회계BI_사업.csv,중사업,0.8571,0,KKKK,5.0,,,0.0,8.21,0,KK,5.0,,,0.0,8.21,False
관리회계BI_사업.csv,중사업명,관리회계BI_사업.csv,소사업명,0.75,0,KKKK,5.0,,,0.0,8.21,0,KKKKKK,14.0,,,0.0,18.84,False
관리회계BI_사업.csv,중사업명,관리회계BI_사업.csv,사업명,0.8571,0,KKKK,5.0,,,0.0,8.21,0,KKKKKK,23.0,,Text,0.0,50.24,False
관리회계BI_사업.csv,중사업명,관리회계_사업.csv,사업명,0.8571,0,KKKK,5.0,,,0.0,8.21,0,KKKKKK,35.0,,Text,0.0,44.66,False
관리회계BI_사업.csv,중사업명,사업코드관리.csv,전사업명,0.75,0,KKKK,5.0,,,0.0,8.21,0,KKKKKK,1.0,,SINGLE VALUE,0.0,0.29,False
관리회계BI_사업.csv,중사업명,사업코드관리.csv,대사업명,0.75,0,KKKK,5.0,,,0.0,8.21,0,KKKKKK,3.0,,,0.0,1.45,False
관리회계BI_사업.csv,중사업명,사업코드관리.csv,중사업명,1.0,0,KKKK,5.0,,,0.0,8.21,0,KKKK,5.0,,,0.0,6.36,False
관리회계BI_사업.csv,중사업명,사업코드관리.csv,소사업명,0.75,0,KKKK,5.0,,,0.0,8.21,0,KKKKKK,16.0,,,0.0,18.79,False
관리회계BI_사업.csv,중사업명,사업코드관리.csv,사업명,0.8571,0,KKKK,5.0,,,0.0,8.21,0,KKKKKK,31.0,,Text,0.0,52.02,False
관리회계BI_사업.csv,중사업,관리회계BI_사업.csv,중사업코드,0.75,0,KK,5.0,,,0.0,8.21,0,nnn,1.0,,,0.0,8.21,False
관리회계BI_사업.csv,중사업,관리회계BI_사업.csv,중사업명,0.8571,0,KK,5.0,,,0.0,8.21,0,KKKK,5.0,,,0.0,8.21,False
관리회계BI_사업.csv,중사업,관리회계BI_사업.csv,중사업,1.0,0,KK,5.0,,,0.0,8.21,0,KK,5.0,,,0.0,8.21,True
관리회계BI_사업.csv,중사업,사업코드관리.csv,중사업코드,0.75,0,KK,5.0,,,0.0,8.21,0,nnn,1.0,,,0.0,6.36,False
관리회계BI_사업.csv,중사업,사업코드관리.csv,중사업명,0.8571,0,KK,5.0,,,0.0,8.21,0,KKKK,5.0,,,0.0,6.36,False
관리회계BI_사업.csv,소사업코드,계약마스터.csv,소사업코드,1.0,0,nnn,1.0,,,0.0,18.84,0,nnn,1.0,,,0.0,0.6,False
관리회계BI_사업.csv,소사업코드,관리회계BI_사업.csv,사업유형코드,0.7273,0,nnn,1.0,,,0.0,18.84,0,AAAAn,1.0,,,0.0,0.97,False
관리회계BI_사업.csv,소사업코드,관리회계BI_사업.csv,전사업코드,0.8,0,nnn,1.0,,,0.0,18.84,0,nnn,1.0,,SEQUENCE,0.0,0.48,False
관리회계BI_사업.csv,소사업코드,관리회계BI_사업.csv,대사업코드,0.8,0,nnn,1.0,,,0.0,18.84,0,nnn,1.0,,,0.0,2.42,False
관리회계BI_사업.csv,소사업코드,관리회계BI_사업.csv,중사업코드,0.8,0,nnn,1.0,,,0.0,18.84,0,nnn,1.0,,,0.0,8.21,False
관리회계BI_사업.csv,소사업코드,관리회계BI_사업.csv,소사업코드,1.0,0,nnn,1.0,,,0.0,18.84,0,nnn,1.0,,,0.0,18.84,True
관리회계BI_사업.csv,소사업코드,관리회계BI_사업.csv,소사업,0.75,0,nnn,1.0,,,0.0,18.84,0,KKKK,13.0,,,0.0,18.84,False
관리회계BI_사업.csv,소사업코드,관리회계BI_사업.csv,사업코드,0.8889,0,nnn,1.0,,,0.0,18.84,0,nnn,1.0,,,0.0,50.24,False
관리회계BI_사업.csv,소사업코드,관리회계_사업.csv,사업유형코드,0.7273,0,nnn,1.0,,,0.0,18.84,0,AAAAn,1.0,,,0.0,0.49,False
관리회계BI_사업.csv,소사업코드,관리회계_사업.csv,사업코드,0.8889,0,nnn,1.0,,,0.0,18.84,0,nnn,2.0,,,0.0,57.77,False
관리회계BI_사업.csv,소사업코드,관리회계_사업.csv,상위사업코드,0.7273,0,nnn,1.0,,,0.0,18.84,0,nnn,1.0,,,0.97,19.61,False
관리회계BI_사업.csv,소사업코드,사업구분.csv,사업구분코드,0.7273,0,nnn,1.0,,,0.0,18.84,1,AAA,3.0,,UNIQUE,0.0,100.0,False
관리회계BI_사업.csv,소사업코드,사업코드관리.csv,사업유형코드,0.7273,0,nnn,1.0,,,0.0,18.84,0,AAAA n,1.0,,,0.0,0.58,False
관리회계BI_사업.csv,소사업코드,사업코드관리.csv,전사업코드,0.8,0,nnn,1.0,,,0.0,18.84,0,nnn,1.0,,SEQUENCE,0.0,0.29,False
관리회계BI_사업.csv,소사업코드,사업코드관리.csv,대사업코드,0.8,0,nnn,1.0,,,0.0,18.84,0,nnn,1.0,,,0.0,1.45,False
관리회계BI_사업.csv,소사업코드,사업코드관리.csv,중사업코드,0.8,0,nnn,1.0,,,0.0,18.84,0,nnn,1.0,,,0.0,6.36,False
관리회계BI_사업.csv,소사업코드,사업코드관리.csv,소사업코드,1.0,0,nnn,1.0,,,0.0,18.84,0,nnn,1.0,,,0.0,18.79,False
관리회계BI_사업.csv,소사업코드,사업코드관리.csv,사업코드,0.8889,0,nnn,1.0,,,0.0,18.84,0,nnn,1.0,,,0.0,52.31,False
관리회계BI_사업.csv,소사업코드,택배BI_조직.csv,사업본부코드,0.7273,0,nnn,1.0,,,0.0,18.84,0,AAAAA,2.0,,,0.67,0.11,False
관리회계BI_사업.csv,소사업명,PRM계약.csv,사업자명,0.75,0,KKKKKK,14.0,,,0.0,18.84,0,KKKK,139.0,,Text,0.0,38.8,False
관리회계BI_사업.csv,소사업명,계약마스터.csv,소사업명,1.0,0,KKKKKK,14.0,,,0.0,18.84,0,AnAKK,18.0,,,0.05,0.59,False
관리회계BI_사업.csv,소사업명,관리회계BI_사업.csv,전사업명,0.75,0,KKKKKK,14.0,,,0.0,18.84,0,KKKKK,1.0,,SINGLE VALUE,0.0,0.48,False
관리회계BI_사업.csv,소사업명,관리회계BI_사업.csv,대사업명,0.75,0,KKKKKK,14.0,,,0.0,18.84,0,KKKKKK,4.0,,,0.0,2.42,False
관리회계BI_사업.csv,소사업명,관리회계BI_사업.csv,중사업명,0.75,0,KKKKKK,14.0,,,0.0,18.84,0,KKKK,5.0,,,0.0,8.21,False
관리회계BI_사업.csv,소사업명,관리회계BI_사업.csv,소사업명,1.0,0,KKKKKK,14.0,,,0.0,18.84,0,KKKKKK,14.0,,,0.0,18.84,True
관리회계BI_사업.csv,소사업명,관리회계BI_사업.csv,소사업,0.8571,0,KKKKKK,14.0,,,0.0,18.84,0,KKKK,13.0,,,0.0,18.84,False
관리회계BI_사업.csv,소사업명,관리회계BI_사업.csv,사업명,0.8571,0,KKKKKK,14.0,,,0.0,18.84,0,KKKKKK,23.0,,Text,0.0,50.24,False
관리회계BI_사업.csv,소사업명,관리회계_사업.csv,사업명,0.8571,0,KKKKKK,14.0,,,0.0,18.84,0,KKKKKK,35.0,,Text,0.0,44.66,False
관리회계BI_사업.csv,소사업명,사업코드관리.csv,전사업명,0.75,0,KKKKKK,14.0,,,0.0,18.84,0,KKKKKK,1.0,,SINGLE VALUE,0.0,0.29,False
관리회계BI_사업.csv,소사업명,사업코드관리.csv,대사업명,0.75,0,KKKKKK,14.0,,,0.0,18.84,0,KKKKKK,3.0,,,0.0,1.45,False
관리회계BI_사업.csv,소사업명,사업코드관리.csv,중사업명,0.75,0,KKKKKK,14.0,,,0.0,18.84,0,KKKK,5.0,,,0.0,6.36,False
관리회계BI_사업.csv,소사업명,사업코드관리.csv,소사업명,1.0,0,KKKKKK,14.0,,,0.0,18.84,0,KKKKKK,16.0,,,0.0,18.79,False
관리회계BI_사업.csv,소사업명,사업코드관리.csv,사업명,0.8571,0,KKKKKK,14.0,,,0.0,18.84,0,KKKKKK,31.0,,Text,0.0,52.02,False
관리회계BI_사업.csv,소사업,계약마스터.csv,소사업코드,0.75,0,KKKK,13.0,,,0.0,18.84,0,nnn,1.0,,,0.0,0.6,False
관리회계BI_사업.csv,소사업,계약마스터.csv,소사업명,0.8571,0,KKKK,13.0,,,0.0,18.84,0,AnAKK,18.0,,,0.05,0.59,False
관리회계BI_사업.csv,소사업,관리회계BI_사업.csv,소사업코드,0.75,0,KKKK,13.0,,,0.0,18.84,0,nnn,1.0,,,0.0,18.84,False
관리회계BI_사업.csv,소사업,관리회계BI_사업.csv,소사업명,0.8571,0,KKKK,13.0,,,0.0,18.84,0,KKKKKK,14.0,,,0.0,18.84,False
관리회계BI_사업.csv,소사업,관리회계BI_사업.csv,소사업,1.0,0,KKKK,13.0,,,0.0,18.84,0,KKKK,13.0,,,0.0,18.84,True
관리회계BI_사업.csv,소사업,사업코드관리.csv,소사업코드,0.75,0,KKKK,13.0,,,0.0,18.84,0,nnn,1.0,,,0.0,18.79,False
관리회계BI_사업.csv,소사업,사업코드관리.csv,소사업명,0.8571,0,KKKK,13.0,,,0.0,18.84,0,KKKKKK,16.0,,,0.0,18.79,False
관리회계BI_사업.csv,사업코드,계약마스터.csv,소사업코드,0.8889,0,nnn,1.0,,,0.0,50.24,0,nnn,1.0,,,0.0,0.6,False
관리회계BI_사업.csv,사업코드,관리회계BI_사업.csv,사업유형코드,0.8,0,nnn,1.0,,,0.0,50.24,0,AAAAn,1.0,,,0.0,0.97,False
관리회계BI_사업.csv,사업코드,관리회계BI_사업.csv,전사업코드,0.8889,0,nnn,1.0,,,0.0,50.24,0,nnn,1.0,,SEQUENCE,0.0,0.48,False
관리회계BI_사업.csv,사업코드,관리회계BI_사업.csv,대사업코드,0.8889,0,nnn,1.0,,,0.0,50.24,0,nnn,1.0,,,0.0,2.42,False
관리회계BI_사업.csv,사업코드,관리회계BI_사업.csv,중사업코드,0.8889,0,nnn,1.0,,,0.0,50.24,0,nnn,1.0,,,0.0,8.21,False
관리회계BI_사업.csv,사업코드,관리회계BI_사업.csv,소사업코드,0.8889,0,nnn,1.0,,,0.0,50.24,0,nnn,1.0,,,0.0,18.84,False
관리회계BI_사업.csv,사업코드,관리회계BI_사업.csv,사업코드,1.0,0,nnn,1.0,,,0.0,50.24,0,nnn,1.0,,,0.0,50.24,True
관리회계BI_사업.csv,사업코드,관리회계_사업.csv,사업유형코드,0.8,0,nnn,1.0,,,0.0,50.24,0,AAAAn,1.0,,,0.0,0.49,False
관리회계BI_사업.csv,사업코드,관리회계_사업.csv,사업코드,1.0,0,nnn,1.0,,,0.0,50.24,0,nnn,2.0,,,0.0,57.77,False
관리회계BI_사업.csv,사업코드,관리회계_사업.csv,상위사업코드,0.8,0,nnn,1.0,,,0.0,50.24,0,nnn,1.0,,,0.97,19.61,False
관리회계BI_사업.csv,사업코드,미배송사유코드.csv,사유코드,0.75,0,nnn,1.0,,,0.0,50.24,0,nn,2.0,,,0.0,38.46,False
관리회계BI_사업.csv,사업코드,미배송사유코드.csv,작업코드,0.75,0,nnn,1.0,,,0.0,50.24,0,nn,2.0,,,0.0,11.54,False
관리회계BI_사업.csv,사업코드,사업구분.csv,사업구분코드,0.8,0,nnn,1.0,,,0.0,50.24,1,AAA,3.0,,UNIQUE,0.0,100.0,False
관리회계BI_사업.csv,사업코드,사업코드관리.csv,사업유형코드,0.8,0,nnn,1.0,,,0.0,50.24,0,AAAA n,1.0,,,0.0,0.58,False
관리회계BI_사업.csv,사업코드,사업코드관리.csv,전사업코드,0.8889,0,nnn,1.0,,,0.0,50.24,0,nnn,1.0,,SEQUENCE,0.0,0.29,False
관리회계BI_사업.csv,사업코드,사업코드관리.csv,대사업코드,0.8889,0,nnn,1.0,,,0.0,50.24,0,nnn,1.0,,,0.0,1.45,False
관리회계BI_사업.csv,사업코드,사업코드관리.csv,중사업코드,0.8889,0,nnn,1.0,,,0.0,50.24,0,nnn,1.0,,,0.0,6.36,False
관리회계BI_사업.csv,사업코드,사업코드관리.csv,소사업코드,0.8889,0,nnn,1.0,,,0.0,50.24,0,nnn,1.0,,,0.0,18.79,False
관리회계BI_사업.csv,사업코드,사업코드관리.csv,사업코드,1.0,0,nnn,1.0,,,0.0,50.24,0,nnn,1.0,,,0.0,52.31,False
관리회계BI_사업.csv,사업코드,선박.csv,선사코드,0.75,0,nnn,1.0,,,0.0,50.24,0,AAAnnnn,5.0,선사코드,,44.41,11.62,False
관리회계BI_사업.csv,사업코드,선석.csv,업체코드,0.75,0,nnn,1.0,,,0.0,50.24,0,A-AAAnnn,1.0,,,51.64,15.01,False
관리회계BI_사업.csv,사업코드,택배BI_조직.csv,사업본부코드,0.8,0,nnn,1.0,,,0.0,50.24,0,AAAAA,2.0,,,0.67,0.11,False
관리회계BI_사업.csv,사업코드,선사코드.csv,선사코드,0.75,0,nnn,1.0,,,0.0,50.24,1,AAAnnnn,7.0,,UNIQUE,0.0,100.0,False
관리회계BI_사업.csv,사업명,PRM계약.csv,사업자명,0.8571,0,KKKKKK,23.0,,Text,0.0,50.24,0,KKKK,139.0,,Text,0.0,38.8,False
관리회계BI_사업.csv,사업명,계약마스터.csv,소사업명,0.8571,0,KKKKKK,23.0,,Text,0.0,50.24,0,AnAKK,18.0,,,0.05,0.59,False
관리회계BI_사업.csv,사업명,관리회계BI_사업.csv,전사업명,0.8571,0,KKKKKK,23.0,,Text,0.0,50.24,0,KKKKK,1.0,,SINGLE VALUE,0.0,0.48,False
관리회계BI_사업.csv,사업명,관리회계BI_사업.csv,대사업명,0.8571,0,KKKKKK,23.0,,Text,0.0,50.24,0,KKKKKK,4.0,,,0.0,2.42,False
관리회계BI_사업.csv,사업명,관리회계BI_사업.csv,중사업명,0.8571,0,KKKKKK,23.0,,Text,0.0,50.24,0,KKKK,5.0,,,0.0,8.21,False
관리회계BI_사업.csv,사업명,관리회계BI_사업.csv,소사업명,0.8571,0,KKKKKK,23.0,,Text,0.0,50.24,0,KKKKKK,14.0,,,0.0,18.84,False
관리회계BI_사업.csv,사업명,관리회계BI_사업.csv,사업명,1.0,0,KKKKKK,23.0,,Text,0.0,50.24,0,KKKKKK,23.0,,Text,0.0,50.24,True
관리회계BI_사업.csv,사업명,관리회계_사업.csv,사업명,1.0,0,KKKKKK,23.0,,Text,0.0,50.24,0,KKKKKK,35.0,,Text,0.0,44.66,False
관리회계BI_사업.csv,사업명,사업코드관리.csv,전사업명,0.8571,0,KKKKKK,23.0,,Text,0.0,50.24,0,KKKKKK,1.0,,SINGLE VALUE,0.0,0.29,False
관리회계BI_사업.csv,사업명,사업코드관리.csv,대사업명,0.8571,0,KKKKKK,23.0,,Text,0.0,50.24,0,KKKKKK,3.0,,,0.0,1.45,False
관리회계BI_사업.csv,사업명,사업코드관리.csv,중사업명,0.8571,0,KKKKKK,23.0,,Text,0.0,50.24,0,KKKK,5.0,,,0.0,6.36,False
관리회계BI_사업.csv,사업명,사업코드관리.csv,소사업명,0.8571,0,KKKKKK,23.0,,Text,0.0,50.24,0,KKKKKK,16.0,,,0.0,18.79,False
관리회계BI_사업.csv,사업명,사업코드관리.csv,사업명,1.0,0,KKKKKK,23.0,,Text,0.0,50.24,0,KKKKKK,31.0,,Text,0.0,52.02,False
관리회계BI_사업.csv,사업명,택배BI_조직.csv,사업본부명,0.75,0,KKKKKK,23.0,,Text,0.0,50.24,0,KKKKKK,2.0,,,0.74,0.07,False
관리회계BI_사업.csv,사업명,사업자명5.csv,사업자명5,0.75,0,KKKKKK,23.0,,Text,0.0,50.24,0,KKKK,211.0,,Text,0.0,100.0,False
관리회계BI_사업.csv,최초생성자ID,계약마스터.csv,최초생성자ID,1.0,0,aaaaa,1.0,,SINGLE VALUE,0.0,0.48,0,aaa,1.0,,SINGLE VALUE,0.0,0.01,False
관리회계BI_사업.csv,최초생성자ID,계정과목코드.csv,최초생성자ID,1.0,0,aaaaa,1.0,,SINGLE VALUE,0.0,0.48,0,aaaaa,1.0,,SINGLE VALUE,0.0,0.24,False
관리회계BI_사업.csv,최초생성자ID,계정코드관리.csv,최초생성자ID,1.0,0,aaaaa,1.0,,SINGLE VALUE,0.0,0.48,0,aaaaa,1.0,,SINGLE VALUE,0.0,0.3,False
관리회계BI_사업.csv,최초생성자ID,관리회계BI_계정.csv,최초생성자ID,1.0,0,aaaaa,1.0,,SINGLE VALUE,0.0,0.48,0,aaaaa,1.0,,SINGLE VALUE,0.0,0.29,False
관리회계BI_사업.csv,최초생성자ID,관리회계BI_사업.csv,최초생성자ID,1.0,0,aaaaa,1.0,,SINGLE VALUE,0.0,0.48,0,aaaaa,1.0,,SINGLE VALUE,0.0,0.48,True
관리회계BI_사업.csv,최초생성자ID,관리회계BI_조직.csv,최초생성자ID,1.0,0,aaaaa,1.0,,SINGLE VALUE,0.0,0.48,0,aaaaa,1.0,,SINGLE VALUE,0.0,0.24,False
관리회계BI_사업.csv,최초생성자ID,관리회계_계정그룹.csv,최초생성자ID,1.0,0,aaaaa,1.0,,SINGLE VALUE,0.0,0.48,0,aaaaa,2.0,,,0.0,66.67,False
관리회계BI_사업.csv,최초생성자ID,관리회계_계정그룹상세.csv,최초생성자ID,1.0,0,aaaaa,1.0,,SINGLE VALUE,0.0,0.48,0,aaaaa,1.0,,,0.0,2.15,False
관리회계BI_사업.csv,최초생성자ID,관리회계_고객.csv,최초생성자ID,1.0,0,aaaaa,1.0,,SINGLE VALUE,0.0,0.48,0,AAAAA,5.0,,,0.13,0.08,False
관리회계BI_사업.csv,최초생성자ID,관리회계_공통코드.csv,최초생성자ID,1.0,0,aaaaa,1.0,,SINGLE VALUE,0.0,0.48,0,aaaaaa,2.0,,,52.63,5.56,False
관리회계BI_사업.csv,최초생성자ID,관리회계_분류공통코드.csv,최초생성자ID,1.0,0,aaaaa,1.0,,SINGLE VALUE,0.0,0.48,0,aaaaaa,3.0,,,50.0,23.08,False
관리회계BI_사업.csv,최초생성자ID,관리회계_사업.csv,최초생성자ID,1.0,0,aaaaa,1.0,,SINGLE VALUE,0.0,0.48,0,aaaaa,1.0,,SINGLE VALUE,0.0,0.24,False
관리회계BI_사업.csv,최초생성자ID,관리회계_조직.csv,최초생성자ID,1.0,0,aaaaa,1.0,,SINGLE VALUE,0.0,0.48,0,aaaaa,1.0,,SINGLE VALUE,0.0,0.24,False
관리회계BI_사업.csv,최초생성자ID,관리회계_조직_test.csv,최초생성자ID,1.0,0,aaaaa,1.0,,SINGLE VALUE,0.0,0.48,0,aaaaa,1.0,,,33.33,12.5,False
관리회계BI_사업.csv,최초생성자ID,관리회계_조직그룹.csv,최초생성자ID,1.0,0,aaaaa,1.0,,SINGLE VALUE,0.0,0.48,0,aaaaa,1.0,,,0.0,10.0,False
관리회계BI_사업.csv,최초생성자ID,관리회계_조직그룹상세.csv,최초생성자ID,1.0,0,aaaaa,1.0,,SINGLE VALUE,0.0,0.48,0,aaaaa,1.0,,SINGLE VALUE,0.0,0.29,False
관리회계BI_사업.csv,최초생성자ID,관리회계계정.csv,최초생성자ID,1.0,0,aaaaa,1.0,,SINGLE VALUE,0.0,0.48,0,aaaaa,1.0,,SINGLE VALUE,0.0,0.24,False
관리회계BI_사업.csv,최초생성자ID,법인정보.csv,최초생성자ID,1.0,0,aaaaa,1.0,,SINGLE VALUE,0.0,0.48,0,AAAAA,5.0,,,0.0,0.08,False
관리회계BI_사업.csv,최초생성자ID,사업코드관리.csv,최초생성자ID,1.0,0,aaaaa,1.0,,SINGLE VALUE,0.0,0.48,0,aaaaa,1.0,,SINGLE VALUE,0.0,0.29,False
관리회계BI_사업.csv,최초생성자ID,원가인명정보.csv,최초생성자ID,1.0,0,aaaaa,1.0,,SINGLE VALUE,0.0,0.48,0,aaaaa,3.0,,,6.02,0.04,False
관리회계BI_사업.csv,최종갱신자ID,계정과목코드.csv,최종갱신자ID,1.0,0,aaaaa,1.0,,SINGLE VALUE,0.0,0.48,0,aaaaa,1.0,,SINGLE VALUE,0.0,0.24,False
관리회계BI_사업.csv,최종갱신자ID,관리회계BI_계정.csv,최종갱신자ID,1.0,0,aaaaa,1.0,,SINGLE VALUE,0.0,0.48,0,aaaaa,1.0,,SINGLE VALUE,0.0,0.29,False
관리회계BI_사업.csv,최종갱신자ID,관리회계BI_사업.csv,최종갱신자ID,1.0,0,aaaaa,1.0,,SINGLE VALUE,0.0,0.48,0,aaaaa,1.0,,SINGLE VALUE,0.0,0.48,True
관리회계BI_사업.csv,최종갱신자ID,관리회계BI_조직.csv,최종갱신자ID,1.0,0,aaaaa,1.0,,SINGLE VALUE,0.0,0.48,0,aaaaa,1.0,,SINGLE VALUE,0.0,0.24,False
관리회계BI_사업.csv,최종갱신자ID,관리회계_계정그룹.csv,최종갱신자ID,1.0,0,aaaaa,1.0,,SINGLE VALUE,0.0,0.48,0,aaaaa,2.0,,,0.0,66.67,False
관리회계BI_사업.csv,최종갱신자ID,관리회계_계정그룹상세.csv,최종갱신자ID,1.0,0,aaaaa,1.0,,SINGLE VALUE,0.0,0.48,0,aaaaa,1.0,,,0.0,2.15,False
관리회계BI_사업.csv,최종갱신자ID,관리회계_고객.csv,최종갱신자ID,1.0,0,aaaaa,1.0,,SINGLE VALUE,0.0,0.48,0,AAAAA,5.0,,,0.07,0.08,False
관리회계BI_사업.csv,최종갱신자ID,관리회계_공통코드.csv,최종갱신자ID,1.0,0,aaaaa,1.0,,SINGLE VALUE,0.0,0.48,0,aaaaaa,3.0,,,49.12,6.9,False
관리회계BI_사업.csv,최종갱신자ID,관리회계_분류공통코드.csv,최종갱신자ID,1.0,0,aaaaa,1.0,,SINGLE VALUE,0.0,0.48,0,aaaaaa,2.0,,,50.0,15.38,False
관리회계BI_사업.csv,최종갱신자ID,관리회계_사업.csv,최종갱신자ID,1.0,0,aaaaa,1.0,,SINGLE VALUE,0.0,0.48,0,aaaaa,1.0,,SINGLE VALUE,0.0,0.24,False
관리회계BI_사업.csv,최종갱신자ID,관리회계_조직.csv,최종갱신자ID,1.0,0,aaaaa,1.0,,SINGLE VALUE,0.0,0.48,0,aaaaa,1.0,,SINGLE VALUE,0.0,0.24,False
관리회계BI_사업.csv,최종갱신자ID,관리회계_조직_test.csv,최종갱신자ID,1.0,0,aaaaa,1.0,,SINGLE VALUE,0.0,0.48,0,aaaaa,1.0,,,33.33,12.5,False
관리회계BI_사업.csv,최종갱신자ID,관리회계_조직그룹.csv,최종갱신자ID,1.0,0,aaaaa,1.0,,SINGLE VALUE,0.0,0.48,0,aaaaa,1.0,,,0.0,10.0,False
관리회계BI_사업.csv,최종갱신자ID,관리회계_조직그룹상세.csv,최종갱신자ID,1.0,0,aaaaa,1.0,,SINGLE VALUE,0.0,0.48,0,aaaaa,1.0,,SINGLE VALUE,0.0,0.29,False
관리회계BI_사업.csv,최종갱신자ID,관리회계계정.csv,최종갱신자ID,1.0,0,aaaaa,1.0,,SINGLE VALUE,0.0,0.48,0,aaaaa,1.0,,SINGLE VALUE,0.0,0.24,False
관리회계BI_사업.csv,최종갱신자ID,법인정보.csv,최종갱신자ID,1.0,0,aaaaa,1.0,,SINGLE VALUE,0.0,0.48,0,AAAAA,6.0,,,0.0,0.07,False
관리회계BI_사업.csv,최종갱신자ID,원가인명정보.csv,최종갱신자ID,1.0,0,aaaaa,1.0,,SINGLE VALUE,0.0,0.48,0,aaaaa,4.0,,,6.01,0.05,False
관리회계BI_조직.csv,회사명,관리회계BI_조직.csv,회사명,1.0,0,KK,1.0,,SINGLE VALUE,0.0,0.24,0,KK,1.0,,SINGLE VALUE,0.0,0.24,True
관리회계BI_조직.csv,회사명,조직코드관리.csv,회사명,1.0,0,KK,1.0,,SINGLE VALUE,0.0,0.24,0,KK,1.0,,SINGLE VALUE,0.0,0.24,False
관리회계BI_조직.csv,회사명,금융회사명.csv,금융회사명,0.75,0,KK,1.0,,SINGLE VALUE,0.0,0.24,1,KKKK,19.0,,UNIQUE,0.0,100.0,False
관리회계BI_조직.csv,본부코드,관리회계BI_조직.csv,본부코드,1.0,0,AAAAA,3.0,,,0.0,1.67,0,AAAAA,3.0,,,0.0,1.67,True
관리회계BI_조직.csv,본부코드,관리회계BI_조직.csv,지부코드,0.75,0,AAAAA,3.0,,,0.0,1.67,0,AAAAA,4.0,,,0.0,15.24,False
관리회계BI_조직.csv,본부코드,관리회계QLIK_조직.csv,지부코드,0.75,0,AAAAA,3.0,,,0.0,1.67,0,AAAAA,3.0,,,0.25,13.6,False
관리회계BI_조직.csv,본부코드,관리회계QLIK_조직.csv,본부코드,1.0,0,AAAAA,3.0,,,0.0,1.67,0,AAAAA,2.0,,,0.25,1.51,False
관리회계BI_조직.csv,본부코드,조직코드관리.csv,본부코드,1.0,0,AAAAA,3.0,,,0.0,1.67,0,AAAAA,2.0,,,0.0,1.43,False
관리회계BI_조직.csv,본부코드,조직코드관리.csv,지부코드,0.75,0,AAAAA,3.0,,,0.0,1.67,0,AAAAA,4.0,,,0.0,14.76,False
관리회계BI_조직.csv,본부코드,택배BI_조직.csv,사업본부코드,0.8,0,AAAAA,3.0,,,0.0,1.67,0,AAAAA,2.0,,,0.67,0.11,False
관리회계BI_조직.csv,본부코드,택배BI_조직.csv,지부코드,0.75,0,AAAAA,3.0,,,0.0,1.67,0,AAAAA,3.0,,,0.37,0.63,False
관리회계BI_조직.csv,본부명,관리회계BI_조직.csv,본부명,1.0,0,KKKKKK,5.0,,,0.0,1.67,0,KKKKKK,5.0,,,0.0,1.67,True
관리회계BI_조직.csv,본부명,관리회계QLIK_조직.csv,본부명,1.0,0,KKKKKK,5.0,,,0.0,1.67,0,KK,4.0,,,4.77,1.32,False
관리회계BI_조직.csv,본부명,조직코드관리.csv,본부명,1.0,0,KKKKKK,5.0,,,0.0,1.67,0,KKKKKK,4.0,,,0.0,1.43,False
관리회계BI_조직.csv,본부명,택배BI_조직.csv,사업본부명,0.75,0,KKKKKK,5.0,,,0.0,1.67,0,KKKKKK,2.0,,,0.74,0.07,False
관리회계BI_조직.csv,지부코드,관리회계BI_조직.csv,본부코드,0.75,0,AAAAA,4.0,,,0.0,15.24,0,AAAAA,3.0,,,0.0,1.67,False
관리회계BI_조직.csv,지부코드,관리회계BI_조직.csv,지부코드,1.0,0,AAAAA,4.0,,,0.0,15.24,0,AAAAA,4.0,,,0.0,15.24,True
관리회계BI_조직.csv,지부코드,관리회계BI_조직.csv,지점코드,0.75,0,AAAAA,4.0,,,0.0,15.24,0,AAAAAA,7.0,,,0.0,84.52,False
관리회계BI_조직.csv,지부코드,관리회계QLIK_조직.csv,지점코드,0.75,0,AAAAA,4.0,,,0.0,15.24,0,AAAAAA,6.0,,,0.25,83.38,False
관리회계BI_조직.csv,지부코드,관리회계QLIK_조직.csv,지부코드,1.0,0,AAAAA,4.0,,,0.0,15.24,0,AAAAA,3.0,,,0.25,13.6,False
관리회계BI_조직.csv,지부코드,관리회계QLIK_조직.csv,본부코드,0.75,0,AAAAA,4.0,,,0.0,15.24,0,AAAAA,2.0,,,0.25,1.51,False
관리회계BI_조직.csv,지부코드,조직코드관리.csv,본부코드,0.75,0,AAAAA,4.0,,,0.0,15.24,0,AAAAA,2.0,,,0.0,1.43,False
관리회계BI_조직.csv,지부코드,조직코드관리.csv,지부코드,1.0,0,AAAAA,4.0,,,0.0,15.24,0,AAAAA,4.0,,,0.0,14.76,False
관리회계BI_조직.csv,지부코드,조직코드관리.csv,지점코드,0.75,0,AAAAA,4.0,,,0.0,15.24,0,AAAAAA,5.0,,,0.0,77.14,False
관리회계BI_조직.csv,지부코드,택배BI_조직.csv,지부코드,1.0,0,AAAAA,4.0,,,0.0,15.24,0,AAAAA,3.0,,,0.37,0.63,False
관리회계BI_조직.csv,지부코드,택배BI_조직.csv,지점코드,0.75,0,AAAAA,4.0,,,0.0,15.24,0,AAAAAAA,3.0,,,0.04,2.19,False
관리회계BI_조직.csv,지부명,관리회계BI_조직.csv,지부명,1.0,0,KKKKK,16.0,,,0.0,15.0,0,KKKKK,16.0,,,0.0,15.0,True
관리회계BI_조직.csv,지부명,관리회계QLIK_조직.csv,지부명,1.0,0,KKKKK,16.0,,,0.0,15.0,0,KKKKK,13.0,,,0.25,13.6,False
관리회계BI_조직.csv,지부명,조직코드관리.csv,지부명,1.0,0,KKKKK,16.0,,,0.0,15.0,0,KKKKK,12.0,,,0.0,14.52,False
관리회계BI_조직.csv,지부명,택배BI_조직.csv,지부명,1.0,0,KKKKK,16.0,,,0.0,15.0,0,KKKKKKK,6.0,,,0.37,0.63,False
관리회계BI_조직.csv,지점코드,관리회계BI_조직.csv,지부코드,0.75,0,AAAAAA,7.0,,,0.0,84.52,0,AAAAA,4.0,,,0.0,15.24,False
관리회계BI_조직.csv,지점코드,관리회계BI_조직.csv,지점코드,1.0,0,AAAAAA,7.0,,,0.0,84.52,0,AAAAAA,7.0,,,0.0,84.52,True
관리회계BI_조직.csv,지점코드,관리회계QLIK_조직.csv,지점코드,1.0,0,AAAAAA,7.0,,,0.0,84.52,0,AAAAAA,6.0,,,0.25,83.38,False
관리회계BI_조직.csv,지점코드,관리회계QLIK_조직.csv,지부코드,0.75,0,AAAAAA,7.0,,,0.0,84.52,0,AAAAA,3.0,,,0.25,13.6,False
관리회계BI_조직.csv,지점코드,사용자.csv,점소코드,0.75,0,AAAAAA,7.0,,,0.0,84.52,0,nnnn,1.0,,,0.0,3.9,False
관리회계BI_조직.csv,지점코드,조직코드관리.csv,지부코드,0.75,0,AAAAAA,7.0,,,0.0,84.52,0,AAAAA,4.0,,,0.0,14.76,False
관리회계BI_조직.csv,지점코드,조직코드관리.csv,지점코드,1.0,0,AAAAAA,7.0,,,0.0,84.52,0,AAAAAA,5.0,,,0.0,77.14,False
관리회계BI_조직.csv,지점코드,택배BI_조직.csv,지부코드,0.75,0,AAAAAA,7.0,,,0.0,84.52,0,AAAAA,3.0,,,0.37,0.63,False
관리회계BI_조직.csv,지점코드,택배BI_조직.csv,지점코드,1.0,0,AAAAAA,7.0,,,0.0,84.52,0,AAAAAAA,3.0,,,0.04,2.19,False
관리회계BI_조직.csv,지점명,관리회계BI_조직.csv,지점명,1.0,0,KKKKKK,75.0,,Text,0.0,83.57,0,KKKKKK,75.0,,Text,0.0,83.57,True
관리회계BI_조직.csv,지점명,관리회계QLIK_조직.csv,지점명,1.0,0,KKKKKK,75.0,,Text,0.0,83.57,0,KKKKKK,63.0,,Text,0.25,83.12,False
관리회계BI_조직.csv,지점명,조직코드관리.csv,지점명,1.0,0,KKKKKK,75.0,,Text,0.0,83.57,0,KKKKKK,59.0,,Text,0.0,78.33,False
관리회계BI_조직.csv,지점명,택배BI_조직.csv,지점명,1.0,0,KKKKKK,75.0,,Text,0.0,83.57,0,KK,7.0,,,0.41,1.94,False
관리회계BI_조직.csv,팀센터코드,계약마스터.csv,팀코드,0.75,1,AAAAAA,7.0,,UNIQUE,0.0,100.0,0,AAAAA,3.0,,,0.0,0.95,False
관리회계BI_조직.csv,팀센터코드,관리회계BI_조직.csv,팀센터코드,1.0,1,AAAAAA,7.0,,UNIQUE,0.0,100.0,1,AAAAAA,7.0,,UNIQUE,0.0,100.0,True
관리회계BI_조직.csv,팀센터코드,수입관리점소.csv,센터코드,0.8889,1,AAAAAA,7.0,,UNIQUE,0.0,100.0,0,nnnnnn,1.0,,,14.53,59.8,False
관리회계BI_조직.csv,팀센터코드,영업소.csv,집하센터코드,0.7273,1,AAAAAA,7.0,,UNIQUE,0.0,100.0,0,nnn,1.0,,,0.68,2.76,False
관리회계BI_조직.csv,팀센터코드,조직코드관리.csv,팀센터코드,1.0,1,AAAAAA,7.0,,UNIQUE,0.0,100.0,1,AAAAAA,7.0,,UNIQUE,0.0,100.0,False
관리회계BI_조직.csv,팀센터명,관리회계BI_조직.csv,팀센터명,1.0,0,KKKKKK,89.0,,Text,0.0,98.81,0,KKKKKK,89.0,,Text,0.0,98.81,True
관리회계BI_조직.csv,팀센터명,조직코드관리.csv,팀센터명,1.0,0,KKKKKK,89.0,,Text,0.0,98.81,0,KKKKKK,80.0,,Text,0.0,99.05,False
관리회계BI_조직.csv,귀속부서조직코드,관리회계BI_조직.csv,귀속부서조직코드,1.0,1,AAAAAA,7.0,,UNIQUE,0.0,100.0,1,AAAAAA,7.0,,UNIQUE,0.0,100.0,True
관리회계BI_조직.csv,귀속부서조직코드,관리회계BI_조직.csv,귀속부서조직명,0.8,1,AAAAAA,7.0,,UNIQUE,0.0,100.0,0,KKKKKK,89.0,,Text,0.0,98.81,False
관리회계BI_조직.csv,귀속부서조직코드,관리회계QLIK_조직.csv,귀속부서조직코드,1.0,1,AAAAAA,7.0,,UNIQUE,0.0,100.0,1,AAAAAA,6.0,,UNIQUE,0.25,100.0,False
관리회계BI_조직.csv,귀속부서조직코드,관리회계QLIK_조직.csv,귀속부서조직명,0.8,1,AAAAAA,7.0,,UNIQUE,0.0,100.0,0,KKKKKK,75.0,,Text,0.25,99.75,False
관리회계BI_조직.csv,귀속부서조직코드,관리회계_조직.csv,부서조직코드,0.8571,1,AAAAAA,7.0,,UNIQUE,0.0,100.0,1,AAAAAA,7.0,,UNIQUE,0.0,100.0,False
관리회계BI_조직.csv,귀속부서조직코드,관리회계_조직.csv,상위부서조직코드,0.75,1,AAAAAA,7.0,,UNIQUE,0.0,100.0,0,AAAAA,4.0,,,0.24,22.67,False
관리회계BI_조직.csv,귀속부서조직코드,관리회계_조직_test.csv,귀속부서조직코드,1.0,1,AAAAAA,7.0,,UNIQUE,0.0,100.0,0,AAAAAA,7.0,,,0.0,91.67,False
관리회계BI_조직.csv,귀속부서조직코드,관리회계_조직_test.csv,귀속부서조직명,0.8,1,AAAAAA,7.0,,UNIQUE,0.0,100.0,0,KKKKKKKKKn,6.0,,,33.33,87.5,False
관리회계BI_조직.csv,귀속부서조직코드,관리회계_조직_test.csv,상위귀속부서조직코드,0.8889,1,AAAAAA,7.0,,UNIQUE,0.0,100.0,0,AAAAA,7.0,,,8.33,90.91,False
관리회계BI_조직.csv,귀속부서조직코드,관리회계_조직그룹.csv,귀속부서조직GROUP코드,0.7619,1,AAAAAA,7.0,,UNIQUE,0.0,100.0,0,AAsAAAAA,4.0,,,0.0,100.0,False
관리회계BI_조직.csv,귀속부서조직코드,관리회계_조직그룹상세.csv,귀속부서조직GROUP코드,0.7619,1,AAAAAA,7.0,,UNIQUE,0.0,100.0,0,AAsAA,4.0,,,0.0,2.58,False
관리회계BI_조직.csv,귀속부서조직코드,관리회계_조직그룹상세.csv,귀속부서조직코드,1.0,1,AAAAAA,7.0,,UNIQUE,0.0,100.0,0,AAAAAA,4.0,,,0.0,80.8,False
관리회계BI_조직.csv,귀속부서조직코드,사원기본.csv,소속조직코드,0.7143,1,AAAAAA,7.0,,UNIQUE,0.0,100.0,0,nnnn,7.0,,,0.0,17.28,False
관리회계BI_조직.csv,귀속부서조직코드,원가인명정보.csv,귀속부서조직코드,1.0,1,AAAAAA,7.0,,UNIQUE,0.0,100.0,0,AAAAAA,5.0,,,0.0,3.41,False
관리회계BI_조직.csv,귀속부서조직명,관리회계BI_조직.csv,귀속부서조직코드,0.8,0,KKKKKK,89.0,,Text,0.0,98.81,1,AAAAAA,7.0,,UNIQUE,0.0,100.0,False
관리회계BI_조직.csv,귀속부서조직명,관리회계BI_조직.csv,귀속부서조직명,1.0,0,KKKKKK,89.0,,Text,0.0,98.81,0,KKKKKK,89.0,,Text,0.0,98.81,True
관리회계BI_조직.csv,귀속부서조직명,관리회계QLIK_조직.csv,귀속부서조직코드,0.8,0,KKKKKK,89.0,,Text,0.0,98.81,1,AAAAAA,6.0,,UNIQUE,0.25,100.0,False
관리회계BI_조직.csv,귀속부서조직명,관리회계QLIK_조직.csv,귀속부서조직명,1.0,0,KKKKKK,89.0,,Text,0.0,98.81,0,KKKKKK,75.0,,Text,0.25,99.75,False
관리회계BI_조직.csv,귀속부서조직명,관리회계_조직.csv,부서조직명,0.8333,0,KKKKKK,89.0,,Text,0.0,98.81,0,KKKKKK,86.0,,Text,0.0,98.33,False
관리회계BI_조직.csv,귀속부서조직명,관리회계_조직_test.csv,귀속부서조직코드,0.8,0,KKKKKK,89.0,,Text,0.0,98.81,0,AAAAAA,7.0,,,0.0,91.67,False
관리회계BI_조직.csv,귀속부서조직명,관리회계_조직_test.csv,귀속부서조직명,1.0,0,KKKKKK,89.0,,Text,0.0,98.81,0,KKKKKKKKKn,6.0,,,33.33,87.5,False
관리회계BI_조직.csv,귀속부서조직명,관리회계_조직_test.csv,상위귀속부서조직코드,0.7059,0,KKKKKK,89.0,,Text,0.0,98.81,0,AAAAA,7.0,,,8.33,90.91,False
관리회계BI_조직.csv,귀속부서조직명,관리회계_조직그룹.csv,귀속부서조직GROUP명,0.7368,0,KKKKKK,89.0,,Text,0.0,98.81,0,KKKKK,9.0,,,0.0,100.0,False
관리회계BI_조직.csv,귀속부서조직명,관리회계_조직그룹상세.csv,귀속부서조직코드,0.8,0,KKKKKK,89.0,,Text,0.0,98.81,0,AAAAAA,4.0,,,0.0,80.8,False
관리회계BI_조직.csv,귀속부서조직명,원가인명정보.csv,귀속부서조직코드,0.8,0,KKKKKK,89.0,,Text,0.0,98.81,0,AAAAAA,5.0,,,0.0,3.41,False
관리회계BI_조직.csv,최초생성자ID,계약마스터.csv,최초생성자ID,1.0,0,aaaaa,1.0,,SINGLE VALUE,0.0,0.24,0,aaa,1.0,,SINGLE VALUE,0.0,0.01,False
관리회계BI_조직.csv,최초생성자ID,계정과목코드.csv,최초생성자ID,1.0,0,aaaaa,1.0,,SINGLE VALUE,0.0,0.24,0,aaaaa,1.0,,SINGLE VALUE,0.0,0.24,False
관리회계BI_조직.csv,최초생성자ID,계정코드관리.csv,최초생성자ID,1.0,0,aaaaa,1.0,,SINGLE VALUE,0.0,0.24,0,aaaaa,1.0,,SINGLE VALUE,0.0,0.3,False
관리회계BI_조직.csv,최초생성자ID,관리회계BI_계정.csv,최초생성자ID,1.0,0,aaaaa,1.0,,SINGLE VALUE,0.0,0.24,0,aaaaa,1.0,,SINGLE VALUE,0.0,0.29,False
관리회계BI_조직.csv,최초생성자ID,관리회계BI_사업.csv,최초생성자ID,1.0,0,aaaaa,1.0,,SINGLE VALUE,0.0,0.24,0,aaaaa,1.0,,SINGLE VALUE,0.0,0.48,False
관리회계BI_조직.csv,최초생성자ID,관리회계BI_조직.csv,최초생성자ID,1.0,0,aaaaa,1.0,,SINGLE VALUE,0.0,0.24,0,aaaaa,1.0,,SINGLE VALUE,0.0,0.24,True
관리회계BI_조직.csv,최초생성자ID,관리회계_계정그룹.csv,최초생성자ID,1.0,0,aaaaa,1.0,,SINGLE VALUE,0.0,0.24,0,aaaaa,2.0,,,0.0,66.67,False
관리회계BI_조직.csv,최초생성자ID,관리회계_계정그룹상세.csv,최초생성자ID,1.0,0,aaaaa,1.0,,SINGLE VALUE,0.0,0.24,0,aaaaa,1.0,,,0.0,2.15,False
관리회계BI_조직.csv,최초생성자ID,관리회계_고객.csv,최초생성자ID,1.0,0,aaaaa,1.0,,SINGLE VALUE,0.0,0.24,0,AAAAA,5.0,,,0.13,0.08,False
관리회계BI_조직.csv,최초생성자ID,관리회계_공통코드.csv,최초생성자ID,1.0,0,aaaaa,1.0,,SINGLE VALUE,0.0,0.24,0,aaaaaa,2.0,,,52.63,5.56,False
관리회계BI_조직.csv,최초생성자ID,관리회계_분류공통코드.csv,최초생성자ID,1.0,0,aaaaa,1.0,,SINGLE VALUE,0.0,0.24,0,aaaaaa,3.0,,,50.0,23.08,False
관리회계BI_조직.csv,최초생성자ID,관리회계_사업.csv,최초생성자ID,1.0,0,aaaaa,1.0,,SINGLE VALUE,0.0,0.24,0,aaaaa,1.0,,SINGLE VALUE,0.0,0.24,False
관리회계BI_조직.csv,최초생성자ID,관리회계_조직.csv,최초생성자ID,1.0,0,aaaaa,1.0,,SINGLE VALUE,0.0,0.24,0,aaaaa,1.0,,SINGLE VALUE,0.0,0.24,False
관리회계BI_조직.csv,최초생성자ID,관리회계_조직_test.csv,최초생성자ID,1.0,0,aaaaa,1.0,,SINGLE VALUE,0.0,0.24,0,aaaaa,1.0,,,33.33,12.5,False
관리회계BI_조직.csv,최초생성자ID,관리회계_조직그룹.csv,최초생성자ID,1.0,0,aaaaa,1.0,,SINGLE VALUE,0.0,0.24,0,aaaaa,1.0,,,0.0,10.0,False
관리회계BI_조직.csv,최초생성자ID,관리회계_조직그룹상세.csv,최초생성자ID,1.0,0,aaaaa,1.0,,SINGLE VALUE,0.0,0.24,0,aaaaa,1.0,,SINGLE VALUE,0.0,0.29,False
관리회계BI_조직.csv,최초생성자ID,관리회계계정.csv,최초생성자ID,1.0,0,aaaaa,1.0,,SINGLE VALUE,0.0,0.24,0,aaaaa,1.0,,SINGLE VALUE,0.0,0.24,False
관리회계BI_조직.csv,최초생성자ID,법인정보.csv,최초생성자ID,1.0,0,aaaaa,1.0,,SINGLE VALUE,0.0,0.24,0,AAAAA,5.0,,,0.0,0.08,False
관리회계BI_조직.csv,최초생성자ID,사업코드관리.csv,최초생성자ID,1.0,0,aaaaa,1.0,,SINGLE VALUE,0.0,0.24,0,aaaaa,1.0,,SINGLE VALUE,0.0,0.29,False
관리회계BI_조직.csv,최초생성자ID,원가인명정보.csv,최초생성자ID,1.0,0,aaaaa,1.0,,SINGLE VALUE,0.0,0.24,0,aaaaa,3.0,,,6.02,0.04,False
관리회계BI_조직.csv,최종갱신자ID,계정과목코드.csv,최종갱신자ID,1.0,0,aaaaa,1.0,,SINGLE VALUE,0.0,0.24,0,aaaaa,1.0,,SINGLE VALUE,0.0,0.24,False
관리회계BI_조직.csv,최종갱신자ID,관리회계BI_계정.csv,최종갱신자ID,1.0,0,aaaaa,1.0,,SINGLE VALUE,0.0,0.24,0,aaaaa,1.0,,SINGLE VALUE,0.0,0.29,False
관리회계BI_조직.csv,최종갱신자ID,관리회계BI_사업.csv,최종갱신자ID,1.0,0,aaaaa,1.0,,SINGLE VALUE,0.0,0.24,0,aaaaa,1.0,,SINGLE VALUE,0.0,0.48,False
관리회계BI_조직.csv,최종갱신자ID,관리회계BI_조직.csv,최종갱신자ID,1.0,0,aaaaa,1.0,,SINGLE VALUE,0.0,0.24,0,aaaaa,1.0,,SINGLE VALUE,0.0,0.24,True
관리회계BI_조직.csv,최종갱신자ID,관리회계_계정그룹.csv,최종갱신자ID,1.0,0,aaaaa,1.0,,SINGLE VALUE,0.0,0.24,0,aaaaa,2.0,,,0.0,66.67,False
관리회계BI_조직.csv,최종갱신자ID,관리회계_계정그룹상세.csv,최종갱신자ID,1.0,0,aaaaa,1.0,,SINGLE VALUE,0.0,0.24,0,aaaaa,1.0,,,0.0,2.15,False
관리회계BI_조직.csv,최종갱신자ID,관리회계_고객.csv,최종갱신자ID,1.0,0,aaaaa,1.0,,SINGLE VALUE,0.0,0.24,0,AAAAA,5.0,,,0.07,0.08,False
관리회계BI_조직.csv,최종갱신자ID,관리회계_공통코드.csv,최종갱신자ID,1.0,0,aaaaa,1.0,,SINGLE VALUE,0.0,0.24,0,aaaaaa,3.0,,,49.12,6.9,False
관리회계BI_조직.csv,최종갱신자ID,관리회계_분류공통코드.csv,최종갱신자ID,1.0,0,aaaaa,1.0,,SINGLE VALUE,0.0,0.24,0,aaaaaa,2.0,,,50.0,15.38,False
관리회계BI_조직.csv,최종갱신자ID,관리회계_사업.csv,최종갱신자ID,1.0,0,aaaaa,1.0,,SINGLE VALUE,0.0,0.24,0,aaaaa,1.0,,SINGLE VALUE,0.0,0.24,False
관리회계BI_조직.csv,최종갱신자ID,관리회계_조직.csv,최종갱신자ID,1.0,0,aaaaa,1.0,,SINGLE VALUE,0.0,0.24,0,aaaaa,1.0,,SINGLE VALUE,0.0,0.24,False
관리회계BI_조직.csv,최종갱신자ID,관리회계_조직_test.csv,최종갱신자ID,1.0,0,aaaaa,1.0,,SINGLE VALUE,0.0,0.24,0,aaaaa,1.0,,,33.33,12.5,False
관리회계BI_조직.csv,최종갱신자ID,관리회계_조직그룹.csv,최종갱신자ID,1.0,0,aaaaa,1.0,,SINGLE VALUE,0.0,0.24,0,aaaaa,1.0,,,0.0,10.0,False
관리회계BI_조직.csv,최종갱신자ID,관리회계_조직그룹상세.csv,최종갱신자ID,1.0,0,aaaaa,1.0,,SINGLE VALUE,0.0,0.24,0,aaaaa,1.0,,SINGLE VALUE,0.0,0.29,False
관리회계BI_조직.csv,최종갱신자ID,관리회계계정.csv,최종갱신자ID,1.0,0,aaaaa,1.0,,SINGLE VALUE,0.0,0.24,0,aaaaa,1.0,,SINGLE VALUE,0.0,0.24,False
관리회계BI_조직.csv,최종갱신자ID,법인정보.csv,최종갱신자ID,1.0,0,aaaaa,1.0,,SINGLE VALUE,0.0,0.24,0,AAAAA,6.0,,,0.0,0.07,False
관리회계BI_조직.csv,최종갱신자ID,원가인명정보.csv,최종갱신자ID,1.0,0,aaaaa,1.0,,SINGLE VALUE,0.0,0.24,0,aaaaa,4.0,,,6.01,0.05,False
관리회계QLIK_조직.csv,귀속부서조직코드,관리회계BI_조직.csv,귀속부서조직코드,1.0,1,AAAAAA,6.0,,UNIQUE,0.25,100.0,1,AAAAAA,7.0,,UNIQUE,0.0,100.0,False
관리회계QLIK_조직.csv,귀속부서조직코드,관리회계BI_조직.csv,귀속부서조직명,0.8,1,AAAAAA,6.0,,UNIQUE,0.25,100.0,0,KKKKKK,89.0,,Text,0.0,98.81,False
관리회계QLIK_조직.csv,귀속부서조직코드,관리회계QLIK_조직.csv,귀속부서조직코드,1.0,1,AAAAAA,6.0,,UNIQUE,0.25,100.0,1,AAAAAA,6.0,,UNIQUE,0.25,100.0,True
관리회계QLIK_조직.csv,귀속부서조직코드,관리회계QLIK_조직.csv,귀속부서조직명,0.8,1,AAAAAA,6.0,,UNIQUE,0.25,100.0,0,KKKKKK,75.0,,Text,0.25,99.75,False
관리회계QLIK_조직.csv,귀속부서조직코드,관리회계_조직.csv,부서조직코드,0.8571,1,AAAAAA,6.0,,UNIQUE,0.25,100.0,1,AAAAAA,7.0,,UNIQUE,0.0,100.0,False
관리회계QLIK_조직.csv,귀속부서조직코드,관리회계_조직.csv,상위부서조직코드,0.75,1,AAAAAA,6.0,,UNIQUE,0.25,100.0,0,AAAAA,4.0,,,0.24,22.67,False
관리회계QLIK_조직.csv,귀속부서조직코드,관리회계_조직_test.csv,귀속부서조직코드,1.0,1,AAAAAA,6.0,,UNIQUE,0.25,100.0,0,AAAAAA,7.0,,,0.0,91.67,False
관리회계QLIK_조직.csv,귀속부서조직코드,관리회계_조직_test.csv,귀속부서조직명,0.8,1,AAAAAA,6.0,,UNIQUE,0.25,100.0,0,KKKKKKKKKn,6.0,,,33.33,87.5,False
관리회계QLIK_조직.csv,귀속부서조직코드,관리회계_조직_test.csv,상위귀속부서조직코드,0.8889,1,AAAAAA,6.0,,UNIQUE,0.25,100.0,0,AAAAA,7.0,,,8.33,90.91,False
관리회계QLIK_조직.csv,귀속부서조직코드,관리회계_조직그룹.csv,귀속부서조직GROUP코드,0.7619,1,AAAAAA,6.0,,UNIQUE,0.25,100.0,0,AAsAAAAA,4.0,,,0.0,100.0,False
관리회계QLIK_조직.csv,귀속부서조직코드,관리회계_조직그룹상세.csv,귀속부서조직GROUP코드,0.7619,1,AAAAAA,6.0,,UNIQUE,0.25,100.0,0,AAsAA,4.0,,,0.0,2.58,False
관리회계QLIK_조직.csv,귀속부서조직코드,관리회계_조직그룹상세.csv,귀속부서조직코드,1.0,1,AAAAAA,6.0,,UNIQUE,0.25,100.0,0,AAAAAA,4.0,,,0.0,80.8,False
관리회계QLIK_조직.csv,귀속부서조직코드,사원기본.csv,소속조직코드,0.7143,1,AAAAAA,6.0,,UNIQUE,0.25,100.0,0,nnnn,7.0,,,0.0,17.28,False
관리회계QLIK_조직.csv,귀속부서조직코드,원가인명정보.csv,귀속부서조직코드,1.0,1,AAAAAA,6.0,,UNIQUE,0.25,100.0,0,AAAAAA,5.0,,,0.0,3.41,False
관리회계QLIK_조직.csv,귀속부서조직명,관리회계BI_조직.csv,귀속부서조직코드,0.8,0,KKKKKK,75.0,,Text,0.25,99.75,1,AAAAAA,7.0,,UNIQUE,0.0,100.0,False
관리회계QLIK_조직.csv,귀속부서조직명,관리회계BI_조직.csv,귀속부서조직명,1.0,0,KKKKKK,75.0,,Text,0.25,99.75,0,KKKKKK,89.0,,Text,0.0,98.81,False
관리회계QLIK_조직.csv,귀속부서조직명,관리회계QLIK_조직.csv,귀속부서조직코드,0.8,0,KKKKKK,75.0,,Text,0.25,99.75,1,AAAAAA,6.0,,UNIQUE,0.25,100.0,False
관리회계QLIK_조직.csv,귀속부서조직명,관리회계QLIK_조직.csv,귀속부서조직명,1.0,0,KKKKKK,75.0,,Text,0.25,99.75,0,KKKKKK,75.0,,Text,0.25,99.75,True
관리회계QLIK_조직.csv,귀속부서조직명,관리회계_조직.csv,부서조직명,0.8333,0,KKKKKK,75.0,,Text,0.25,99.75,0,KKKKKK,86.0,,Text,0.0,98.33,False
관리회계QLIK_조직.csv,귀속부서조직명,관리회계_조직_test.csv,귀속부서조직코드,0.8,0,KKKKKK,75.0,,Text,0.25,99.75,0,AAAAAA,7.0,,,0.0,91.67,False
관리회계QLIK_조직.csv,귀속부서조직명,관리회계_조직_test.csv,귀속부서조직명,1.0,0,KKKKKK,75.0,,Text,0.25,99.75,0,KKKKKKKKKn,6.0,,,33.33,87.5,False
관리회계QLIK_조직.csv,귀속부서조직명,관리회계_조직_test.csv,상위귀속부서조직코드,0.7059,0,KKKKKK,75.0,,Text,0.25,99.75,0,AAAAA,7.0,,,8.33,90.91,False
관리회계QLIK_조직.csv,귀속부서조직명,관리회계_조직그룹.csv,귀속부서조직GROUP명,0.7368,0,KKKKKK,75.0,,Text,0.25,99.75,0,KKKKK,9.0,,,0.0,100.0,False
관리회계QLIK_조직.csv,귀속부서조직명,관리회계_조직그룹상세.csv,귀속부서조직코드,0.8,0,KKKKKK,75.0,,Text,0.25,99.75,0,AAAAAA,4.0,,,0.0,80.8,False
관리회계QLIK_조직.csv,귀속부서조직명,원가인명정보.csv,귀속부서조직코드,0.8,0,KKKKKK,75.0,,Text,0.25,99.75,0,AAAAAA,5.0,,,0.0,3.41,False
관리회계QLIK_조직.csv,지점코드,관리회계BI_조직.csv,지부코드,0.75,0,AAAAAA,6.0,,,0.25,83.38,0,AAAAA,4.0,,,0.0,15.24,False
관리회계QLIK_조직.csv,지점코드,관리회계BI_조직.csv,지점코드,1.0,0,AAAAAA,6.0,,,0.25,83.38,0,AAAAAA,7.0,,,0.0,84.52,False
관리회계QLIK_조직.csv,지점코드,관리회계QLIK_조직.csv,지점코드,1.0,0,AAAAAA,6.0,,,0.25,83.38,0,AAAAAA,6.0,,,0.25,83.38,True
관리회계QLIK_조직.csv,지점코드,관리회계QLIK_조직.csv,지부코드,0.75,0,AAAAAA,6.0,,,0.25,83.38,0,AAAAA,3.0,,,0.25,13.6,False
관리회계QLIK_조직.csv,지점코드,사용자.csv,점소코드,0.75,0,AAAAAA,6.0,,,0.25,83.38,0,nnnn,1.0,,,0.0,3.9,False
관리회계QLIK_조직.csv,지점코드,조직코드관리.csv,지부코드,0.75,0,AAAAAA,6.0,,,0.25,83.38,0,AAAAA,4.0,,,0.0,14.76,False
관리회계QLIK_조직.csv,지점코드,조직코드관리.csv,지점코드,1.0,0,AAAAAA,6.0,,,0.25,83.38,0,AAAAAA,5.0,,,0.0,77.14,False
관리회계QLIK_조직.csv,지점코드,택배BI_조직.csv,지부코드,0.75,0,AAAAAA,6.0,,,0.25,83.38,0,AAAAA,3.0,,,0.37,0.63,False
관리회계QLIK_조직.csv,지점코드,택배BI_조직.csv,지점코드,1.0,0,AAAAAA,6.0,,,0.25,83.38,0,AAAAAAA,3.0,,,0.04,2.19,False
관리회계QLIK_조직.csv,지점명,관리회계BI_조직.csv,지점명,1.0,0,KKKKKK,63.0,,Text,0.25,83.12,0,KKKKKK,75.0,,Text,0.0,83.57,False
관리회계QLIK_조직.csv,지점명,관리회계QLIK_조직.csv,지점명,1.0,0,KKKKKK,63.0,,Text,0.25,83.12,0,KKKKKK,63.0,,Text,0.25,83.12,True
관리회계QLIK_조직.csv,지점명,조직코드관리.csv,지점명,1.0,0,KKKKKK,63.0,,Text,0.25,83.12,0,KKKKKK,59.0,,Text,0.0,78.33,False
관리회계QLIK_조직.csv,지점명,택배BI_조직.csv,지점명,1.0,0,KKKKKK,63.0,,Text,0.25,83.12,0,KK,7.0,,,0.41,1.94,False
관리회계QLIK_조직.csv,지부코드,관리회계BI_조직.csv,본부코드,0.75,0,AAAAA,3.0,,,0.25,13.6,0,AAAAA,3.0,,,0.0,1.67,False
관리회계QLIK_조직.csv,지부코드,관리회계BI_조직.csv,지부코드,1.0,0,AAAAA,3.0,,,0.25,13.6,0,AAAAA,4.0,,,0.0,15.24,False
관리회계QLIK_조직.csv,지부코드,관리회계BI_조직.csv,지점코드,0.75,0,AAAAA,3.0,,,0.25,13.6,0,AAAAAA,7.0,,,0.0,84.52,False
관리회계QLIK_조직.csv,지부코드,관리회계QLIK_조직.csv,지점코드,0.75,0,AAAAA,3.0,,,0.25,13.6,0,AAAAAA,6.0,,,0.25,83.38,False
관리회계QLIK_조직.csv,지부코드,관리회계QLIK_조직.csv,지부코드,1.0,0,AAAAA,3.0,,,0.25,13.6,0,AAAAA,3.0,,,0.25,13.6,True
관리회계QLIK_조직.csv,지부코드,관리회계QLIK_조직.csv,본부코드,0.75,0,AAAAA,3.0,,,0.25,13.6,0,AAAAA,2.0,,,0.25,1.51,False
관리회계QLIK_조직.csv,지부코드,조직코드관리.csv,본부코드,0.75,0,AAAAA,3.0,,,0.25,13.6,0,AAAAA,2.0,,,0.0,1.43,False
관리회계QLIK_조직.csv,지부코드,조직코드관리.csv,지부코드,1.0,0,AAAAA,3.0,,,0.25,13.6,0,AAAAA,4.0,,,0.0,14.76,False
관리회계QLIK_조직.csv,지부코드,조직코드관리.csv,지점코드,0.75,0,AAAAA,3.0,,,0.25,13.6,0,AAAAAA,5.0,,,0.0,77.14,False
관리회계QLIK_조직.csv,지부코드,택배BI_조직.csv,지부코드,1.0,0,AAAAA,3.0,,,0.25,13.6,0,AAAAA,3.0,,,0.37,0.63,False
관리회계QLIK_조직.csv,지부코드,택배BI_조직.csv,지점코드,0.75,0,AAAAA,3.0,,,0.25,13.6,0,AAAAAAA,3.0,,,0.04,2.19,False
관리회계QLIK_조직.csv,지부명,관리회계BI_조직.csv,지부명,1.0,0,KKKKK,13.0,,,0.25,13.6,0,KKKKK,16.0,,,0.0,15.0,False
관리회계QLIK_조직.csv,지부명,관리회계QLIK_조직.csv,지부명,1.0,0,KKKKK,13.0,,,0.25,13.6,0,KKKKK,13.0,,,0.25,13.6,True
관리회계QLIK_조직.csv,지부명,조직코드관리.csv,지부명,1.0,0,KKKKK,13.0,,,0.25,13.6,0,KKKKK,12.0,,,0.0,14.52,False
관리회계QLIK_조직.csv,지부명,택배BI_조직.csv,지부명,1.0,0,KKKKK,13.0,,,0.25,13.6,0,KKKKKKK,6.0,,,0.37,0.63,False
관리회계QLIK_조직.csv,본부코드,관리회계BI_조직.csv,본부코드,1.0,0,AAAAA,2.0,,,0.25,1.51,0,AAAAA,3.0,,,0.0,1.67,False
관리회계QLIK_조직.csv,본부코드,관리회계BI_조직.csv,지부코드,0.75,0,AAAAA,2.0,,,0.25,1.51,0,AAAAA,4.0,,,0.0,15.24,False
관리회계QLIK_조직.csv,본부코드,관리회계QLIK_조직.csv,지부코드,0.75,0,AAAAA,2.0,,,0.25,1.51,0,AAAAA,3.0,,,0.25,13.6,False
관리회계QLIK_조직.csv,본부코드,관리회계QLIK_조직.csv,본부코드,1.0,0,AAAAA,2.0,,,0.25,1.51,0,AAAAA,2.0,,,0.25,1.51,True
관리회계QLIK_조직.csv,본부코드,조직코드관리.csv,본부코드,1.0,0,AAAAA,2.0,,,0.25,1.51,0,AAAAA,2.0,,,0.0,1.43,False
관리회계QLIK_조직.csv,본부코드,조직코드관리.csv,지부코드,0.75,0,AAAAA,2.0,,,0.25,1.51,0,AAAAA,4.0,,,0.0,14.76,False
관리회계QLIK_조직.csv,본부코드,택배BI_조직.csv,사업본부코드,0.8,0,AAAAA,2.0,,,0.25,1.51,0,AAAAA,2.0,,,0.67,0.11,False
관리회계QLIK_조직.csv,본부코드,택배BI_조직.csv,지부코드,0.75,0,AAAAA,2.0,,,0.25,1.51,0,AAAAA,3.0,,,0.37,0.63,False
관리회계QLIK_조직.csv,본부명,관리회계BI_조직.csv,본부명,1.0,0,KK,4.0,,,4.77,1.32,0,KKKKKK,5.0,,,0.0,1.67,False
관리회계QLIK_조직.csv,본부명,관리회계QLIK_조직.csv,본부명,1.0,0,KK,4.0,,,4.77,1.32,0,KK,4.0,,,4.77,1.32,True
관리회계QLIK_조직.csv,본부명,조직코드관리.csv,본부명,1.0,0,KK,4.0,,,4.77,1.32,0,KKKKKK,4.0,,,0.0,1.43,False
관리회계QLIK_조직.csv,본부명,택배BI_조직.csv,사업본부명,0.75,0,KK,4.0,,,4.77,1.32,0,KKKKKK,2.0,,,0.74,0.07,False
관리회계QLIK_조직.csv,본부명_Org,관리회계QLIK_조직.csv,본부명_Org,1.0,0,KKKKKK,4.0,,,0.25,1.51,0,KKKKKK,4.0,,,0.25,1.51,True
관리회계_계정그룹.csv,배부계정GROUP코드,관리회계_계정그룹.csv,배부계정GROUP코드,1.0,0,AAsnnnn,1.0,,,0.0,100.0,0,AAsnnnn,1.0,,,0.0,100.0,True
관리회계_계정그룹.csv,배부계정GROUP코드,관리회계_계정그룹.csv,배부계정GROUP명,0.8571,0,AAsnnnn,1.0,,,0.0,100.0,0,KKKKK,2.0,,,0.0,100.0,False
관리회계_계정그룹.csv,배부계정GROUP코드,관리회계_계정그룹상세.csv,배부계정GROUP코드,1.0,0,AAsnnnn,1.0,,,0.0,100.0,0,AAsnnnn,1.0,,,0.0,3.23,False
관리회계_계정그룹.csv,배부계정GROUP명,관리회계_계정그룹.csv,배부계정GROUP코드,0.8571,0,KKKKK,2.0,,,0.0,100.0,0,AAsnnnn,1.0,,,0.0,100.0,False
관리회계_계정그룹.csv,배부계정GROUP명,관리회계_계정그룹.csv,배부계정GROUP명,1.0,0,KKKKK,2.0,,,0.0,100.0,0,KKKKK,2.0,,,0.0,100.0,True
관리회계_계정그룹.csv,배부계정GROUP명,관리회계_계정그룹상세.csv,배부계정GROUP코드,0.8571,0,KKKKK,2.0,,,0.0,100.0,0,AAsnnnn,1.0,,,0.0,3.23,False
관리회계_계정그룹.csv,정렬순서,계정코드관리.csv,정렬순서,1.0,0,nn,1.0,,,0.0,100.0,1,nnnn,3.0,,UNIQUE,0.0,100.0,False
관리회계_계정그룹.csv,정렬순서,관리회계_계정그룹.csv,정렬순서,1.0,0,nn,1.0,,,0.0,100.0,0,nn,1.0,,,0.0,100.0,True
관리회계_계정그룹.csv,정렬순서,관리회계_계정그룹상세.csv,정렬순서,1.0,0,nn,1.0,,,0.0,100.0,1,nnn,2.0,,UNIQUE,1.08,100.0,False
관리회계_계정그룹.csv,정렬순서,관리회계_공통코드.csv,정렬순서,1.0,0,nn,1.0,,,0.0,100.0,0,nn,3.0,,,5.26,25.0,False
관리회계_계정그룹.csv,정렬순서,관리회계_사업.csv,정렬순서,1.0,0,nn,1.0,,,0.0,100.0,1,nnnn,3.0,,UNIQUE,0.0,100.0,False
관리회계_계정그룹.csv,정렬순서,관리회계_조직.csv,정렬순서,1.0,0,nn,1.0,,,0.0,100.0,1,nnnn,3.0,,UNIQUE,0.0,100.0,False
관리회계_계정그룹.csv,정렬순서,관리회계_조직_test.csv,정렬순서,1.0,0,nn,1.0,,,0.0,100.0,0,nnnn,2.0,,,33.33,37.5,False
관리회계_계정그룹.csv,정렬순서,관리회계_조직그룹.csv,정렬순서,1.0,0,nn,1.0,,,0.0,100.0,0,nn,2.0,,,0.0,100.0,False
관리회계_계정그룹.csv,정렬순서,관리회계_조직그룹상세.csv,정렬순서,1.0,0,nn,1.0,,,0.0,100.0,1,nnnn,3.0,,UNIQUE,0.0,100.0,False
관리회계_계정그룹.csv,정렬순서,관리회계계정.csv,정렬순서,1.0,0,nn,1.0,,,0.0,100.0,1,nnnn,3.0,,UNIQUE,0.0,100.0,False
관리회계_계정그룹.csv,정렬순서,사업코드관리.csv,정렬순서,1.0,0,nn,1.0,,,0.0,100.0,1,nnnn,3.0,,UNIQUE,0.0,100.0,False
관리회계_계정그룹.csv,정렬순서,조직코드관리.csv,정렬순서,1.0,0,nn,1.0,,,0.0,100.0,1,nnnn,3.0,,UNIQUE,0.0,100.0,False
관리회계_계정그룹.csv,정렬순서,택배_조직도.csv,정렬순서,1.0,0,nn,1.0,,,0.0,100.0,0,n,2.0,,,97.84,15.66,False
관리회계_계정그룹.csv,최초생성자ID,계약마스터.csv,최초생성자ID,1.0,0,aaaaa,2.0,,,0.0,66.67,0,aaa,1.0,,SINGLE VALUE,0.0,0.01,False
관리회계_계정그룹.csv,최초생성자ID,계정과목코드.csv,최초생성자ID,1.0,0,aaaaa,2.0,,,0.0,66.67,0,aaaaa,1.0,,SINGLE VALUE,0.0,0.24,False
관리회계_계정그룹.csv,최초생성자ID,계정코드관리.csv,최초생성자ID,1.0,0,aaaaa,2.0,,,0.0,66.67,0,aaaaa,1.0,,SINGLE VALUE,0.0,0.3,False
관리회계_계정그룹.csv,최초생성자ID,관리회계BI_계정.csv,최초생성자ID,1.0,0,aaaaa,2.0,,,0.0,66.67,0,aaaaa,1.0,,SINGLE VALUE,0.0,0.29,False
관리회계_계정그룹.csv,최초생성자ID,관리회계BI_사업.csv,최초생성자ID,1.0,0,aaaaa,2.0,,,0.0,66.67,0,aaaaa,1.0,,SINGLE VALUE,0.0,0.48,False
관리회계_계정그룹.csv,최초생성자ID,관리회계BI_조직.csv,최초생성자ID,1.0,0,aaaaa,2.0,,,0.0,66.67,0,aaaaa,1.0,,SINGLE VALUE,0.0,0.24,False
관리회계_계정그룹.csv,최초생성자ID,관리회계_계정그룹.csv,최초생성자ID,1.0,0,aaaaa,2.0,,,0.0,66.67,0,aaaaa,2.0,,,0.0,66.67,True
관리회계_계정그룹.csv,최초생성자ID,관리회계_계정그룹상세.csv,최초생성자ID,1.0,0,aaaaa,2.0,,,0.0,66.67,0,aaaaa,1.0,,,0.0,2.15,False
관리회계_계정그룹.csv,최초생성자ID,관리회계_고객.csv,최초생성자ID,1.0,0,aaaaa,2.0,,,0.0,66.67,0,AAAAA,5.0,,,0.13,0.08,False
관리회계_계정그룹.csv,최초생성자ID,관리회계_공통코드.csv,최초생성자ID,1.0,0,aaaaa,2.0,,,0.0,66.67,0,aaaaaa,2.0,,,52.63,5.56,False
관리회계_계정그룹.csv,최초생성자ID,관리회계_분류공통코드.csv,최초생성자ID,1.0,0,aaaaa,2.0,,,0.0,66.67,0,aaaaaa,3.0,,,50.0,23.08,False
관리회계_계정그룹.csv,최초생성자ID,관리회계_사업.csv,최초생성자ID,1.0,0,aaaaa,2.0,,,0.0,66.67,0,aaaaa,1.0,,SINGLE VALUE,0.0,0.24,False
관리회계_계정그룹.csv,최초생성자ID,관리회계_조직.csv,최초생성자ID,1.0,0,aaaaa,2.0,,,0.0,66.67,0,aaaaa,1.0,,SINGLE VALUE,0.0,0.24,False
관리회계_계정그룹.csv,최초생성자ID,관리회계_조직_test.csv,최초생성자ID,1.0,0,aaaaa,2.0,,,0.0,66.67,0,aaaaa,1.0,,,33.33,12.5,False
관리회계_계정그룹.csv,최초생성자ID,관리회계_조직그룹.csv,최초생성자ID,1.0,0,aaaaa,2.0,,,0.0,66.67,0,aaaaa,1.0,,,0.0,10.0,False
관리회계_계정그룹.csv,최초생성자ID,관리회계_조직그룹상세.csv,최초생성자ID,1.0,0,aaaaa,2.0,,,0.0,66.67,0,aaaaa,1.0,,SINGLE VALUE,0.0,0.29,False
관리회계_계정그룹.csv,최초생성자ID,관리회계계정.csv,최초생성자ID,1.0,0,aaaaa,2.0,,,0.0,66.67,0,aaaaa,1.0,,SINGLE VALUE,0.0,0.24,False
관리회계_계정그룹.csv,최초생성자ID,법인정보.csv,최초생성자ID,1.0,0,aaaaa,2.0,,,0.0,66.67,0,AAAAA,5.0,,,0.0,0.08,False
관리회계_계정그룹.csv,최초생성자ID,사업코드관리.csv,최초생성자ID,1.0,0,aaaaa,2.0,,,0.0,66.67,0,aaaaa,1.0,,SINGLE VALUE,0.0,0.29,False
관리회계_계정그룹.csv,최초생성자ID,원가인명정보.csv,최초생성자ID,1.0,0,aaaaa,2.0,,,0.0,66.67,0,aaaaa,3.0,,,6.02,0.04,False
관리회계_계정그룹.csv,최초생성일시,계약마스터.csv,최초생성일시,1.0,0,nnnn-nn-nn nn:nn:nn.,1.0,,,0.0,100.0,0,nn:nn.n,2.0,,,0.0,2.18,False
관리회계_계정그룹.csv,최초생성일시,계정과목코드.csv,최초생성일시,1.0,0,nnnn-nn-nn nn:nn:nn.,1.0,,,0.0,100.0,0,nn:nn.n,2.0,,,0.0,1.22,False
관리회계_계정그룹.csv,최초생성일시,관리회계_계정그룹.csv,최초생성일시,1.0,0,nnnn-nn-nn nn:nn:nn.,1.0,,,0.0,100.0,0,nnnn-nn-nn nn:nn:nn.,1.0,,,0.0,100.0,True
관리회계_계정그룹.csv,최초생성일시,관리회계_고객.csv,최초생성일시,1.0,0,nnnn-nn-nn nn:nn:nn.,1.0,,,0.0,100.0,0,nn:nn.n,2.0,,,0.13,2.57,False
관리회계_계정그룹.csv,최초생성일시,관리회계_조직.csv,최초생성일시,1.0,0,nnnn-nn-nn nn:nn:nn.,1.0,,,0.0,100.0,0,nn:nn.n,2.0,,,0.0,1.19,False
관리회계_계정그룹.csv,최초생성일시,관리회계_조직_test.csv,최초생성일시,1.0,0,nnnn-nn-nn nn:nn:nn.,1.0,,,0.0,100.0,0,nn:nn.n,1.0,,,33.33,12.5,False
관리회계_계정그룹.csv,최초생성일시,관리회계_조직그룹.csv,최초생성일시,1.0,0,nnnn-nn-nn nn:nn:nn.,1.0,,,0.0,100.0,0,nnnn-nn-nn nn:nn:nn.,1.0,,,0.0,100.0,False
관리회계_계정그룹.csv,최종갱신자ID,계정과목코드.csv,최종갱신자ID,1.0,0,aaaaa,2.0,,,0.0,66.67,0,aaaaa,1.0,,SINGLE VALUE,0.0,0.24,False
관리회계_계정그룹.csv,최종갱신자ID,관리회계BI_계정.csv,최종갱신자ID,1.0,0,aaaaa,2.0,,,0.0,66.67,0,aaaaa,1.0,,SINGLE VALUE,0.0,0.29,False
관리회계_계정그룹.csv,최종갱신자ID,관리회계BI_사업.csv,최종갱신자ID,1.0,0,aaaaa,2.0,,,0.0,66.67,0,aaaaa,1.0,,SINGLE VALUE,0.0,0.48,False
관리회계_계정그룹.csv,최종갱신자ID,관리회계BI_조직.csv,최종갱신자ID,1.0,0,aaaaa,2.0,,,0.0,66.67,0,aaaaa,1.0,,SINGLE VALUE,0.0,0.24,False
관리회계_계정그룹.csv,최종갱신자ID,관리회계_계정그룹.csv,최종갱신자ID,1.0,0,aaaaa,2.0,,,0.0,66.67,0,aaaaa,2.0,,,0.0,66.67,True
관리회계_계정그룹.csv,최종갱신자ID,관리회계_계정그룹상세.csv,최종갱신자ID,1.0,0,aaaaa,2.0,,,0.0,66.67,0,aaaaa,1.0,,,0.0,2.15,False
관리회계_계정그룹.csv,최종갱신자ID,관리회계_고객.csv,최종갱신자ID,1.0,0,aaaaa,2.0,,,0.0,66.67,0,AAAAA,5.0,,,0.07,0.08,False
관리회계_계정그룹.csv,최종갱신자ID,관리회계_공통코드.csv,최종갱신자ID,1.0,0,aaaaa,2.0,,,0.0,66.67,0,aaaaaa,3.0,,,49.12,6.9,False
관리회계_계정그룹.csv,최종갱신자ID,관리회계_분류공통코드.csv,최종갱신자ID,1.0,0,aaaaa,2.0,,,0.0,66.67,0,aaaaaa,2.0,,,50.0,15.38,False
관리회계_계정그룹.csv,최종갱신자ID,관리회계_사업.csv,최종갱신자ID,1.0,0,aaaaa,2.0,,,0.0,66.67,0,aaaaa,1.0,,SINGLE VALUE,0.0,0.24,False
관리회계_계정그룹.csv,최종갱신자ID,관리회계_조직.csv,최종갱신자ID,1.0,0,aaaaa,2.0,,,0.0,66.67,0,aaaaa,1.0,,SINGLE VALUE,0.0,0.24,False
관리회계_계정그룹.csv,최종갱신자ID,관리회계_조직_test.csv,최종갱신자ID,1.0,0,aaaaa,2.0,,,0.0,66.67,0,aaaaa,1.0,,,33.33,12.5,False
관리회계_계정그룹.csv,최종갱신자ID,관리회계_조직그룹.csv,최종갱신자ID,1.0,0,aaaaa,2.0,,,0.0,66.67,0,aaaaa,1.0,,,0.0,10.0,False
관리회계_계정그룹.csv,최종갱신자ID,관리회계_조직그룹상세.csv,최종갱신자ID,1.0,0,aaaaa,2.0,,,0.0,66.67,0,aaaaa,1.0,,SINGLE VALUE,0.0,0.29,False
관리회계_계정그룹.csv,최종갱신자ID,관리회계계정.csv,최종갱신자ID,1.0,0,aaaaa,2.0,,,0.0,66.67,0,aaaaa,1.0,,SINGLE VALUE,0.0,0.24,False
관리회계_계정그룹.csv,최종갱신자ID,법인정보.csv,최종갱신자ID,1.0,0,aaaaa,2.0,,,0.0,66.67,0,AAAAA,6.0,,,0.0,0.07,False
관리회계_계정그룹.csv,최종갱신자ID,원가인명정보.csv,최종갱신자ID,1.0,0,aaaaa,2.0,,,0.0,66.67,0,aaaaa,4.0,,,6.01,0.05,False
관리회계_계정그룹.csv,최종변경일시,계약마스터.csv,최종변경일시,1.0,0,nnnn-nn-nn nn:nn:nn.,1.0,,,0.0,100.0,0,nn:nn,1.0,,SINGLE VALUE,0.0,0.01,False
관리회계_계정그룹.csv,최종변경일시,계정과목코드.csv,최종변경일시,1.0,0,nnnn-nn-nn nn:nn:nn.,1.0,,,0.0,100.0,0,nn:nn.n,2.0,,,0.0,1.22,False
관리회계_계정그룹.csv,최종변경일시,고객유형.csv,최종변경일시,1.0,0,nnnn-nn-nn nn:nn:nn.,1.0,,,0.0,100.0,0,nnnn-nn-nn nn:nn:nn.,1.0,,,0.0,100.0,False
관리회계_계정그룹.csv,최종변경일시,관리회계_계정그룹.csv,최종변경일시,1.0,0,nnnn-nn-nn nn:nn:nn.,1.0,,,0.0,100.0,0,nnnn-nn-nn nn:nn:nn.,1.0,,,0.0,100.0,True
관리회계_계정그룹.csv,최종변경일시,관리회계_고객.csv,최종변경일시,1.0,0,nnnn-nn-nn nn:nn:nn.,1.0,,,0.0,100.0,0,nn:nn.n,2.0,,,0.07,2.56,False
관리회계_계정그룹.csv,최종변경일시,관리회계_조직.csv,최종변경일시,1.0,0,nnnn-nn-nn nn:nn:nn.,1.0,,,0.0,100.0,0,nn:nn.n,2.0,,,0.0,1.19,False
관리회계_계정그룹.csv,최종변경일시,관리회계_조직_test.csv,최종변경일시,1.0,0,nnnn-nn-nn nn:nn:nn.,1.0,,,0.0,100.0,0,nn:nn.n,1.0,,,33.33,12.5,False
관리회계_계정그룹.csv,최종변경일시,관리회계_조직그룹.csv,최종변경일시,1.0,0,nnnn-nn-nn nn:nn:nn.,1.0,,,0.0,100.0,0,nnnn-nn-nn nn:nn:nn.,1.0,,,0.0,100.0,False
관리회계_계정그룹.csv,최종변경일시,택배관리회계조직매핑.csv,최종변경일시,1.0,0,nnnn-nn-nn nn:nn:nn.,1.0,,,0.0,100.0,0,nn:nn,1.0,,,0.0,4.17,False
관리회계_계정그룹.csv,ETL일시,고객유형.csv,ETL일시,1.0,0,nnnn-nn-nn nn:nn:nn.,1.0,,,0.0,33.33,0,nnnn-nn-nn nn:nn:nn.,1.0,,,0.0,20.0,False
관리회계_계정그룹.csv,ETL일시,관리회계_계정그룹.csv,ETL일시,1.0,0,nnnn-nn-nn nn:nn:nn.,1.0,,,0.0,33.33,0,nnnn-nn-nn nn:nn:nn.,1.0,,,0.0,33.33,True
관리회계_계정그룹.csv,ETL일시,관리회계_조직_test.csv,ETL일시,1.0,0,nnnn-nn-nn nn:nn:nn.,1.0,,,0.0,33.33,0,nn:nn.n,1.0,,,33.33,12.5,False
관리회계_계정그룹.csv,ETL일시,관리회계_조직그룹.csv,ETL일시,1.0,0,nnnn-nn-nn nn:nn:nn.,1.0,,,0.0,33.33,0,nnnn-nn-nn nn:nn:nn.,1.0,,,0.0,10.0,False
관리회계_계정그룹.csv,ETL일시,서브터미널.csv,ETL일시,1.0,0,nnnn-nn-nn nn:nn:nn.,1.0,,,0.0,33.33,0,nn:nn.n,1.0,,,99.99,100.0,False
관리회계_계정그룹상세.csv,배부계정GROUP코드,관리회계_계정그룹.csv,배부계정GROUP코드,1.0,0,AAsnnnn,1.0,,,0.0,3.23,0,AAsnnnn,1.0,,,0.0,100.0,False
관리회계_계정그룹상세.csv,배부계정GROUP코드,관리회계_계정그룹.csv,배부계정GROUP명,0.8571,0,AAsnnnn,1.0,,,0.0,3.23,0,KKKKK,2.0,,,0.0,100.0,False
관리회계_계정그룹상세.csv,배부계정GROUP코드,관리회계_계정그룹상세.csv,배부계정GROUP코드,1.0,0,AAsnnnn,1.0,,,0.0,3.23,0,AAsnnnn,1.0,,,0.0,3.23,True
관리회계_계정그룹상세.csv,계정코드,계정과목코드.csv,계정과목코드,0.8,1,nnnnnn,1.0,,UNIQUE,0.0,100.0,1,nnnnnn,1.0,,UNIQUE,0.0,100.0,False
관리회계_계정그룹상세.csv,계정코드,계정과목코드.csv,계정유형코드,0.8,1,nnnnnn,1.0,,UNIQUE,0.0,100.0,0,KKKK,4.0,,,86.34,28.57,False
관리회계_계정그룹상세.csv,계정코드,계정코드관리.csv,계정과목코드,0.8,1,nnnnnn,1.0,,UNIQUE,0.0,100.0,0,nnnnnn,1.0,,,0.0,16.67,False
관리회계_계정그룹상세.csv,계정코드,관리회계BI_계정.csv,계정과목코드,0.8,1,nnnnnn,1.0,,UNIQUE,0.0,100.0,0,nnnnnn,1.0,,,0.0,20.11,False
관리회계_계정그룹상세.csv,계정코드,관리회계_계정그룹상세.csv,계정코드,1.0,1,nnnnnn,1.0,,UNIQUE,0.0,100.0,1,nnnnnn,1.0,,UNIQUE,0.0,100.0,True
관리회계_계정그룹상세.csv,계정코드,사업구분.csv,계정코드,1.0,1,nnnnnn,1.0,,UNIQUE,0.0,100.0,0,nnnnnn,2.0,,,25.49,54.89,False
관리회계_계정그룹상세.csv,정렬순서,계정코드관리.csv,정렬순서,1.0,1,nnn,2.0,,UNIQUE,1.08,100.0,1,nnnn,3.0,,UNIQUE,0.0,100.0,False
관리회계_계정그룹상세.csv,정렬순서,관리회계_계정그룹.csv,정렬순서,1.0,1,nnn,2.0,,UNIQUE,1.08,100.0,0,nn,1.0,,,0.0,100.0,False
관리회계_계정그룹상세.csv,정렬순서,관리회계_계정그룹상세.csv,정렬순서,1.0,1,nnn,2.0,,UNIQUE,1.08,100.0,1,nnn,2.0,,UNIQUE,1.08,100.0,True
관리회계_계정그룹상세.csv,정렬순서,관리회계_공통코드.csv,정렬순서,1.0,1,nnn,2.0,,UNIQUE,1.08,100.0,0,nn,3.0,,,5.26,25.0,False
관리회계_계정그룹상세.csv,정렬순서,관리회계_사업.csv,정렬순서,1.0,1,nnn,2.0,,UNIQUE,1.08,100.0,1,nnnn,3.0,,UNIQUE,0.0,100.0,False
관리회계_계정그룹상세.csv,정렬순서,관리회계_조직.csv,정렬순서,1.0,1,nnn,2.0,,UNIQUE,1.08,100.0,1,nnnn,3.0,,UNIQUE,0.0,100.0,False
관리회계_계정그룹상세.csv,정렬순서,관리회계_조직_test.csv,정렬순서,1.0,1,nnn,2.0,,UNIQUE,1.08,100.0,0,nnnn,2.0,,,33.33,37.5,False
관리회계_계정그룹상세.csv,정렬순서,관리회계_조직그룹.csv,정렬순서,1.0,1,nnn,2.0,,UNIQUE,1.08,100.0,0,nn,2.0,,,0.0,100.0,False
관리회계_계정그룹상세.csv,정렬순서,관리회계_조직그룹상세.csv,정렬순서,1.0,1,nnn,2.0,,UNIQUE,1.08,100.0,1,nnnn,3.0,,UNIQUE,0.0,100.0,False
관리회계_계정그룹상세.csv,정렬순서,관리회계계정.csv,정렬순서,1.0,1,nnn,2.0,,UNIQUE,1.08,100.0,1,nnnn,3.0,,UNIQUE,0.0,100.0,False
관리회계_계정그룹상세.csv,정렬순서,사업코드관리.csv,정렬순서,1.0,1,nnn,2.0,,UNIQUE,1.08,100.0,1,nnnn,3.0,,UNIQUE,0.0,100.0,False
관리회계_계정그룹상세.csv,정렬순서,조직코드관리.csv,정렬순서,1.0,1,nnn,2.0,,UNIQUE,1.08,100.0,1,nnnn,3.0,,UNIQUE,0.0,100.0,False
관리회계_계정그룹상세.csv,정렬순서,택배_조직도.csv,정렬순서,1.0,1,nnn,2.0,,UNIQUE,1.08,100.0,0,n,2.0,,,97.84,15.66,False
관리회계_계정그룹상세.csv,최초생성자ID,계약마스터.csv,최초생성자ID,1.0,0,aaaaa,1.0,,,0.0,2.15,0,aaa,1.0,,SINGLE VALUE,0.0,0.01,False
관리회계_계정그룹상세.csv,최초생성자ID,계정과목코드.csv,최초생성자ID,1.0,0,aaaaa,1.0,,,0.0,2.15,0,aaaaa,1.0,,SINGLE VALUE,0.0,0.24,False
관리회계_계정그룹상세.csv,최초생성자ID,계정코드관리.csv,최초생성자ID,1.0,0,aaaaa,1.0,,,0.0,2.15,0,aaaaa,1.0,,SINGLE VALUE,0.0,0.3,False
관리회계_계정그룹상세.csv,최초생성자ID,관리회계BI_계정.csv,최초생성자ID,1.0,0,aaaaa,1.0,,,0.0,2.15,0,aaaaa,1.0,,SINGLE VALUE,0.0,0.29,False
관리회계_계정그룹상세.csv,최초생성자ID,관리회계BI_사업.csv,최초생성자ID,1.0,0,aaaaa,1.0,,,0.0,2.15,0,aaaaa,1.0,,SINGLE VALUE,0.0,0.48,False
관리회계_계정그룹상세.csv,최초생성자ID,관리회계BI_조직.csv,최초생성자ID,1.0,0,aaaaa,1.0,,,0.0,2.15,0,aaaaa,1.0,,SINGLE VALUE,0.0,0.24,False
관리회계_계정그룹상세.csv,최초생성자ID,관리회계_계정그룹.csv,최초생성자ID,1.0,0,aaaaa,1.0,,,0.0,2.15,0,aaaaa,2.0,,,0.0,66.67,False
관리회계_계정그룹상세.csv,최초생성자ID,관리회계_계정그룹상세.csv,최초생성자ID,1.0,0,aaaaa,1.0,,,0.0,2.15,0,aaaaa,1.0,,,0.0,2.15,True
관리회계_계정그룹상세.csv,최초생성자ID,관리회계_고객.csv,최초생성자ID,1.0,0,aaaaa,1.0,,,0.0,2.15,0,AAAAA,5.0,,,0.13,0.08,False
관리회계_계정그룹상세.csv,최초생성자ID,관리회계_공통코드.csv,최초생성자ID,1.0,0,aaaaa,1.0,,,0.0,2.15,0,aaaaaa,2.0,,,52.63,5.56,False
관리회계_계정그룹상세.csv,최초생성자ID,관리회계_분류공통코드.csv,최초생성자ID,1.0,0,aaaaa,1.0,,,0.0,2.15,0,aaaaaa,3.0,,,50.0,23.08,False
관리회계_계정그룹상세.csv,최초생성자ID,관리회계_사업.csv,최초생성자ID,1.0,0,aaaaa,1.0,,,0.0,2.15,0,aaaaa,1.0,,SINGLE VALUE,0.0,0.24,False
관리회계_계정그룹상세.csv,최초생성자ID,관리회계_조직.csv,최초생성자ID,1.0,0,aaaaa,1.0,,,0.0,2.15,0,aaaaa,1.0,,SINGLE VALUE,0.0,0.24,False
관리회계_계정그룹상세.csv,최초생성자ID,관리회계_조직_test.csv,최초생성자ID,1.0,0,aaaaa,1.0,,,0.0,2.15,0,aaaaa,1.0,,,33.33,12.5,False
관리회계_계정그룹상세.csv,최초생성자ID,관리회계_조직그룹.csv,최초생성자ID,1.0,0,aaaaa,1.0,,,0.0,2.15,0,aaaaa,1.0,,,0.0,10.0,False
관리회계_계정그룹상세.csv,최초생성자ID,관리회계_조직그룹상세.csv,최초생성자ID,1.0,0,aaaaa,1.0,,,0.0,2.15,0,aaaaa,1.0,,SINGLE VALUE,0.0,0.29,False
관리회계_계정그룹상세.csv,최초생성자ID,관리회계계정.csv,최초생성자ID,1.0,0,aaaaa,1.0,,,0.0,2.15,0,aaaaa,1.0,,SINGLE VALUE,0.0,0.24,False
관리회계_계정그룹상세.csv,최초생성자ID,법인정보.csv,최초생성자ID,1.0,0,aaaaa,1.0,,,0.0,2.15,0,AAAAA,5.0,,,0.0,0.08,False
관리회계_계정그룹상세.csv,최초생성자ID,사업코드관리.csv,최초생성자ID,1.0,0,aaaaa,1.0,,,0.0,2.15,0,aaaaa,1.0,,SINGLE VALUE,0.0,0.29,False
관리회계_계정그룹상세.csv,최초생성자ID,원가인명정보.csv,최초생성자ID,1.0,0,aaaaa,1.0,,,0.0,2.15,0,aaaaa,3.0,,,6.02,0.04,False
관리회계_계정그룹상세.csv,최종갱신자ID,계정과목코드.csv,최종갱신자ID,1.0,0,aaaaa,1.0,,,0.0,2.15,0,aaaaa,1.0,,SINGLE VALUE,0.0,0.24,False
관리회계_계정그룹상세.csv,최종갱신자ID,관리회계BI_계정.csv,최종갱신자ID,1.0,0,aaaaa,1.0,,,0.0,2.15,0,aaaaa,1.0,,SINGLE VALUE,0.0,0.29,False
관리회계_계정그룹상세.csv,최종갱신자ID,관리회계BI_사업.csv,최종갱신자ID,1.0,0,aaaaa,1.0,,,0.0,2.15,0,aaaaa,1.0,,SINGLE VALUE,0.0,0.48,False
관리회계_계정그룹상세.csv,최종갱신자ID,관리회계BI_조직.csv,최종갱신자ID,1.0,0,aaaaa,1.0,,,0.0,2.15,0,aaaaa,1.0,,SINGLE VALUE,0.0,0.24,False
관리회계_계정그룹상세.csv,최종갱신자ID,관리회계_계정그룹.csv,최종갱신자ID,1.0,0,aaaaa,1.0,,,0.0,2.15,0,aaaaa,2.0,,,0.0,66.67,False
관리회계_계정그룹상세.csv,최종갱신자ID,관리회계_계정그룹상세.csv,최종갱신자ID,1.0,0,aaaaa,1.0,,,0.0,2.15,0,aaaaa,1.0,,,0.0,2.15,True
관리회계_계정그룹상세.csv,최종갱신자ID,관리회계_고객.csv,최종갱신자ID,1.0,0,aaaaa,1.0,,,0.0,2.15,0,AAAAA,5.0,,,0.07,0.08,False
관리회계_계정그룹상세.csv,최종갱신자ID,관리회계_공통코드.csv,최종갱신자ID,1.0,0,aaaaa,1.0,,,0.0,2.15,0,aaaaaa,3.0,,,49.12,6.9,False
관리회계_계정그룹상세.csv,최종갱신자ID,관리회계_분류공통코드.csv,최종갱신자ID,1.0,0,aaaaa,1.0,,,0.0,2.15,0,aaaaaa,2.0,,,50.0,15.38,False
관리회계_계정그룹상세.csv,최종갱신자ID,관리회계_사업.csv,최종갱신자ID,1.0,0,aaaaa,1.0,,,0.0,2.15,0,aaaaa,1.0,,SINGLE VALUE,0.0,0.24,False
관리회계_계정그룹상세.csv,최종갱신자ID,관리회계_조직.csv,최종갱신자ID,1.0,0,aaaaa,1.0,,,0.0,2.15,0,aaaaa,1.0,,SINGLE VALUE,0.0,0.24,False
관리회계_계정그룹상세.csv,최종갱신자ID,관리회계_조직_test.csv,최종갱신자ID,1.0,0,aaaaa,1.0,,,0.0,2.15,0,aaaaa,1.0,,,33.33,12.5,False
관리회계_계정그룹상세.csv,최종갱신자ID,관리회계_조직그룹.csv,최종갱신자ID,1.0,0,aaaaa,1.0,,,0.0,2.15,0,aaaaa,1.0,,,0.0,10.0,False
관리회계_계정그룹상세.csv,최종갱신자ID,관리회계_조직그룹상세.csv,최종갱신자ID,1.0,0,aaaaa,1.0,,,0.0,2.15,0,aaaaa,1.0,,SINGLE VALUE,0.0,0.29,False
관리회계_계정그룹상세.csv,최종갱신자ID,관리회계계정.csv,최종갱신자ID,1.0,0,aaaaa,1.0,,,0.0,2.15,0,aaaaa,1.0,,SINGLE VALUE,0.0,0.24,False
관리회계_계정그룹상세.csv,최종갱신자ID,법인정보.csv,최종갱신자ID,1.0,0,aaaaa,1.0,,,0.0,2.15,0,AAAAA,6.0,,,0.0,0.07,False
관리회계_계정그룹상세.csv,최종갱신자ID,원가인명정보.csv,최종갱신자ID,1.0,0,aaaaa,1.0,,,0.0,2.15,0,aaaaa,4.0,,,6.01,0.05,False
관리회계_고객.csv,사업자등록번호,CUSTOMER.csv,주민_사업자등록번호,0.8235,1,nnnnnnnnnn,10.0,유효사업자번호3,UNIQUE,0.0,100.0,0,nnnnnnnnnn,3.0,유효사업자번호3,,2.84,92.58,False
관리회계_고객.csv,사업자등록번호,OneClick고객.csv,사업자등록번호,1.0,1,nnnnnnnnnn,10.0,유효사업자번호3,UNIQUE,0.0,100.0,0,nnn-nn-nnnnn,2.0,,,0.0,90.72,False
관리회계_고객.csv,사업자등록번호,ORGNIZATION.csv,사업자등록번호,1.0,1,nnnnnnnnnn,10.0,유효사업자번호3,UNIQUE,0.0,100.0,0,nnnnnnnnnn,1.0,유효사업자번호3,,49.82,75.01,False
관리회계_고객.csv,사업자등록번호,PRM계약.csv,사업자번호,0.8333,1,nnnnnnnnnn,10.0,유효사업자번호3,UNIQUE,0.0,100.0,0,nnnnnnnnnn,1.0,유효사업자번호3,,0.0,35.16,False
관리회계_고객.csv,사업자등록번호,간선사업자.csv,사업자번호,0.8333,1,nnnnnnnnnn,10.0,유효사업자번호3,UNIQUE,0.0,100.0,1,nnn-nn-nnnnn,2.0,,UNIQUE,0.0,100.0,False
관리회계_고객.csv,사업자등록번호,개인고객.csv,사업자등록번호,1.0,1,nnnnnnnnnn,10.0,유효사업자번호3,UNIQUE,0.0,100.0,1,nnnnnnnnnn,2.0,유효사업자번호3,UNIQUE,11.49,100.0,False
관리회계_고객.csv,사업자등록번호,계약마스터.csv,사업자번호,0.8333,1,nnnnnnnnnn,10.0,유효사업자번호3,UNIQUE,0.0,100.0,0,nnnnnnnnnn,1.0,유효사업자번호3,,0.0,78.54,False
관리회계_고객.csv,사업자등록번호,고객마스터.csv,사업자등록번호,1.0,1,nnnnnnnnnn,10.0,유효사업자번호3,UNIQUE,0.0,100.0,0,nnn-nn-nnnnn,3.0,,,0.0,92.76,False
관리회계_고객.csv,사업자등록번호,관리회계_고객.csv,사업자등록번호,1.0,1,nnnnnnnnnn,10.0,유효사업자번호3,UNIQUE,0.0,100.0,1,nnnnnnnnnn,10.0,유효사업자번호3,UNIQUE,0.0,100.0,True
관리회계_고객.csv,사업자등록번호,기업고객.csv,기업사업자등록번호,0.875,1,nnnnnnnnnn,10.0,유효사업자번호3,UNIQUE,0.0,100.0,0,nnnnnnnnnn,3.0,유효사업자번호3,,0.01,90.95,False
관리회계_고객.csv,사업자등록번호,배송점.csv,사업자등록번호,1.0,1,nnnnnnnnnn,10.0,유효사업자번호3,UNIQUE,0.0,100.0,0,nnnnnnnnnn,1.0,유효사업자번호3,,33.32,80.85,False
관리회계_고객.csv,사업자등록번호,사업자등록번호정보.csv,사업자등록번호,1.0,1,nnnnnnnnnn,10.0,유효사업자번호3,UNIQUE,0.0,100.0,1,nnnnnnnnnn,11.0,유효사업자번호3,UNIQUE,0.0,100.0,False
관리회계_고객.csv,사업자등록번호,서브터미널.csv,사업자등록번호,1.0,1,nnnnnnnnnn,10.0,유효사업자번호3,UNIQUE,0.0,100.0,0,nnnnnnnnnn,1.0,,,99.99,100.0,False
관리회계_고객.csv,사업자등록번호,수입관리점소.csv,사업자번호,0.8333,1,nnnnnnnnnn,10.0,유효사업자번호3,UNIQUE,0.0,100.0,0,nnnnnnnnnn,1.0,유효사업자번호3,,0.0,12.57,False
관리회계_고객.csv,사업자등록번호,영업소.csv,사업자등록번호,1.0,1,nnnnnnnnnn,10.0,유효사업자번호3,UNIQUE,0.0,100.0,0,nnnnnnnnnn,1.0,유효사업자번호3,,0.0,52.05,False
관리회계_고객.csv,사업자등록번호,택배_고객.csv,주민_사업자등록번호,0.8235,1,nnnnnnnnnn,10.0,유효사업자번호3,UNIQUE,0.0,100.0,0,nnnnnnnnnn,2.0,유효사업자번호3,,0.58,89.94,False
관리회계_고객.csv,사업자등록번호,택배_고객.csv,사업자등록우편번호,0.875,1,nnnnnnnnnn,10.0,유효사업자번호3,UNIQUE,0.0,100.0,0,nnnnnn,2.0,우편번호구3,,2.04,32.74,False
관리회계_고객.csv,사업자등록번호,택배_조직도.csv,사업자등록번호,1.0,1,nnnnnnnnnn,10.0,유효사업자번호3,UNIQUE,0.0,100.0,0,nnnnnnnnnn,1.0,유효사업자번호3,,49.82,75.01,False
관리회계_고객.csv,사업자등록번호,사업자등록번호5.csv,사업자등록번호5,0.9333,1,nnnnnnnnnn,10.0,유효사업자번호3,UNIQUE,0.0,100.0,1,nnnnnnnnnn,1.0,,UNIQUE,0.0,100.0,False
관리회계_고객.csv,사업자등록번호,사업자등록번호7.csv,사업자등록번호7,0.9333,1,nnnnnnnnnn,10.0,유효사업자번호3,UNIQUE,0.0,100.0,1,nnn-nn-nnnnn,1.0,,UNIQUE,0.0,100.0,False
관리회계_고객.csv,고객명,CUSTOMER.csv,고객명,1.0,0,KKKK,730.0,,Text,0.0,100.0,0,KKK,724.0,,Text,0.32,92.27,False
관리회계_고객.csv,고객명,CUSTOMER.csv,영문고객명,0.75,0,KKKK,730.0,,Text,0.0,100.0,0,A,180.0,,,97.23,97.11,False
관리회계_고객.csv,고객명,OneClick고객.csv,고객명,1.0,0,KKKK,730.0,,Text,0.0,100.0,0,KKK,347.0,,Text,0.0,85.83,False
관리회계_고객.csv,고객명,개인고객.csv,고객명,1.0,0,KKKK,730.0,,Text,0.0,100.0,0,KKK,37.0,,Text,0.26,91.75,False
관리회계_고객.csv,고객명,개인고객.csv,영문고객명,0.75,0,KKKK,730.0,,Text,0.0,100.0,0,AAAAAAAA AAAAAAA AAA,6.0,,,99.74,100.0,False
관리회계_고객.csv,고객명,계약마스터.csv,고객명,1.0,0,KKKK,730.0,,Text,0.0,100.0,0,KKKK,375.0,,Text,0.0,78.27,False
관리회계_고객.csv,고객명,고객마스터.csv,고객명,1.0,0,KKKK,730.0,,Text,0.0,100.0,0,KKKK,494.0,,Text,0.01,98.63,False
관리회계_고객.csv,고객명,고객유형.csv,고객유형명,0.75,0,KKKK,730.0,,Text,0.0,100.0,0,aAAAAA,4.0,,,0.0,100.0,False
관리회계_고객.csv,고객명,관리회계_고객.csv,고객명,1.0,0,KKKK,730.0,,Text,0.0,100.0,0,KKKK,730.0,,Text,0.0,100.0,True
관리회계_고객.csv,고객명,기업고객.csv,기업고객명,0.75,0,KKKK,730.0,,Text,0.0,100.0,0,KKKK,681.0,,Text,0.05,92.53,False
관리회계_고객.csv,고객명,기업고객.csv,영문고객명,0.75,0,KKKK,730.0,,Text,0.0,100.0,0,A,176.0,,,96.33,97.05,False
관리회계_고객.csv,고객명,사업자등록번호정보.csv,고객명,1.0,0,KKKK,730.0,,Text,0.0,100.0,0,KKKK,913.0,,Text,0.0,98.37,False
관리회계_고객.csv,고객명,수입관리_고객.csv,고객명,1.0,0,KKKK,730.0,,Text,0.0,100.0,0,KKKK,812.0,,Text,0.0,97.88,False
관리회계_고객.csv,고객명,택배_고객.csv,한글고객명,0.75,0,KKKK,730.0,,Text,0.0,100.0,0,KKKK,799.0,,Text,0.55,89.93,False
관리회계_고객.csv,고객명,택배_고객.csv,영문고객명,0.75,0,KKKK,730.0,,Text,0.0,100.0,0,A,312.0,,,94.3,92.11,False
관리회계_고객.csv,법인번호,CUSTOMER.csv,법인번호,1.0,0,nnnnnnnnnnnnn,3.0,법인번호7,,73.56,10.7,0,nnnnnnnnnnnnn,1.0,법인번호7,,87.03,11.72,False
관리회계_고객.csv,법인번호,OneClick고객.csv,법인등록번호,0.8,0,nnnnnnnnnnnnn,3.0,법인번호7,,73.56,10.7,0,n.nnnnnAsnn,3.0,,,98.78,33.61,False
관리회계_고객.csv,법인번호,고객마스터.csv,법인등록번호,0.8,0,nnnnnnnnnnnnn,3.0,법인번호7,,73.56,10.7,0,n.nnnnnAsnn,2.0,,,94.85,21.75,False
관리회계_고객.csv,법인번호,관리회계_고객.csv,법인번호,1.0,0,nnnnnnnnnnnnn,3.0,법인번호7,,73.56,10.7,0,nnnnnnnnnnnnn,3.0,법인번호7,,73.56,10.7,True
관리회계_고객.csv,법인번호,기업고객.csv,기업법인번호,0.8,0,nnnnnnnnnnnnn,3.0,법인번호7,,73.56,10.7,0,n.nnnnnAsnn,2.0,,,82.45,11.72,False
관리회계_고객.csv,법인번호,법인정보.csv,법인번호,1.0,0,nnnnnnnnnnnnn,3.0,법인번호7,,73.56,10.7,1,nnnnnnnnnnnnn,4.0,법인번호7,UNIQUE,0.0,100.0,False
관리회계_고객.csv,법인번호,사업자등록번호정보.csv,법인번호,1.0,0,nnnnnnnnnnnnn,3.0,법인번호7,,73.56,10.7,0,nnnnnnnnnnnnn,2.0,법인번호7,,72.02,93.42,False
관리회계_고객.csv,법인번호,수입관리_고객.csv,법인번호,1.0,0,nnnnnnnnnnnnn,3.0,법인번호7,,73.56,10.7,0,n.nnnnnAsnn,4.0,,,84.0,13.31,False
관리회계_고객.csv,법인번호,법인번호7.csv,법인번호7,0.8889,0,nnnnnnnnnnnnn,3.0,법인번호7,,73.56,10.7,1,nnnnnnnnnnnnn,1.0,,UNIQUE,0.0,100.0,False
관리회계_고객.csv,최초생성자ID,계약마스터.csv,최초생성자ID,1.0,0,AAAAA,5.0,,,0.13,0.08,0,aaa,1.0,,SINGLE VALUE,0.0,0.01,False
관리회계_고객.csv,최초생성자ID,계정과목코드.csv,최초생성자ID,1.0,0,AAAAA,5.0,,,0.13,0.08,0,aaaaa,1.0,,SINGLE VALUE,0.0,0.24,False
관리회계_고객.csv,최초생성자ID,계정코드관리.csv,최초생성자ID,1.0,0,AAAAA,5.0,,,0.13,0.08,0,aaaaa,1.0,,SINGLE VALUE,0.0,0.3,False
관리회계_고객.csv,최초생성자ID,관리회계BI_계정.csv,최초생성자ID,1.0,0,AAAAA,5.0,,,0.13,0.08,0,aaaaa,1.0,,SINGLE VALUE,0.0,0.29,False
관리회계_고객.csv,최초생성자ID,관리회계BI_사업.csv,최초생성자ID,1.0,0,AAAAA,5.0,,,0.13,0.08,0,aaaaa,1.0,,SINGLE VALUE,0.0,0.48,False
관리회계_고객.csv,최초생성자ID,관리회계BI_조직.csv,최초생성자ID,1.0,0,AAAAA,5.0,,,0.13,0.08,0,aaaaa,1.0,,SINGLE VALUE,0.0,0.24,False
관리회계_고객.csv,최초생성자ID,관리회계_계정그룹.csv,최초생성자ID,1.0,0,AAAAA,5.0,,,0.13,0.08,0,aaaaa,2.0,,,0.0,66.67,False
관리회계_고객.csv,최초생성자ID,관리회계_계정그룹상세.csv,최초생성자ID,1.0,0,AAAAA,5.0,,,0.13,0.08,0,aaaaa,1.0,,,0.0,2.15,False
관리회계_고객.csv,최초생성자ID,관리회계_고객.csv,최초생성자ID,1.0,0,AAAAA,5.0,,,0.13,0.08,0,AAAAA,5.0,,,0.13,0.08,True
관리회계_고객.csv,최초생성자ID,관리회계_공통코드.csv,최초생성자ID,1.0,0,AAAAA,5.0,,,0.13,0.08,0,aaaaaa,2.0,,,52.63,5.56,False
관리회계_고객.csv,최초생성자ID,관리회계_분류공통코드.csv,최초생성자ID,1.0,0,AAAAA,5.0,,,0.13,0.08,0,aaaaaa,3.0,,,50.0,23.08,False
관리회계_고객.csv,최초생성자ID,관리회계_사업.csv,최초생성자ID,1.0,0,AAAAA,5.0,,,0.13,0.08,0,aaaaa,1.0,,SINGLE VALUE,0.0,0.24,False
관리회계_고객.csv,최초생성자ID,관리회계_조직.csv,최초생성자ID,1.0,0,AAAAA,5.0,,,0.13,0.08,0,aaaaa,1.0,,SINGLE VALUE,0.0,0.24,False
관리회계_고객.csv,최초생성자ID,관리회계_조직_test.csv,최초생성자ID,1.0,0,AAAAA,5.0,,,0.13,0.08,0,aaaaa,1.0,,,33.33,12.5,False
관리회계_고객.csv,최초생성자ID,관리회계_조직그룹.csv,최초생성자ID,1.0,0,AAAAA,5.0,,,0.13,0.08,0,aaaaa,1.0,,,0.0,10.0,False
관리회계_고객.csv,최초생성자ID,관리회계_조직그룹상세.csv,최초생성자ID,1.0,0,AAAAA,5.0,,,0.13,0.08,0,aaaaa,1.0,,SINGLE VALUE,0.0,0.29,False
관리회계_고객.csv,최초생성자ID,관리회계계정.csv,최초생성자ID,1.0,0,AAAAA,5.0,,,0.13,0.08,0,aaaaa,1.0,,SINGLE VALUE,0.0,0.24,False
관리회계_고객.csv,최초생성자ID,법인정보.csv,최초생성자ID,1.0,0,AAAAA,5.0,,,0.13,0.08,0,AAAAA,5.0,,,0.0,0.08,False
관리회계_고객.csv,최초생성자ID,사업코드관리.csv,최초생성자ID,1.0,0,AAAAA,5.0,,,0.13,0.08,0,aaaaa,1.0,,SINGLE VALUE,0.0,0.29,False
관리회계_고객.csv,최초생성자ID,원가인명정보.csv,최초생성자ID,1.0,0,AAAAA,5.0,,,0.13,0.08,0,aaaaa,3.0,,,6.02,0.04,False
관리회계_고객.csv,최초생성일시,계약마스터.csv,최초생성일시,1.0,0,nn:nn.n,2.0,,,0.13,2.57,0,nn:nn.n,2.0,,,0.0,2.18,False
관리회계_고객.csv,최초생성일시,계정과목코드.csv,최초생성일시,1.0,0,nn:nn.n,2.0,,,0.13,2.57,0,nn:nn.n,2.0,,,0.0,1.22,False
관리회계_고객.csv,최초생성일시,관리회계_계정그룹.csv,최초생성일시,1.0,0,nn:nn.n,2.0,,,0.13,2.57,0,nnnn-nn-nn nn:nn:nn.,1.0,,,0.0,100.0,False
관리회계_고객.csv,최초생성일시,관리회계_고객.csv,최초생성일시,1.0,0,nn:nn.n,2.0,,,0.13,2.57,0,nn:nn.n,2.0,,,0.13,2.57,True
관리회계_고객.csv,최초생성일시,관리회계_조직.csv,최초생성일시,1.0,0,nn:nn.n,2.0,,,0.13,2.57,0,nn:nn.n,2.0,,,0.0,1.19,False
관리회계_고객.csv,최초생성일시,관리회계_조직_test.csv,최초생성일시,1.0,0,nn:nn.n,2.0,,,0.13,2.57,0,nn:nn.n,1.0,,,33.33,12.5,False
관리회계_고객.csv,최초생성일시,관리회계_조직그룹.csv,최초생성일시,1.0,0,nn:nn.n,2.0,,,0.13,2.57,0,nnnn-nn-nn nn:nn:nn.,1.0,,,0.0,100.0,False
관리회계_고객.csv,최종갱신자ID,계정과목코드.csv,최종갱신자ID,1.0,0,AAAAA,5.0,,,0.07,0.08,0,aaaaa,1.0,,SINGLE VALUE,0.0,0.24,False
관리회계_고객.csv,최종갱신자ID,관리회계BI_계정.csv,최종갱신자ID,1.0,0,AAAAA,5.0,,,0.07,0.08,0,aaaaa,1.0,,SINGLE VALUE,0.0,0.29,False
관리회계_고객.csv,최종갱신자ID,관리회계BI_사업.csv,최종갱신자ID,1.0,0,AAAAA,5.0,,,0.07,0.08,0,aaaaa,1.0,,SINGLE VALUE,0.0,0.48,False
관리회계_고객.csv,최종갱신자ID,관리회계BI_조직.csv,최종갱신자ID,1.0,0,AAAAA,5.0,,,0.07,0.08,0,aaaaa,1.0,,SINGLE VALUE,0.0,0.24,False
관리회계_고객.csv,최종갱신자ID,관리회계_계정그룹.csv,최종갱신자ID,1.0,0,AAAAA,5.0,,,0.07,0.08,0,aaaaa,2.0,,,0.0,66.67,False
관리회계_고객.csv,최종갱신자ID,관리회계_계정그룹상세.csv,최종갱신자ID,1.0,0,AAAAA,5.0,,,0.07,0.08,0,aaaaa,1.0,,,0.0,2.15,False
관리회계_고객.csv,최종갱신자ID,관리회계_고객.csv,최종갱신자ID,1.0,0,AAAAA,5.0,,,0.07,0.08,0,AAAAA,5.0,,,0.07,0.08,True
관리회계_고객.csv,최종갱신자ID,관리회계_공통코드.csv,최종갱신자ID,1.0,0,AAAAA,5.0,,,0.07,0.08,0,aaaaaa,3.0,,,49.12,6.9,False
관리회계_고객.csv,최종갱신자ID,관리회계_분류공통코드.csv,최종갱신자ID,1.0,0,AAAAA,5.0,,,0.07,0.08,0,aaaaaa,2.0,,,50.0,15.38,False
관리회계_고객.csv,최종갱신자ID,관리회계_사업.csv,최종갱신자ID,1.0,0,AAAAA,5.0,,,0.07,0.08,0,aaaaa,1.0,,SINGLE VALUE,0.0,0.24,False
관리회계_고객.csv,최종갱신자ID,관리회계_조직.csv,최종갱신자ID,1.0,0,AAAAA,5.0,,,0.07,0.08,0,aaaaa,1.0,,SINGLE VALUE,0.0,0.24,False
관리회계_고객.csv,최종갱신자ID,관리회계_조직_test.csv,최종갱신자ID,1.0,0,AAAAA,5.0,,,0.07,0.08,0,aaaaa,1.0,,,33.33,12.5,False
관리회계_고객.csv,최종갱신자ID,관리회계_조직그룹.csv,최종갱신자ID,1.0,0,AAAAA,5.0,,,0.07,0.08,0,aaaaa,1.0,,,0.0,10.0,False
관리회계_고객.csv,최종갱신자ID,관리회계_조직그룹상세.csv,최종갱신자ID,1.0,0,AAAAA,5.0,,,0.07,0.08,0,aaaaa,1.0,,SINGLE VALUE,0.0,0.29,False
관리회계_고객.csv,최종갱신자ID,관리회계계정.csv,최종갱신자ID,1.0,0,AAAAA,5.0,,,0.07,0.08,0,aaaaa,1.0,,SINGLE VALUE,0.0,0.24,False
관리회계_고객.csv,최종갱신자ID,법인정보.csv,최종갱신자ID,1.0,0,AAAAA,5.0,,,0.07,0.08,0,AAAAA,6.0,,,0.0,0.07,False
관리회계_고객.csv,최종갱신자ID,원가인명정보.csv,최종갱신자ID,1.0,0,AAAAA,5.0,,,0.07,0.08,0,aaaaa,4.0,,,6.01,0.05,False
관리회계_고객.csv,최종변경일시,계약마스터.csv,최종변경일시,1.0,0,nn:nn.n,2.0,,,0.07,2.56,0,nn:nn,1.0,,SINGLE VALUE,0.0,0.01,False
관리회계_고객.csv,최종변경일시,계정과목코드.csv,최종변경일시,1.0,0,nn:nn.n,2.0,,,0.07,2.56,0,nn:nn.n,2.0,,,0.0,1.22,False
관리회계_고객.csv,최종변경일시,고객유형.csv,최종변경일시,1.0,0,nn:nn.n,2.0,,,0.07,2.56,0,nnnn-nn-nn nn:nn:nn.,1.0,,,0.0,100.0,False
관리회계_고객.csv,최종변경일시,관리회계_계정그룹.csv,최종변경일시,1.0,0,nn:nn.n,2.0,,,0.07,2.56,0,nnnn-nn-nn nn:nn:nn.,1.0,,,0.0,100.0,False
관리회계_고객.csv,최종변경일시,관리회계_고객.csv,최종변경일시,1.0,0,nn:nn.n,2.0,,,0.07,2.56,0,nn:nn.n,2.0,,,0.07,2.56,True
관리회계_고객.csv,최종변경일시,관리회계_조직.csv,최종변경일시,1.0,0,nn:nn.n,2.0,,,0.07,2.56,0,nn:nn.n,2.0,,,0.0,1.19,False
관리회계_고객.csv,최종변경일시,관리회계_조직_test.csv,최종변경일시,1.0,0,nn:nn.n,2.0,,,0.07,2.56,0,nn:nn.n,1.0,,,33.33,12.5,False
관리회계_고객.csv,최종변경일시,관리회계_조직그룹.csv,최종변경일시,1.0,0,nn:nn.n,2.0,,,0.07,2.56,0,nnnn-nn-nn nn:nn:nn.,1.0,,,0.0,100.0,False
관리회계_고객.csv,최종변경일시,택배관리회계조직매핑.csv,최종변경일시,1.0,0,nn:nn.n,2.0,,,0.07,2.56,0,nn:nn,1.0,,,0.0,4.17,False
관리회계_공통코드.csv,관리회계분류공통코드,관리회계_공통코드.csv,관리회계분류공통코드,1.0,0,AAAsAAAAsAAAAsAAAAAA,21.0,,,0.0,21.05,0,AAAsAAAAsAAAAsAAAAAA,21.0,,,0.0,21.05,True
관리회계_공통코드.csv,관리회계분류공통코드,관리회계_공통코드.csv,관리회계공통코드,0.8889,0,AAAsAAAAsAAAAsAAAAAA,21.0,,,0.0,21.05,0,AAsnnnn,32.0,,,0.0,99.12,False
관리회계_공통코드.csv,관리회계분류공통코드,관리회계_공통코드.csv,관리회계공통코드명,0.8421,0,AAAsAAAAsAAAAsAAAAAA,21.0,,,0.0,21.05,0,KKKK,43.0,,Text,0.0,90.35,False
관리회계_공통코드.csv,관리회계분류공통코드,관리회계_공통코드.csv,관리회계공통코드설명,0.8,0,AAAsAAAAsAAAAsAAAAAA,21.0,,,0.0,21.05,0,nnn,20.0,,,52.63,61.11,False
관리회계_공통코드.csv,관리회계분류공통코드,관리회계_분류공통코드.csv,관리회계분류공통코드,1.0,0,AAAsAAAAsAAAAsAAAAAA,21.0,,,0.0,21.05,1,AAAAAAAAsAAAAAAsAAAA,22.0,,UNIQUE,0.0,100.0,False
관리회계_공통코드.csv,관리회계분류공통코드,관리회계_분류공통코드.csv,분류공통코드명,0.7059,0,AAAsAAAAsAAAAsAAAAAA,21.0,,,0.0,21.05,1,KKKK,17.0,,UNIQUE,0.0,100.0,False
관리회계_공통코드.csv,관리회계공통코드,관리회계_공통코드.csv,관리회계분류공통코드,0.8889,0,AAsnnnn,32.0,,,0.0,99.12,0,AAAsAAAAsAAAAsAAAAAA,21.0,,,0.0,21.05,False
관리회계_공통코드.csv,관리회계공통코드,관리회계_공통코드.csv,관리회계공통코드,1.0,0,AAsnnnn,32.0,,,0.0,99.12,0,AAsnnnn,32.0,,,0.0,99.12,True
관리회계_공통코드.csv,관리회계공통코드,관리회계_공통코드.csv,관리회계공통코드명,0.9412,0,AAsnnnn,32.0,,,0.0,99.12,0,KKKK,43.0,,Text,0.0,90.35,False
관리회계_공통코드.csv,관리회계공통코드,관리회계_공통코드.csv,관리회계공통코드설명,0.8889,0,AAsnnnn,32.0,,,0.0,99.12,0,nnn,20.0,,,52.63,61.11,False
관리회계_공통코드.csv,관리회계공통코드,관리회계_분류공통코드.csv,관리회계분류공통코드,0.8889,0,AAsnnnn,32.0,,,0.0,99.12,1,AAAAAAAAsAAAAAAsAAAA,22.0,,UNIQUE,0.0,100.0,False
관리회계_공통코드.csv,관리회계공통코드,관리회계계정.csv,관리회계계정코드,0.75,0,AAsnnnn,32.0,,,0.0,99.12,1,nnnnnn,1.0,,UNIQUE,0.0,100.0,False
관리회계_공통코드.csv,관리회계공통코드,택배관리회계조직매핑.csv,관리회계_지점코드,0.7059,0,AAsnnnn,32.0,,,0.0,99.12,0,AAAAA,2.0,,,0.0,97.92,False
관리회계_공통코드.csv,관리회계공통코드명,관리회계_공통코드.csv,관리회계분류공통코드,0.8421,0,KKKK,43.0,,Text,0.0,90.35,0,AAAsAAAAsAAAAsAAAAAA,21.0,,,0.0,21.05,False
관리회계_공통코드.csv,관리회계공통코드명,관리회계_공통코드.csv,관리회계공통코드,0.9412,0,KKKK,43.0,,Text,0.0,90.35,0,AAsnnnn,32.0,,,0.0,99.12,False
관리회계_공통코드.csv,관리회계공통코드명,관리회계_공통코드.csv,관리회계공통코드명,1.0,0,KKKK,43.0,,Text,0.0,90.35,0,KKKK,43.0,,Text,0.0,90.35,True
관리회계_공통코드.csv,관리회계공통코드명,관리회계_공통코드.csv,관리회계공통코드설명,0.9474,0,KKKK,43.0,,Text,0.0,90.35,0,nnn,20.0,,,52.63,61.11,False
관리회계_공통코드.csv,관리회계공통코드명,관리회계_분류공통코드.csv,관리회계분류공통코드,0.8421,0,KKKK,43.0,,Text,0.0,90.35,1,AAAAAAAAsAAAAAAsAAAA,22.0,,UNIQUE,0.0,100.0,False
관리회계_공통코드.csv,관리회계공통코드명,관리회계계정.csv,관리회계계정코드,0.7059,0,KKKK,43.0,,Text,0.0,90.35,1,nnnnnn,1.0,,UNIQUE,0.0,100.0,False
관리회계_공통코드.csv,관리회계공통코드설명,관리회계_공통코드.csv,관리회계분류공통코드,0.8,0,nnn,20.0,,,52.63,61.11,0,AAAsAAAAsAAAAsAAAAAA,21.0,,,0.0,21.05,False
관리회계_공통코드.csv,관리회계공통코드설명,관리회계_공통코드.csv,관리회계공통코드,0.8889,0,nnn,20.0,,,52.63,61.11,0,AAsnnnn,32.0,,,0.0,99.12,False
관리회계_공통코드.csv,관리회계공통코드설명,관리회계_공통코드.csv,관리회계공통코드명,0.9474,0,nnn,20.0,,,52.63,61.11,0,KKKK,43.0,,Text,0.0,90.35,False
관리회계_공통코드.csv,관리회계공통코드설명,관리회계_공통코드.csv,관리회계공통코드설명,1.0,0,nnn,20.0,,,52.63,61.11,0,nnn,20.0,,,52.63,61.11,True
관리회계_공통코드.csv,관리회계공통코드설명,관리회계_분류공통코드.csv,관리회계분류공통코드,0.8,0,nnn,20.0,,,52.63,61.11,1,AAAAAAAAsAAAAAAsAAAA,22.0,,UNIQUE,0.0,100.0,False
관리회계_공통코드.csv,제1속성값,관리회계_공통코드.csv,제1속성값,1.0,0,nnnn,14.0,,,57.89,60.42,0,nnnn,14.0,,,57.89,60.42,True
관리회계_공통코드.csv,제1속성값,관리회계_공통코드.csv,제2속성값,0.8,0,nnnn,14.0,,,57.89,60.42,0,AAAAAA,11.0,,,71.05,45.45,False
관리회계_공통코드.csv,제1속성값,관리회계_공통코드.csv,제3속성값,0.8,0,nnnn,14.0,,,57.89,60.42,0,AAA,4.0,,,91.23,40.0,False
관리회계_공통코드.csv,제1속성값,관리회계_공통코드.csv,제4속성값,0.8,0,nnnn,14.0,,,57.89,60.42,0,AAAAAA,2.0,,,91.23,20.0,False
관리회계_공통코드.csv,제2속성값,관리회계_공통코드.csv,제1속성값,0.8,0,AAAAAA,11.0,,,71.05,45.45,0,nnnn,14.0,,,57.89,60.42,False
관리회계_공통코드.csv,제2속성값,관리회계_공통코드.csv,제2속성값,1.0,0,AAAAAA,11.0,,,71.05,45.45,0,AAAAAA,11.0,,,71.05,45.45,True
관리회계_공통코드.csv,제2속성값,관리회계_공통코드.csv,제3속성값,0.8,0,AAAAAA,11.0,,,71.05,45.45,0,AAA,4.0,,,91.23,40.0,False
관리회계_공통코드.csv,제2속성값,관리회계_공통코드.csv,제4속성값,0.8,0,AAAAAA,11.0,,,71.05,45.45,0,AAAAAA,2.0,,,91.23,20.0,False
관리회계_공통코드.csv,제3속성값,관리회계_공통코드.csv,제1속성값,0.8,0,AAA,4.0,,,91.23,40.0,0,nnnn,14.0,,,57.89,60.42,False
관리회계_공통코드.csv,제3속성값,관리회계_공통코드.csv,제2속성값,0.8,0,AAA,4.0,,,91.23,40.0,0,AAAAAA,11.0,,,71.05,45.45,False
관리회계_공통코드.csv,제3속성값,관리회계_공통코드.csv,제3속성값,1.0,0,AAA,4.0,,,91.23,40.0,0,AAA,4.0,,,91.23,40.0,True
관리회계_공통코드.csv,제3속성값,관리회계_공통코드.csv,제4속성값,0.8,0,AAA,4.0,,,91.23,40.0,0,AAAAAA,2.0,,,91.23,20.0,False
관리회계_공통코드.csv,제4속성값,관리회계_공통코드.csv,제1속성값,0.8,0,AAAAAA,2.0,,,91.23,20.0,0,nnnn,14.0,,,57.89,60.42,False
관리회계_공통코드.csv,제4속성값,관리회계_공통코드.csv,제2속성값,0.8,0,AAAAAA,2.0,,,91.23,20.0,0,AAAAAA,11.0,,,71.05,45.45,False
관리회계_공통코드.csv,제4속성값,관리회계_공통코드.csv,제3속성값,0.8,0,AAAAAA,2.0,,,91.23,20.0,0,AAA,4.0,,,91.23,40.0,False
관리회계_공통코드.csv,제4속성값,관리회계_공통코드.csv,제4속성값,1.0,0,AAAAAA,2.0,,,91.23,20.0,0,AAAAAA,2.0,,,91.23,20.0,True
관리회계_공통코드.csv,정렬순서,계정코드관리.csv,정렬순서,1.0,0,nn,3.0,,,5.26,25.0,1,nnnn,3.0,,UNIQUE,0.0,100.0,False
관리회계_공통코드.csv,정렬순서,관리회계_계정그룹.csv,정렬순서,1.0,0,nn,3.0,,,5.26,25.0,0,nn,1.0,,,0.0,100.0,False
관리회계_공통코드.csv,정렬순서,관리회계_계정그룹상세.csv,정렬순서,1.0,0,nn,3.0,,,5.26,25.0,1,nnn,2.0,,UNIQUE,1.08,100.0,False
관리회계_공통코드.csv,정렬순서,관리회계_공통코드.csv,정렬순서,1.0,0,nn,3.0,,,5.26,25.0,0,nn,3.0,,,5.26,25.0,True
관리회계_공통코드.csv,정렬순서,관리회계_사업.csv,정렬순서,1.0,0,nn,3.0,,,5.26,25.0,1,nnnn,3.0,,UNIQUE,0.0,100.0,False
관리회계_공통코드.csv,정렬순서,관리회계_조직.csv,정렬순서,1.0,0,nn,3.0,,,5.26,25.0,1,nnnn,3.0,,UNIQUE,0.0,100.0,False
관리회계_공통코드.csv,정렬순서,관리회계_조직_test.csv,정렬순서,1.0,0,nn,3.0,,,5.26,25.0,0,nnnn,2.0,,,33.33,37.5,False
관리회계_공통코드.csv,정렬순서,관리회계_조직그룹.csv,정렬순서,1.0,0,nn,3.0,,,5.26,25.0,0,nn,2.0,,,0.0,100.0,False
관리회계_공통코드.csv,정렬순서,관리회계_조직그룹상세.csv,정렬순서,1.0,0,nn,3.0,,,5.26,25.0,1,nnnn,3.0,,UNIQUE,0.0,100.0,False
관리회계_공통코드.csv,정렬순서,관리회계계정.csv,정렬순서,1.0,0,nn,3.0,,,5.26,25.0,1,nnnn,3.0,,UNIQUE,0.0,100.0,False
관리회계_공통코드.csv,정렬순서,사업코드관리.csv,정렬순서,1.0,0,nn,3.0,,,5.26,25.0,1,nnnn,3.0,,UNIQUE,0.0,100.0,False
관리회계_공통코드.csv,정렬순서,조직코드관리.csv,정렬순서,1.0,0,nn,3.0,,,5.26,25.0,1,nnnn,3.0,,UNIQUE,0.0,100.0,False
관리회계_공통코드.csv,정렬순서,택배_조직도.csv,정렬순서,1.0,0,nn,3.0,,,5.26,25.0,0,n,2.0,,,97.84,15.66,False
관리회계_공통코드.csv,최초생성자ID,계약마스터.csv,최초생성자ID,1.0,0,aaaaaa,2.0,,,52.63,5.56,0,aaa,1.0,,SINGLE VALUE,0.0,0.01,False
관리회계_공통코드.csv,최초생성자ID,계정과목코드.csv,최초생성자ID,1.0,0,aaaaaa,2.0,,,52.63,5.56,0,aaaaa,1.0,,SINGLE VALUE,0.0,0.24,False
관리회계_공통코드.csv,최초생성자ID,계정코드관리.csv,최초생성자ID,1.0,0,aaaaaa,2.0,,,52.63,5.56,0,aaaaa,1.0,,SINGLE VALUE,0.0,0.3,False
관리회계_공통코드.csv,최초생성자ID,관리회계BI_계정.csv,최초생성자ID,1.0,0,aaaaaa,2.0,,,52.63,5.56,0,aaaaa,1.0,,SINGLE VALUE,0.0,0.29,False
관리회계_공통코드.csv,최초생성자ID,관리회계BI_사업.csv,최초생성자ID,1.0,0,aaaaaa,2.0,,,52.63,5.56,0,aaaaa,1.0,,SINGLE VALUE,0.0,0.48,False
관리회계_공통코드.csv,최초생성자ID,관리회계BI_조직.csv,최초생성자ID,1.0,0,aaaaaa,2.0,,,52.63,5.56,0,aaaaa,1.0,,SINGLE VALUE,0.0,0.24,False
관리회계_공통코드.csv,최초생성자ID,관리회계_계정그룹.csv,최초생성자ID,1.0,0,aaaaaa,2.0,,,52.63,5.56,0,aaaaa,2.0,,,0.0,66.67,False
관리회계_공통코드.csv,최초생성자ID,관리회계_계정그룹상세.csv,최초생성자ID,1.0,0,aaaaaa,2.0,,,52.63,5.56,0,aaaaa,1.0,,,0.0,2.15,False
관리회계_공통코드.csv,최초생성자ID,관리회계_고객.csv,최초생성자ID,1.0,0,aaaaaa,2.0,,,52.63,5.56,0,AAAAA,5.0,,,0.13,0.08,False
관리회계_공통코드.csv,최초생성자ID,관리회계_공통코드.csv,최초생성자ID,1.0,0,aaaaaa,2.0,,,52.63,5.56,0,aaaaaa,2.0,,,52.63,5.56,True
관리회계_공통코드.csv,최초생성자ID,관리회계_분류공통코드.csv,최초생성자ID,1.0,0,aaaaaa,2.0,,,52.63,5.56,0,aaaaaa,3.0,,,50.0,23.08,False
관리회계_공통코드.csv,최초생성자ID,관리회계_사업.csv,최초생성자ID,1.0,0,aaaaaa,2.0,,,52.63,5.56,0,aaaaa,1.0,,SINGLE VALUE,0.0,0.24,False
관리회계_공통코드.csv,최초생성자ID,관리회계_조직.csv,최초생성자ID,1.0,0,aaaaaa,2.0,,,52.63,5.56,0,aaaaa,1.0,,SINGLE VALUE,0.0,0.24,False
관리회계_공통코드.csv,최초생성자ID,관리회계_조직_test.csv,최초생성자ID,1.0,0,aaaaaa,2.0,,,52.63,5.56,0,aaaaa,1.0,,,33.33,12.5,False
관리회계_공통코드.csv,최초생성자ID,관리회계_조직그룹.csv,최초생성자ID,1.0,0,aaaaaa,2.0,,,52.63,5.56,0,aaaaa,1.0,,,0.0,10.0,False
관리회계_공통코드.csv,최초생성자ID,관리회계_조직그룹상세.csv,최초생성자ID,1.0,0,aaaaaa,2.0,,,52.63,5.56,0,aaaaa,1.0,,SINGLE VALUE,0.0,0.29,False
관리회계_공통코드.csv,최초생성자ID,관리회계계정.csv,최초생성자ID,1.0,0,aaaaaa,2.0,,,52.63,5.56,0,aaaaa,1.0,,SINGLE VALUE,0.0,0.24,False
관리회계_공통코드.csv,최초생성자ID,법인정보.csv,최초생성자ID,1.0,0,aaaaaa,2.0,,,52.63,5.56,0,AAAAA,5.0,,,0.0,0.08,False
관리회계_공통코드.csv,최초생성자ID,사업코드관리.csv,최초생성자ID,1.0,0,aaaaaa,2.0,,,52.63,5.56,0,aaaaa,1.0,,SINGLE VALUE,0.0,0.29,False
관리회계_공통코드.csv,최초생성자ID,원가인명정보.csv,최초생성자ID,1.0,0,aaaaaa,2.0,,,52.63,5.56,0,aaaaa,3.0,,,6.02,0.04,False
관리회계_공통코드.csv,최종갱신자ID,계정과목코드.csv,최종갱신자ID,1.0,0,aaaaaa,3.0,,,49.12,6.9,0,aaaaa,1.0,,SINGLE VALUE,0.0,0.24,False
관리회계_공통코드.csv,최종갱신자ID,관리회계BI_계정.csv,최종갱신자ID,1.0,0,aaaaaa,3.0,,,49.12,6.9,0,aaaaa,1.0,,SINGLE VALUE,0.0,0.29,False
관리회계_공통코드.csv,최종갱신자ID,관리회계BI_사업.csv,최종갱신자ID,1.0,0,aaaaaa,3.0,,,49.12,6.9,0,aaaaa,1.0,,SINGLE VALUE,0.0,0.48,False
관리회계_공통코드.csv,최종갱신자ID,관리회계BI_조직.csv,최종갱신자ID,1.0,0,aaaaaa,3.0,,,49.12,6.9,0,aaaaa,1.0,,SINGLE VALUE,0.0,0.24,False
관리회계_공통코드.csv,최종갱신자ID,관리회계_계정그룹.csv,최종갱신자ID,1.0,0,aaaaaa,3.0,,,49.12,6.9,0,aaaaa,2.0,,,0.0,66.67,False
관리회계_공통코드.csv,최종갱신자ID,관리회계_계정그룹상세.csv,최종갱신자ID,1.0,0,aaaaaa,3.0,,,49.12,6.9,0,aaaaa,1.0,,,0.0,2.15,False
관리회계_공통코드.csv,최종갱신자ID,관리회계_고객.csv,최종갱신자ID,1.0,0,aaaaaa,3.0,,,49.12,6.9,0,AAAAA,5.0,,,0.07,0.08,False
관리회계_공통코드.csv,최종갱신자ID,관리회계_공통코드.csv,최종갱신자ID,1.0,0,aaaaaa,3.0,,,49.12,6.9,0,aaaaaa,3.0,,,49.12,6.9,True
관리회계_공통코드.csv,최종갱신자ID,관리회계_분류공통코드.csv,최종갱신자ID,1.0,0,aaaaaa,3.0,,,49.12,6.9,0,aaaaaa,2.0,,,50.0,15.38,False
관리회계_공통코드.csv,최종갱신자ID,관리회계_사업.csv,최종갱신자ID,1.0,0,aaaaaa,3.0,,,49.12,6.9,0,aaaaa,1.0,,SINGLE VALUE,0.0,0.24,False
관리회계_공통코드.csv,최종갱신자ID,관리회계_조직.csv,최종갱신자ID,1.0,0,aaaaaa,3.0,,,49.12,6.9,0,aaaaa,1.0,,SINGLE VALUE,0.0,0.24,False
관리회계_공통코드.csv,최종갱신자ID,관리회계_조직_test.csv,최종갱신자ID,1.0,0,aaaaaa,3.0,,,49.12,6.9,0,aaaaa,1.0,,,33.33,12.5,False
관리회계_공통코드.csv,최종갱신자ID,관리회계_조직그룹.csv,최종갱신자ID,1.0,0,aaaaaa,3.0,,,49.12,6.9,0,aaaaa,1.0,,,0.0,10.0,False
관리회계_공통코드.csv,최종갱신자ID,관리회계_조직그룹상세.csv,최종갱신자ID,1.0,0,aaaaaa,3.0,,,49.12,6.9,0,aaaaa,1.0,,SINGLE VALUE,0.0,0.29,False
관리회계_공통코드.csv,최종갱신자ID,관리회계계정.csv,최종갱신자ID,1.0,0,aaaaaa,3.0,,,49.12,6.9,0,aaaaa,1.0,,SINGLE VALUE,0.0,0.24,False
관리회계_공통코드.csv,최종갱신자ID,법인정보.csv,최종갱신자ID,1.0,0,aaaaaa,3.0,,,49.12,6.9,0,AAAAA,6.0,,,0.0,0.07,False
관리회계_공통코드.csv,최종갱신자ID,원가인명정보.csv,최종갱신자ID,1.0,0,aaaaaa,3.0,,,49.12,6.9,0,aaaaa,4.0,,,6.01,0.05,False
관리회계_분류공통코드.csv,관리회계분류공통코드,관리회계_공통코드.csv,관리회계분류공통코드,1.0,1,AAAAAAAAsAAAAAAsAAAA,22.0,,UNIQUE,0.0,100.0,0,AAAsAAAAsAAAAsAAAAAA,21.0,,,0.0,21.05,False
관리회계_분류공통코드.csv,관리회계분류공통코드,관리회계_공통코드.csv,관리회계공통코드,0.8889,1,AAAAAAAAsAAAAAAsAAAA,22.0,,UNIQUE,0.0,100.0,0,AAsnnnn,32.0,,,0.0,99.12,False
관리회계_분류공통코드.csv,관리회계분류공통코드,관리회계_공통코드.csv,관리회계공통코드명,0.8421,1,AAAAAAAAsAAAAAAsAAAA,22.0,,UNIQUE,0.0,100.0,0,KKKK,43.0,,Text,0.0,90.35,False
관리회계_분류공통코드.csv,관리회계분류공통코드,관리회계_공통코드.csv,관리회계공통코드설명,0.8,1,AAAAAAAAsAAAAAAsAAAA,22.0,,UNIQUE,0.0,100.0,0,nnn,20.0,,,52.63,61.11,False
관리회계_분류공통코드.csv,관리회계분류공통코드,관리회계_분류공통코드.csv,관리회계분류공통코드,1.0,1,AAAAAAAAsAAAAAAsAAAA,22.0,,UNIQUE,0.0,100.0,1,AAAAAAAAsAAAAAAsAAAA,22.0,,UNIQUE,0.0,100.0,True
관리회계_분류공통코드.csv,관리회계분류공통코드,관리회계_분류공통코드.csv,분류공통코드명,0.7059,1,AAAAAAAAsAAAAAAsAAAA,22.0,,UNIQUE,0.0,100.0,1,KKKK,17.0,,UNIQUE,0.0,100.0,False
관리회계_분류공통코드.csv,분류공통코드명,관리회계_공통코드.csv,관리회계분류공통코드,0.7059,1,KKKK,17.0,,UNIQUE,0.0,100.0,0,AAAsAAAAsAAAAsAAAAAA,21.0,,,0.0,21.05,False
관리회계_분류공통코드.csv,분류공통코드명,관리회계_분류공통코드.csv,관리회계분류공통코드,0.7059,1,KKKK,17.0,,UNIQUE,0.0,100.0,1,AAAAAAAAsAAAAAAsAAAA,22.0,,UNIQUE,0.0,100.0,False
관리회계_분류공통코드.csv,분류공통코드명,관리회계_분류공통코드.csv,분류공통코드명,1.0,1,KKKK,17.0,,UNIQUE,0.0,100.0,1,KKKK,17.0,,UNIQUE,0.0,100.0,True
관리회계_분류공통코드.csv,최초생성자ID,계약마스터.csv,최초생성자ID,1.0,0,aaaaaa,3.0,,,50.0,23.08,0,aaa,1.0,,SINGLE VALUE,0.0,0.01,False
관리회계_분류공통코드.csv,최초생성자ID,계정과목코드.csv,최초생성자ID,1.0,0,aaaaaa,3.0,,,50.0,23.08,0,aaaaa,1.0,,SINGLE VALUE,0.0,0.24,False
관리회계_분류공통코드.csv,최초생성자ID,계정코드관리.csv,최초생성자ID,1.0,0,aaaaaa,3.0,,,50.0,23.08,0,aaaaa,1.0,,SINGLE VALUE,0.0,0.3,False
관리회계_분류공통코드.csv,최초생성자ID,관리회계BI_계정.csv,최초생성자ID,1.0,0,aaaaaa,3.0,,,50.0,23.08,0,aaaaa,1.0,,SINGLE VALUE,0.0,0.29,False
관리회계_분류공통코드.csv,최초생성자ID,관리회계BI_사업.csv,최초생성자ID,1.0,0,aaaaaa,3.0,,,50.0,23.08,0,aaaaa,1.0,,SINGLE VALUE,0.0,0.48,False
관리회계_분류공통코드.csv,최초생성자ID,관리회계BI_조직.csv,최초생성자ID,1.0,0,aaaaaa,3.0,,,50.0,23.08,0,aaaaa,1.0,,SINGLE VALUE,0.0,0.24,False
관리회계_분류공통코드.csv,최초생성자ID,관리회계_계정그룹.csv,최초생성자ID,1.0,0,aaaaaa,3.0,,,50.0,23.08,0,aaaaa,2.0,,,0.0,66.67,False
관리회계_분류공통코드.csv,최초생성자ID,관리회계_계정그룹상세.csv,최초생성자ID,1.0,0,aaaaaa,3.0,,,50.0,23.08,0,aaaaa,1.0,,,0.0,2.15,False
관리회계_분류공통코드.csv,최초생성자ID,관리회계_고객.csv,최초생성자ID,1.0,0,aaaaaa,3.0,,,50.0,23.08,0,AAAAA,5.0,,,0.13,0.08,False
관리회계_분류공통코드.csv,최초생성자ID,관리회계_공통코드.csv,최초생성자ID,1.0,0,aaaaaa,3.0,,,50.0,23.08,0,aaaaaa,2.0,,,52.63,5.56,False
관리회계_분류공통코드.csv,최초생성자ID,관리회계_분류공통코드.csv,최초생성자ID,1.0,0,aaaaaa,3.0,,,50.0,23.08,0,aaaaaa,3.0,,,50.0,23.08,True
관리회계_분류공통코드.csv,최초생성자ID,관리회계_사업.csv,최초생성자ID,1.0,0,aaaaaa,3.0,,,50.0,23.08,0,aaaaa,1.0,,SINGLE VALUE,0.0,0.24,False
관리회계_분류공통코드.csv,최초생성자ID,관리회계_조직.csv,최초생성자ID,1.0,0,aaaaaa,3.0,,,50.0,23.08,0,aaaaa,1.0,,SINGLE VALUE,0.0,0.24,False
관리회계_분류공통코드.csv,최초생성자ID,관리회계_조직_test.csv,최초생성자ID,1.0,0,aaaaaa,3.0,,,50.0,23.08,0,aaaaa,1.0,,,33.33,12.5,False
관리회계_분류공통코드.csv,최초생성자ID,관리회계_조직그룹.csv,최초생성자ID,1.0,0,aaaaaa,3.0,,,50.0,23.08,0,aaaaa,1.0,,,0.0,10.0,False
관리회계_분류공통코드.csv,최초생성자ID,관리회계_조직그룹상세.csv,최초생성자ID,1.0,0,aaaaaa,3.0,,,50.0,23.08,0,aaaaa,1.0,,SINGLE VALUE,0.0,0.29,False
관리회계_분류공통코드.csv,최초생성자ID,관리회계계정.csv,최초생성자ID,1.0,0,aaaaaa,3.0,,,50.0,23.08,0,aaaaa,1.0,,SINGLE VALUE,0.0,0.24,False
관리회계_분류공통코드.csv,최초생성자ID,법인정보.csv,최초생성자ID,1.0,0,aaaaaa,3.0,,,50.0,23.08,0,AAAAA,5.0,,,0.0,0.08,False
관리회계_분류공통코드.csv,최초생성자ID,사업코드관리.csv,최초생성자ID,1.0,0,aaaaaa,3.0,,,50.0,23.08,0,aaaaa,1.0,,SINGLE VALUE,0.0,0.29,False
관리회계_분류공통코드.csv,최초생성자ID,원가인명정보.csv,최초생성자ID,1.0,0,aaaaaa,3.0,,,50.0,23.08,0,aaaaa,3.0,,,6.02,0.04,False
관리회계_분류공통코드.csv,최종갱신자ID,계정과목코드.csv,최종갱신자ID,1.0,0,aaaaaa,2.0,,,50.0,15.38,0,aaaaa,1.0,,SINGLE VALUE,0.0,0.24,False
관리회계_분류공통코드.csv,최종갱신자ID,관리회계BI_계정.csv,최종갱신자ID,1.0,0,aaaaaa,2.0,,,50.0,15.38,0,aaaaa,1.0,,SINGLE VALUE,0.0,0.29,False
관리회계_분류공통코드.csv,최종갱신자ID,관리회계BI_사업.csv,최종갱신자ID,1.0,0,aaaaaa,2.0,,,50.0,15.38,0,aaaaa,1.0,,SINGLE VALUE,0.0,0.48,False
관리회계_분류공통코드.csv,최종갱신자ID,관리회계BI_조직.csv,최종갱신자ID,1.0,0,aaaaaa,2.0,,,50.0,15.38,0,aaaaa,1.0,,SINGLE VALUE,0.0,0.24,False
관리회계_분류공통코드.csv,최종갱신자ID,관리회계_계정그룹.csv,최종갱신자ID,1.0,0,aaaaaa,2.0,,,50.0,15.38,0,aaaaa,2.0,,,0.0,66.67,False
관리회계_분류공통코드.csv,최종갱신자ID,관리회계_계정그룹상세.csv,최종갱신자ID,1.0,0,aaaaaa,2.0,,,50.0,15.38,0,aaaaa,1.0,,,0.0,2.15,False
관리회계_분류공통코드.csv,최종갱신자ID,관리회계_고객.csv,최종갱신자ID,1.0,0,aaaaaa,2.0,,,50.0,15.38,0,AAAAA,5.0,,,0.07,0.08,False
관리회계_분류공통코드.csv,최종갱신자ID,관리회계_공통코드.csv,최종갱신자ID,1.0,0,aaaaaa,2.0,,,50.0,15.38,0,aaaaaa,3.0,,,49.12,6.9,False
관리회계_분류공통코드.csv,최종갱신자ID,관리회계_분류공통코드.csv,최종갱신자ID,1.0,0,aaaaaa,2.0,,,50.0,15.38,0,aaaaaa,2.0,,,50.0,15.38,True
관리회계_분류공통코드.csv,최종갱신자ID,관리회계_사업.csv,최종갱신자ID,1.0,0,aaaaaa,2.0,,,50.0,15.38,0,aaaaa,1.0,,SINGLE VALUE,0.0,0.24,False
관리회계_분류공통코드.csv,최종갱신자ID,관리회계_조직.csv,최종갱신자ID,1.0,0,aaaaaa,2.0,,,50.0,15.38,0,aaaaa,1.0,,SINGLE VALUE,0.0,0.24,False
관리회계_분류공통코드.csv,최종갱신자ID,관리회계_조직_test.csv,최종갱신자ID,1.0,0,aaaaaa,2.0,,,50.0,15.38,0,aaaaa,1.0,,,33.33,12.5,False
관리회계_분류공통코드.csv,최종갱신자ID,관리회계_조직그룹.csv,최종갱신자ID,1.0,0,aaaaaa,2.0,,,50.0,15.38,0,aaaaa,1.0,,,0.0,10.0,False
관리회계_분류공통코드.csv,최종갱신자ID,관리회계_조직그룹상세.csv,최종갱신자ID,1.0,0,aaaaaa,2.0,,,50.0,15.38,0,aaaaa,1.0,,SINGLE VALUE,0.0,0.29,False
관리회계_분류공통코드.csv,최종갱신자ID,관리회계계정.csv,최종갱신자ID,1.0,0,aaaaaa,2.0,,,50.0,15.38,0,aaaaa,1.0,,SINGLE VALUE,0.0,0.24,False
관리회계_분류공통코드.csv,최종갱신자ID,법인정보.csv,최종갱신자ID,1.0,0,aaaaaa,2.0,,,50.0,15.38,0,AAAAA,6.0,,,0.0,0.07,False
관리회계_분류공통코드.csv,최종갱신자ID,원가인명정보.csv,최종갱신자ID,1.0,0,aaaaaa,2.0,,,50.0,15.38,0,aaaaa,4.0,,,6.01,0.05,False
관리회계_사업.csv,사업유형코드,계약마스터.csv,소사업코드,0.7273,0,AAAAn,1.0,,,0.0,0.49,0,nnn,1.0,,,0.0,0.6,False
관리회계_사업.csv,사업유형코드,관리회계BI_사업.csv,사업유형코드,1.0,0,AAAAn,1.0,,,0.0,0.49,0,AAAAn,1.0,,,0.0,0.97,False
관리회계_사업.csv,사업유형코드,관리회계BI_사업.csv,전사업코드,0.7273,0,AAAAn,1.0,,,0.0,0.49,0,nnn,1.0,,SEQUENCE,0.0,0.48,False
관리회계_사업.csv,사업유형코드,관리회계BI_사업.csv,대사업코드,0.7273,0,AAAAn,1.0,,,0.0,0.49,0,nnn,1.0,,,0.0,2.42,False
관리회계_사업.csv,사업유형코드,관리회계BI_사업.csv,중사업코드,0.7273,0,AAAAn,1.0,,,0.0,0.49,0,nnn,1.0,,,0.0,8.21,False
관리회계_사업.csv,사업유형코드,관리회계BI_사업.csv,소사업코드,0.7273,0,AAAAn,1.0,,,0.0,0.49,0,nnn,1.0,,,0.0,18.84,False
관리회계_사업.csv,사업유형코드,관리회계BI_사업.csv,사업코드,0.8,0,AAAAn,1.0,,,0.0,0.49,0,nnn,1.0,,,0.0,50.24,False
관리회계_사업.csv,사업유형코드,관리회계_사업.csv,사업유형코드,1.0,0,AAAAn,1.0,,,0.0,0.49,0,AAAAn,1.0,,,0.0,0.49,True
관리회계_사업.csv,사업유형코드,관리회계_사업.csv,사업코드,0.8,0,AAAAn,1.0,,,0.0,0.49,0,nnn,2.0,,,0.0,57.77,False
관리회계_사업.csv,사업유형코드,미배송사유코드.csv,사유코드,0.8,0,AAAAn,1.0,,,0.0,0.49,0,nn,2.0,,,0.0,38.46,False
관리회계_사업.csv,사업유형코드,사업코드관리.csv,사업유형코드,1.0,0,AAAAn,1.0,,,0.0,0.49,0,AAAA n,1.0,,,0.0,0.58,False
관리회계_사업.csv,사업유형코드,사업코드관리.csv,전사업코드,0.7273,0,AAAAn,1.0,,,0.0,0.49,0,nnn,1.0,,SEQUENCE,0.0,0.29,False
관리회계_사업.csv,사업유형코드,사업코드관리.csv,대사업코드,0.7273,0,AAAAn,1.0,,,0.0,0.49,0,nnn,1.0,,,0.0,1.45,False
관리회계_사업.csv,사업유형코드,사업코드관리.csv,중사업코드,0.7273,0,AAAAn,1.0,,,0.0,0.49,0,nnn,1.0,,,0.0,6.36,False
관리회계_사업.csv,사업유형코드,사업코드관리.csv,소사업코드,0.7273,0,AAAAn,1.0,,,0.0,0.49,0,nnn,1.0,,,0.0,18.79,False
관리회계_사업.csv,사업유형코드,사업코드관리.csv,사업코드,0.8,0,AAAAn,1.0,,,0.0,0.49,0,nnn,1.0,,,0.0,52.31,False
관리회계_사업.csv,사업코드,계약마스터.csv,소사업코드,0.8889,0,nnn,2.0,,,0.0,57.77,0,nnn,1.0,,,0.0,0.6,False
관리회계_사업.csv,사업코드,관리회계BI_사업.csv,사업유형코드,0.8,0,nnn,2.0,,,0.0,57.77,0,AAAAn,1.0,,,0.0,0.97,False
관리회계_사업.csv,사업코드,관리회계BI_사업.csv,전사업코드,0.8889,0,nnn,2.0,,,0.0,57.77,0,nnn,1.0,,SEQUENCE,0.0,0.48,False
관리회계_사업.csv,사업코드,관리회계BI_사업.csv,대사업코드,0.8889,0,nnn,2.0,,,0.0,57.77,0,nnn,1.0,,,0.0,2.42,False
관리회계_사업.csv,사업코드,관리회계BI_사업.csv,중사업코드,0.8889,0,nnn,2.0,,,0.0,57.77,0,nnn,1.0,,,0.0,8.21,False
관리회계_사업.csv,사업코드,관리회계BI_사업.csv,소사업코드,0.8889,0,nnn,2.0,,,0.0,57.77,0,nnn,1.0,,,0.0,18.84,False
관리회계_사업.csv,사업코드,관리회계BI_사업.csv,사업코드,1.0,0,nnn,2.0,,,0.0,57.77,0,nnn,1.0,,,0.0,50.24,False
관리회계_사업.csv,사업코드,관리회계_사업.csv,사업유형코드,0.8,0,nnn,2.0,,,0.0,57.77,0,AAAAn,1.0,,,0.0,0.49,False
관리회계_사업.csv,사업코드,관리회계_사업.csv,사업코드,1.0,0,nnn,2.0,,,0.0,57.77,0,nnn,2.0,,,0.0,57.77,True
관리회계_사업.csv,사업코드,관리회계_사업.csv,상위사업코드,0.8,0,nnn,2.0,,,0.0,57.77,0,nnn,1.0,,,0.97,19.61,False
관리회계_사업.csv,사업코드,미배송사유코드.csv,사유코드,0.75,0,nnn,2.0,,,0.0,57.77,0,nn,2.0,,,0.0,38.46,False
관리회계_사업.csv,사업코드,미배송사유코드.csv,작업코드,0.75,0,nnn,2.0,,,0.0,57.77,0,nn,2.0,,,0.0,11.54,False
관리회계_사업.csv,사업코드,사업구분.csv,사업구분코드,0.8,0,nnn,2.0,,,0.0,57.77,1,AAA,3.0,,UNIQUE,0.0,100.0,False
관리회계_사업.csv,사업코드,사업코드관리.csv,사업유형코드,0.8,0,nnn,2.0,,,0.0,57.77,0,AAAA n,1.0,,,0.0,0.58,False
관리회계_사업.csv,사업코드,사업코드관리.csv,전사업코드,0.8889,0,nnn,2.0,,,0.0,57.77,0,nnn,1.0,,SEQUENCE,0.0,0.29,False
관리회계_사업.csv,사업코드,사업코드관리.csv,대사업코드,0.8889,0,nnn,2.0,,,0.0,57.77,0,nnn,1.0,,,0.0,1.45,False
관리회계_사업.csv,사업코드,사업코드관리.csv,중사업코드,0.8889,0,nnn,2.0,,,0.0,57.77,0,nnn,1.0,,,0.0,6.36,False
관리회계_사업.csv,사업코드,사업코드관리.csv,소사업코드,0.8889,0,nnn,2.0,,,0.0,57.77,0,nnn,1.0,,,0.0,18.79,False
관리회계_사업.csv,사업코드,사업코드관리.csv,사업코드,1.0,0,nnn,2.0,,,0.0,57.77,0,nnn,1.0,,,0.0,52.31,False
관리회계_사업.csv,사업코드,선박.csv,선사코드,0.75,0,nnn,2.0,,,0.0,57.77,0,AAAnnnn,5.0,선사코드,,44.41,11.62,False
관리회계_사업.csv,사업코드,선석.csv,업체코드,0.75,0,nnn,2.0,,,0.0,57.77,0,A-AAAnnn,1.0,,,51.64,15.01,False
관리회계_사업.csv,사업코드,택배BI_조직.csv,사업본부코드,0.8,0,nnn,2.0,,,0.0,57.77,0,AAAAA,2.0,,,0.67,0.11,False
관리회계_사업.csv,사업코드,선사코드.csv,선사코드,0.75,0,nnn,2.0,,,0.0,57.77,1,AAAnnnn,7.0,,UNIQUE,0.0,100.0,False
관리회계_사업.csv,사업명,PRM계약.csv,사업자명,0.8571,0,KKKKKK,35.0,,Text,0.0,44.66,0,KKKK,139.0,,Text,0.0,38.8,False
관리회계_사업.csv,사업명,계약마스터.csv,소사업명,0.8571,0,KKKKKK,35.0,,Text,0.0,44.66,0,AnAKK,18.0,,,0.05,0.59,False
관리회계_사업.csv,사업명,관리회계BI_사업.csv,전사업명,0.8571,0,KKKKKK,35.0,,Text,0.0,44.66,0,KKKKK,1.0,,SINGLE VALUE,0.0,0.48,False
관리회계_사업.csv,사업명,관리회계BI_사업.csv,대사업명,0.8571,0,KKKKKK,35.0,,Text,0.0,44.66,0,KKKKKK,4.0,,,0.0,2.42,False
관리회계_사업.csv,사업명,관리회계BI_사업.csv,중사업명,0.8571,0,KKKKKK,35.0,,Text,0.0,44.66,0,KKKK,5.0,,,0.0,8.21,False
관리회계_사업.csv,사업명,관리회계BI_사업.csv,소사업명,0.8571,0,KKKKKK,35.0,,Text,0.0,44.66,0,KKKKKK,14.0,,,0.0,18.84,False
관리회계_사업.csv,사업명,관리회계BI_사업.csv,사업명,1.0,0,KKKKKK,35.0,,Text,0.0,44.66,0,KKKKKK,23.0,,Text,0.0,50.24,False
관리회계_사업.csv,사업명,관리회계_사업.csv,사업명,1.0,0,KKKKKK,35.0,,Text,0.0,44.66,0,KKKKKK,35.0,,Text,0.0,44.66,True
관리회계_사업.csv,사업명,사업코드관리.csv,전사업명,0.8571,0,KKKKKK,35.0,,Text,0.0,44.66,0,KKKKKK,1.0,,SINGLE VALUE,0.0,0.29,False
관리회계_사업.csv,사업명,사업코드관리.csv,대사업명,0.8571,0,KKKKKK,35.0,,Text,0.0,44.66,0,KKKKKK,3.0,,,0.0,1.45,False
관리회계_사업.csv,사업명,사업코드관리.csv,중사업명,0.8571,0,KKKKKK,35.0,,Text,0.0,44.66,0,KKKK,5.0,,,0.0,6.36,False
관리회계_사업.csv,사업명,사업코드관리.csv,소사업명,0.8571,0,KKKKKK,35.0,,Text,0.0,44.66,0,KKKKKK,16.0,,,0.0,18.79,False
관리회계_사업.csv,사업명,사업코드관리.csv,사업명,1.0,0,KKKKKK,35.0,,Text,0.0,44.66,0,KKKKKK,31.0,,Text,0.0,52.02,False
관리회계_사업.csv,사업명,택배BI_조직.csv,사업본부명,0.75,0,KKKKKK,35.0,,Text,0.0,44.66,0,KKKKKK,2.0,,,0.74,0.07,False
관리회계_사업.csv,사업명,사업자명5.csv,사업자명5,0.75,0,KKKKKK,35.0,,Text,0.0,44.66,0,KKKK,211.0,,Text,0.0,100.0,False
관리회계_사업.csv,상위사업코드,계약마스터.csv,소사업코드,0.7273,0,nnn,1.0,,,0.97,19.61,0,nnn,1.0,,,0.0,0.6,False
관리회계_사업.csv,상위사업코드,관리회계BI_사업.csv,전사업코드,0.7273,0,nnn,1.0,,,0.97,19.61,0,nnn,1.0,,SEQUENCE,0.0,0.48,False
관리회계_사업.csv,상위사업코드,관리회계BI_사업.csv,대사업코드,0.7273,0,nnn,1.0,,,0.97,19.61,0,nnn,1.0,,,0.0,2.42,False
관리회계_사업.csv,상위사업코드,관리회계BI_사업.csv,중사업코드,0.7273,0,nnn,1.0,,,0.97,19.61,0,nnn,1.0,,,0.0,8.21,False
관리회계_사업.csv,상위사업코드,관리회계BI_사업.csv,소사업코드,0.7273,0,nnn,1.0,,,0.97,19.61,0,nnn,1.0,,,0.0,18.84,False
관리회계_사업.csv,상위사업코드,관리회계BI_사업.csv,사업코드,0.8,0,nnn,1.0,,,0.97,19.61,0,nnn,1.0,,,0.0,50.24,False
관리회계_사업.csv,상위사업코드,관리회계_사업.csv,사업코드,0.8,0,nnn,1.0,,,0.97,19.61,0,nnn,2.0,,,0.0,57.77,False
관리회계_사업.csv,상위사업코드,관리회계_사업.csv,상위사업코드,1.0,0,nnn,1.0,,,0.97,19.61,0,nnn,1.0,,,0.97,19.61,True
관리회계_사업.csv,상위사업코드,사업코드관리.csv,전사업코드,0.7273,0,nnn,1.0,,,0.97,19.61,0,nnn,1.0,,SEQUENCE,0.0,0.29,False
관리회계_사업.csv,상위사업코드,사업코드관리.csv,대사업코드,0.7273,0,nnn,1.0,,,0.97,19.61,0,nnn,1.0,,,0.0,1.45,False
관리회계_사업.csv,상위사업코드,사업코드관리.csv,중사업코드,0.7273,0,nnn,1.0,,,0.97,19.61,0,nnn,1.0,,,0.0,6.36,False
관리회계_사업.csv,상위사업코드,사업코드관리.csv,소사업코드,0.7273,0,nnn,1.0,,,0.97,19.61,0,nnn,1.0,,,0.0,18.79,False
관리회계_사업.csv,상위사업코드,사업코드관리.csv,사업코드,0.8,0,nnn,1.0,,,0.97,19.61,0,nnn,1.0,,,0.0,52.31,False
관리회계_사업.csv,상위사업코드,영업소.csv,상위영업소코드,0.7692,0,nnn,1.0,,,0.97,19.61,0,nnn,1.0,,,0.0,12.33,False
관리회계_사업.csv,정렬순서,계정코드관리.csv,정렬순서,1.0,1,nnnn,3.0,,UNIQUE,0.0,100.0,1,nnnn,3.0,,UNIQUE,0.0,100.0,False
관리회계_사업.csv,정렬순서,관리회계_계정그룹.csv,정렬순서,1.0,1,nnnn,3.0,,UNIQUE,0.0,100.0,0,nn,1.0,,,0.0,100.0,False
관리회계_사업.csv,정렬순서,관리회계_계정그룹상세.csv,정렬순서,1.0,1,nnnn,3.0,,UNIQUE,0.0,100.0,1,nnn,2.0,,UNIQUE,1.08,100.0,False
관리회계_사업.csv,정렬순서,관리회계_공통코드.csv,정렬순서,1.0,1,nnnn,3.0,,UNIQUE,0.0,100.0,0,nn,3.0,,,5.26,25.0,False
관리회계_사업.csv,정렬순서,관리회계_사업.csv,정렬순서,1.0,1,nnnn,3.0,,UNIQUE,0.0,100.0,1,nnnn,3.0,,UNIQUE,0.0,100.0,True
관리회계_사업.csv,정렬순서,관리회계_조직.csv,정렬순서,1.0,1,nnnn,3.0,,UNIQUE,0.0,100.0,1,nnnn,3.0,,UNIQUE,0.0,100.0,False
관리회계_사업.csv,정렬순서,관리회계_조직_test.csv,정렬순서,1.0,1,nnnn,3.0,,UNIQUE,0.0,100.0,0,nnnn,2.0,,,33.33,37.5,False
관리회계_사업.csv,정렬순서,관리회계_조직그룹.csv,정렬순서,1.0,1,nnnn,3.0,,UNIQUE,0.0,100.0,0,nn,2.0,,,0.0,100.0,False
관리회계_사업.csv,정렬순서,관리회계_조직그룹상세.csv,정렬순서,1.0,1,nnnn,3.0,,UNIQUE,0.0,100.0,1,nnnn,3.0,,UNIQUE,0.0,100.0,False
관리회계_사업.csv,정렬순서,관리회계계정.csv,정렬순서,1.0,1,nnnn,3.0,,UNIQUE,0.0,100.0,1,nnnn,3.0,,UNIQUE,0.0,100.0,False
관리회계_사업.csv,정렬순서,사업코드관리.csv,정렬순서,1.0,1,nnnn,3.0,,UNIQUE,0.0,100.0,1,nnnn,3.0,,UNIQUE,0.0,100.0,False
관리회계_사업.csv,정렬순서,조직코드관리.csv,정렬순서,1.0,1,nnnn,3.0,,UNIQUE,0.0,100.0,1,nnnn,3.0,,UNIQUE,0.0,100.0,False
관리회계_사업.csv,정렬순서,택배_조직도.csv,정렬순서,1.0,1,nnnn,3.0,,UNIQUE,0.0,100.0,0,n,2.0,,,97.84,15.66,False
관리회계_사업.csv,최초생성자ID,계약마스터.csv,최초생성자ID,1.0,0,aaaaa,1.0,,SINGLE VALUE,0.0,0.24,0,aaa,1.0,,SINGLE VALUE,0.0,0.01,False
관리회계_사업.csv,최초생성자ID,계정과목코드.csv,최초생성자ID,1.0,0,aaaaa,1.0,,SINGLE VALUE,0.0,0.24,0,aaaaa,1.0,,SINGLE VALUE,0.0,0.24,False
관리회계_사업.csv,최초생성자ID,계정코드관리.csv,최초생성자ID,1.0,0,aaaaa,1.0,,SINGLE VALUE,0.0,0.24,0,aaaaa,1.0,,SINGLE VALUE,0.0,0.3,False
관리회계_사업.csv,최초생성자ID,관리회계BI_계정.csv,최초생성자ID,1.0,0,aaaaa,1.0,,SINGLE VALUE,0.0,0.24,0,aaaaa,1.0,,SINGLE VALUE,0.0,0.29,False
관리회계_사업.csv,최초생성자ID,관리회계BI_사업.csv,최초생성자ID,1.0,0,aaaaa,1.0,,SINGLE VALUE,0.0,0.24,0,aaaaa,1.0,,SINGLE VALUE,0.0,0.48,False
관리회계_사업.csv,최초생성자ID,관리회계BI_조직.csv,최초생성자ID,1.0,0,aaaaa,1.0,,SINGLE VALUE,0.0,0.24,0,aaaaa,1.0,,SINGLE VALUE,0.0,0.24,False
관리회계_사업.csv,최초생성자ID,관리회계_계정그룹.csv,최초생성자ID,1.0,0,aaaaa,1.0,,SINGLE VALUE,0.0,0.24,0,aaaaa,2.0,,,0.0,66.67,False
관리회계_사업.csv,최초생성자ID,관리회계_계정그룹상세.csv,최초생성자ID,1.0,0,aaaaa,1.0,,SINGLE VALUE,0.0,0.24,0,aaaaa,1.0,,,0.0,2.15,False
관리회계_사업.csv,최초생성자ID,관리회계_고객.csv,최초생성자ID,1.0,0,aaaaa,1.0,,SINGLE VALUE,0.0,0.24,0,AAAAA,5.0,,,0.13,0.08,False
관리회계_사업.csv,최초생성자ID,관리회계_공통코드.csv,최초생성자ID,1.0,0,aaaaa,1.0,,SINGLE VALUE,0.0,0.24,0,aaaaaa,2.0,,,52.63,5.56,False
관리회계_사업.csv,최초생성자ID,관리회계_분류공통코드.csv,최초생성자ID,1.0,0,aaaaa,1.0,,SINGLE VALUE,0.0,0.24,0,aaaaaa,3.0,,,50.0,23.08,False
관리회계_사업.csv,최초생성자ID,관리회계_사업.csv,최초생성자ID,1.0,0,aaaaa,1.0,,SINGLE VALUE,0.0,0.24,0,aaaaa,1.0,,SINGLE VALUE,0.0,0.24,True
관리회계_사업.csv,최초생성자ID,관리회계_조직.csv,최초생성자ID,1.0,0,aaaaa,1.0,,SINGLE VALUE,0.0,0.24,0,aaaaa,1.0,,SINGLE VALUE,0.0,0.24,False
관리회계_사업.csv,최초생성자ID,관리회계_조직_test.csv,최초생성자ID,1.0,0,aaaaa,1.0,,SINGLE VALUE,0.0,0.24,0,aaaaa,1.0,,,33.33,12.5,False
관리회계_사업.csv,최초생성자ID,관리회계_조직그룹.csv,최초생성자ID,1.0,0,aaaaa,1.0,,SINGLE VALUE,0.0,0.24,0,aaaaa,1.0,,,0.0,10.0,False
관리회계_사업.csv,최초생성자ID,관리회계_조직그룹상세.csv,최초생성자ID,1.0,0,aaaaa,1.0,,SINGLE VALUE,0.0,0.24,0,aaaaa,1.0,,SINGLE VALUE,0.0,0.29,False
관리회계_사업.csv,최초생성자ID,관리회계계정.csv,최초생성자ID,1.0,0,aaaaa,1.0,,SINGLE VALUE,0.0,0.24,0,aaaaa,1.0,,SINGLE VALUE,0.0,0.24,False
관리회계_사업.csv,최초생성자ID,법인정보.csv,최초생성자ID,1.0,0,aaaaa,1.0,,SINGLE VALUE,0.0,0.24,0,AAAAA,5.0,,,0.0,0.08,False
관리회계_사업.csv,최초생성자ID,사업코드관리.csv,최초생성자ID,1.0,0,aaaaa,1.0,,SINGLE VALUE,0.0,0.24,0,aaaaa,1.0,,SINGLE VALUE,0.0,0.29,False
관리회계_사업.csv,최초생성자ID,원가인명정보.csv,최초생성자ID,1.0,0,aaaaa,1.0,,SINGLE VALUE,0.0,0.24,0,aaaaa,3.0,,,6.02,0.04,False
관리회계_사업.csv,최종갱신자ID,계정과목코드.csv,최종갱신자ID,1.0,0,aaaaa,1.0,,SINGLE VALUE,0.0,0.24,0,aaaaa,1.0,,SINGLE VALUE,0.0,0.24,False
관리회계_사업.csv,최종갱신자ID,관리회계BI_계정.csv,최종갱신자ID,1.0,0,aaaaa,1.0,,SINGLE VALUE,0.0,0.24,0,aaaaa,1.0,,SINGLE VALUE,0.0,0.29,False
관리회계_사업.csv,최종갱신자ID,관리회계BI_사업.csv,최종갱신자ID,1.0,0,aaaaa,1.0,,SINGLE VALUE,0.0,0.24,0,aaaaa,1.0,,SINGLE VALUE,0.0,0.48,False
관리회계_사업.csv,최종갱신자ID,관리회계BI_조직.csv,최종갱신자ID,1.0,0,aaaaa,1.0,,SINGLE VALUE,0.0,0.24,0,aaaaa,1.0,,SINGLE VALUE,0.0,0.24,False
관리회계_사업.csv,최종갱신자ID,관리회계_계정그룹.csv,최종갱신자ID,1.0,0,aaaaa,1.0,,SINGLE VALUE,0.0,0.24,0,aaaaa,2.0,,,0.0,66.67,False
관리회계_사업.csv,최종갱신자ID,관리회계_계정그룹상세.csv,최종갱신자ID,1.0,0,aaaaa,1.0,,SINGLE VALUE,0.0,0.24,0,aaaaa,1.0,,,0.0,2.15,False
관리회계_사업.csv,최종갱신자ID,관리회계_고객.csv,최종갱신자ID,1.0,0,aaaaa,1.0,,SINGLE VALUE,0.0,0.24,0,AAAAA,5.0,,,0.07,0.08,False
관리회계_사업.csv,최종갱신자ID,관리회계_공통코드.csv,최종갱신자ID,1.0,0,aaaaa,1.0,,SINGLE VALUE,0.0,0.24,0,aaaaaa,3.0,,,49.12,6.9,False
관리회계_사업.csv,최종갱신자ID,관리회계_분류공통코드.csv,최종갱신자ID,1.0,0,aaaaa,1.0,,SINGLE VALUE,0.0,0.24,0,aaaaaa,2.0,,,50.0,15.38,False
관리회계_사업.csv,최종갱신자ID,관리회계_사업.csv,최종갱신자ID,1.0,0,aaaaa,1.0,,SINGLE VALUE,0.0,0.24,0,aaaaa,1.0,,SINGLE VALUE,0.0,0.24,True
관리회계_사업.csv,최종갱신자ID,관리회계_조직.csv,최종갱신자ID,1.0,0,aaaaa,1.0,,SINGLE VALUE,0.0,0.24,0,aaaaa,1.0,,SINGLE VALUE,0.0,0.24,False
관리회계_사업.csv,최종갱신자ID,관리회계_조직_test.csv,최종갱신자ID,1.0,0,aaaaa,1.0,,SINGLE VALUE,0.0,0.24,0,aaaaa,1.0,,,33.33,12.5,False
관리회계_사업.csv,최종갱신자ID,관리회계_조직그룹.csv,최종갱신자ID,1.0,0,aaaaa,1.0,,SINGLE VALUE,0.0,0.24,0,aaaaa,1.0,,,0.0,10.0,False
관리회계_사업.csv,최종갱신자ID,관리회계_조직그룹상세.csv,최종갱신자ID,1.0,0,aaaaa,1.0,,SINGLE VALUE,0.0,0.24,0,aaaaa,1.0,,SINGLE VALUE,0.0,0.29,False
관리회계_사업.csv,최종갱신자ID,관리회계계정.csv,최종갱신자ID,1.0,0,aaaaa,1.0,,SINGLE VALUE,0.0,0.24,0,aaaaa,1.0,,SINGLE VALUE,0.0,0.24,False
관리회계_사업.csv,최종갱신자ID,법인정보.csv,최종갱신자ID,1.0,0,aaaaa,1.0,,SINGLE VALUE,0.0,0.24,0,AAAAA,6.0,,,0.0,0.07,False
관리회계_사업.csv,최종갱신자ID,원가인명정보.csv,최종갱신자ID,1.0,0,aaaaa,1.0,,SINGLE VALUE,0.0,0.24,0,aaaaa,4.0,,,6.01,0.05,False
관리회계_조직.csv,부서조직코드,ORGNIZATION.csv,조직코드,0.8,1,AAAAAA,7.0,,UNIQUE,0.0,100.0,1,nnnn,11.0,,UNIQUE,0.0,100.0,False
관리회계_조직.csv,부서조직코드,관리회계BI_조직.csv,귀속부서조직코드,0.8571,1,AAAAAA,7.0,,UNIQUE,0.0,100.0,1,AAAAAA,7.0,,UNIQUE,0.0,100.0,False
관리회계_조직.csv,부서조직코드,관리회계QLIK_조직.csv,귀속부서조직코드,0.8571,1,AAAAAA,7.0,,UNIQUE,0.0,100.0,1,AAAAAA,6.0,,UNIQUE,0.25,100.0,False
관리회계_조직.csv,부서조직코드,관리회계_조직.csv,부서조직코드,1.0,1,AAAAAA,7.0,,UNIQUE,0.0,100.0,1,AAAAAA,7.0,,UNIQUE,0.0,100.0,True
관리회계_조직.csv,부서조직코드,관리회계_조직.csv,부서조직명,0.7273,1,AAAAAA,7.0,,UNIQUE,0.0,100.0,0,KKKKKK,86.0,,Text,0.0,98.33,False
관리회계_조직.csv,부서조직코드,관리회계_조직.csv,상위부서조직코드,0.8571,1,AAAAAA,7.0,,UNIQUE,0.0,100.0,0,AAAAA,4.0,,,0.24,22.67,False
관리회계_조직.csv,부서조직코드,관리회계_조직_test.csv,귀속부서조직코드,0.8571,1,AAAAAA,7.0,,UNIQUE,0.0,100.0,0,AAAAAA,7.0,,,0.0,91.67,False
관리회계_조직.csv,부서조직코드,관리회계_조직_test.csv,상위귀속부서조직코드,0.75,1,AAAAAA,7.0,,UNIQUE,0.0,100.0,0,AAAAA,7.0,,,8.33,90.91,False
관리회계_조직.csv,부서조직코드,관리회계_조직그룹상세.csv,귀속부서조직코드,0.8571,1,AAAAAA,7.0,,UNIQUE,0.0,100.0,0,AAAAAA,4.0,,,0.0,80.8,False
관리회계_조직.csv,부서조직코드,사원마스터.csv,조직코드,0.8,1,AAAAAA,7.0,,UNIQUE,0.0,100.0,0,nnnn,7.0,,,0.0,17.28,False
관리회계_조직.csv,부서조직코드,선석.csv,조직코드,0.8,1,AAAAAA,7.0,,UNIQUE,0.0,100.0,0,nnnnnn,1.0,,YEARMONTH,38.24,2.32,False
관리회계_조직.csv,부서조직코드,원가인명정보.csv,귀속부서조직코드,0.8571,1,AAAAAA,7.0,,UNIQUE,0.0,100.0,0,AAAAAA,5.0,,,0.0,3.41,False
관리회계_조직.csv,부서조직코드,택배_조직도.csv,조직코드,0.8,1,AAAAAA,7.0,,UNIQUE,0.0,100.0,1,nnnn,11.0,,UNIQUE,0.0,100.0,False
관리회계_조직.csv,부서조직명,ORGNIZATION.csv,조직명,0.75,0,KKKKKK,86.0,,Text,0.0,98.33,0,KK(K),270.0,,Text,0.0,94.97,False
관리회계_조직.csv,부서조직명,관리회계BI_조직.csv,귀속부서조직명,0.8333,0,KKKKKK,86.0,,Text,0.0,98.33,0,KKKKKK,89.0,,Text,0.0,98.81,False
관리회계_조직.csv,부서조직명,관리회계QLIK_조직.csv,귀속부서조직명,0.8333,0,KKKKKK,86.0,,Text,0.0,98.33,0,KKKKKK,75.0,,Text,0.25,99.75,False
관리회계_조직.csv,부서조직명,관리회계_조직.csv,부서조직코드,0.7273,0,KKKKKK,86.0,,Text,0.0,98.33,1,AAAAAA,7.0,,UNIQUE,0.0,100.0,False
관리회계_조직.csv,부서조직명,관리회계_조직.csv,부서조직명,1.0,0,KKKKKK,86.0,,Text,0.0,98.33,0,KKKKKK,86.0,,Text,0.0,98.33,True
관리회계_조직.csv,부서조직명,관리회계_조직_test.csv,귀속부서조직명,0.8333,0,KKKKKK,86.0,,Text,0.0,98.33,0,KKKKKKKKKn,6.0,,,33.33,87.5,False
관리회계_조직.csv,부서조직명,택배_조직도.csv,조직명,0.75,0,KKKKKK,86.0,,Text,0.0,98.33,0,KK(K),270.0,,Text,0.0,94.97,False
관리회계_조직.csv,상위부서조직코드,ORGNIZATION.csv,상위조직코드,0.8571,0,AAAAA,4.0,,,0.24,22.67,0,nnn,6.0,,,0.76,16.44,False
관리회계_조직.csv,상위부서조직코드,관리회계BI_조직.csv,귀속부서조직코드,0.75,0,AAAAA,4.0,,,0.24,22.67,1,AAAAAA,7.0,,UNIQUE,0.0,100.0,False
관리회계_조직.csv,상위부서조직코드,관리회계QLIK_조직.csv,귀속부서조직코드,0.75,0,AAAAA,4.0,,,0.24,22.67,1,AAAAAA,6.0,,UNIQUE,0.25,100.0,False
관리회계_조직.csv,상위부서조직코드,관리회계_조직.csv,부서조직코드,0.8571,0,AAAAA,4.0,,,0.24,22.67,1,AAAAAA,7.0,,UNIQUE,0.0,100.0,False
관리회계_조직.csv,상위부서조직코드,관리회계_조직.csv,상위부서조직코드,1.0,0,AAAAA,4.0,,,0.24,22.67,0,AAAAA,4.0,,,0.24,22.67,True
관리회계_조직.csv,상위부서조직코드,관리회계_조직_test.csv,귀속부서조직코드,0.75,0,AAAAA,4.0,,,0.24,22.67,0,AAAAAA,7.0,,,0.0,91.67,False
관리회계_조직.csv,상위부서조직코드,관리회계_조직_test.csv,상위귀속부서조직코드,0.8889,0,AAAAA,4.0,,,0.24,22.67,0,AAAAA,7.0,,,8.33,90.91,False
관리회계_조직.csv,상위부서조직코드,관리회계_조직그룹상세.csv,귀속부서조직코드,0.75,0,AAAAA,4.0,,,0.24,22.67,0,AAAAAA,4.0,,,0.0,80.8,False
관리회계_조직.csv,상위부서조직코드,배송점.csv,상위조직코드,0.8571,0,AAAAA,4.0,,,0.24,22.67,0,nnn,2.0,,,0.04,17.99,False
관리회계_조직.csv,상위부서조직코드,원가인명정보.csv,귀속부서조직코드,0.75,0,AAAAA,4.0,,,0.24,22.67,0,AAAAAA,5.0,,,0.0,3.41,False
관리회계_조직.csv,상위부서조직코드,택배_조직도.csv,상위조직코드,0.8571,0,AAAAA,4.0,,,0.24,22.67,0,nnn,6.0,,,0.76,16.44,False
관리회계_조직.csv,조직유형코드,ORGNIZATION.csv,조직코드,0.8,0,AAAAAA,2.0,,,86.9,52.73,1,nnnn,11.0,,UNIQUE,0.0,100.0,False
관리회계_조직.csv,조직유형코드,ORGNIZATION.csv,조직관리유형코드,0.8571,0,AAAAAA,2.0,,,86.9,52.73,0,AAAsAAAAAA,2.0,,,0.03,0.05,False
관리회계_조직.csv,조직유형코드,관리회계_조직.csv,조직유형코드,1.0,0,AAAAAA,2.0,,,86.9,52.73,0,AAAAAA,2.0,,,86.9,52.73,True
관리회계_조직.csv,조직유형코드,관리회계_조직_test.csv,조직유형코드,1.0,0,AAAAAA,2.0,,,86.9,52.73,0,AAAAAA,1.0,,,91.67,100.0,False
관리회계_조직.csv,조직유형코드,배송점.csv,조직관리유형코드,0.8571,0,AAAAAA,2.0,,,86.9,52.73,0,AAAsAAAAAA,2.0,,,0.0,0.08,False
관리회계_조직.csv,조직유형코드,사원마스터.csv,조직코드,0.8,0,AAAAAA,2.0,,,86.9,52.73,0,nnnn,7.0,,,0.0,17.28,False
관리회계_조직.csv,조직유형코드,선석.csv,조직코드,0.8,0,AAAAAA,2.0,,,86.9,52.73,0,nnnnnn,1.0,,YEARMONTH,38.24,2.32,False
관리회계_조직.csv,조직유형코드,택배_조직도.csv,조직코드,0.8,0,AAAAAA,2.0,,,86.9,52.73,1,nnnn,11.0,,UNIQUE,0.0,100.0,False
관리회계_조직.csv,조직유형코드,택배_조직도.csv,조직관리유형코드,0.8571,0,AAAAAA,2.0,,,86.9,52.73,0,AAAsAAAAAA,2.0,,,0.03,0.05,False
관리회계_조직.csv,정렬순서,계정코드관리.csv,정렬순서,1.0,1,nnnn,3.0,,UNIQUE,0.0,100.0,1,nnnn,3.0,,UNIQUE,0.0,100.0,False
관리회계_조직.csv,정렬순서,관리회계_계정그룹.csv,정렬순서,1.0,1,nnnn,3.0,,UNIQUE,0.0,100.0,0,nn,1.0,,,0.0,100.0,False
관리회계_조직.csv,정렬순서,관리회계_계정그룹상세.csv,정렬순서,1.0,1,nnnn,3.0,,UNIQUE,0.0,100.0,1,nnn,2.0,,UNIQUE,1.08,100.0,False
관리회계_조직.csv,정렬순서,관리회계_공통코드.csv,정렬순서,1.0,1,nnnn,3.0,,UNIQUE,0.0,100.0,0,nn,3.0,,,5.26,25.0,False
관리회계_조직.csv,정렬순서,관리회계_사업.csv,정렬순서,1.0,1,nnnn,3.0,,UNIQUE,0.0,100.0,1,nnnn,3.0,,UNIQUE,0.0,100.0,False
관리회계_조직.csv,정렬순서,관리회계_조직.csv,정렬순서,1.0,1,nnnn,3.0,,UNIQUE,0.0,100.0,1,nnnn,3.0,,UNIQUE,0.0,100.0,True
관리회계_조직.csv,정렬순서,관리회계_조직_test.csv,정렬순서,1.0,1,nnnn,3.0,,UNIQUE,0.0,100.0,0,nnnn,2.0,,,33.33,37.5,False
관리회계_조직.csv,정렬순서,관리회계_조직그룹.csv,정렬순서,1.0,1,nnnn,3.0,,UNIQUE,0.0,100.0,0,nn,2.0,,,0.0,100.0,False
관리회계_조직.csv,정렬순서,관리회계_조직그룹상세.csv,정렬순서,1.0,1,nnnn,3.0,,UNIQUE,0.0,100.0,1,nnnn,3.0,,UNIQUE,0.0,100.0,False
관리회계_조직.csv,정렬순서,관리회계계정.csv,정렬순서,1.0,1,nnnn,3.0,,UNIQUE,0.0,100.0,1,nnnn,3.0,,UNIQUE,0.0,100.0,False
관리회계_조직.csv,정렬순서,사업코드관리.csv,정렬순서,1.0,1,nnnn,3.0,,UNIQUE,0.0,100.0,1,nnnn,3.0,,UNIQUE,0.0,100.0,False
관리회계_조직.csv,정렬순서,조직코드관리.csv,정렬순서,1.0,1,nnnn,3.0,,UNIQUE,0.0,100.0,1,nnnn,3.0,,UNIQUE,0.0,100.0,False
관리회계_조직.csv,정렬순서,택배_조직도.csv,정렬순서,1.0,1,nnnn,3.0,,UNIQUE,0.0,100.0,0,n,2.0,,,97.84,15.66,False
관리회계_조직.csv,최초생성자ID,계약마스터.csv,최초생성자ID,1.0,0,aaaaa,1.0,,SINGLE VALUE,0.0,0.24,0,aaa,1.0,,SINGLE VALUE,0.0,0.01,False
관리회계_조직.csv,최초생성자ID,계정과목코드.csv,최초생성자ID,1.0,0,aaaaa,1.0,,SINGLE VALUE,0.0,0.24,0,aaaaa,1.0,,SINGLE VALUE,0.0,0.24,False
관리회계_조직.csv,최초생성자ID,계정코드관리.csv,최초생성자ID,1.0,0,aaaaa,1.0,,SINGLE VALUE,0.0,0.24,0,aaaaa,1.0,,SINGLE VALUE,0.0,0.3,False
관리회계_조직.csv,최초생성자ID,관리회계BI_계정.csv,최초생성자ID,1.0,0,aaaaa,1.0,,SINGLE VALUE,0.0,0.24,0,aaaaa,1.0,,SINGLE VALUE,0.0,0.29,False
관리회계_조직.csv,최초생성자ID,관리회계BI_사업.csv,최초생성자ID,1.0,0,aaaaa,1.0,,SINGLE VALUE,0.0,0.24,0,aaaaa,1.0,,SINGLE VALUE,0.0,0.48,False
관리회계_조직.csv,최초생성자ID,관리회계BI_조직.csv,최초생성자ID,1.0,0,aaaaa,1.0,,SINGLE VALUE,0.0,0.24,0,aaaaa,1.0,,SINGLE VALUE,0.0,0.24,False
관리회계_조직.csv,최초생성자ID,관리회계_계정그룹.csv,최초생성자ID,1.0,0,aaaaa,1.0,,SINGLE VALUE,0.0,0.24,0,aaaaa,2.0,,,0.0,66.67,False
관리회계_조직.csv,최초생성자ID,관리회계_계정그룹상세.csv,최초생성자ID,1.0,0,aaaaa,1.0,,SINGLE VALUE,0.0,0.24,0,aaaaa,1.0,,,0.0,2.15,False
관리회계_조직.csv,최초생성자ID,관리회계_고객.csv,최초생성자ID,1.0,0,aaaaa,1.0,,SINGLE VALUE,0.0,0.24,0,AAAAA,5.0,,,0.13,0.08,False
관리회계_조직.csv,최초생성자ID,관리회계_공통코드.csv,최초생성자ID,1.0,0,aaaaa,1.0,,SINGLE VALUE,0.0,0.24,0,aaaaaa,2.0,,,52.63,5.56,False
관리회계_조직.csv,최초생성자ID,관리회계_분류공통코드.csv,최초생성자ID,1.0,0,aaaaa,1.0,,SINGLE VALUE,0.0,0.24,0,aaaaaa,3.0,,,50.0,23.08,False
관리회계_조직.csv,최초생성자ID,관리회계_사업.csv,최초생성자ID,1.0,0,aaaaa,1.0,,SINGLE VALUE,0.0,0.24,0,aaaaa,1.0,,SINGLE VALUE,0.0,0.24,False
관리회계_조직.csv,최초생성자ID,관리회계_조직.csv,최초생성자ID,1.0,0,aaaaa,1.0,,SINGLE VALUE,0.0,0.24,0,aaaaa,1.0,,SINGLE VALUE,0.0,0.24,True
관리회계_조직.csv,최초생성자ID,관리회계_조직_test.csv,최초생성자ID,1.0,0,aaaaa,1.0,,SINGLE VALUE,0.0,0.24,0,aaaaa,1.0,,,33.33,12.5,False
관리회계_조직.csv,최초생성자ID,관리회계_조직그룹.csv,최초생성자ID,1.0,0,aaaaa,1.0,,SINGLE VALUE,0.0,0.24,0,aaaaa,1.0,,,0.0,10.0,False
관리회계_조직.csv,최초생성자ID,관리회계_조직그룹상세.csv,최초생성자ID,1.0,0,aaaaa,1.0,,SINGLE VALUE,0.0,0.24,0,aaaaa,1.0,,SINGLE VALUE,0.0,0.29,False
관리회계_조직.csv,최초생성자ID,관리회계계정.csv,최초생성자ID,1.0,0,aaaaa,1.0,,SINGLE VALUE,0.0,0.24,0,aaaaa,1.0,,SINGLE VALUE,0.0,0.24,False
관리회계_조직.csv,최초생성자ID,법인정보.csv,최초생성자ID,1.0,0,aaaaa,1.0,,SINGLE VALUE,0.0,0.24,0,AAAAA,5.0,,,0.0,0.08,False
관리회계_조직.csv,최초생성자ID,사업코드관리.csv,최초생성자ID,1.0,0,aaaaa,1.0,,SINGLE VALUE,0.0,0.24,0,aaaaa,1.0,,SINGLE VALUE,0.0,0.29,False
관리회계_조직.csv,최초생성자ID,원가인명정보.csv,최초생성자ID,1.0,0,aaaaa,1.0,,SINGLE VALUE,0.0,0.24,0,aaaaa,3.0,,,6.02,0.04,False
관리회계_조직.csv,최초생성일시,계약마스터.csv,최초생성일시,1.0,0,nn:nn.n,2.0,,,0.0,1.19,0,nn:nn.n,2.0,,,0.0,2.18,False
관리회계_조직.csv,최초생성일시,계정과목코드.csv,최초생성일시,1.0,0,nn:nn.n,2.0,,,0.0,1.19,0,nn:nn.n,2.0,,,0.0,1.22,False
관리회계_조직.csv,최초생성일시,관리회계_계정그룹.csv,최초생성일시,1.0,0,nn:nn.n,2.0,,,0.0,1.19,0,nnnn-nn-nn nn:nn:nn.,1.0,,,0.0,100.0,False
관리회계_조직.csv,최초생성일시,관리회계_고객.csv,최초생성일시,1.0,0,nn:nn.n,2.0,,,0.0,1.19,0,nn:nn.n,2.0,,,0.13,2.57,False
관리회계_조직.csv,최초생성일시,관리회계_조직.csv,최초생성일시,1.0,0,nn:nn.n,2.0,,,0.0,1.19,0,nn:nn.n,2.0,,,0.0,1.19,True
관리회계_조직.csv,최초생성일시,관리회계_조직_test.csv,최초생성일시,1.0,0,nn:nn.n,2.0,,,0.0,1.19,0,nn:nn.n,1.0,,,33.33,12.5,False
관리회계_조직.csv,최초생성일시,관리회계_조직그룹.csv,최초생성일시,1.0,0,nn:nn.n,2.0,,,0.0,1.19,0,nnnn-nn-nn nn:nn:nn.,1.0,,,0.0,100.0,False
관리회계_조직.csv,최종갱신자ID,계정과목코드.csv,최종갱신자ID,1.0,0,aaaaa,1.0,,SINGLE VALUE,0.0,0.24,0,aaaaa,1.0,,SINGLE VALUE,0.0,0.24,False
관리회계_조직.csv,최종갱신자ID,관리회계BI_계정.csv,최종갱신자ID,1.0,0,aaaaa,1.0,,SINGLE VALUE,0.0,0.24,0,aaaaa,1.0,,SINGLE VALUE,0.0,0.29,False
관리회계_조직.csv,최종갱신자ID,관리회계BI_사업.csv,최종갱신자ID,1.0,0,aaaaa,1.0,,SINGLE VALUE,0.0,0.24,0,aaaaa,1.0,,SINGLE VALUE,0.0,0.48,False
관리회계_조직.csv,최종갱신자ID,관리회계BI_조직.csv,최종갱신자ID,1.0,0,aaaaa,1.0,,SINGLE VALUE,0.0,0.24,0,aaaaa,1.0,,SINGLE VALUE,0.0,0.24,False
관리회계_조직.csv,최종갱신자ID,관리회계_계정그룹.csv,최종갱신자ID,1.0,0,aaaaa,1.0,,SINGLE VALUE,0.0,0.24,0,aaaaa,2.0,,,0.0,66.67,False
관리회계_조직.csv,최종갱신자ID,관리회계_계정그룹상세.csv,최종갱신자ID,1.0,0,aaaaa,1.0,,SINGLE VALUE,0.0,0.24,0,aaaaa,1.0,,,0.0,2.15,False
관리회계_조직.csv,최종갱신자ID,관리회계_고객.csv,최종갱신자ID,1.0,0,aaaaa,1.0,,SINGLE VALUE,0.0,0.24,0,AAAAA,5.0,,,0.07,0.08,False
관리회계_조직.csv,최종갱신자ID,관리회계_공통코드.csv,최종갱신자ID,1.0,0,aaaaa,1.0,,SINGLE VALUE,0.0,0.24,0,aaaaaa,3.0,,,49.12,6.9,False
관리회계_조직.csv,최종갱신자ID,관리회계_분류공통코드.csv,최종갱신자ID,1.0,0,aaaaa,1.0,,SINGLE VALUE,0.0,0.24,0,aaaaaa,2.0,,,50.0,15.38,False
관리회계_조직.csv,최종갱신자ID,관리회계_사업.csv,최종갱신자ID,1.0,0,aaaaa,1.0,,SINGLE VALUE,0.0,0.24,0,aaaaa,1.0,,SINGLE VALUE,0.0,0.24,False
관리회계_조직.csv,최종갱신자ID,관리회계_조직.csv,최종갱신자ID,1.0,0,aaaaa,1.0,,SINGLE VALUE,0.0,0.24,0,aaaaa,1.0,,SINGLE VALUE,0.0,0.24,True
관리회계_조직.csv,최종갱신자ID,관리회계_조직_test.csv,최종갱신자ID,1.0,0,aaaaa,1.0,,SINGLE VALUE,0.0,0.24,0,aaaaa,1.0,,,33.33,12.5,False
관리회계_조직.csv,최종갱신자ID,관리회계_조직그룹.csv,최종갱신자ID,1.0,0,aaaaa,1.0,,SINGLE VALUE,0.0,0.24,0,aaaaa,1.0,,,0.0,10.0,False
관리회계_조직.csv,최종갱신자ID,관리회계_조직그룹상세.csv,최종갱신자ID,1.0,0,aaaaa,1.0,,SINGLE VALUE,0.0,0.24,0,aaaaa,1.0,,SINGLE VALUE,0.0,0.29,False
관리회계_조직.csv,최종갱신자ID,관리회계계정.csv,최종갱신자ID,1.0,0,aaaaa,1.0,,SINGLE VALUE,0.0,0.24,0,aaaaa,1.0,,SINGLE VALUE,0.0,0.24,False
관리회계_조직.csv,최종갱신자ID,법인정보.csv,최종갱신자ID,1.0,0,aaaaa,1.0,,SINGLE VALUE,0.0,0.24,0,AAAAA,6.0,,,0.0,0.07,False
관리회계_조직.csv,최종갱신자ID,원가인명정보.csv,최종갱신자ID,1.0,0,aaaaa,1.0,,SINGLE VALUE,0.0,0.24,0,aaaaa,4.0,,,6.01,0.05,False
관리회계_조직.csv,최종변경일시,계약마스터.csv,최종변경일시,1.0,0,nn:nn.n,2.0,,,0.0,1.19,0,nn:nn,1.0,,SINGLE VALUE,0.0,0.01,False
관리회계_조직.csv,최종변경일시,계정과목코드.csv,최종변경일시,1.0,0,nn:nn.n,2.0,,,0.0,1.19,0,nn:nn.n,2.0,,,0.0,1.22,False
관리회계_조직.csv,최종변경일시,고객유형.csv,최종변경일시,1.0,0,nn:nn.n,2.0,,,0.0,1.19,0,nnnn-nn-nn nn:nn:nn.,1.0,,,0.0,100.0,False
관리회계_조직.csv,최종변경일시,관리회계_계정그룹.csv,최종변경일시,1.0,0,nn:nn.n,2.0,,,0.0,1.19,0,nnnn-nn-nn nn:nn:nn.,1.0,,,0.0,100.0,False
관리회계_조직.csv,최종변경일시,관리회계_고객.csv,최종변경일시,1.0,0,nn:nn.n,2.0,,,0.0,1.19,0,nn:nn.n,2.0,,,0.07,2.56,False
관리회계_조직.csv,최종변경일시,관리회계_조직.csv,최종변경일시,1.0,0,nn:nn.n,2.0,,,0.0,1.19,0,nn:nn.n,2.0,,,0.0,1.19,True
관리회계_조직.csv,최종변경일시,관리회계_조직_test.csv,최종변경일시,1.0,0,nn:nn.n,2.0,,,0.0,1.19,0,nn:nn.n,1.0,,,33.33,12.5,False
관리회계_조직.csv,최종변경일시,관리회계_조직그룹.csv,최종변경일시,1.0,0,nn:nn.n,2.0,,,0.0,1.19,0,nnnn-nn-nn nn:nn:nn.,1.0,,,0.0,100.0,False
관리회계_조직.csv,최종변경일시,택배관리회계조직매핑.csv,최종변경일시,1.0,0,nn:nn.n,2.0,,,0.0,1.19,0,nn:nn,1.0,,,0.0,4.17,False
관리회계_조직_test.csv,귀속부서조직코드,관리회계BI_조직.csv,귀속부서조직코드,1.0,0,AAAAAA,7.0,,,0.0,91.67,1,AAAAAA,7.0,,UNIQUE,0.0,100.0,False
관리회계_조직_test.csv,귀속부서조직코드,관리회계BI_조직.csv,귀속부서조직명,0.8,0,AAAAAA,7.0,,,0.0,91.67,0,KKKKKK,89.0,,Text,0.0,98.81,False
관리회계_조직_test.csv,귀속부서조직코드,관리회계QLIK_조직.csv,귀속부서조직코드,1.0,0,AAAAAA,7.0,,,0.0,91.67,1,AAAAAA,6.0,,UNIQUE,0.25,100.0,False
관리회계_조직_test.csv,귀속부서조직코드,관리회계QLIK_조직.csv,귀속부서조직명,0.8,0,AAAAAA,7.0,,,0.0,91.67,0,KKKKKK,75.0,,Text,0.25,99.75,False
관리회계_조직_test.csv,귀속부서조직코드,관리회계_조직.csv,부서조직코드,0.8571,0,AAAAAA,7.0,,,0.0,91.67,1,AAAAAA,7.0,,UNIQUE,0.0,100.0,False
관리회계_조직_test.csv,귀속부서조직코드,관리회계_조직.csv,상위부서조직코드,0.75,0,AAAAAA,7.0,,,0.0,91.67,0,AAAAA,4.0,,,0.24,22.67,False
관리회계_조직_test.csv,귀속부서조직코드,관리회계_조직_test.csv,귀속부서조직코드,1.0,0,AAAAAA,7.0,,,0.0,91.67,0,AAAAAA,7.0,,,0.0,91.67,True
관리회계_조직_test.csv,귀속부서조직코드,관리회계_조직_test.csv,귀속부서조직명,0.8,0,AAAAAA,7.0,,,0.0,91.67,0,KKKKKKKKKn,6.0,,,33.33,87.5,False
관리회계_조직_test.csv,귀속부서조직코드,관리회계_조직_test.csv,상위귀속부서조직코드,0.8889,0,AAAAAA,7.0,,,0.0,91.67,0,AAAAA,7.0,,,8.33,90.91,False
관리회계_조직_test.csv,귀속부서조직코드,관리회계_조직그룹.csv,귀속부서조직GROUP코드,0.7619,0,AAAAAA,7.0,,,0.0,91.67,0,AAsAAAAA,4.0,,,0.0,100.0,False
관리회계_조직_test.csv,귀속부서조직코드,관리회계_조직그룹상세.csv,귀속부서조직GROUP코드,0.7619,0,AAAAAA,7.0,,,0.0,91.67,0,AAsAA,4.0,,,0.0,2.58,False
관리회계_조직_test.csv,귀속부서조직코드,관리회계_조직그룹상세.csv,귀속부서조직코드,1.0,0,AAAAAA,7.0,,,0.0,91.67,0,AAAAAA,4.0,,,0.0,80.8,False
관리회계_조직_test.csv,귀속부서조직코드,사원기본.csv,소속조직코드,0.7143,0,AAAAAA,7.0,,,0.0,91.67,0,nnnn,7.0,,,0.0,17.28,False
관리회계_조직_test.csv,귀속부서조직코드,원가인명정보.csv,귀속부서조직코드,1.0,0,AAAAAA,7.0,,,0.0,91.67,0,AAAAAA,5.0,,,0.0,3.41,False
관리회계_조직_test.csv,유효시작일자V,관리회계_조직_test.csv,유효시작일자V,1.0,0,nnnnnnnn,1.0,,,33.33,12.5,0,nnnnnnnn,1.0,,,33.33,12.5,True
관리회계_조직_test.csv,유효시작일자V,관리회계_조직_test.csv,유효종료일자V,0.7143,0,nnnnnnnn,1.0,,,33.33,12.5,0,nnnnnnnn,1.0,,,33.33,25.0,False
관리회계_조직_test.csv,귀속부서조직명,관리회계BI_조직.csv,귀속부서조직코드,0.8,0,KKKKKKKKKn,6.0,,,33.33,87.5,1,AAAAAA,7.0,,UNIQUE,0.0,100.0,False
관리회계_조직_test.csv,귀속부서조직명,관리회계BI_조직.csv,귀속부서조직명,1.0,0,KKKKKKKKKn,6.0,,,33.33,87.5,0,KKKKKK,89.0,,Text,0.0,98.81,False
관리회계_조직_test.csv,귀속부서조직명,관리회계QLIK_조직.csv,귀속부서조직코드,0.8,0,KKKKKKKKKn,6.0,,,33.33,87.5,1,AAAAAA,6.0,,UNIQUE,0.25,100.0,False
관리회계_조직_test.csv,귀속부서조직명,관리회계QLIK_조직.csv,귀속부서조직명,1.0,0,KKKKKKKKKn,6.0,,,33.33,87.5,0,KKKKKK,75.0,,Text,0.25,99.75,False
관리회계_조직_test.csv,귀속부서조직명,관리회계_조직.csv,부서조직명,0.8333,0,KKKKKKKKKn,6.0,,,33.33,87.5,0,KKKKKK,86.0,,Text,0.0,98.33,False
관리회계_조직_test.csv,귀속부서조직명,관리회계_조직_test.csv,귀속부서조직코드,0.8,0,KKKKKKKKKn,6.0,,,33.33,87.5,0,AAAAAA,7.0,,,0.0,91.67,False
관리회계_조직_test.csv,귀속부서조직명,관리회계_조직_test.csv,귀속부서조직명,1.0,0,KKKKKKKKKn,6.0,,,33.33,87.5,0,KKKKKKKKKn,6.0,,,33.33,87.5,True
관리회계_조직_test.csv,귀속부서조직명,관리회계_조직_test.csv,상위귀속부서조직코드,0.7059,0,KKKKKKKKKn,6.0,,,33.33,87.5,0,AAAAA,7.0,,,8.33,90.91,False
관리회계_조직_test.csv,귀속부서조직명,관리회계_조직그룹.csv,귀속부서조직GROUP명,0.7368,0,KKKKKKKKKn,6.0,,,33.33,87.5,0,KKKKK,9.0,,,0.0,100.0,False
관리회계_조직_test.csv,귀속부서조직명,관리회계_조직그룹상세.csv,귀속부서조직코드,0.8,0,KKKKKKKKKn,6.0,,,33.33,87.5,0,AAAAAA,4.0,,,0.0,80.8,False
관리회계_조직_test.csv,귀속부서조직명,원가인명정보.csv,귀속부서조직코드,0.8,0,KKKKKKKKKn,6.0,,,33.33,87.5,0,AAAAAA,5.0,,,0.0,3.41,False
관리회계_조직_test.csv,상위귀속부서조직코드,ORGNIZATION.csv,상위조직코드,0.75,0,AAAAA,7.0,,,8.33,90.91,0,nnn,6.0,,,0.76,16.44,False
관리회계_조직_test.csv,상위귀속부서조직코드,관리회계BI_조직.csv,귀속부서조직코드,0.8889,0,AAAAA,7.0,,,8.33,90.91,1,AAAAAA,7.0,,UNIQUE,0.0,100.0,False
관리회계_조직_test.csv,상위귀속부서조직코드,관리회계BI_조직.csv,귀속부서조직명,0.7059,0,AAAAA,7.0,,,8.33,90.91,0,KKKKKK,89.0,,Text,0.0,98.81,False
관리회계_조직_test.csv,상위귀속부서조직코드,관리회계QLIK_조직.csv,귀속부서조직코드,0.8889,0,AAAAA,7.0,,,8.33,90.91,1,AAAAAA,6.0,,UNIQUE,0.25,100.0,False
관리회계_조직_test.csv,상위귀속부서조직코드,관리회계QLIK_조직.csv,귀속부서조직명,0.7059,0,AAAAA,7.0,,,8.33,90.91,0,KKKKKK,75.0,,Text,0.25,99.75,False
관리회계_조직_test.csv,상위귀속부서조직코드,관리회계_조직.csv,부서조직코드,0.75,0,AAAAA,7.0,,,8.33,90.91,1,AAAAAA,7.0,,UNIQUE,0.0,100.0,False
관리회계_조직_test.csv,상위귀속부서조직코드,관리회계_조직.csv,상위부서조직코드,0.8889,0,AAAAA,7.0,,,8.33,90.91,0,AAAAA,4.0,,,0.24,22.67,False
관리회계_조직_test.csv,상위귀속부서조직코드,관리회계_조직_test.csv,귀속부서조직코드,0.8889,0,AAAAA,7.0,,,8.33,90.91,0,AAAAAA,7.0,,,0.0,91.67,False
관리회계_조직_test.csv,상위귀속부서조직코드,관리회계_조직_test.csv,귀속부서조직명,0.7059,0,AAAAA,7.0,,,8.33,90.91,0,KKKKKKKKKn,6.0,,,33.33,87.5,False
관리회계_조직_test.csv,상위귀속부서조직코드,관리회계_조직_test.csv,상위귀속부서조직코드,1.0,0,AAAAA,7.0,,,8.33,90.91,0,AAAAA,7.0,,,8.33,90.91,True
관리회계_조직_test.csv,상위귀속부서조직코드,관리회계_조직그룹상세.csv,귀속부서조직코드,0.8889,0,AAAAA,7.0,,,8.33,90.91,0,AAAAAA,4.0,,,0.0,80.8,False
관리회계_조직_test.csv,상위귀속부서조직코드,배송점.csv,상위조직코드,0.75,0,AAAAA,7.0,,,8.33,90.91,0,nnn,2.0,,,0.04,17.99,False
관리회계_조직_test.csv,상위귀속부서조직코드,원가인명정보.csv,귀속부서조직코드,0.8889,0,AAAAA,7.0,,,8.33,90.91,0,AAAAAA,5.0,,,0.0,3.41,False
관리회계_조직_test.csv,상위귀속부서조직코드,택배_조직도.csv,상위조직코드,0.75,0,AAAAA,7.0,,,8.33,90.91,0,nnn,6.0,,,0.76,16.44,False
관리회계_조직_test.csv,조직유형코드,ORGNIZATION.csv,조직코드,0.8,0,AAAAAA,1.0,,,91.67,100.0,1,nnnn,11.0,,UNIQUE,0.0,100.0,False
관리회계_조직_test.csv,조직유형코드,ORGNIZATION.csv,조직관리유형코드,0.8571,0,AAAAAA,1.0,,,91.67,100.0,0,AAAsAAAAAA,2.0,,,0.03,0.05,False
관리회계_조직_test.csv,조직유형코드,관리회계_조직.csv,조직유형코드,1.0,0,AAAAAA,1.0,,,91.67,100.0,0,AAAAAA,2.0,,,86.9,52.73,False
관리회계_조직_test.csv,조직유형코드,관리회계_조직_test.csv,조직유형코드,1.0,0,AAAAAA,1.0,,,91.67,100.0,0,AAAAAA,1.0,,,91.67,100.0,True
관리회계_조직_test.csv,조직유형코드,배송점.csv,조직관리유형코드,0.8571,0,AAAAAA,1.0,,,91.67,100.0,0,AAAsAAAAAA,2.0,,,0.0,0.08,False
관리회계_조직_test.csv,조직유형코드,사원마스터.csv,조직코드,0.8,0,AAAAAA,1.0,,,91.67,100.0,0,nnnn,7.0,,,0.0,17.28,False
관리회계_조직_test.csv,조직유형코드,선석.csv,조직코드,0.8,0,AAAAAA,1.0,,,91.67,100.0,0,nnnnnn,1.0,,YEARMONTH,38.24,2.32,False
관리회계_조직_test.csv,조직유형코드,택배_조직도.csv,조직코드,0.8,0,AAAAAA,1.0,,,91.67,100.0,1,nnnn,11.0,,UNIQUE,0.0,100.0,False
관리회계_조직_test.csv,조직유형코드,택배_조직도.csv,조직관리유형코드,0.8571,0,AAAAAA,1.0,,,91.67,100.0,0,AAAsAAAAAA,2.0,,,0.03,0.05,False
관리회계_조직_test.csv,유효종료일자V,관리회계_조직_test.csv,유효시작일자V,0.7143,0,nnnnnnnn,1.0,,,33.33,25.0,0,nnnnnnnn,1.0,,,33.33,12.5,False
관리회계_조직_test.csv,유효종료일자V,관리회계_조직_test.csv,유효종료일자V,1.0,0,nnnnnnnn,1.0,,,33.33,25.0,0,nnnnnnnn,1.0,,,33.33,25.0,True
관리회계_조직_test.csv,정렬순서,계정코드관리.csv,정렬순서,1.0,0,nnnn,2.0,,,33.33,37.5,1,nnnn,3.0,,UNIQUE,0.0,100.0,False
관리회계_조직_test.csv,정렬순서,관리회계_계정그룹.csv,정렬순서,1.0,0,nnnn,2.0,,,33.33,37.5,0,nn,1.0,,,0.0,100.0,False
관리회계_조직_test.csv,정렬순서,관리회계_계정그룹상세.csv,정렬순서,1.0,0,nnnn,2.0,,,33.33,37.5,1,nnn,2.0,,UNIQUE,1.08,100.0,False
관리회계_조직_test.csv,정렬순서,관리회계_공통코드.csv,정렬순서,1.0,0,nnnn,2.0,,,33.33,37.5,0,nn,3.0,,,5.26,25.0,False
관리회계_조직_test.csv,정렬순서,관리회계_사업.csv,정렬순서,1.0,0,nnnn,2.0,,,33.33,37.5,1,nnnn,3.0,,UNIQUE,0.0,100.0,False
관리회계_조직_test.csv,정렬순서,관리회계_조직.csv,정렬순서,1.0,0,nnnn,2.0,,,33.33,37.5,1,nnnn,3.0,,UNIQUE,0.0,100.0,False
관리회계_조직_test.csv,정렬순서,관리회계_조직_test.csv,정렬순서,1.0,0,nnnn,2.0,,,33.33,37.5,0,nnnn,2.0,,,33.33,37.5,True
관리회계_조직_test.csv,정렬순서,관리회계_조직그룹.csv,정렬순서,1.0,0,nnnn,2.0,,,33.33,37.5,0,nn,2.0,,,0.0,100.0,False
관리회계_조직_test.csv,정렬순서,관리회계_조직그룹상세.csv,정렬순서,1.0,0,nnnn,2.0,,,33.33,37.5,1,nnnn,3.0,,UNIQUE,0.0,100.0,False
관리회계_조직_test.csv,정렬순서,관리회계계정.csv,정렬순서,1.0,0,nnnn,2.0,,,33.33,37.5,1,nnnn,3.0,,UNIQUE,0.0,100.0,False
관리회계_조직_test.csv,정렬순서,사업코드관리.csv,정렬순서,1.0,0,nnnn,2.0,,,33.33,37.5,1,nnnn,3.0,,UNIQUE,0.0,100.0,False
관리회계_조직_test.csv,정렬순서,조직코드관리.csv,정렬순서,1.0,0,nnnn,2.0,,,33.33,37.5,1,nnnn,3.0,,UNIQUE,0.0,100.0,False
관리회계_조직_test.csv,정렬순서,택배_조직도.csv,정렬순서,1.0,0,nnnn,2.0,,,33.33,37.5,0,n,2.0,,,97.84,15.66,False
관리회계_조직_test.csv,최초생성자ID,계약마스터.csv,최초생성자ID,1.0,0,aaaaa,1.0,,,33.33,12.5,0,aaa,1.0,,SINGLE VALUE,0.0,0.01,False
관리회계_조직_test.csv,최초생성자ID,계정과목코드.csv,최초생성자ID,1.0,0,aaaaa,1.0,,,33.33,12.5,0,aaaaa,1.0,,SINGLE VALUE,0.0,0.24,False
관리회계_조직_test.csv,최초생성자ID,계정코드관리.csv,최초생성자ID,1.0,0,aaaaa,1.0,,,33.33,12.5,0,aaaaa,1.0,,SINGLE VALUE,0.0,0.3,False
관리회계_조직_test.csv,최초생성자ID,관리회계BI_계정.csv,최초생성자ID,1.0,0,aaaaa,1.0,,,33.33,12.5,0,aaaaa,1.0,,SINGLE VALUE,0.0,0.29,False
관리회계_조직_test.csv,최초생성자ID,관리회계BI_사업.csv,최초생성자ID,1.0,0,aaaaa,1.0,,,33.33,12.5,0,aaaaa,1.0,,SINGLE VALUE,0.0,0.48,False
관리회계_조직_test.csv,최초생성자ID,관리회계BI_조직.csv,최초생성자ID,1.0,0,aaaaa,1.0,,,33.33,12.5,0,aaaaa,1.0,,SINGLE VALUE,0.0,0.24,False
관리회계_조직_test.csv,최초생성자ID,관리회계_계정그룹.csv,최초생성자ID,1.0,0,aaaaa,1.0,,,33.33,12.5,0,aaaaa,2.0,,,0.0,66.67,False
관리회계_조직_test.csv,최초생성자ID,관리회계_계정그룹상세.csv,최초생성자ID,1.0,0,aaaaa,1.0,,,33.33,12.5,0,aaaaa,1.0,,,0.0,2.15,False
관리회계_조직_test.csv,최초생성자ID,관리회계_고객.csv,최초생성자ID,1.0,0,aaaaa,1.0,,,33.33,12.5,0,AAAAA,5.0,,,0.13,0.08,False
관리회계_조직_test.csv,최초생성자ID,관리회계_공통코드.csv,최초생성자ID,1.0,0,aaaaa,1.0,,,33.33,12.5,0,aaaaaa,2.0,,,52.63,5.56,False
관리회계_조직_test.csv,최초생성자ID,관리회계_분류공통코드.csv,최초생성자ID,1.0,0,aaaaa,1.0,,,33.33,12.5,0,aaaaaa,3.0,,,50.0,23.08,False
관리회계_조직_test.csv,최초생성자ID,관리회계_사업.csv,최초생성자ID,1.0,0,aaaaa,1.0,,,33.33,12.5,0,aaaaa,1.0,,SINGLE VALUE,0.0,0.24,False
관리회계_조직_test.csv,최초생성자ID,관리회계_조직.csv,최초생성자ID,1.0,0,aaaaa,1.0,,,33.33,12.5,0,aaaaa,1.0,,SINGLE VALUE,0.0,0.24,False
관리회계_조직_test.csv,최초생성자ID,관리회계_조직_test.csv,최초생성자ID,1.0,0,aaaaa,1.0,,,33.33,12.5,0,aaaaa,1.0,,,33.33,12.5,True
관리회계_조직_test.csv,최초생성자ID,관리회계_조직그룹.csv,최초생성자ID,1.0,0,aaaaa,1.0,,,33.33,12.5,0,aaaaa,1.0,,,0.0,10.0,False
관리회계_조직_test.csv,최초생성자ID,관리회계_조직그룹상세.csv,최초생성자ID,1.0,0,aaaaa,1.0,,,33.33,12.5,0,aaaaa,1.0,,SINGLE VALUE,0.0,0.29,False
관리회계_조직_test.csv,최초생성자ID,관리회계계정.csv,최초생성자ID,1.0,0,aaaaa,1.0,,,33.33,12.5,0,aaaaa,1.0,,SINGLE VALUE,0.0,0.24,False
관리회계_조직_test.csv,최초생성자ID,법인정보.csv,최초생성자ID,1.0,0,aaaaa,1.0,,,33.33,12.5,0,AAAAA,5.0,,,0.0,0.08,False
관리회계_조직_test.csv,최초생성자ID,사업코드관리.csv,최초생성자ID,1.0,0,aaaaa,1.0,,,33.33,12.5,0,aaaaa,1.0,,SINGLE VALUE,0.0,0.29,False
관리회계_조직_test.csv,최초생성자ID,원가인명정보.csv,최초생성자ID,1.0,0,aaaaa,1.0,,,33.33,12.5,0,aaaaa,3.0,,,6.02,0.04,False
관리회계_조직_test.csv,최초생성일시,계약마스터.csv,최초생성일시,1.0,0,nn:nn.n,1.0,,,33.33,12.5,0,nn:nn.n,2.0,,,0.0,2.18,False
관리회계_조직_test.csv,최초생성일시,계정과목코드.csv,최초생성일시,1.0,0,nn:nn.n,1.0,,,33.33,12.5,0,nn:nn.n,2.0,,,0.0,1.22,False
관리회계_조직_test.csv,최초생성일시,관리회계_계정그룹.csv,최초생성일시,1.0,0,nn:nn.n,1.0,,,33.33,12.5,0,nnnn-nn-nn nn:nn:nn.,1.0,,,0.0,100.0,False
관리회계_조직_test.csv,최초생성일시,관리회계_고객.csv,최초생성일시,1.0,0,nn:nn.n,1.0,,,33.33,12.5,0,nn:nn.n,2.0,,,0.13,2.57,False
관리회계_조직_test.csv,최초생성일시,관리회계_조직.csv,최초생성일시,1.0,0,nn:nn.n,1.0,,,33.33,12.5,0,nn:nn.n,2.0,,,0.0,1.19,False
관리회계_조직_test.csv,최초생성일시,관리회계_조직_test.csv,최초생성일시,1.0,0,nn:nn.n,1.0,,,33.33,12.5,0,nn:nn.n,1.0,,,33.33,12.5,True
관리회계_조직_test.csv,최초생성일시,관리회계_조직그룹.csv,최초생성일시,1.0,0,nn:nn.n,1.0,,,33.33,12.5,0,nnnn-nn-nn nn:nn:nn.,1.0,,,0.0,100.0,False
관리회계_조직_test.csv,최종갱신자ID,계정과목코드.csv,최종갱신자ID,1.0,0,aaaaa,1.0,,,33.33,12.5,0,aaaaa,1.0,,SINGLE VALUE,0.0,0.24,False
관리회계_조직_test.csv,최종갱신자ID,관리회계BI_계정.csv,최종갱신자ID,1.0,0,aaaaa,1.0,,,33.33,12.5,0,aaaaa,1.0,,SINGLE VALUE,0.0,0.29,False
관리회계_조직_test.csv,최종갱신자ID,관리회계BI_사업.csv,최종갱신자ID,1.0,0,aaaaa,1.0,,,33.33,12.5,0,aaaaa,1.0,,SINGLE VALUE,0.0,0.48,False
관리회계_조직_test.csv,최종갱신자ID,관리회계BI_조직.csv,최종갱신자ID,1.0,0,aaaaa,1.0,,,33.33,12.5,0,aaaaa,1.0,,SINGLE VALUE,0.0,0.24,False
관리회계_조직_test.csv,최종갱신자ID,관리회계_계정그룹.csv,최종갱신자ID,1.0,0,aaaaa,1.0,,,33.33,12.5,0,aaaaa,2.0,,,0.0,66.67,False
관리회계_조직_test.csv,최종갱신자ID,관리회계_계정그룹상세.csv,최종갱신자ID,1.0,0,aaaaa,1.0,,,33.33,12.5,0,aaaaa,1.0,,,0.0,2.15,False
관리회계_조직_test.csv,최종갱신자ID,관리회계_고객.csv,최종갱신자ID,1.0,0,aaaaa,1.0,,,33.33,12.5,0,AAAAA,5.0,,,0.07,0.08,False
관리회계_조직_test.csv,최종갱신자ID,관리회계_공통코드.csv,최종갱신자ID,1.0,0,aaaaa,1.0,,,33.33,12.5,0,aaaaaa,3.0,,,49.12,6.9,False
관리회계_조직_test.csv,최종갱신자ID,관리회계_분류공통코드.csv,최종갱신자ID,1.0,0,aaaaa,1.0,,,33.33,12.5,0,aaaaaa,2.0,,,50.0,15.38,False
관리회계_조직_test.csv,최종갱신자ID,관리회계_사업.csv,최종갱신자ID,1.0,0,aaaaa,1.0,,,33.33,12.5,0,aaaaa,1.0,,SINGLE VALUE,0.0,0.24,False
관리회계_조직_test.csv,최종갱신자ID,관리회계_조직.csv,최종갱신자ID,1.0,0,aaaaa,1.0,,,33.33,12.5,0,aaaaa,1.0,,SINGLE VALUE,0.0,0.24,False
관리회계_조직_test.csv,최종갱신자ID,관리회계_조직_test.csv,최종갱신자ID,1.0,0,aaaaa,1.0,,,33.33,12.5,0,aaaaa,1.0,,,33.33,12.5,True
관리회계_조직_test.csv,최종갱신자ID,관리회계_조직그룹.csv,최종갱신자ID,1.0,0,aaaaa,1.0,,,33.33,12.5,0,aaaaa,1.0,,,0.0,10.0,False
관리회계_조직_test.csv,최종갱신자ID,관리회계_조직그룹상세.csv,최종갱신자ID,1.0,0,aaaaa,1.0,,,33.33,12.5,0,aaaaa,1.0,,SINGLE VALUE,0.0,0.29,False
관리회계_조직_test.csv,최종갱신자ID,관리회계계정.csv,최종갱신자ID,1.0,0,aaaaa,1.0,,,33.33,12.5,0,aaaaa,1.0,,SINGLE VALUE,0.0,0.24,False
관리회계_조직_test.csv,최종갱신자ID,법인정보.csv,최종갱신자ID,1.0,0,aaaaa,1.0,,,33.33,12.5,0,AAAAA,6.0,,,0.0,0.07,False
관리회계_조직_test.csv,최종갱신자ID,원가인명정보.csv,최종갱신자ID,1.0,0,aaaaa,1.0,,,33.33,12.5,0,aaaaa,4.0,,,6.01,0.05,False
관리회계_조직_test.csv,최종변경일시,계약마스터.csv,최종변경일시,1.0,0,nn:nn.n,1.0,,,33.33,12.5,0,nn:nn,1.0,,SINGLE VALUE,0.0,0.01,False
관리회계_조직_test.csv,최종변경일시,계정과목코드.csv,최종변경일시,1.0,0,nn:nn.n,1.0,,,33.33,12.5,0,nn:nn.n,2.0,,,0.0,1.22,False
관리회계_조직_test.csv,최종변경일시,고객유형.csv,최종변경일시,1.0,0,nn:nn.n,1.0,,,33.33,12.5,0,nnnn-nn-nn nn:nn:nn.,1.0,,,0.0,100.0,False
관리회계_조직_test.csv,최종변경일시,관리회계_계정그룹.csv,최종변경일시,1.0,0,nn:nn.n,1.0,,,33.33,12.5,0,nnnn-nn-nn nn:nn:nn.,1.0,,,0.0,100.0,False
관리회계_조직_test.csv,최종변경일시,관리회계_고객.csv,최종변경일시,1.0,0,nn:nn.n,1.0,,,33.33,12.5,0,nn:nn.n,2.0,,,0.07,2.56,False
관리회계_조직_test.csv,최종변경일시,관리회계_조직.csv,최종변경일시,1.0,0,nn:nn.n,1.0,,,33.33,12.5,0,nn:nn.n,2.0,,,0.0,1.19,False
관리회계_조직_test.csv,최종변경일시,관리회계_조직_test.csv,최종변경일시,1.0,0,nn:nn.n,1.0,,,33.33,12.5,0,nn:nn.n,1.0,,,33.33,12.5,True
관리회계_조직_test.csv,최종변경일시,관리회계_조직그룹.csv,최종변경일시,1.0,0,nn:nn.n,1.0,,,33.33,12.5,0,nnnn-nn-nn nn:nn:nn.,1.0,,,0.0,100.0,False
관리회계_조직_test.csv,최종변경일시,택배관리회계조직매핑.csv,최종변경일시,1.0,0,nn:nn.n,1.0,,,33.33,12.5,0,nn:nn,1.0,,,0.0,4.17,False
관리회계_조직_test.csv,ETL일시,고객유형.csv,ETL일시,1.0,0,nn:nn.n,1.0,,,33.33,12.5,0,nnnn-nn-nn nn:nn:nn.,1.0,,,0.0,20.0,False
관리회계_조직_test.csv,ETL일시,관리회계_계정그룹.csv,ETL일시,1.0,0,nn:nn.n,1.0,,,33.33,12.5,0,nnnn-nn-nn nn:nn:nn.,1.0,,,0.0,33.33,False
관리회계_조직_test.csv,ETL일시,관리회계_조직_test.csv,ETL일시,1.0,0,nn:nn.n,1.0,,,33.33,12.5,0,nn:nn.n,1.0,,,33.33,12.5,True
관리회계_조직_test.csv,ETL일시,관리회계_조직그룹.csv,ETL일시,1.0,0,nn:nn.n,1.0,,,33.33,12.5,0,nnnn-nn-nn nn:nn:nn.,1.0,,,0.0,10.0,False
관리회계_조직_test.csv,ETL일시,서브터미널.csv,ETL일시,1.0,0,nn:nn.n,1.0,,,33.33,12.5,0,nn:nn.n,1.0,,,99.99,100.0,False
관리회계_조직그룹.csv,귀속부서조직GROUP코드,관리회계BI_조직.csv,귀속부서조직코드,0.7619,0,AAsAAAAA,4.0,,,0.0,100.0,1,AAAAAA,7.0,,UNIQUE,0.0,100.0,False
관리회계_조직그룹.csv,귀속부서조직GROUP코드,관리회계QLIK_조직.csv,귀속부서조직코드,0.7619,0,AAsAAAAA,4.0,,,0.0,100.0,1,AAAAAA,6.0,,UNIQUE,0.25,100.0,False
관리회계_조직그룹.csv,귀속부서조직GROUP코드,관리회계_조직_test.csv,귀속부서조직코드,0.7619,0,AAsAAAAA,4.0,,,0.0,100.0,0,AAAAAA,7.0,,,0.0,91.67,False
관리회계_조직그룹.csv,귀속부서조직GROUP코드,관리회계_조직그룹.csv,귀속부서조직GROUP코드,1.0,0,AAsAAAAA,4.0,,,0.0,100.0,0,AAsAAAAA,4.0,,,0.0,100.0,True
관리회계_조직그룹.csv,귀속부서조직GROUP코드,관리회계_조직그룹.csv,귀속부서조직GROUP명,0.88,0,AAsAAAAA,4.0,,,0.0,100.0,0,KKKKK,9.0,,,0.0,100.0,False
관리회계_조직그룹.csv,귀속부서조직GROUP코드,관리회계_조직그룹상세.csv,귀속부서조직GROUP코드,1.0,0,AAsAAAAA,4.0,,,0.0,100.0,0,AAsAA,4.0,,,0.0,2.58,False
관리회계_조직그룹.csv,귀속부서조직GROUP코드,관리회계_조직그룹상세.csv,귀속부서조직코드,0.7619,0,AAsAAAAA,4.0,,,0.0,100.0,0,AAAAAA,4.0,,,0.0,80.8,False
관리회계_조직그룹.csv,귀속부서조직GROUP코드,원가인명정보.csv,귀속부서조직코드,0.7619,0,AAsAAAAA,4.0,,,0.0,100.0,0,AAAAAA,5.0,,,0.0,3.41,False
관리회계_조직그룹.csv,귀속부서조직GROUP명,관리회계BI_조직.csv,귀속부서조직명,0.7368,0,KKKKK,9.0,,,0.0,100.0,0,KKKKKK,89.0,,Text,0.0,98.81,False
관리회계_조직그룹.csv,귀속부서조직GROUP명,관리회계QLIK_조직.csv,귀속부서조직명,0.7368,0,KKKKK,9.0,,,0.0,100.0,0,KKKKKK,75.0,,Text,0.25,99.75,False
관리회계_조직그룹.csv,귀속부서조직GROUP명,관리회계_조직_test.csv,귀속부서조직명,0.7368,0,KKKKK,9.0,,,0.0,100.0,0,KKKKKKKKKn,6.0,,,33.33,87.5,False
관리회계_조직그룹.csv,귀속부서조직GROUP명,관리회계_조직그룹.csv,귀속부서조직GROUP코드,0.88,0,KKKKK,9.0,,,0.0,100.0,0,AAsAAAAA,4.0,,,0.0,100.0,False
관리회계_조직그룹.csv,귀속부서조직GROUP명,관리회계_조직그룹.csv,귀속부서조직GROUP명,1.0,0,KKKKK,9.0,,,0.0,100.0,0,KKKKK,9.0,,,0.0,100.0,True
관리회계_조직그룹.csv,귀속부서조직GROUP명,관리회계_조직그룹상세.csv,귀속부서조직GROUP코드,0.88,0,KKKKK,9.0,,,0.0,100.0,0,AAsAA,4.0,,,0.0,2.58,False
관리회계_조직그룹.csv,정렬순서,계정코드관리.csv,정렬순서,1.0,0,nn,2.0,,,0.0,100.0,1,nnnn,3.0,,UNIQUE,0.0,100.0,False
관리회계_조직그룹.csv,정렬순서,관리회계_계정그룹.csv,정렬순서,1.0,0,nn,2.0,,,0.0,100.0,0,nn,1.0,,,0.0,100.0,False
관리회계_조직그룹.csv,정렬순서,관리회계_계정그룹상세.csv,정렬순서,1.0,0,nn,2.0,,,0.0,100.0,1,nnn,2.0,,UNIQUE,1.08,100.0,False
관리회계_조직그룹.csv,정렬순서,관리회계_공통코드.csv,정렬순서,1.0,0,nn,2.0,,,0.0,100.0,0,nn,3.0,,,5.26,25.0,False
관리회계_조직그룹.csv,정렬순서,관리회계_사업.csv,정렬순서,1.0,0,nn,2.0,,,0.0,100.0,1,nnnn,3.0,,UNIQUE,0.0,100.0,False
관리회계_조직그룹.csv,정렬순서,관리회계_조직.csv,정렬순서,1.0,0,nn,2.0,,,0.0,100.0,1,nnnn,3.0,,UNIQUE,0.0,100.0,False
관리회계_조직그룹.csv,정렬순서,관리회계_조직_test.csv,정렬순서,1.0,0,nn,2.0,,,0.0,100.0,0,nnnn,2.0,,,33.33,37.5,False
관리회계_조직그룹.csv,정렬순서,관리회계_조직그룹.csv,정렬순서,1.0,0,nn,2.0,,,0.0,100.0,0,nn,2.0,,,0.0,100.0,True
관리회계_조직그룹.csv,정렬순서,관리회계_조직그룹상세.csv,정렬순서,1.0,0,nn,2.0,,,0.0,100.0,1,nnnn,3.0,,UNIQUE,0.0,100.0,False
관리회계_조직그룹.csv,정렬순서,관리회계계정.csv,정렬순서,1.0,0,nn,2.0,,,0.0,100.0,1,nnnn,3.0,,UNIQUE,0.0,100.0,False
관리회계_조직그룹.csv,정렬순서,사업코드관리.csv,정렬순서,1.0,0,nn,2.0,,,0.0,100.0,1,nnnn,3.0,,UNIQUE,0.0,100.0,False
관리회계_조직그룹.csv,정렬순서,조직코드관리.csv,정렬순서,1.0,0,nn,2.0,,,0.0,100.0,1,nnnn,3.0,,UNIQUE,0.0,100.0,False
관리회계_조직그룹.csv,정렬순서,택배_조직도.csv,정렬순서,1.0,0,nn,2.0,,,0.0,100.0,0,n,2.0,,,97.84,15.66,False
관리회계_조직그룹.csv,최초생성자ID,계약마스터.csv,최초생성자ID,1.0,0,aaaaa,1.0,,,0.0,10.0,0,aaa,1.0,,SINGLE VALUE,0.0,0.01,False
관리회계_조직그룹.csv,최초생성자ID,계정과목코드.csv,최초생성자ID,1.0,0,aaaaa,1.0,,,0.0,10.0,0,aaaaa,1.0,,SINGLE VALUE,0.0,0.24,False
관리회계_조직그룹.csv,최초생성자ID,계정코드관리.csv,최초생성자ID,1.0,0,aaaaa,1.0,,,0.0,10.0,0,aaaaa,1.0,,SINGLE VALUE,0.0,0.3,False
관리회계_조직그룹.csv,최초생성자ID,관리회계BI_계정.csv,최초생성자ID,1.0,0,aaaaa,1.0,,,0.0,10.0,0,aaaaa,1.0,,SINGLE VALUE,0.0,0.29,False
관리회계_조직그룹.csv,최초생성자ID,관리회계BI_사업.csv,최초생성자ID,1.0,0,aaaaa,1.0,,,0.0,10.0,0,aaaaa,1.0,,SINGLE VALUE,0.0,0.48,False
관리회계_조직그룹.csv,최초생성자ID,관리회계BI_조직.csv,최초생성자ID,1.0,0,aaaaa,1.0,,,0.0,10.0,0,aaaaa,1.0,,SINGLE VALUE,0.0,0.24,False
관리회계_조직그룹.csv,최초생성자ID,관리회계_계정그룹.csv,최초생성자ID,1.0,0,aaaaa,1.0,,,0.0,10.0,0,aaaaa,2.0,,,0.0,66.67,False
관리회계_조직그룹.csv,최초생성자ID,관리회계_계정그룹상세.csv,최초생성자ID,1.0,0,aaaaa,1.0,,,0.0,10.0,0,aaaaa,1.0,,,0.0,2.15,False
관리회계_조직그룹.csv,최초생성자ID,관리회계_고객.csv,최초생성자ID,1.0,0,aaaaa,1.0,,,0.0,10.0,0,AAAAA,5.0,,,0.13,0.08,False
관리회계_조직그룹.csv,최초생성자ID,관리회계_공통코드.csv,최초생성자ID,1.0,0,aaaaa,1.0,,,0.0,10.0,0,aaaaaa,2.0,,,52.63,5.56,False
관리회계_조직그룹.csv,최초생성자ID,관리회계_분류공통코드.csv,최초생성자ID,1.0,0,aaaaa,1.0,,,0.0,10.0,0,aaaaaa,3.0,,,50.0,23.08,False
관리회계_조직그룹.csv,최초생성자ID,관리회계_사업.csv,최초생성자ID,1.0,0,aaaaa,1.0,,,0.0,10.0,0,aaaaa,1.0,,SINGLE VALUE,0.0,0.24,False
관리회계_조직그룹.csv,최초생성자ID,관리회계_조직.csv,최초생성자ID,1.0,0,aaaaa,1.0,,,0.0,10.0,0,aaaaa,1.0,,SINGLE VALUE,0.0,0.24,False
관리회계_조직그룹.csv,최초생성자ID,관리회계_조직_test.csv,최초생성자ID,1.0,0,aaaaa,1.0,,,0.0,10.0,0,aaaaa,1.0,,,33.33,12.5,False
관리회계_조직그룹.csv,최초생성자ID,관리회계_조직그룹.csv,최초생성자ID,1.0,0,aaaaa,1.0,,,0.0,10.0,0,aaaaa,1.0,,,0.0,10.0,True
관리회계_조직그룹.csv,최초생성자ID,관리회계_조직그룹상세.csv,최초생성자ID,1.0,0,aaaaa,1.0,,,0.0,10.0,0,aaaaa,1.0,,SINGLE VALUE,0.0,0.29,False
관리회계_조직그룹.csv,최초생성자ID,관리회계계정.csv,최초생성자ID,1.0,0,aaaaa,1.0,,,0.0,10.0,0,aaaaa,1.0,,SINGLE VALUE,0.0,0.24,False
관리회계_조직그룹.csv,최초생성자ID,법인정보.csv,최초생성자ID,1.0,0,aaaaa,1.0,,,0.0,10.0,0,AAAAA,5.0,,,0.0,0.08,False
관리회계_조직그룹.csv,최초생성자ID,사업코드관리.csv,최초생성자ID,1.0,0,aaaaa,1.0,,,0.0,10.0,0,aaaaa,1.0,,SINGLE VALUE,0.0,0.29,False
관리회계_조직그룹.csv,최초생성자ID,원가인명정보.csv,최초생성자ID,1.0,0,aaaaa,1.0,,,0.0,10.0,0,aaaaa,3.0,,,6.02,0.04,False
관리회계_조직그룹.csv,최초생성일시,계약마스터.csv,최초생성일시,1.0,0,nnnn-nn-nn nn:nn:nn.,1.0,,,0.0,100.0,0,nn:nn.n,2.0,,,0.0,2.18,False
관리회계_조직그룹.csv,최초생성일시,계정과목코드.csv,최초생성일시,1.0,0,nnnn-nn-nn nn:nn:nn.,1.0,,,0.0,100.0,0,nn:nn.n,2.0,,,0.0,1.22,False
관리회계_조직그룹.csv,최초생성일시,관리회계_계정그룹.csv,최초생성일시,1.0,0,nnnn-nn-nn nn:nn:nn.,1.0,,,0.0,100.0,0,nnnn-nn-nn nn:nn:nn.,1.0,,,0.0,100.0,False
관리회계_조직그룹.csv,최초생성일시,관리회계_고객.csv,최초생성일시,1.0,0,nnnn-nn-nn nn:nn:nn.,1.0,,,0.0,100.0,0,nn:nn.n,2.0,,,0.13,2.57,False
관리회계_조직그룹.csv,최초생성일시,관리회계_조직.csv,최초생성일시,1.0,0,nnnn-nn-nn nn:nn:nn.,1.0,,,0.0,100.0,0,nn:nn.n,2.0,,,0.0,1.19,False
관리회계_조직그룹.csv,최초생성일시,관리회계_조직_test.csv,최초생성일시,1.0,0,nnnn-nn-nn nn:nn:nn.,1.0,,,0.0,100.0,0,nn:nn.n,1.0,,,33.33,12.5,False
관리회계_조직그룹.csv,최초생성일시,관리회계_조직그룹.csv,최초생성일시,1.0,0,nnnn-nn-nn nn:nn:nn.,1.0,,,0.0,100.0,0,nnnn-nn-nn nn:nn:nn.,1.0,,,0.0,100.0,True
관리회계_조직그룹.csv,최종갱신자ID,계정과목코드.csv,최종갱신자ID,1.0,0,aaaaa,1.0,,,0.0,10.0,0,aaaaa,1.0,,SINGLE VALUE,0.0,0.24,False
관리회계_조직그룹.csv,최종갱신자ID,관리회계BI_계정.csv,최종갱신자ID,1.0,0,aaaaa,1.0,,,0.0,10.0,0,aaaaa,1.0,,SINGLE VALUE,0.0,0.29,False
관리회계_조직그룹.csv,최종갱신자ID,관리회계BI_사업.csv,최종갱신자ID,1.0,0,aaaaa,1.0,,,0.0,10.0,0,aaaaa,1.0,,SINGLE VALUE,0.0,0.48,False
관리회계_조직그룹.csv,최종갱신자ID,관리회계BI_조직.csv,최종갱신자ID,1.0,0,aaaaa,1.0,,,0.0,10.0,0,aaaaa,1.0,,SINGLE VALUE,0.0,0.24,False
관리회계_조직그룹.csv,최종갱신자ID,관리회계_계정그룹.csv,최종갱신자ID,1.0,0,aaaaa,1.0,,,0.0,10.0,0,aaaaa,2.0,,,0.0,66.67,False
관리회계_조직그룹.csv,최종갱신자ID,관리회계_계정그룹상세.csv,최종갱신자ID,1.0,0,aaaaa,1.0,,,0.0,10.0,0,aaaaa,1.0,,,0.0,2.15,False
관리회계_조직그룹.csv,최종갱신자ID,관리회계_고객.csv,최종갱신자ID,1.0,0,aaaaa,1.0,,,0.0,10.0,0,AAAAA,5.0,,,0.07,0.08,False
관리회계_조직그룹.csv,최종갱신자ID,관리회계_공통코드.csv,최종갱신자ID,1.0,0,aaaaa,1.0,,,0.0,10.0,0,aaaaaa,3.0,,,49.12,6.9,False
관리회계_조직그룹.csv,최종갱신자ID,관리회계_분류공통코드.csv,최종갱신자ID,1.0,0,aaaaa,1.0,,,0.0,10.0,0,aaaaaa,2.0,,,50.0,15.38,False
관리회계_조직그룹.csv,최종갱신자ID,관리회계_사업.csv,최종갱신자ID,1.0,0,aaaaa,1.0,,,0.0,10.0,0,aaaaa,1.0,,SINGLE VALUE,0.0,0.24,False
관리회계_조직그룹.csv,최종갱신자ID,관리회계_조직.csv,최종갱신자ID,1.0,0,aaaaa,1.0,,,0.0,10.0,0,aaaaa,1.0,,SINGLE VALUE,0.0,0.24,False
관리회계_조직그룹.csv,최종갱신자ID,관리회계_조직_test.csv,최종갱신자ID,1.0,0,aaaaa,1.0,,,0.0,10.0,0,aaaaa,1.0,,,33.33,12.5,False
관리회계_조직그룹.csv,최종갱신자ID,관리회계_조직그룹.csv,최종갱신자ID,1.0,0,aaaaa,1.0,,,0.0,10.0,0,aaaaa,1.0,,,0.0,10.0,True
관리회계_조직그룹.csv,최종갱신자ID,관리회계_조직그룹상세.csv,최종갱신자ID,1.0,0,aaaaa,1.0,,,0.0,10.0,0,aaaaa,1.0,,SINGLE VALUE,0.0,0.29,False
관리회계_조직그룹.csv,최종갱신자ID,관리회계계정.csv,최종갱신자ID,1.0,0,aaaaa,1.0,,,0.0,10.0,0,aaaaa,1.0,,SINGLE VALUE,0.0,0.24,False
관리회계_조직그룹.csv,최종갱신자ID,법인정보.csv,최종갱신자ID,1.0,0,aaaaa,1.0,,,0.0,10.0,0,AAAAA,6.0,,,0.0,0.07,False
관리회계_조직그룹.csv,최종갱신자ID,원가인명정보.csv,최종갱신자ID,1.0,0,aaaaa,1.0,,,0.0,10.0,0,aaaaa,4.0,,,6.01,0.05,False
관리회계_조직그룹.csv,최종변경일시,계약마스터.csv,최종변경일시,1.0,0,nnnn-nn-nn nn:nn:nn.,1.0,,,0.0,100.0,0,nn:nn,1.0,,SINGLE VALUE,0.0,0.01,False
관리회계_조직그룹.csv,최종변경일시,계정과목코드.csv,최종변경일시,1.0,0,nnnn-nn-nn nn:nn:nn.,1.0,,,0.0,100.0,0,nn:nn.n,2.0,,,0.0,1.22,False
관리회계_조직그룹.csv,최종변경일시,고객유형.csv,최종변경일시,1.0,0,nnnn-nn-nn nn:nn:nn.,1.0,,,0.0,100.0,0,nnnn-nn-nn nn:nn:nn.,1.0,,,0.0,100.0,False
관리회계_조직그룹.csv,최종변경일시,관리회계_계정그룹.csv,최종변경일시,1.0,0,nnnn-nn-nn nn:nn:nn.,1.0,,,0.0,100.0,0,nnnn-nn-nn nn:nn:nn.,1.0,,,0.0,100.0,False
관리회계_조직그룹.csv,최종변경일시,관리회계_고객.csv,최종변경일시,1.0,0,nnnn-nn-nn nn:nn:nn.,1.0,,,0.0,100.0,0,nn:nn.n,2.0,,,0.07,2.56,False
관리회계_조직그룹.csv,최종변경일시,관리회계_조직.csv,최종변경일시,1.0,0,nnnn-nn-nn nn:nn:nn.,1.0,,,0.0,100.0,0,nn:nn.n,2.0,,,0.0,1.19,False
관리회계_조직그룹.csv,최종변경일시,관리회계_조직_test.csv,최종변경일시,1.0,0,nnnn-nn-nn nn:nn:nn.,1.0,,,0.0,100.0,0,nn:nn.n,1.0,,,33.33,12.5,False
관리회계_조직그룹.csv,최종변경일시,관리회계_조직그룹.csv,최종변경일시,1.0,0,nnnn-nn-nn nn:nn:nn.,1.0,,,0.0,100.0,0,nnnn-nn-nn nn:nn:nn.,1.0,,,0.0,100.0,True
관리회계_조직그룹.csv,최종변경일시,택배관리회계조직매핑.csv,최종변경일시,1.0,0,nnnn-nn-nn nn:nn:nn.,1.0,,,0.0,100.0,0,nn:nn,1.0,,,0.0,4.17,False
관리회계_조직그룹.csv,ETL일시,고객유형.csv,ETL일시,1.0,0,nnnn-nn-nn nn:nn:nn.,1.0,,,0.0,10.0,0,nnnn-nn-nn nn:nn:nn.,1.0,,,0.0,20.0,False
관리회계_조직그룹.csv,ETL일시,관리회계_계정그룹.csv,ETL일시,1.0,0,nnnn-nn-nn nn:nn:nn.,1.0,,,0.0,10.0,0,nnnn-nn-nn nn:nn:nn.,1.0,,,0.0,33.33,False
관리회계_조직그룹.csv,ETL일시,관리회계_조직_test.csv,ETL일시,1.0,0,nnnn-nn-nn nn:nn:nn.,1.0,,,0.0,10.0,0,nn:nn.n,1.0,,,33.33,12.5,False
관리회계_조직그룹.csv,ETL일시,관리회계_조직그룹.csv,ETL일시,1.0,0,nnnn-nn-nn nn:nn:nn.,1.0,,,0.0,10.0,0,nnnn-nn-nn nn:nn:nn.,1.0,,,0.0,10.0,True
관리회계_조직그룹.csv,ETL일시,서브터미널.csv,ETL일시,1.0,0,nnnn-nn-nn nn:nn:nn.,1.0,,,0.0,10.0,0,nn:nn.n,1.0,,,99.99,100.0,False
관리회계_조직그룹상세.csv,귀속부서조직GROUP코드,관리회계BI_조직.csv,귀속부서조직코드,0.7619,0,AAsAA,4.0,,,0.0,2.58,1,AAAAAA,7.0,,UNIQUE,0.0,100.0,False
관리회계_조직그룹상세.csv,귀속부서조직GROUP코드,관리회계QLIK_조직.csv,귀속부서조직코드,0.7619,0,AAsAA,4.0,,,0.0,2.58,1,AAAAAA,6.0,,UNIQUE,0.25,100.0,False
관리회계_조직그룹상세.csv,귀속부서조직GROUP코드,관리회계_조직_test.csv,귀속부서조직코드,0.7619,0,AAsAA,4.0,,,0.0,2.58,0,AAAAAA,7.0,,,0.0,91.67,False
관리회계_조직그룹상세.csv,귀속부서조직GROUP코드,관리회계_조직그룹.csv,귀속부서조직GROUP코드,1.0,0,AAsAA,4.0,,,0.0,2.58,0,AAsAAAAA,4.0,,,0.0,100.0,False
관리회계_조직그룹상세.csv,귀속부서조직GROUP코드,관리회계_조직그룹.csv,귀속부서조직GROUP명,0.88,0,AAsAA,4.0,,,0.0,2.58,0,KKKKK,9.0,,,0.0,100.0,False
관리회계_조직그룹상세.csv,귀속부서조직GROUP코드,관리회계_조직그룹상세.csv,귀속부서조직GROUP코드,1.0,0,AAsAA,4.0,,,0.0,2.58,0,AAsAA,4.0,,,0.0,2.58,True
관리회계_조직그룹상세.csv,귀속부서조직GROUP코드,관리회계_조직그룹상세.csv,귀속부서조직코드,0.7619,0,AAsAA,4.0,,,0.0,2.58,0,AAAAAA,4.0,,,0.0,80.8,False
관리회계_조직그룹상세.csv,귀속부서조직GROUP코드,원가인명정보.csv,귀속부서조직코드,0.7619,0,AAsAA,4.0,,,0.0,2.58,0,AAAAAA,5.0,,,0.0,3.41,False
관리회계_조직그룹상세.csv,귀속부서조직코드,관리회계BI_조직.csv,귀속부서조직코드,1.0,0,AAAAAA,4.0,,,0.0,80.8,1,AAAAAA,7.0,,UNIQUE,0.0,100.0,False
관리회계_조직그룹상세.csv,귀속부서조직코드,관리회계BI_조직.csv,귀속부서조직명,0.8,0,AAAAAA,4.0,,,0.0,80.8,0,KKKKKK,89.0,,Text,0.0,98.81,False
관리회계_조직그룹상세.csv,귀속부서조직코드,관리회계QLIK_조직.csv,귀속부서조직코드,1.0,0,AAAAAA,4.0,,,0.0,80.8,1,AAAAAA,6.0,,UNIQUE,0.25,100.0,False
관리회계_조직그룹상세.csv,귀속부서조직코드,관리회계QLIK_조직.csv,귀속부서조직명,0.8,0,AAAAAA,4.0,,,0.0,80.8,0,KKKKKK,75.0,,Text,0.25,99.75,False
관리회계_조직그룹상세.csv,귀속부서조직코드,관리회계_조직.csv,부서조직코드,0.8571,0,AAAAAA,4.0,,,0.0,80.8,1,AAAAAA,7.0,,UNIQUE,0.0,100.0,False
관리회계_조직그룹상세.csv,귀속부서조직코드,관리회계_조직.csv,상위부서조직코드,0.75,0,AAAAAA,4.0,,,0.0,80.8,0,AAAAA,4.0,,,0.24,22.67,False
관리회계_조직그룹상세.csv,귀속부서조직코드,관리회계_조직_test.csv,귀속부서조직코드,1.0,0,AAAAAA,4.0,,,0.0,80.8,0,AAAAAA,7.0,,,0.0,91.67,False
관리회계_조직그룹상세.csv,귀속부서조직코드,관리회계_조직_test.csv,귀속부서조직명,0.8,0,AAAAAA,4.0,,,0.0,80.8,0,KKKKKKKKKn,6.0,,,33.33,87.5,False
관리회계_조직그룹상세.csv,귀속부서조직코드,관리회계_조직_test.csv,상위귀속부서조직코드,0.8889,0,AAAAAA,4.0,,,0.0,80.8,0,AAAAA,7.0,,,8.33,90.91,False
관리회계_조직그룹상세.csv,귀속부서조직코드,관리회계_조직그룹.csv,귀속부서조직GROUP코드,0.7619,0,AAAAAA,4.0,,,0.0,80.8,0,AAsAAAAA,4.0,,,0.0,100.0,False
관리회계_조직그룹상세.csv,귀속부서조직코드,관리회계_조직그룹상세.csv,귀속부서조직GROUP코드,0.7619,0,AAAAAA,4.0,,,0.0,80.8,0,AAsAA,4.0,,,0.0,2.58,False
관리회계_조직그룹상세.csv,귀속부서조직코드,관리회계_조직그룹상세.csv,귀속부서조직코드,1.0,0,AAAAAA,4.0,,,0.0,80.8,0,AAAAAA,4.0,,,0.0,80.8,True
관리회계_조직그룹상세.csv,귀속부서조직코드,사원기본.csv,소속조직코드,0.7143,0,AAAAAA,4.0,,,0.0,80.8,0,nnnn,7.0,,,0.0,17.28,False
관리회계_조직그룹상세.csv,귀속부서조직코드,원가인명정보.csv,귀속부서조직코드,1.0,0,AAAAAA,4.0,,,0.0,80.8,0,AAAAAA,5.0,,,0.0,3.41,False
관리회계_조직그룹상세.csv,정렬순서,계정코드관리.csv,정렬순서,1.0,1,nnnn,3.0,,UNIQUE,0.0,100.0,1,nnnn,3.0,,UNIQUE,0.0,100.0,False
관리회계_조직그룹상세.csv,정렬순서,관리회계_계정그룹.csv,정렬순서,1.0,1,nnnn,3.0,,UNIQUE,0.0,100.0,0,nn,1.0,,,0.0,100.0,False
관리회계_조직그룹상세.csv,정렬순서,관리회계_계정그룹상세.csv,정렬순서,1.0,1,nnnn,3.0,,UNIQUE,0.0,100.0,1,nnn,2.0,,UNIQUE,1.08,100.0,False
관리회계_조직그룹상세.csv,정렬순서,관리회계_공통코드.csv,정렬순서,1.0,1,nnnn,3.0,,UNIQUE,0.0,100.0,0,nn,3.0,,,5.26,25.0,False
관리회계_조직그룹상세.csv,정렬순서,관리회계_사업.csv,정렬순서,1.0,1,nnnn,3.0,,UNIQUE,0.0,100.0,1,nnnn,3.0,,UNIQUE,0.0,100.0,False
관리회계_조직그룹상세.csv,정렬순서,관리회계_조직.csv,정렬순서,1.0,1,nnnn,3.0,,UNIQUE,0.0,100.0,1,nnnn,3.0,,UNIQUE,0.0,100.0,False
관리회계_조직그룹상세.csv,정렬순서,관리회계_조직_test.csv,정렬순서,1.0,1,nnnn,3.0,,UNIQUE,0.0,100.0,0,nnnn,2.0,,,33.33,37.5,False
관리회계_조직그룹상세.csv,정렬순서,관리회계_조직그룹.csv,정렬순서,1.0,1,nnnn,3.0,,UNIQUE,0.0,100.0,0,nn,2.0,,,0.0,100.0,False
관리회계_조직그룹상세.csv,정렬순서,관리회계_조직그룹상세.csv,정렬순서,1.0,1,nnnn,3.0,,UNIQUE,0.0,100.0,1,nnnn,3.0,,UNIQUE,0.0,100.0,True
관리회계_조직그룹상세.csv,정렬순서,관리회계계정.csv,정렬순서,1.0,1,nnnn,3.0,,UNIQUE,0.0,100.0,1,nnnn,3.0,,UNIQUE,0.0,100.0,False
관리회계_조직그룹상세.csv,정렬순서,사업코드관리.csv,정렬순서,1.0,1,nnnn,3.0,,UNIQUE,0.0,100.0,1,nnnn,3.0,,UNIQUE,0.0,100.0,False
관리회계_조직그룹상세.csv,정렬순서,조직코드관리.csv,정렬순서,1.0,1,nnnn,3.0,,UNIQUE,0.0,100.0,1,nnnn,3.0,,UNIQUE,0.0,100.0,False
관리회계_조직그룹상세.csv,정렬순서,택배_조직도.csv,정렬순서,1.0,1,nnnn,3.0,,UNIQUE,0.0,100.0,0,n,2.0,,,97.84,15.66,False
관리회계_조직그룹상세.csv,최초생성자ID,계약마스터.csv,최초생성자ID,1.0,0,aaaaa,1.0,,SINGLE VALUE,0.0,0.29,0,aaa,1.0,,SINGLE VALUE,0.0,0.01,False
관리회계_조직그룹상세.csv,최초생성자ID,계정과목코드.csv,최초생성자ID,1.0,0,aaaaa,1.0,,SINGLE VALUE,0.0,0.29,0,aaaaa,1.0,,SINGLE VALUE,0.0,0.24,False
관리회계_조직그룹상세.csv,최초생성자ID,계정코드관리.csv,최초생성자ID,1.0,0,aaaaa,1.0,,SINGLE VALUE,0.0,0.29,0,aaaaa,1.0,,SINGLE VALUE,0.0,0.3,False
관리회계_조직그룹상세.csv,최초생성자ID,관리회계BI_계정.csv,최초생성자ID,1.0,0,aaaaa,1.0,,SINGLE VALUE,0.0,0.29,0,aaaaa,1.0,,SINGLE VALUE,0.0,0.29,False
관리회계_조직그룹상세.csv,최초생성자ID,관리회계BI_사업.csv,최초생성자ID,1.0,0,aaaaa,1.0,,SINGLE VALUE,0.0,0.29,0,aaaaa,1.0,,SINGLE VALUE,0.0,0.48,False
관리회계_조직그룹상세.csv,최초생성자ID,관리회계BI_조직.csv,최초생성자ID,1.0,0,aaaaa,1.0,,SINGLE VALUE,0.0,0.29,0,aaaaa,1.0,,SINGLE VALUE,0.0,0.24,False
관리회계_조직그룹상세.csv,최초생성자ID,관리회계_계정그룹.csv,최초생성자ID,1.0,0,aaaaa,1.0,,SINGLE VALUE,0.0,0.29,0,aaaaa,2.0,,,0.0,66.67,False
관리회계_조직그룹상세.csv,최초생성자ID,관리회계_계정그룹상세.csv,최초생성자ID,1.0,0,aaaaa,1.0,,SINGLE VALUE,0.0,0.29,0,aaaaa,1.0,,,0.0,2.15,False
관리회계_조직그룹상세.csv,최초생성자ID,관리회계_고객.csv,최초생성자ID,1.0,0,aaaaa,1.0,,SINGLE VALUE,0.0,0.29,0,AAAAA,5.0,,,0.13,0.08,False
관리회계_조직그룹상세.csv,최초생성자ID,관리회계_공통코드.csv,최초생성자ID,1.0,0,aaaaa,1.0,,SINGLE VALUE,0.0,0.29,0,aaaaaa,2.0,,,52.63,5.56,False
관리회계_조직그룹상세.csv,최초생성자ID,관리회계_분류공통코드.csv,최초생성자ID,1.0,0,aaaaa,1.0,,SINGLE VALUE,0.0,0.29,0,aaaaaa,3.0,,,50.0,23.08,False
관리회계_조직그룹상세.csv,최초생성자ID,관리회계_사업.csv,최초생성자ID,1.0,0,aaaaa,1.0,,SINGLE VALUE,0.0,0.29,0,aaaaa,1.0,,SINGLE VALUE,0.0,0.24,False
관리회계_조직그룹상세.csv,최초생성자ID,관리회계_조직.csv,최초생성자ID,1.0,0,aaaaa,1.0,,SINGLE VALUE,0.0,0.29,0,aaaaa,1.0,,SINGLE VALUE,0.0,0.24,False
관리회계_조직그룹상세.csv,최초생성자ID,관리회계_조직_test.csv,최초생성자ID,1.0,0,aaaaa,1.0,,SINGLE VALUE,0.0,0.29,0,aaaaa,1.0,,,33.33,12.5,False
관리회계_조직그룹상세.csv,최초생성자ID,관리회계_조직그룹.csv,최초생성자ID,1.0,0,aaaaa,1.0,,SINGLE VALUE,0.0,0.29,0,aaaaa,1.0,,,0.0,10.0,False
관리회계_조직그룹상세.csv,최초생성자ID,관리회계_조직그룹상세.csv,최초생성자ID,1.0,0,aaaaa,1.0,,SINGLE VALUE,0.0,0.29,0,aaaaa,1.0,,SINGLE VALUE,0.0,0.29,True
관리회계_조직그룹상세.csv,최초생성자ID,관리회계계정.csv,최초생성자ID,1.0,0,aaaaa,1.0,,SINGLE VALUE,0.0,0.29,0,aaaaa,1.0,,SINGLE VALUE,0.0,0.24,False
관리회계_조직그룹상세.csv,최초생성자ID,법인정보.csv,최초생성자ID,1.0,0,aaaaa,1.0,,SINGLE VALUE,0.0,0.29,0,AAAAA,5.0,,,0.0,0.08,False
관리회계_조직그룹상세.csv,최초생성자ID,사업코드관리.csv,최초생성자ID,1.0,0,aaaaa,1.0,,SINGLE VALUE,0.0,0.29,0,aaaaa,1.0,,SINGLE VALUE,0.0,0.29,False
관리회계_조직그룹상세.csv,최초생성자ID,원가인명정보.csv,최초생성자ID,1.0,0,aaaaa,1.0,,SINGLE VALUE,0.0,0.29,0,aaaaa,3.0,,,6.02,0.04,False
관리회계_조직그룹상세.csv,최종갱신자ID,계정과목코드.csv,최종갱신자ID,1.0,0,aaaaa,1.0,,SINGLE VALUE,0.0,0.29,0,aaaaa,1.0,,SINGLE VALUE,0.0,0.24,False
관리회계_조직그룹상세.csv,최종갱신자ID,관리회계BI_계정.csv,최종갱신자ID,1.0,0,aaaaa,1.0,,SINGLE VALUE,0.0,0.29,0,aaaaa,1.0,,SINGLE VALUE,0.0,0.29,False
관리회계_조직그룹상세.csv,최종갱신자ID,관리회계BI_사업.csv,최종갱신자ID,1.0,0,aaaaa,1.0,,SINGLE VALUE,0.0,0.29,0,aaaaa,1.0,,SINGLE VALUE,0.0,0.48,False
관리회계_조직그룹상세.csv,최종갱신자ID,관리회계BI_조직.csv,최종갱신자ID,1.0,0,aaaaa,1.0,,SINGLE VALUE,0.0,0.29,0,aaaaa,1.0,,SINGLE VALUE,0.0,0.24,False
관리회계_조직그룹상세.csv,최종갱신자ID,관리회계_계정그룹.csv,최종갱신자ID,1.0,0,aaaaa,1.0,,SINGLE VALUE,0.0,0.29,0,aaaaa,2.0,,,0.0,66.67,False
관리회계_조직그룹상세.csv,최종갱신자ID,관리회계_계정그룹상세.csv,최종갱신자ID,1.0,0,aaaaa,1.0,,SINGLE VALUE,0.0,0.29,0,aaaaa,1.0,,,0.0,2.15,False
관리회계_조직그룹상세.csv,최종갱신자ID,관리회계_고객.csv,최종갱신자ID,1.0,0,aaaaa,1.0,,SINGLE VALUE,0.0,0.29,0,AAAAA,5.0,,,0.07,0.08,False
관리회계_조직그룹상세.csv,최종갱신자ID,관리회계_공통코드.csv,최종갱신자ID,1.0,0,aaaaa,1.0,,SINGLE VALUE,0.0,0.29,0,aaaaaa,3.0,,,49.12,6.9,False
관리회계_조직그룹상세.csv,최종갱신자ID,관리회계_분류공통코드.csv,최종갱신자ID,1.0,0,aaaaa,1.0,,SINGLE VALUE,0.0,0.29,0,aaaaaa,2.0,,,50.0,15.38,False
관리회계_조직그룹상세.csv,최종갱신자ID,관리회계_사업.csv,최종갱신자ID,1.0,0,aaaaa,1.0,,SINGLE VALUE,0.0,0.29,0,aaaaa,1.0,,SINGLE VALUE,0.0,0.24,False
관리회계_조직그룹상세.csv,최종갱신자ID,관리회계_조직.csv,최종갱신자ID,1.0,0,aaaaa,1.0,,SINGLE VALUE,0.0,0.29,0,aaaaa,1.0,,SINGLE VALUE,0.0,0.24,False
관리회계_조직그룹상세.csv,최종갱신자ID,관리회계_조직_test.csv,최종갱신자ID,1.0,0,aaaaa,1.0,,SINGLE VALUE,0.0,0.29,0,aaaaa,1.0,,,33.33,12.5,False
관리회계_조직그룹상세.csv,최종갱신자ID,관리회계_조직그룹.csv,최종갱신자ID,1.0,0,aaaaa,1.0,,SINGLE VALUE,0.0,0.29,0,aaaaa,1.0,,,0.0,10.0,False
관리회계_조직그룹상세.csv,최종갱신자ID,관리회계_조직그룹상세.csv,최종갱신자ID,1.0,0,aaaaa,1.0,,SINGLE VALUE,0.0,0.29,0,aaaaa,1.0,,SINGLE VALUE,0.0,0.29,True
관리회계_조직그룹상세.csv,최종갱신자ID,관리회계계정.csv,최종갱신자ID,1.0,0,aaaaa,1.0,,SINGLE VALUE,0.0,0.29,0,aaaaa,1.0,,SINGLE VALUE,0.0,0.24,False
관리회계_조직그룹상세.csv,최종갱신자ID,법인정보.csv,최종갱신자ID,1.0,0,aaaaa,1.0,,SINGLE VALUE,0.0,0.29,0,AAAAA,6.0,,,0.0,0.07,False
관리회계_조직그룹상세.csv,최종갱신자ID,원가인명정보.csv,최종갱신자ID,1.0,0,aaaaa,1.0,,SINGLE VALUE,0.0,0.29,0,aaaaa,4.0,,,6.01,0.05,False
관리회계계정.csv,관리회계계정코드,관리회계_공통코드.csv,관리회계공통코드,0.75,1,nnnnnn,1.0,,UNIQUE,0.0,100.0,0,AAsnnnn,32.0,,,0.0,99.12,False
관리회계계정.csv,관리회계계정코드,관리회계_공통코드.csv,관리회계공통코드명,0.7059,1,nnnnnn,1.0,,UNIQUE,0.0,100.0,0,KKKK,43.0,,Text,0.0,90.35,False
관리회계계정.csv,관리회계계정코드,관리회계계정.csv,관리회계계정코드,1.0,1,nnnnnn,1.0,,UNIQUE,0.0,100.0,1,nnnnnn,1.0,,UNIQUE,0.0,100.0,True
관리회계계정.csv,관리회계계정코드,관리회계계정.csv,관리회계상위계정코드,0.8889,1,nnnnnn,1.0,,UNIQUE,0.0,100.0,0,nnnnnn,1.0,,,0.0,15.37,False
관리회계계정.csv,관리회계계정코드,관리회계계정.csv,관리회계계정유형코드,0.8889,1,nnnnnn,1.0,,UNIQUE,0.0,100.0,0,KKKK,4.0,,,86.34,28.57,False
관리회계계정.csv,관리회계계정코드,택배관리회계조직매핑.csv,관리회계_지점코드,0.7059,1,nnnnnn,1.0,,UNIQUE,0.0,100.0,0,AAAAA,2.0,,,0.0,97.92,False
관리회계계정.csv,계정명,계정과목코드.csv,계정과목명,0.75,0,KKKKK,52.0,계정과목,Text,0.0,95.61,0,KKKKK,52.0,계정과목,Text,0.0,95.61,False
관리회계계정.csv,계정명,계정코드관리.csv,계정과목명,0.75,0,KKKKK,52.0,계정과목,Text,0.0,95.61,0,KKKKK,9.0,계정과목,,0.0,16.67,False
관리회계계정.csv,계정명,관리회계BI_계정.csv,계정과목명,0.75,0,KKKKK,52.0,계정과목,Text,0.0,95.61,0,KKKKK,9.0,계정과목,,0.0,18.97,False
관리회계계정.csv,계정명,관리회계계정.csv,계정명,1.0,0,KKKKK,52.0,계정과목,Text,0.0,95.61,0,KKKKK,52.0,계정과목,Text,0.0,95.61,True
관리회계계정.csv,관리회계상위계정코드,관리회계계정.csv,관리회계계정코드,0.8889,0,nnnnnn,1.0,,,0.0,15.37,1,nnnnnn,1.0,,UNIQUE,0.0,100.0,False
관리회계계정.csv,관리회계상위계정코드,관리회계계정.csv,관리회계상위계정코드,1.0,0,nnnnnn,1.0,,,0.0,15.37,0,nnnnnn,1.0,,,0.0,15.37,True
관리회계계정.csv,관리회계상위계정코드,관리회계계정.csv,관리회계계정유형코드,0.8,0,nnnnnn,1.0,,,0.0,15.37,0,KKKK,4.0,,,86.34,28.57,False
관리회계계정.csv,관리회계계정유형코드,계정과목코드.csv,계정유형코드,0.75,0,KKKK,4.0,,,86.34,28.57,0,KKKK,4.0,,,86.34,28.57,False
관리회계계정.csv,관리회계계정유형코드,관리회계계정.csv,관리회계계정코드,0.8889,0,KKKK,4.0,,,86.34,28.57,1,nnnnnn,1.0,,UNIQUE,0.0,100.0,False
관리회계계정.csv,관리회계계정유형코드,관리회계계정.csv,관리회계상위계정코드,0.8,0,KKKK,4.0,,,86.34,28.57,0,nnnnnn,1.0,,,0.0,15.37,False
관리회계계정.csv,관리회계계정유형코드,관리회계계정.csv,관리회계계정유형코드,1.0,0,KKKK,4.0,,,86.34,28.57,0,KKKK,4.0,,,86.34,28.57,True
관리회계계정.csv,관리회계계정속성값1,계정과목코드.csv,계정속성값1,0.75,0,KK,1.0,,SINGLE VALUE,97.32,9.09,0,KK,1.0,,SINGLE VALUE,97.32,9.09,False
관리회계계정.csv,관리회계계정속성값1,관리회계계정.csv,관리회계계정속성값1,1.0,0,KK,1.0,,SINGLE VALUE,97.32,9.09,0,KK,1.0,,SINGLE VALUE,97.32,9.09,True
관리회계계정.csv,관리회계계정속성값1,관리회계계정.csv,관리회계계정속성값2,0.9,0,KK,1.0,,SINGLE VALUE,97.32,9.09,1,snnnnnns-nnnnnn,8.0,,UNIQUE,96.34,100.0,False
관리회계계정.csv,관리회계계정속성값2,계정과목코드.csv,계정속성값2,0.75,1,snnnnnns-nnnnnn,8.0,,UNIQUE,96.34,100.0,1,snnnnnns-nnnnnn,8.0,,UNIQUE,96.34,100.0,False
관리회계계정.csv,관리회계계정속성값2,관리회계계정.csv,관리회계계정속성값1,0.9,1,snnnnnns-nnnnnn,8.0,,UNIQUE,96.34,100.0,0,KK,1.0,,SINGLE VALUE,97.32,9.09,False
관리회계계정.csv,관리회계계정속성값2,관리회계계정.csv,관리회계계정속성값2,1.0,1,snnnnnns-nnnnnn,8.0,,UNIQUE,96.34,100.0,1,snnnnnns-nnnnnn,8.0,,UNIQUE,96.34,100.0,True
관리회계계정.csv,정렬순서,계정코드관리.csv,정렬순서,1.0,1,nnnn,3.0,,UNIQUE,0.0,100.0,1,nnnn,3.0,,UNIQUE,0.0,100.0,False
관리회계계정.csv,정렬순서,관리회계_계정그룹.csv,정렬순서,1.0,1,nnnn,3.0,,UNIQUE,0.0,100.0,0,nn,1.0,,,0.0,100.0,False
관리회계계정.csv,정렬순서,관리회계_계정그룹상세.csv,정렬순서,1.0,1,nnnn,3.0,,UNIQUE,0.0,100.0,1,nnn,2.0,,UNIQUE,1.08,100.0,False
관리회계계정.csv,정렬순서,관리회계_공통코드.csv,정렬순서,1.0,1,nnnn,3.0,,UNIQUE,0.0,100.0,0,nn,3.0,,,5.26,25.0,False
관리회계계정.csv,정렬순서,관리회계_사업.csv,정렬순서,1.0,1,nnnn,3.0,,UNIQUE,0.0,100.0,1,nnnn,3.0,,UNIQUE,0.0,100.0,False
관리회계계정.csv,정렬순서,관리회계_조직.csv,정렬순서,1.0,1,nnnn,3.0,,UNIQUE,0.0,100.0,1,nnnn,3.0,,UNIQUE,0.0,100.0,False
관리회계계정.csv,정렬순서,관리회계_조직_test.csv,정렬순서,1.0,1,nnnn,3.0,,UNIQUE,0.0,100.0,0,nnnn,2.0,,,33.33,37.5,False
관리회계계정.csv,정렬순서,관리회계_조직그룹.csv,정렬순서,1.0,1,nnnn,3.0,,UNIQUE,0.0,100.0,0,nn,2.0,,,0.0,100.0,False
관리회계계정.csv,정렬순서,관리회계_조직그룹상세.csv,정렬순서,1.0,1,nnnn,3.0,,UNIQUE,0.0,100.0,1,nnnn,3.0,,UNIQUE,0.0,100.0,False
관리회계계정.csv,정렬순서,관리회계계정.csv,정렬순서,1.0,1,nnnn,3.0,,UNIQUE,0.0,100.0,1,nnnn,3.0,,UNIQUE,0.0,100.0,True
관리회계계정.csv,정렬순서,사업코드관리.csv,정렬순서,1.0,1,nnnn,3.0,,UNIQUE,0.0,100.0,1,nnnn,3.0,,UNIQUE,0.0,100.0,False
관리회계계정.csv,정렬순서,조직코드관리.csv,정렬순서,1.0,1,nnnn,3.0,,UNIQUE,0.0,100.0,1,nnnn,3.0,,UNIQUE,0.0,100.0,False
관리회계계정.csv,정렬순서,택배_조직도.csv,정렬순서,1.0,1,nnnn,3.0,,UNIQUE,0.0,100.0,0,n,2.0,,,97.84,15.66,False
관리회계계정.csv,최초생성자ID,계약마스터.csv,최초생성자ID,1.0,0,aaaaa,1.0,,SINGLE VALUE,0.0,0.24,0,aaa,1.0,,SINGLE VALUE,0.0,0.01,False
관리회계계정.csv,최초생성자ID,계정과목코드.csv,최초생성자ID,1.0,0,aaaaa,1.0,,SINGLE VALUE,0.0,0.24,0,aaaaa,1.0,,SINGLE VALUE,0.0,0.24,False
관리회계계정.csv,최초생성자ID,계정코드관리.csv,최초생성자ID,1.0,0,aaaaa,1.0,,SINGLE VALUE,0.0,0.24,0,aaaaa,1.0,,SINGLE VALUE,0.0,0.3,False
관리회계계정.csv,최초생성자ID,관리회계BI_계정.csv,최초생성자ID,1.0,0,aaaaa,1.0,,SINGLE VALUE,0.0,0.24,0,aaaaa,1.0,,SINGLE VALUE,0.0,0.29,False
관리회계계정.csv,최초생성자ID,관리회계BI_사업.csv,최초생성자ID,1.0,0,aaaaa,1.0,,SINGLE VALUE,0.0,0.24,0,aaaaa,1.0,,SINGLE VALUE,0.0,0.48,False
관리회계계정.csv,최초생성자ID,관리회계BI_조직.csv,최초생성자ID,1.0,0,aaaaa,1.0,,SINGLE VALUE,0.0,0.24,0,aaaaa,1.0,,SINGLE VALUE,0.0,0.24,False
관리회계계정.csv,최초생성자ID,관리회계_계정그룹.csv,최초생성자ID,1.0,0,aaaaa,1.0,,SINGLE VALUE,0.0,0.24,0,aaaaa,2.0,,,0.0,66.67,False
관리회계계정.csv,최초생성자ID,관리회계_계정그룹상세.csv,최초생성자ID,1.0,0,aaaaa,1.0,,SINGLE VALUE,0.0,0.24,0,aaaaa,1.0,,,0.0,2.15,False
관리회계계정.csv,최초생성자ID,관리회계_고객.csv,최초생성자ID,1.0,0,aaaaa,1.0,,SINGLE VALUE,0.0,0.24,0,AAAAA,5.0,,,0.13,0.08,False
관리회계계정.csv,최초생성자ID,관리회계_공통코드.csv,최초생성자ID,1.0,0,aaaaa,1.0,,SINGLE VALUE,0.0,0.24,0,aaaaaa,2.0,,,52.63,5.56,False
관리회계계정.csv,최초생성자ID,관리회계_분류공통코드.csv,최초생성자ID,1.0,0,aaaaa,1.0,,SINGLE VALUE,0.0,0.24,0,aaaaaa,3.0,,,50.0,23.08,False
관리회계계정.csv,최초생성자ID,관리회계_사업.csv,최초생성자ID,1.0,0,aaaaa,1.0,,SINGLE VALUE,0.0,0.24,0,aaaaa,1.0,,SINGLE VALUE,0.0,0.24,False
관리회계계정.csv,최초생성자ID,관리회계_조직.csv,최초생성자ID,1.0,0,aaaaa,1.0,,SINGLE VALUE,0.0,0.24,0,aaaaa,1.0,,SINGLE VALUE,0.0,0.24,False
관리회계계정.csv,최초생성자ID,관리회계_조직_test.csv,최초생성자ID,1.0,0,aaaaa,1.0,,SINGLE VALUE,0.0,0.24,0,aaaaa,1.0,,,33.33,12.5,False
관리회계계정.csv,최초생성자ID,관리회계_조직그룹.csv,최초생성자ID,1.0,0,aaaaa,1.0,,SINGLE VALUE,0.0,0.24,0,aaaaa,1.0,,,0.0,10.0,False
관리회계계정.csv,최초생성자ID,관리회계_조직그룹상세.csv,최초생성자ID,1.0,0,aaaaa,1.0,,SINGLE VALUE,0.0,0.24,0,aaaaa,1.0,,SINGLE VALUE,0.0,0.29,False
관리회계계정.csv,최초생성자ID,관리회계계정.csv,최초생성자ID,1.0,0,aaaaa,1.0,,SINGLE VALUE,0.0,0.24,0,aaaaa,1.0,,SINGLE VALUE,0.0,0.24,True
관리회계계정.csv,최초생성자ID,법인정보.csv,최초생성자ID,1.0,0,aaaaa,1.0,,SINGLE VALUE,0.0,0.24,0,AAAAA,5.0,,,0.0,0.08,False
관리회계계정.csv,최초생성자ID,사업코드관리.csv,최초생성자ID,1.0,0,aaaaa,1.0,,SINGLE VALUE,0.0,0.24,0,aaaaa,1.0,,SINGLE VALUE,0.0,0.29,False
관리회계계정.csv,최초생성자ID,원가인명정보.csv,최초생성자ID,1.0,0,aaaaa,1.0,,SINGLE VALUE,0.0,0.24,0,aaaaa,3.0,,,6.02,0.04,False
관리회계계정.csv,최종갱신자ID,계정과목코드.csv,최종갱신자ID,1.0,0,aaaaa,1.0,,SINGLE VALUE,0.0,0.24,0,aaaaa,1.0,,SINGLE VALUE,0.0,0.24,False
관리회계계정.csv,최종갱신자ID,관리회계BI_계정.csv,최종갱신자ID,1.0,0,aaaaa,1.0,,SINGLE VALUE,0.0,0.24,0,aaaaa,1.0,,SINGLE VALUE,0.0,0.29,False
관리회계계정.csv,최종갱신자ID,관리회계BI_사업.csv,최종갱신자ID,1.0,0,aaaaa,1.0,,SINGLE VALUE,0.0,0.24,0,aaaaa,1.0,,SINGLE VALUE,0.0,0.48,False
관리회계계정.csv,최종갱신자ID,관리회계BI_조직.csv,최종갱신자ID,1.0,0,aaaaa,1.0,,SINGLE VALUE,0.0,0.24,0,aaaaa,1.0,,SINGLE VALUE,0.0,0.24,False
관리회계계정.csv,최종갱신자ID,관리회계_계정그룹.csv,최종갱신자ID,1.0,0,aaaaa,1.0,,SINGLE VALUE,0.0,0.24,0,aaaaa,2.0,,,0.0,66.67,False
관리회계계정.csv,최종갱신자ID,관리회계_계정그룹상세.csv,최종갱신자ID,1.0,0,aaaaa,1.0,,SINGLE VALUE,0.0,0.24,0,aaaaa,1.0,,,0.0,2.15,False
관리회계계정.csv,최종갱신자ID,관리회계_고객.csv,최종갱신자ID,1.0,0,aaaaa,1.0,,SINGLE VALUE,0.0,0.24,0,AAAAA,5.0,,,0.07,0.08,False
관리회계계정.csv,최종갱신자ID,관리회계_공통코드.csv,최종갱신자ID,1.0,0,aaaaa,1.0,,SINGLE VALUE,0.0,0.24,0,aaaaaa,3.0,,,49.12,6.9,False
관리회계계정.csv,최종갱신자ID,관리회계_분류공통코드.csv,최종갱신자ID,1.0,0,aaaaa,1.0,,SINGLE VALUE,0.0,0.24,0,aaaaaa,2.0,,,50.0,15.38,False
관리회계계정.csv,최종갱신자ID,관리회계_사업.csv,최종갱신자ID,1.0,0,aaaaa,1.0,,SINGLE VALUE,0.0,0.24,0,aaaaa,1.0,,SINGLE VALUE,0.0,0.24,False
관리회계계정.csv,최종갱신자ID,관리회계_조직.csv,최종갱신자ID,1.0,0,aaaaa,1.0,,SINGLE VALUE,0.0,0.24,0,aaaaa,1.0,,SINGLE VALUE,0.0,0.24,False
관리회계계정.csv,최종갱신자ID,관리회계_조직_test.csv,최종갱신자ID,1.0,0,aaaaa,1.0,,SINGLE VALUE,0.0,0.24,0,aaaaa,1.0,,,33.33,12.5,False
관리회계계정.csv,최종갱신자ID,관리회계_조직그룹.csv,최종갱신자ID,1.0,0,aaaaa,1.0,,SINGLE VALUE,0.0,0.24,0,aaaaa,1.0,,,0.0,10.0,False
관리회계계정.csv,최종갱신자ID,관리회계_조직그룹상세.csv,최종갱신자ID,1.0,0,aaaaa,1.0,,SINGLE VALUE,0.0,0.24,0,aaaaa,1.0,,SINGLE VALUE,0.0,0.29,False
관리회계계정.csv,최종갱신자ID,관리회계계정.csv,최종갱신자ID,1.0,0,aaaaa,1.0,,SINGLE VALUE,0.0,0.24,0,aaaaa,1.0,,SINGLE VALUE,0.0,0.24,True
관리회계계정.csv,최종갱신자ID,법인정보.csv,최종갱신자ID,1.0,0,aaaaa,1.0,,SINGLE VALUE,0.0,0.24,0,AAAAA,6.0,,,0.0,0.07,False
관리회계계정.csv,최종갱신자ID,원가인명정보.csv,최종갱신자ID,1.0,0,aaaaa,1.0,,SINGLE VALUE,0.0,0.24,0,aaaaa,4.0,,,6.01,0.05,False
기업고객.csv,기업고객번호,CUSTOMER.csv,고객번호,0.8,0,nnnnnnn,6.0,,TEL,0.0,100.0,1,nnnnnnn,2.0,,UNIQUE,0.0,100.0,False
기업고객.csv,기업고객번호,고객마스터.csv,고객번호,0.8,0,nnnnnnn,6.0,,TEL,0.0,100.0,1,nnnnnnnnnn,1.0,유효사업자번호3,UNIQUE,0.0,100.0,False
기업고객.csv,기업고객번호,기업고객.csv,기업고객번호,1.0,0,nnnnnnn,6.0,,TEL,0.0,100.0,0,nnnnnnn,6.0,,TEL,0.0,100.0,True
기업고객.csv,기업고객번호,기업고객.csv,기업고객명,0.7273,0,nnnnnnn,6.0,,TEL,0.0,100.0,0,KKKK,681.0,,Text,0.05,92.53,False
기업고객.csv,기업고객번호,수입관리_고객.csv,고객번호,0.8,0,nnnnnnn,6.0,,TEL,0.0,100.0,1,nnnnnnnnnn,1.0,유효사업자번호3,UNIQUE,0.0,100.0,False
기업고객.csv,기업고객번호,택배_고객.csv,고객번호,0.8,0,nnnnnnn,6.0,,TEL,0.0,100.0,1,nnnnnnn,1.0,,UNIQUE,0.0,100.0,False
기업고객.csv,기업고객명,CUSTOMER.csv,고객명,0.75,0,KKKK,681.0,,Text,0.05,92.53,0,KKK,724.0,,Text,0.32,92.27,False
기업고객.csv,기업고객명,OneClick고객.csv,고객명,0.75,0,KKKK,681.0,,Text,0.05,92.53,0,KKK,347.0,,Text,0.0,85.83,False
기업고객.csv,기업고객명,개인고객.csv,고객명,0.75,0,KKKK,681.0,,Text,0.05,92.53,0,KKK,37.0,,Text,0.26,91.75,False
기업고객.csv,기업고객명,계약마스터.csv,고객명,0.75,0,KKKK,681.0,,Text,0.05,92.53,0,KKKK,375.0,,Text,0.0,78.27,False
기업고객.csv,기업고객명,고객마스터.csv,고객명,0.75,0,KKKK,681.0,,Text,0.05,92.53,0,KKKK,494.0,,Text,0.01,98.63,False
기업고객.csv,기업고객명,관리회계_고객.csv,고객명,0.75,0,KKKK,681.0,,Text,0.05,92.53,0,KKKK,730.0,,Text,0.0,100.0,False
기업고객.csv,기업고객명,기업고객.csv,기업고객번호,0.7273,0,KKKK,681.0,,Text,0.05,92.53,0,nnnnnnn,6.0,,TEL,0.0,100.0,False
기업고객.csv,기업고객명,기업고객.csv,기업고객명,1.0,0,KKKK,681.0,,Text,0.05,92.53,0,KKKK,681.0,,Text,0.05,92.53,True
기업고객.csv,기업고객명,사업자등록번호정보.csv,고객명,0.75,0,KKKK,681.0,,Text,0.05,92.53,0,KKKK,913.0,,Text,0.0,98.37,False
기업고객.csv,기업고객명,수입관리_고객.csv,고객명,0.75,0,KKKK,681.0,,Text,0.05,92.53,0,KKKK,812.0,,Text,0.0,97.88,False
기업고객.csv,영문고객명,CUSTOMER.csv,고객명,0.75,0,A,176.0,,,96.33,97.05,0,KKK,724.0,,Text,0.32,92.27,False
기업고객.csv,영문고객명,CUSTOMER.csv,영문고객명,1.0,0,A,176.0,,,96.33,97.05,0,A,180.0,,,97.23,97.11,False
기업고객.csv,영문고객명,OneClick고객.csv,고객명,0.75,0,A,176.0,,,96.33,97.05,0,KKK,347.0,,Text,0.0,85.83,False
기업고객.csv,영문고객명,개인고객.csv,고객명,0.75,0,A,176.0,,,96.33,97.05,0,KKK,37.0,,Text,0.26,91.75,False
기업고객.csv,영문고객명,개인고객.csv,영문고객명,1.0,0,A,176.0,,,96.33,97.05,0,AAAAAAAA AAAAAAA AAA,6.0,,,99.74,100.0,False
기업고객.csv,영문고객명,계약마스터.csv,고객명,0.75,0,A,176.0,,,96.33,97.05,0,KKKK,375.0,,Text,0.0,78.27,False
기업고객.csv,영문고객명,고객마스터.csv,고객명,0.75,0,A,176.0,,,96.33,97.05,0,KKKK,494.0,,Text,0.01,98.63,False
기업고객.csv,영문고객명,관리회계_고객.csv,고객명,0.75,0,A,176.0,,,96.33,97.05,0,KKKK,730.0,,Text,0.0,100.0,False
기업고객.csv,영문고객명,기업고객.csv,영문고객명,1.0,0,A,176.0,,,96.33,97.05,0,A,176.0,,,96.33,97.05,True
기업고객.csv,영문고객명,사업자등록번호정보.csv,고객명,0.75,0,A,176.0,,,96.33,97.05,0,KKKK,913.0,,Text,0.0,98.37,False
기업고객.csv,영문고객명,수입관리_고객.csv,고객명,0.75,0,A,176.0,,,96.33,97.05,0,KKKK,812.0,,Text,0.0,97.88,False
기업고객.csv,영문고객명,택배_고객.csv,영문고객명,1.0,0,A,176.0,,,96.33,97.05,0,A,312.0,,,94.3,92.11,False
기업고객.csv,국가코드,CUSTOMER.csv,국가코드,1.0,0,AA,1.0,,,9.09,0.03,0,AA,1.0,,,6.94,0.08,False
기업고객.csv,국가코드,개인고객.csv,국가코드,1.0,0,AA,1.0,,,9.09,0.03,0,AA,1.0,,,0.0,0.31,False
기업고객.csv,국가코드,기업고객.csv,국가코드,1.0,0,AA,1.0,,,9.09,0.03,0,AA,1.0,,,9.09,0.03,True
기업고객.csv,국가코드,선석.csv,국가코드,1.0,0,AA,1.0,,,9.09,0.03,0,AA,1.0,,SINGLE VALUE,0.0,0.1,False
기업고객.csv,국가코드,택배_고객.csv,국가코드,1.0,0,AA,1.0,,,9.09,0.03,0,AA,1.0,,,14.81,0.04,False
기업고객.csv,기업사업자등록번호,CUSTOMER.csv,주민_사업자등록번호,0.7368,0,nnnnnnnnnn,3.0,유효사업자번호3,,0.01,90.95,0,nnnnnnnnnn,3.0,유효사업자번호3,,2.84,92.58,False
기업고객.csv,기업사업자등록번호,OneClick고객.csv,사업자등록번호,0.875,0,nnnnnnnnnn,3.0,유효사업자번호3,,0.01,90.95,0,nnn-nn-nnnnn,2.0,,,0.0,90.72,False
기업고객.csv,기업사업자등록번호,ORGNIZATION.csv,사업자등록번호,0.875,0,nnnnnnnnnn,3.0,유효사업자번호3,,0.01,90.95,0,nnnnnnnnnn,1.0,유효사업자번호3,,49.82,75.01,False
기업고객.csv,기업사업자등록번호,PRM계약.csv,사업자번호,0.7143,0,nnnnnnnnnn,3.0,유효사업자번호3,,0.01,90.95,0,nnnnnnnnnn,1.0,유효사업자번호3,,0.0,35.16,False
기업고객.csv,기업사업자등록번호,간선사업자.csv,사업자번호,0.7143,0,nnnnnnnnnn,3.0,유효사업자번호3,,0.01,90.95,1,nnn-nn-nnnnn,2.0,,UNIQUE,0.0,100.0,False
기업고객.csv,기업사업자등록번호,개인고객.csv,사업자등록번호,0.875,0,nnnnnnnnnn,3.0,유효사업자번호3,,0.01,90.95,1,nnnnnnnnnn,2.0,유효사업자번호3,UNIQUE,11.49,100.0,False
기업고객.csv,기업사업자등록번호,계약마스터.csv,사업자번호,0.7143,0,nnnnnnnnnn,3.0,유효사업자번호3,,0.01,90.95,0,nnnnnnnnnn,1.0,유효사업자번호3,,0.0,78.54,False
기업고객.csv,기업사업자등록번호,고객마스터.csv,사업자등록번호,0.875,0,nnnnnnnnnn,3.0,유효사업자번호3,,0.01,90.95,0,nnn-nn-nnnnn,3.0,,,0.0,92.76,False
기업고객.csv,기업사업자등록번호,관리회계_고객.csv,사업자등록번호,0.875,0,nnnnnnnnnn,3.0,유효사업자번호3,,0.01,90.95,1,nnnnnnnnnn,10.0,유효사업자번호3,UNIQUE,0.0,100.0,False
기업고객.csv,기업사업자등록번호,기업고객.csv,기업사업자등록번호,1.0,0,nnnnnnnnnn,3.0,유효사업자번호3,,0.01,90.95,0,nnnnnnnnnn,3.0,유효사업자번호3,,0.01,90.95,True
기업고객.csv,기업사업자등록번호,배송점.csv,사업자등록번호,0.875,0,nnnnnnnnnn,3.0,유효사업자번호3,,0.01,90.95,0,nnnnnnnnnn,1.0,유효사업자번호3,,33.32,80.85,False
기업고객.csv,기업사업자등록번호,사업자등록번호정보.csv,사업자등록번호,0.875,0,nnnnnnnnnn,3.0,유효사업자번호3,,0.01,90.95,1,nnnnnnnnnn,11.0,유효사업자번호3,UNIQUE,0.0,100.0,False
기업고객.csv,기업사업자등록번호,서브터미널.csv,사업자등록번호,0.875,0,nnnnnnnnnn,3.0,유효사업자번호3,,0.01,90.95,0,nnnnnnnnnn,1.0,,,99.99,100.0,False
기업고객.csv,기업사업자등록번호,수입관리점소.csv,사업자번호,0.7143,0,nnnnnnnnnn,3.0,유효사업자번호3,,0.01,90.95,0,nnnnnnnnnn,1.0,유효사업자번호3,,0.0,12.57,False
기업고객.csv,기업사업자등록번호,영업소.csv,사업자등록번호,0.875,0,nnnnnnnnnn,3.0,유효사업자번호3,,0.01,90.95,0,nnnnnnnnnn,1.0,유효사업자번호3,,0.0,52.05,False
기업고객.csv,기업사업자등록번호,택배_고객.csv,주민_사업자등록번호,0.7368,0,nnnnnnnnnn,3.0,유효사업자번호3,,0.01,90.95,0,nnnnnnnnnn,2.0,유효사업자번호3,,0.58,89.94,False
기업고객.csv,기업사업자등록번호,택배_고객.csv,사업자등록우편번호,0.7778,0,nnnnnnnnnn,3.0,유효사업자번호3,,0.01,90.95,0,nnnnnn,2.0,우편번호구3,,2.04,32.74,False
기업고객.csv,기업사업자등록번호,택배_조직도.csv,사업자등록번호,0.875,0,nnnnnnnnnn,3.0,유효사업자번호3,,0.01,90.95,0,nnnnnnnnnn,1.0,유효사업자번호3,,49.82,75.01,False
기업고객.csv,기업사업자등록번호,사업자등록번호5.csv,사업자등록번호5,0.8235,0,nnnnnnnnnn,3.0,유효사업자번호3,,0.01,90.95,1,nnnnnnnnnn,1.0,,UNIQUE,0.0,100.0,False
기업고객.csv,기업사업자등록번호,사업자등록번호7.csv,사업자등록번호7,0.8235,0,nnnnnnnnnn,3.0,유효사업자번호3,,0.01,90.95,1,nnn-nn-nnnnn,1.0,,UNIQUE,0.0,100.0,False
기업고객.csv,기업우편번호,CUSTOMER.csv,우편번호,0.8,0,nnnnnn,4.0,,,3.29,44.97,0,nnnnnn,3.0,우편번호3,,28.48,44.99,False
기업고객.csv,기업우편번호,OneClick고객.csv,사업우편번호,0.8333,0,nnnnnn,4.0,,,3.29,44.97,0,nnnnn,2.0,우편번호3,,78.43,86.28,False
기업고객.csv,기업우편번호,ORGNIZATION.csv,우편번호,0.8,0,nnnnnn,4.0,,,3.29,44.97,0,nnnnnn,2.0,우편번호3,,9.25,44.44,False
기업고객.csv,기업우편번호,개인고객.csv,우편번호,0.8,0,nnnnnn,4.0,,,3.29,44.97,0,nnnnnn,3.0,,,99.87,100.0,False
기업고객.csv,기업우편번호,고객마스터.csv,우편번호,0.8,0,nnnnnn,4.0,,,3.29,44.97,0,nnnnn,2.0,우편번호3,,90.06,92.56,False
기업고객.csv,기업우편번호,기업고객.csv,기업우편번호,1.0,0,nnnnnn,4.0,,,3.29,44.97,0,nnnnnn,4.0,,,3.29,44.97,True
기업고객.csv,기업우편번호,배송점.csv,우편번호,0.8,0,nnnnnn,4.0,,,3.29,44.97,0,nnnnnn,2.0,우편번호3,,6.88,56.92,False
기업고객.csv,기업우편번호,서브터미널.csv,우편번호,0.8,0,nnnnnn,4.0,,,3.29,44.97,0,nnnnn,1.0,,,99.99,100.0,False
기업고객.csv,기업우편번호,영업소.csv,우편번호,0.8,0,nnnnnn,4.0,,,3.29,44.97,0,nnnnnn,1.0,우편번호구3,,0.0,50.68,False
기업고객.csv,기업우편번호,택배_조직도.csv,우편번호,0.8,0,nnnnnn,4.0,,,3.29,44.97,0,nnnnnn,2.0,우편번호3,,9.25,44.44,False
기업고객.csv,기업우편번호,우편번호3.csv,우편번호3,0.7273,0,nnnnnn,4.0,,,3.29,44.97,1,nnnnn,1.0,,UNIQUE,0.0,100.0,False
기업고객.csv,주소,CUSTOMER.csv,주소,1.0,0,nnn-n,2280.0,,,6.52,83.88,0,nnn-n,3079.0,,,8.32,84.5,False
기업고객.csv,주소,개인고객.csv,주소,1.0,0,nnn-n,2280.0,,,6.52,83.88,0,nnnK,905.0,,,0.62,87.64,False
기업고객.csv,주소,고객마스터.csv,주소,1.0,0,nnn-n,2280.0,,,6.52,83.88,0,KKKK KKK KKK KKK nnn,834.0,,ADDRESS,83.91,98.32,False
기업고객.csv,주소,기업고객.csv,주소,1.0,0,nnn-n,2280.0,,,6.52,83.88,0,nnn-n,2280.0,,,6.52,83.88,True
기업고객.csv,주소,사원마스터.csv,주소,1.0,0,nnn-n,2280.0,,,6.52,83.88,0,KK KK KK,334.0,,ADDRESS,82.37,66.65,False
기업고객.csv,주소,수입관리_고객.csv,주소,1.0,0,nnn-n,2280.0,,,6.52,83.88,0,nnn,2551.0,,,0.12,87.93,False
기업고객.csv,주소,영업소.csv,주소,1.0,0,nnn-n,2280.0,,,6.52,83.88,0,KK KKK KKK KKK KKK A,67.0,,ADDRESS,8.22,75.37,False
기업고객.csv,청구부서,CUSTOMER.csv,청구부서,1.0,0,KK,48.0,,Text,62.65,12.75,0,KK,49.0,,Text,72.38,12.78,False
기업고객.csv,청구부서,기업고객.csv,청구부서,1.0,0,KK,48.0,,Text,62.65,12.75,0,KK,48.0,,Text,62.65,12.75,True
기업고객.csv,청구부서,택배_고객.csv,고객 청구부서,0.8,0,KK,48.0,,Text,62.65,12.75,0,KK,83.0,,Text,36.23,10.43,False
기업고객.csv,청구지우편번호,CUSTOMER.csv,우편번호,0.7273,0,nnnnnn,3.0,,,0.57,45.82,0,nnnnnn,3.0,우편번호3,,28.48,44.99,False
기업고객.csv,청구지우편번호,CUSTOMER.csv,청구지우편번호,1.0,0,nnnnnn,3.0,,,0.57,45.82,0,nnnnnn,2.0,우편번호3,,23.33,47.14,False
기업고객.csv,청구지우편번호,CUSTOMER.csv,집하지우편번호,0.7143,0,nnnnnn,3.0,,,0.57,45.82,0,nnnnnn,3.0,우편번호3,,1.58,64.41,False
기업고객.csv,청구지우편번호,ORGNIZATION.csv,우편번호,0.7273,0,nnnnnn,3.0,,,0.57,45.82,0,nnnnnn,2.0,우편번호3,,9.25,44.44,False
기업고객.csv,청구지우편번호,개인고객.csv,우편번호,0.7273,0,nnnnnn,3.0,,,0.57,45.82,0,nnnnnn,3.0,,,99.87,100.0,False
기업고객.csv,청구지우편번호,개인고객.csv,집하지우편번호,0.7143,0,nnnnnn,3.0,,,0.57,45.82,0,nnnnn,3.0,우편번호3,,0.22,89.94,False
기업고객.csv,청구지우편번호,고객마스터.csv,우편번호,0.7273,0,nnnnnn,3.0,,,0.57,45.82,0,nnnnn,2.0,우편번호3,,90.06,92.56,False
기업고객.csv,청구지우편번호,기업고객.csv,청구지우편번호,1.0,0,nnnnnn,3.0,,,0.57,45.82,0,nnnnnn,3.0,,,0.57,45.82,True
기업고객.csv,청구지우편번호,기업고객.csv,집하지우편번호,0.7143,0,nnnnnn,3.0,,,0.57,45.82,0,nnnnnn,3.0,우편번호3,,1.81,58.49,False
기업고객.csv,청구지우편번호,배송점.csv,우편번호,0.7273,0,nnnnnn,3.0,,,0.57,45.82,0,nnnnnn,2.0,우편번호3,,6.88,56.92,False
기업고객.csv,청구지우편번호,서브터미널.csv,우편번호,0.7273,0,nnnnnn,3.0,,,0.57,45.82,0,nnnnn,1.0,,,99.99,100.0,False
기업고객.csv,청구지우편번호,영업소.csv,우편번호,0.7273,0,nnnnnn,3.0,,,0.57,45.82,0,nnnnnn,1.0,우편번호구3,,0.0,50.68,False
기업고객.csv,청구지우편번호,택배_고객.csv,고객 청구지우편번호,0.875,0,nnnnnn,3.0,,,0.57,45.82,0,nnnnnn,2.0,우편번호구3,,1.29,33.3,False
기업고객.csv,청구지우편번호,택배_고객.csv,집하지우편번호,0.7143,0,nnnnnn,3.0,,,0.57,45.82,0,nnnnnn,2.0,우편번호구3,,2.61,40.58,False
기업고객.csv,청구지우편번호,택배_조직도.csv,우편번호,0.7273,0,nnnnnn,3.0,,,0.57,45.82,0,nnnnnn,2.0,우편번호3,,9.25,44.44,False
기업고객.csv,청구지주소,CUSTOMER.csv,청구지주소,1.0,0,nnn-n,1960.0,,,20.28,87.99,0,nnn-n,2074.0,,,37.93,87.56,False
기업고객.csv,청구지주소,기업고객.csv,청구지주소,1.0,0,nnn-n,1960.0,,,20.28,87.99,0,nnn-n,1960.0,,,20.28,87.99,True
기업고객.csv,청구지주소,택배_고객.csv,고객청구지주소,0.8333,0,nnn-n,1960.0,,,20.28,87.99,0,nnn-n,1883.0,,,27.08,87.31,False
기업고객.csv,판매점소,CUSTOMER.csv,판매점소,1.0,0,AAAAA,4.0,,,0.26,1.22,0,AAAAA,4.0,,,0.47,0.95,False
기업고객.csv,판매점소,개인고객.csv,판매점소,1.0,0,AAAAA,4.0,,,0.26,1.22,0,AAAAAAA,3.0,,,0.26,2.03,False
기업고객.csv,판매점소,기업고객.csv,판매점소,1.0,0,AAAAA,4.0,,,0.26,1.22,0,AAAAA,4.0,,,0.26,1.22,True
기업고객.csv,판매점소,택배_고객.csv,판매점소,1.0,0,AAAAA,4.0,,,0.26,1.22,0,AAAAA,4.0,,,0.86,0.99,False
기업고객.csv,판매원사번,CUSTOMER.csv,판매원사번,1.0,0,nnnnnnn,4.0,,,0.84,12.77,0,nnnnnnn,2.0,,,23.53,13.12,False
기업고객.csv,판매원사번,기업고객.csv,판매원사번,1.0,0,nnnnnnn,4.0,,,0.84,12.77,0,nnnnnnn,4.0,,,0.84,12.77,True
기업고객.csv,판매원사번,택배_고객.csv,판매원사번,1.0,0,nnnnnnn,4.0,,,0.84,12.77,0,nnnnnnn,2.0,,,2.11,6.73,False
기업고객.csv,담당부서,CUSTOMER.csv,담당부서,1.0,0,KK,111.0,,Text,14.12,12.51,0,KK,112.0,,Text,36.51,12.52,False
기업고객.csv,담당부서,기업고객.csv,담당부서,1.0,0,KK,111.0,,Text,14.12,12.51,0,KK,111.0,,Text,14.12,12.51,True
기업고객.csv,담당부서,택배_고객.csv,담당부서,1.0,0,KK,111.0,,Text,14.12,12.51,0,KK,128.0,,Text,11.11,12.69,False
기업고객.csv,집하지우편번호,CUSTOMER.csv,우편번호,0.7273,0,nnnnnn,3.0,우편번호3,,1.81,58.49,0,nnnnnn,3.0,우편번호3,,28.48,44.99,False
기업고객.csv,집하지우편번호,CUSTOMER.csv,청구지우편번호,0.7143,0,nnnnnn,3.0,우편번호3,,1.81,58.49,0,nnnnnn,2.0,우편번호3,,23.33,47.14,False
기업고객.csv,집하지우편번호,CUSTOMER.csv,집하지우편번호,1.0,0,nnnnnn,3.0,우편번호3,,1.81,58.49,0,nnnnnn,3.0,우편번호3,,1.58,64.41,False
기업고객.csv,집하지우편번호,ORGNIZATION.csv,우편번호,0.7273,0,nnnnnn,3.0,우편번호3,,1.81,58.49,0,nnnnnn,2.0,우편번호3,,9.25,44.44,False
기업고객.csv,집하지우편번호,개인고객.csv,우편번호,0.7273,0,nnnnnn,3.0,우편번호3,,1.81,58.49,0,nnnnnn,3.0,,,99.87,100.0,False
기업고객.csv,집하지우편번호,개인고객.csv,집하지우편번호,1.0,0,nnnnnn,3.0,우편번호3,,1.81,58.49,0,nnnnn,3.0,우편번호3,,0.22,89.94,False
기업고객.csv,집하지우편번호,고객마스터.csv,우편번호,0.7273,0,nnnnnn,3.0,우편번호3,,1.81,58.49,0,nnnnn,2.0,우편번호3,,90.06,92.56,False
기업고객.csv,집하지우편번호,기업고객.csv,청구지우편번호,0.7143,0,nnnnnn,3.0,우편번호3,,1.81,58.49,0,nnnnnn,3.0,,,0.57,45.82,False
기업고객.csv,집하지우편번호,기업고객.csv,집하지우편번호,1.0,0,nnnnnn,3.0,우편번호3,,1.81,58.49,0,nnnnnn,3.0,우편번호3,,1.81,58.49,True
기업고객.csv,집하지우편번호,배송점.csv,우편번호,0.7273,0,nnnnnn,3.0,우편번호3,,1.81,58.49,0,nnnnnn,2.0,우편번호3,,6.88,56.92,False
기업고객.csv,집하지우편번호,서브터미널.csv,우편번호,0.7273,0,nnnnnn,3.0,우편번호3,,1.81,58.49,0,nnnnn,1.0,,,99.99,100.0,False
기업고객.csv,집하지우편번호,영업소.csv,우편번호,0.7273,0,nnnnnn,3.0,우편번호3,,1.81,58.49,0,nnnnnn,1.0,우편번호구3,,0.0,50.68,False
기업고객.csv,집하지우편번호,택배_고객.csv,집하지우편번호,1.0,0,nnnnnn,3.0,우편번호3,,1.81,58.49,0,nnnnnn,2.0,우편번호구3,,2.61,40.58,False
기업고객.csv,집하지우편번호,택배_조직도.csv,우편번호,0.7273,0,nnnnnn,3.0,우편번호3,,1.81,58.49,0,nnnnnn,2.0,우편번호3,,9.25,44.44,False
기업고객.csv,집하지대번지,CUSTOMER.csv,집하지대번지,1.0,0,nnn,35.0,,,60.4,47.22,0,nnn,35.0,,,70.7,47.24,False
기업고객.csv,집하지대번지,CUSTOMER.csv,집하지소번지,0.8333,0,nnn,35.0,,,60.4,47.22,0,n,16.0,,,81.49,10.97,False
기업고객.csv,집하지대번지,기업고객.csv,집하지대번지,1.0,0,nnn,35.0,,,60.4,47.22,0,nnn,35.0,,,60.4,47.22,True
기업고객.csv,집하지대번지,기업고객.csv,집하지소번지,0.8333,0,nnn,35.0,,,60.4,47.22,0,n,16.0,,,75.0,10.82,False
기업고객.csv,집하지대번지,택배_고객.csv,집하지대번지,1.0,0,nnn,35.0,,,60.4,47.22,0,nnn,40.0,,,32.72,33.01,False
기업고객.csv,집하지대번지,택배_고객.csv,집하지소번지,0.8333,0,nnn,35.0,,,60.4,47.22,0,n,19.0,,,56.44,8.08,False
기업고객.csv,집하지소번지,CUSTOMER.csv,집하지대번지,0.8333,0,n,16.0,,,75.0,10.82,0,nnn,35.0,,,70.7,47.24,False
기업고객.csv,집하지소번지,CUSTOMER.csv,집하지소번지,1.0,0,n,16.0,,,75.0,10.82,0,n,16.0,,,81.49,10.97,False
기업고객.csv,집하지소번지,CUSTOMER.csv,집하지주소,0.7273,0,n,16.0,,,75.0,10.82,0,nK,3161.0,,,17.06,87.58,False
기업고객.csv,집하지소번지,개인고객.csv,집하지주소,0.7273,0,n,16.0,,,75.0,10.82,0,nnnK,902.0,,,0.62,87.64,False
기업고객.csv,집하지소번지,기업고객.csv,집하지대번지,0.8333,0,n,16.0,,,75.0,10.82,0,nnn,35.0,,,60.4,47.22,False
기업고객.csv,집하지소번지,기업고객.csv,집하지소번지,1.0,0,n,16.0,,,75.0,10.82,0,n,16.0,,,75.0,10.82,True
기업고객.csv,집하지소번지,기업고객.csv,집하지주소,0.7273,0,n,16.0,,,75.0,10.82,0,(KKK),2321.0,,,22.56,89.05,False
기업고객.csv,집하지소번지,택배_고객.csv,집하지대번지,0.8333,0,n,16.0,,,75.0,10.82,0,nnn,40.0,,,32.72,33.01,False
기업고객.csv,집하지소번지,택배_고객.csv,집하지소번지,1.0,0,n,16.0,,,75.0,10.82,0,n,19.0,,,56.44,8.08,False
기업고객.csv,집하지주소,CUSTOMER.csv,집하지소번지,0.7273,0,(KKK),2321.0,,,22.56,89.05,0,n,16.0,,,81.49,10.97,False
기업고객.csv,집하지주소,CUSTOMER.csv,집하지주소,1.0,0,(KKK),2321.0,,,22.56,89.05,0,nK,3161.0,,,17.06,87.58,False
기업고객.csv,집하지주소,개인고객.csv,집하지주소,1.0,0,(KKK),2321.0,,,22.56,89.05,0,nnnK,902.0,,,0.62,87.64,False
기업고객.csv,집하지주소,기업고객.csv,집하지소번지,0.7273,0,(KKK),2321.0,,,22.56,89.05,0,n,16.0,,,75.0,10.82,False
기업고객.csv,집하지주소,기업고객.csv,집하지주소,1.0,0,(KKK),2321.0,,,22.56,89.05,0,(KKK),2321.0,,,22.56,89.05,True
기업고객.csv,집하지주소,택배_고객.csv,집하지소번지,0.7273,0,(KKK),2321.0,,,22.56,89.05,0,n,19.0,,,56.44,8.08,False
기업고객.csv,1ST_STREET,CUSTOMER.csv,1ST_STREET,1.0,0,aaaaa aaaaaa,188.0,,,97.08,94.91,0,aaaaa aaaaaa,194.0,,,97.78,95.05,False
기업고객.csv,1ST_STREET,개인고객.csv,1ST_STREET,1.0,0,aaaaa aaaaaa,188.0,,,97.08,94.91,0,AAAAAAAA-AAA AAAA-AA,6.0,,,99.74,100.0,False
기업고객.csv,1ST_STREET,기업고객.csv,1ST_STREET,1.0,0,aaaaa aaaaaa,188.0,,,97.08,94.91,0,aaaaa aaaaaa,188.0,,,97.08,94.91,True
기업고객.csv,청구점소,CUSTOMER.csv,청구점소,1.0,0,AAAAA,3.0,,,0.66,1.48,0,AAAAA,4.0,,,0.81,1.12,False
기업고객.csv,청구점소,개인고객.csv,청구점소,1.0,0,AAAAA,3.0,,,0.66,1.48,0,AAAAA,2.0,,,0.57,1.77,False
기업고객.csv,청구점소,기업고객.csv,청구점소,1.0,0,AAAAA,3.0,,,0.66,1.48,0,AAAAA,3.0,,,0.66,1.48,True
기업고객.csv,수금점소,CUSTOMER.csv,수금점소,1.0,0,AAAAA,3.0,,,0.66,1.55,0,AAAAA,4.0,,,0.81,1.18,False
기업고객.csv,수금점소,개인고객.csv,수금점소,1.0,0,AAAAA,3.0,,,0.66,1.55,0,AAAAA,2.0,,,0.57,1.77,False
기업고객.csv,수금점소,기업고객.csv,수금점소,1.0,0,AAAAA,3.0,,,0.66,1.55,0,AAAAA,3.0,,,0.66,1.55,True
기업고객.csv,수금점소,수입관리_고객.csv,수금점소코드,0.8,0,AAAAA,3.0,,,0.66,1.55,0,nnnn,1.0,,,44.32,2.51,False
기업고객.csv,최종수정일시,CUSTOMER.csv,최종수정일시,1.0,0,nn:nn,1.0,,,0.42,25.06,0,nn:nn,1.0,,,21.64,26.31,False
기업고객.csv,최종수정일시,ORGNIZATION.csv,최수정일시,0.9091,0,nn:nn,1.0,,,0.42,25.06,0,nn:nn,1.0,,,8.03,25.91,False
기업고객.csv,최종수정일시,ORGNIZATION.csv,최종수정자,0.7273,0,nn:nn,1.0,,,0.42,25.06,0,nnnnnnn,1.0,,,8.24,8.84,False
기업고객.csv,최종수정일시,개인고객.csv,최종수정일시,1.0,0,nn:nn,1.0,,,0.42,25.06,0,nn:nn,1.0,,,93.05,94.3,False
기업고객.csv,최종수정일시,기업고객.csv,최종수정일시,1.0,0,nn:nn,1.0,,,0.42,25.06,0,nn:nn,1.0,,,0.42,25.06,True
기업고객.csv,최종수정일시,배송점.csv,최수정일시,0.9091,0,nn:nn,1.0,,,0.42,25.06,0,nn:nn,1.0,,,5.61,21.02,False
기업고객.csv,최종수정일시,배송점.csv,최종수정자,0.7273,0,nn:nn,1.0,,,0.42,25.06,0,nnnnnnn,1.0,,,5.61,10.51,False
기업고객.csv,최종수정일시,서브터미널.csv,수정일시,0.8,0,nn:nn,1.0,,,0.42,25.06,0,nn:nn,1.0,,,99.99,100.0,False
기업고객.csv,최종변경자사번,CUSTOMER.csv,최종변경자사번,1.0,0,nnnnnnn,7.0,,,0.43,6.06,0,nnnnnnn,5.0,,,0.56,5.96,False
기업고객.csv,최종변경자사번,개인고객.csv,최종변경자사번,1.0,0,nnnnnnn,7.0,,,0.43,6.06,0,nnnnnnn,4.0,,,0.26,9.31,False
기업고객.csv,최종변경자사번,기업고객.csv,최종변경자사번,1.0,0,nnnnnnn,7.0,,,0.43,6.06,0,nnnnnnn,7.0,,,0.43,6.06,True
기업고객.csv,집하점소,CUSTOMER.csv,집하점소,1.0,0,nnnn,5.0,,,1.46,15.35,0,nnnn,3.0,,,1.33,11.86,False
기업고객.csv,집하점소,개인고객.csv,집하점소,1.0,0,nnnn,5.0,,,1.46,15.35,0,nnnn,3.0,,,0.26,26.04,False
기업고객.csv,집하점소,기업고객.csv,집하점소,1.0,0,nnnn,5.0,,,1.46,15.35,0,nnnn,5.0,,,1.46,15.35,True
기업고객.csv,수입조직,CUSTOMER.csv,수입조직,1.0,0,nnnn,1.0,,,0.72,1.31,0,nnnn,1.0,,,0.78,0.99,False
기업고객.csv,수입조직,ORGNIZATION.csv,수입조직코드,0.8,0,nnnn,1.0,,,0.72,1.31,0,AAAAA,1.0,,,21.79,2.8,False
기업고객.csv,수입조직,개인고객.csv,수입조직,1.0,0,nnnn,1.0,,,0.72,1.31,0,nnnn,1.0,,,0.26,1.9,False
기업고객.csv,수입조직,기업고객.csv,수입조직,1.0,0,nnnn,1.0,,,0.72,1.31,0,nnnn,1.0,,,0.72,1.31,True
기업고객.csv,수입조직,택배_고객.csv,수입조직,1.0,0,nnnn,1.0,,,0.72,1.31,0,nnnn,1.0,,,0.92,0.99,False
기업고객.csv,수입조직,택배_조직도.csv,수입조직코드,0.8,0,nnnn,1.0,,,0.72,1.31,0,AAAAA,1.0,,,21.79,2.8,False
기업고객.csv,기업법인번호,CUSTOMER.csv,법인번호,0.8,0,n.nnnnnAsnn,2.0,,,82.45,11.72,0,nnnnnnnnnnnnn,1.0,법인번호7,,87.03,11.72,False
기업고객.csv,기업법인번호,관리회계_고객.csv,법인번호,0.8,0,n.nnnnnAsnn,2.0,,,82.45,11.72,0,nnnnnnnnnnnnn,3.0,법인번호7,,73.56,10.7,False
기업고객.csv,기업법인번호,기업고객.csv,기업법인번호,1.0,0,n.nnnnnAsnn,2.0,,,82.45,11.72,0,n.nnnnnAsnn,2.0,,,82.45,11.72,True
기업고객.csv,기업법인번호,법인정보.csv,법인번호,0.8,0,n.nnnnnAsnn,2.0,,,82.45,11.72,1,nnnnnnnnnnnnn,4.0,법인번호7,UNIQUE,0.0,100.0,False
기업고객.csv,기업법인번호,사업자등록번호정보.csv,법인번호,0.8,0,n.nnnnnAsnn,2.0,,,82.45,11.72,0,nnnnnnnnnnnnn,2.0,법인번호7,,72.02,93.42,False
기업고객.csv,기업법인번호,수입관리_고객.csv,법인번호,0.8,0,n.nnnnnAsnn,2.0,,,82.45,11.72,0,n.nnnnnAsnn,4.0,,,84.0,13.31,False
기업고객.csv,기업법인번호,법인번호7.csv,법인번호7,0.7273,0,n.nnnnnAsnn,2.0,,,82.45,11.72,1,nnnnnnnnnnnnn,1.0,,UNIQUE,0.0,100.0,False
기업설립형태.csv,기업설립형태명,기업설립형태.csv,기업설립형태명,1.0,1,KKKK,2.0,,UNIQUE,0.0,100.0,1,KKKK,2.0,,UNIQUE,0.0,100.0,True
기업설립형태.csv,처리자사번,결제조건.csv,처리자사번,1.0,0,nnnnnnn,1.0,,TEL,0.0,9.09,0,nnnnnnn,1.0,,,0.0,10.53,False
기업설립형태.csv,처리자사번,기업설립형태.csv,처리자사번,1.0,0,nnnnnnn,1.0,,TEL,0.0,9.09,0,nnnnnnn,1.0,,TEL,0.0,9.09,True
기업설립형태.csv,처리자사번,불량등급.csv,처리자사번,1.0,0,nnnnnnn,1.0,,TEL,0.0,9.09,0,nnnnnnn,1.0,,,0.0,26.32,False
기업설립형태.csv,처리자사번,사업구분.csv,처리자사번,1.0,0,nnnnnnn,1.0,,TEL,0.0,9.09,0,nnnnnnn,1.0,,,0.0,3.36,False
기업설립형태.csv,처리자사번,사용자.csv,처리자사번,1.0,0,nnnnnnn,1.0,,TEL,0.0,9.09,0,nnnnnnn,8.0,,,0.0,5.21,False
기업설립형태.csv,처리자사번,수입관리점소.csv,처리자사번,1.0,0,nnnnnnn,1.0,,TEL,0.0,9.09,0,nnnnnnn,1.0,,,0.0,5.31,False
기업설립형태.csv,처리자사번,신용공여기간.csv,처리자사번,1.0,0,nnnnnnn,1.0,,TEL,0.0,9.09,0,nnnnnnn,1.0,,,0.0,30.23,False
기업설립형태.csv,처리자사번,신용등급.csv,처리자사번,1.0,0,nnnnnnn,1.0,,TEL,0.0,9.09,0,nnnnnnn,1.0,,,0.0,16.67,False
미배송사유코드.csv,사유코드,관리회계BI_사업.csv,사업유형코드,0.8,0,nn,2.0,,,0.0,38.46,0,AAAAn,1.0,,,0.0,0.97,False
미배송사유코드.csv,사유코드,관리회계BI_사업.csv,사업코드,0.75,0,nn,2.0,,,0.0,38.46,0,nnn,1.0,,,0.0,50.24,False
미배송사유코드.csv,사유코드,관리회계_사업.csv,사업유형코드,0.8,0,nn,2.0,,,0.0,38.46,0,AAAAn,1.0,,,0.0,0.49,False
미배송사유코드.csv,사유코드,관리회계_사업.csv,사업코드,0.75,0,nn,2.0,,,0.0,38.46,0,nnn,2.0,,,0.0,57.77,False
미배송사유코드.csv,사유코드,미배송사유코드.csv,사유코드,1.0,0,nn,2.0,,,0.0,38.46,0,nn,2.0,,,0.0,38.46,True
미배송사유코드.csv,사유코드,사업코드관리.csv,사업유형코드,0.8,0,nn,2.0,,,0.0,38.46,0,AAAA n,1.0,,,0.0,0.58,False
미배송사유코드.csv,사유코드,사업코드관리.csv,사업코드,0.75,0,nn,2.0,,,0.0,38.46,0,nnn,1.0,,,0.0,52.31,False
미배송사유코드.csv,사유코드,선박.csv,선사코드,0.75,0,nn,2.0,,,0.0,38.46,0,AAAnnnn,5.0,선사코드,,44.41,11.62,False
미배송사유코드.csv,사유코드,선사코드.csv,선사코드,0.75,0,nn,2.0,,,0.0,38.46,1,AAAnnnn,7.0,,UNIQUE,0.0,100.0,False
미배송사유코드.csv,작업코드,관리회계BI_사업.csv,사업코드,0.75,0,nn,2.0,,,0.0,11.54,0,nnn,1.0,,,0.0,50.24,False
미배송사유코드.csv,작업코드,관리회계_사업.csv,사업코드,0.75,0,nn,2.0,,,0.0,11.54,0,nnn,2.0,,,0.0,57.77,False
미배송사유코드.csv,작업코드,미배송사유코드.csv,작업코드,1.0,0,nn,2.0,,,0.0,11.54,0,nn,2.0,,,0.0,11.54,True
미배송사유코드.csv,작업코드,사업코드관리.csv,사업코드,0.75,0,nn,2.0,,,0.0,11.54,0,nnn,1.0,,,0.0,52.31,False
미배송사유코드.csv,작업코드,선석.csv,업체코드,0.75,0,nn,2.0,,,0.0,11.54,0,A-AAAnnn,1.0,,,51.64,15.01,False
미배송사유코드.csv,작업코드,작업코드.csv,작업구분코드,0.8,0,nn,2.0,,,0.0,11.54,1,nn,3.0,,UNIQUE,0.0,100.0,False
미배송사유코드.csv,사유명,미배송사유코드.csv,사유명,1.0,0,KKKK,32.0,,Text,0.0,77.88,0,KKKK,32.0,,Text,0.0,77.88,True
미배송사유코드.csv,사유명(영문),미배송사유코드.csv,사유명(영문),1.0,0,A,53.0,,,0.0,60.58,0,A,53.0,,,0.0,60.58,True
배송점.csv,배송점코드,배송점.csv,배송점코드,1.0,1,nnnn,4.0,,UNIQUE,0.0,100.0,1,nnnn,4.0,,UNIQUE,0.0,100.0,True
배송점.csv,배송점코드,택배BI_조직.csv,집배점코드,0.8,1,nnnn,4.0,,UNIQUE,0.0,100.0,1,nnnn,1.0,,UNIQUE,2.27,100.0,False
배송점.csv,상위조직코드,ORGNIZATION.csv,조직코드,0.8,0,nnn,2.0,,,0.04,17.99,1,nnnn,11.0,,UNIQUE,0.0,100.0,False
배송점.csv,상위조직코드,ORGNIZATION.csv,상위조직코드,1.0,0,nnn,2.0,,,0.04,17.99,0,nnn,6.0,,,0.76,16.44,False
배송점.csv,상위조직코드,관리회계_조직.csv,상위부서조직코드,0.8571,0,nnn,2.0,,,0.04,17.99,0,AAAAA,4.0,,,0.24,22.67,False
배송점.csv,상위조직코드,관리회계_조직_test.csv,상위귀속부서조직코드,0.75,0,nnn,2.0,,,0.04,17.99,0,AAAAA,7.0,,,8.33,90.91,False
배송점.csv,상위조직코드,배송점.csv,상위조직코드,1.0,0,nnn,2.0,,,0.04,17.99,0,nnn,2.0,,,0.04,17.99,True
배송점.csv,상위조직코드,사원마스터.csv,조직코드,0.8,0,nnn,2.0,,,0.04,17.99,0,nnnn,7.0,,,0.0,17.28,False
배송점.csv,상위조직코드,선석.csv,조직코드,0.8,0,nnn,2.0,,,0.04,17.99,0,nnnnnn,1.0,,YEARMONTH,38.24,2.32,False
배송점.csv,상위조직코드,택배_조직도.csv,조직코드,0.8,0,nnn,2.0,,,0.04,17.99,1,nnnn,11.0,,UNIQUE,0.0,100.0,False
배송점.csv,상위조직코드,택배_조직도.csv,상위조직코드,1.0,0,nnn,2.0,,,0.04,17.99,0,nnn,6.0,,,0.76,16.44,False
배송점.csv,배송점명,배송점.csv,배송점명,1.0,0,KK(K),199.0,,Text,0.0,97.35,0,KK(K),199.0,,Text,0.0,97.35,True
배송점.csv,배송점명,택배BI_조직.csv,집배점명,0.75,0,KK(K),199.0,,Text,0.0,97.35,0,KK(K),199.0,,Text,2.27,97.57,False
배송점.csv,조직구분코드,ORGNIZATION.csv,조직코드,0.8,0,AAAAAAA,2.0,,,0.0,0.08,1,nnnn,11.0,,UNIQUE,0.0,100.0,False
배송점.csv,조직구분코드,ORGNIZATION.csv,조직구분코드,1.0,0,AAAAAAA,2.0,,,0.0,0.08,0,AAAAAAA,10.0,,,0.0,0.39,False
배송점.csv,조직구분코드,ORGNIZATION.csv,조직권역구분코드,0.8571,0,AAAAAAA,2.0,,,0.0,0.08,0,AA,1.0,,,0.36,0.21,False
배송점.csv,조직구분코드,배송점.csv,조직구분코드,1.0,0,AAAAAAA,2.0,,,0.0,0.08,0,AAAAAAA,2.0,,,0.0,0.08,True
배송점.csv,조직구분코드,배송점.csv,조직권역구분코드,0.8571,0,AAAAAAA,2.0,,,0.0,0.08,0,AA,1.0,,,0.0,0.28,False
배송점.csv,조직구분코드,사원마스터.csv,조직코드,0.8,0,AAAAAAA,2.0,,,0.0,0.08,0,nnnn,7.0,,,0.0,17.28,False
배송점.csv,조직구분코드,선석.csv,조직코드,0.8,0,AAAAAAA,2.0,,,0.0,0.08,0,nnnnnn,1.0,,YEARMONTH,38.24,2.32,False
배송점.csv,조직구분코드,택배_조직도.csv,조직코드,0.8,0,AAAAAAA,2.0,,,0.0,0.08,1,nnnn,11.0,,UNIQUE,0.0,100.0,False
배송점.csv,조직구분코드,택배_조직도.csv,조직구분코드,1.0,0,AAAAAAA,2.0,,,0.0,0.08,0,AAAAAAA,10.0,,,0.0,0.39,False
배송점.csv,조직구분코드,택배_조직도.csv,조직권역구분코드,0.8571,0,AAAAAAA,2.0,,,0.0,0.08,0,AA,1.0,,,0.36,0.21,False
배송점.csv,조직구분코드,택배_조직도.csv,조직권역구분상세코드,0.75,0,AAAAAAA,2.0,,,0.0,0.08,0,AA,1.0,,,99.95,100.0,False
배송점.csv,조직구분코드,택배_조직도.csv,조직중구분코드,0.9231,0,AAAAAAA,2.0,,,0.0,0.08,0,A,3.0,,,48.2,2.32,False
배송점.csv,조직관리유형코드,ORGNIZATION.csv,조직관리유형코드,1.0,0,AAAsAAAAAA,2.0,,,0.0,0.08,0,AAAsAAAAAA,2.0,,,0.03,0.05,False
배송점.csv,조직관리유형코드,관리회계_조직.csv,조직유형코드,0.8571,0,AAAsAAAAAA,2.0,,,0.0,0.08,0,AAAAAA,2.0,,,86.9,52.73,False
배송점.csv,조직관리유형코드,관리회계_조직_test.csv,조직유형코드,0.8571,0,AAAsAAAAAA,2.0,,,0.0,0.08,0,AAAAAA,1.0,,,91.67,100.0,False
배송점.csv,조직관리유형코드,배송점.csv,조직관리유형코드,1.0,0,AAAsAAAAAA,2.0,,,0.0,0.08,0,AAAsAAAAAA,2.0,,,0.0,0.08,True
배송점.csv,조직관리유형코드,택배_조직도.csv,조직관리유형코드,1.0,0,AAAsAAAAAA,2.0,,,0.0,0.08,0,AAAsAAAAAA,2.0,,,0.03,0.05,False
배송점.csv,조직권역구분코드,ORGNIZATION.csv,조직구분코드,0.8571,0,AA,1.0,,,0.0,0.28,0,AAAAAAA,10.0,,,0.0,0.39,False
배송점.csv,조직권역구분코드,ORGNIZATION.csv,조직권역구분코드,1.0,0,AA,1.0,,,0.0,0.28,0,AA,1.0,,,0.36,0.21,False
배송점.csv,조직권역구분코드,배송점.csv,조직구분코드,0.8571,0,AA,1.0,,,0.0,0.28,0,AAAAAAA,2.0,,,0.0,0.08,False
배송점.csv,조직권역구분코드,배송점.csv,조직권역구분코드,1.0,0,AA,1.0,,,0.0,0.28,0,AA,1.0,,,0.0,0.28,True
배송점.csv,조직권역구분코드,택배_조직도.csv,조직구분코드,0.8571,0,AA,1.0,,,0.0,0.28,0,AAAAAAA,10.0,,,0.0,0.39,False
배송점.csv,조직권역구분코드,택배_조직도.csv,조직권역구분코드,1.0,0,AA,1.0,,,0.0,0.28,0,AA,1.0,,,0.36,0.21,False
배송점.csv,조직권역구분코드,택배_조직도.csv,조직권역구분상세코드,0.8889,0,AA,1.0,,,0.0,0.28,0,AA,1.0,,,99.95,100.0,False
배송점.csv,조직권역구분코드,택배_조직도.csv,조직중구분코드,0.8,0,AA,1.0,,,0.0,0.28,0,A,3.0,,,48.2,2.32,False
배송점.csv,영문조직명,ORGNIZATION.csv,조직명,0.75,0,AAAAAA AAAAA,330.0,,,19.45,85.48,0,KK(K),270.0,,Text,0.0,94.97,False
배송점.csv,영문조직명,ORGNIZATION.csv,영문조직명,1.0,0,AAAAAA AAAAA,330.0,,,19.45,85.48,0,AAAAAA AAAAA,481.0,,,17.57,80.52,False
배송점.csv,영문조직명,배송점.csv,영문조직명,1.0,0,AAAAAA AAAAA,330.0,,,19.45,85.48,0,AAAAAA AAAAA,330.0,,,19.45,85.48,True
배송점.csv,영문조직명,택배_조직도.csv,조직명,0.75,0,AAAAAA AAAAA,330.0,,,19.45,85.48,0,KK(K),270.0,,Text,0.0,94.97,False
배송점.csv,영문조직명,택배_조직도.csv,영문조직명,1.0,0,AAAAAA AAAAA,330.0,,,19.45,85.48,0,AAAAAA AAAAA,481.0,,,17.57,80.52,False
배송점.csv,팩스번호,ORGNIZATION.csv,팩스번호,1.0,0,nnnnnnnnnn,19.0,,,68.3,64.59,0,nnnnnnnnnn,23.0,,,64.96,50.6,False
배송점.csv,팩스번호,배송점.csv,팩스번호,1.0,0,nnnnnnnnnn,19.0,,,68.3,64.59,0,nnnnnnnnnn,19.0,,,68.3,64.59,True
배송점.csv,팩스번호,택배_조직도.csv,팩스번호,1.0,0,nnnnnnnnnn,19.0,,,68.3,64.59,0,nnnnnnnnnn,23.0,,,64.96,50.6,False
배송점.csv,우편번호,CUSTOMER.csv,우편번호,1.0,0,nnnnnn,2.0,우편번호3,,6.88,56.92,0,nnnnnn,3.0,우편번호3,,28.48,44.99,False
배송점.csv,우편번호,CUSTOMER.csv,청구지우편번호,0.7273,0,nnnnnn,2.0,우편번호3,,6.88,56.92,0,nnnnnn,2.0,우편번호3,,23.33,47.14,False
배송점.csv,우편번호,CUSTOMER.csv,집하지우편번호,0.7273,0,nnnnnn,2.0,우편번호3,,6.88,56.92,0,nnnnnn,3.0,우편번호3,,1.58,64.41,False
배송점.csv,우편번호,OneClick고객.csv,사업우편번호,0.8,0,nnnnnn,2.0,우편번호3,,6.88,56.92,0,nnnnn,2.0,우편번호3,,78.43,86.28,False
배송점.csv,우편번호,ORGNIZATION.csv,우편번호,1.0,0,nnnnnn,2.0,우편번호3,,6.88,56.92,0,nnnnnn,2.0,우편번호3,,9.25,44.44,False
배송점.csv,우편번호,개인고객.csv,우편번호,1.0,0,nnnnnn,2.0,우편번호3,,6.88,56.92,0,nnnnnn,3.0,,,99.87,100.0,False
배송점.csv,우편번호,개인고객.csv,집하지우편번호,0.7273,0,nnnnnn,2.0,우편번호3,,6.88,56.92,0,nnnnn,3.0,우편번호3,,0.22,89.94,False
배송점.csv,우편번호,고객마스터.csv,우편번호,1.0,0,nnnnnn,2.0,우편번호3,,6.88,56.92,0,nnnnn,2.0,우편번호3,,90.06,92.56,False
배송점.csv,우편번호,기업고객.csv,기업우편번호,0.8,0,nnnnnn,2.0,우편번호3,,6.88,56.92,0,nnnnnn,4.0,,,3.29,44.97,False
배송점.csv,우편번호,기업고객.csv,청구지우편번호,0.7273,0,nnnnnn,2.0,우편번호3,,6.88,56.92,0,nnnnnn,3.0,,,0.57,45.82,False
배송점.csv,우편번호,기업고객.csv,집하지우편번호,0.7273,0,nnnnnn,2.0,우편번호3,,6.88,56.92,0,nnnnnn,3.0,우편번호3,,1.81,58.49,False
배송점.csv,우편번호,배송점.csv,우편번호,1.0,0,nnnnnn,2.0,우편번호3,,6.88,56.92,0,nnnnnn,2.0,우편번호3,,6.88,56.92,True
배송점.csv,우편번호,서브터미널.csv,우편번호,1.0,0,nnnnnn,2.0,우편번호3,,6.88,56.92,0,nnnnn,1.0,,,99.99,100.0,False
배송점.csv,우편번호,영업소.csv,우편번호,1.0,0,nnnnnn,2.0,우편번호3,,6.88,56.92,0,nnnnnn,1.0,우편번호구3,,0.0,50.68,False
배송점.csv,우편번호,택배_고객.csv,집하지우편번호,0.7273,0,nnnnnn,2.0,우편번호3,,6.88,56.92,0,nnnnnn,2.0,우편번호구3,,2.61,40.58,False
배송점.csv,우편번호,택배_조직도.csv,우편번호,1.0,0,nnnnnn,2.0,우편번호3,,6.88,56.92,0,nnnnnn,2.0,우편번호3,,9.25,44.44,False
배송점.csv,우편번호,우편번호3.csv,우편번호3,0.8889,0,nnnnnn,2.0,우편번호3,,6.88,56.92,1,nnnnn,1.0,,UNIQUE,0.0,100.0,False
배송점.csv,우편번호,우편번호구3.csv,우편번호구3,0.8,0,nnnnnn,2.0,우편번호3,,6.88,56.92,1,nnnnnn,2.0,,UNIQUE,0.0,100.0,False
배송점.csv,기본주소,OneClick고객.csv,사업기본주소,0.8,0,KK KK KK,242.0,,ADDRESS,50.08,60.73,0,KK KKK KKK nnn,2035.0,,ADDRESS,1.76,96.52,False
배송점.csv,기본주소,ORGNIZATION.csv,기본주소,1.0,0,KK KK KK,242.0,,ADDRESS,50.08,60.73,0,KK KK KK,326.0,,ADDRESS,48.38,53.69,False
배송점.csv,기본주소,배송점.csv,기본주소,1.0,0,KK KK KK,242.0,,ADDRESS,50.08,60.73,0,KK KK KK,242.0,,ADDRESS,50.08,60.73,True
배송점.csv,기본주소,서브터미널.csv,기본주소,1.0,0,KK KK KK,242.0,,ADDRESS,50.08,60.73,0,KKK KKK KKKKnnnKK,1.0,,,99.99,100.0,False
배송점.csv,기본주소,택배_조직도.csv,기본주소,1.0,0,KK KK KK,242.0,,ADDRESS,50.08,60.73,0,KK KK KK,326.0,,ADDRESS,48.38,53.69,False
배송점.csv,상세주소,OneClick고객.csv,사업상세주소,0.8,0,nnn-n,424.0,,,25.38,64.67,0,nnnK,2750.0,,,12.28,84.04,False
배송점.csv,상세주소,ORGNIZATION.csv,상세주소,1.0,0,nnn-n,424.0,,,25.38,64.67,0,nnn-n,539.0,,,30.03,58.72,False
배송점.csv,상세주소,고객마스터.csv,상세주소,1.0,0,nnn-n,424.0,,,25.38,64.67,0,nK,452.0,,,90.95,88.29,False
배송점.csv,상세주소,배송점.csv,상세주소,1.0,0,nnn-n,424.0,,,25.38,64.67,0,nnn-n,424.0,,,25.38,64.67,True
배송점.csv,상세주소,택배_조직도.csv,상세주소,1.0,0,nnn-n,424.0,,,25.38,64.67,0,nnn-n,541.0,,,30.03,58.76,False
배송점.csv,사업자등록번호,CUSTOMER.csv,주민_사업자등록번호,0.8235,0,nnnnnnnnnn,1.0,유효사업자번호3,,33.32,80.85,0,nnnnnnnnnn,3.0,유효사업자번호3,,2.84,92.58,False
배송점.csv,사업자등록번호,OneClick고객.csv,사업자등록번호,1.0,0,nnnnnnnnnn,1.0,유효사업자번호3,,33.32,80.85,0,nnn-nn-nnnnn,2.0,,,0.0,90.72,False
배송점.csv,사업자등록번호,ORGNIZATION.csv,사업자등록번호,1.0,0,nnnnnnnnnn,1.0,유효사업자번호3,,33.32,80.85,0,nnnnnnnnnn,1.0,유효사업자번호3,,49.82,75.01,False
배송점.csv,사업자등록번호,PRM계약.csv,사업자번호,0.8333,0,nnnnnnnnnn,1.0,유효사업자번호3,,33.32,80.85,0,nnnnnnnnnn,1.0,유효사업자번호3,,0.0,35.16,False
배송점.csv,사업자등록번호,간선사업자.csv,사업자번호,0.8333,0,nnnnnnnnnn,1.0,유효사업자번호3,,33.32,80.85,1,nnn-nn-nnnnn,2.0,,UNIQUE,0.0,100.0,False
배송점.csv,사업자등록번호,개인고객.csv,사업자등록번호,1.0,0,nnnnnnnnnn,1.0,유효사업자번호3,,33.32,80.85,1,nnnnnnnnnn,2.0,유효사업자번호3,UNIQUE,11.49,100.0,False
배송점.csv,사업자등록번호,계약마스터.csv,사업자번호,0.8333,0,nnnnnnnnnn,1.0,유효사업자번호3,,33.32,80.85,0,nnnnnnnnnn,1.0,유효사업자번호3,,0.0,78.54,False
배송점.csv,사업자등록번호,고객마스터.csv,사업자등록번호,1.0,0,nnnnnnnnnn,1.0,유효사업자번호3,,33.32,80.85,0,nnn-nn-nnnnn,3.0,,,0.0,92.76,False
배송점.csv,사업자등록번호,관리회계_고객.csv,사업자등록번호,1.0,0,nnnnnnnnnn,1.0,유효사업자번호3,,33.32,80.85,1,nnnnnnnnnn,10.0,유효사업자번호3,UNIQUE,0.0,100.0,False
배송점.csv,사업자등록번호,기업고객.csv,기업사업자등록번호,0.875,0,nnnnnnnnnn,1.0,유효사업자번호3,,33.32,80.85,0,nnnnnnnnnn,3.0,유효사업자번호3,,0.01,90.95,False
배송점.csv,사업자등록번호,배송점.csv,사업자등록번호,1.0,0,nnnnnnnnnn,1.0,유효사업자번호3,,33.32,80.85,0,nnnnnnnnnn,1.0,유효사업자번호3,,33.32,80.85,True
배송점.csv,사업자등록번호,사업자등록번호정보.csv,사업자등록번호,1.0,0,nnnnnnnnnn,1.0,유효사업자번호3,,33.32,80.85,1,nnnnnnnnnn,11.0,유효사업자번호3,UNIQUE,0.0,100.0,False
배송점.csv,사업자등록번호,서브터미널.csv,사업자등록번호,1.0,0,nnnnnnnnnn,1.0,유효사업자번호3,,33.32,80.85,0,nnnnnnnnnn,1.0,,,99.99,100.0,False
배송점.csv,사업자등록번호,수입관리점소.csv,사업자번호,0.8333,0,nnnnnnnnnn,1.0,유효사업자번호3,,33.32,80.85,0,nnnnnnnnnn,1.0,유효사업자번호3,,0.0,12.57,False
배송점.csv,사업자등록번호,영업소.csv,사업자등록번호,1.0,0,nnnnnnnnnn,1.0,유효사업자번호3,,33.32,80.85,0,nnnnnnnnnn,1.0,유효사업자번호3,,0.0,52.05,False
배송점.csv,사업자등록번호,택배_고객.csv,주민_사업자등록번호,0.8235,0,nnnnnnnnnn,1.0,유효사업자번호3,,33.32,80.85,0,nnnnnnnnnn,2.0,유효사업자번호3,,0.58,89.94,False
배송점.csv,사업자등록번호,택배_고객.csv,사업자등록우편번호,0.875,0,nnnnnnnnnn,1.0,유효사업자번호3,,33.32,80.85,0,nnnnnn,2.0,우편번호구3,,2.04,32.74,False
배송점.csv,사업자등록번호,택배_조직도.csv,사업자등록번호,1.0,0,nnnnnnnnnn,1.0,유효사업자번호3,,33.32,80.85,0,nnnnnnnnnn,1.0,유효사업자번호3,,49.82,75.01,False
배송점.csv,사업자등록번호,사업자등록번호5.csv,사업자등록번호5,0.9333,0,nnnnnnnnnn,1.0,유효사업자번호3,,33.32,80.85,1,nnnnnnnnnn,1.0,,UNIQUE,0.0,100.0,False
배송점.csv,사업자등록번호,사업자등록번호7.csv,사업자등록번호7,0.9333,0,nnnnnnnnnn,1.0,유효사업자번호3,,33.32,80.85,1,nnn-nn-nnnnn,1.0,,UNIQUE,0.0,100.0,False
배송점.csv,최수정일시,CUSTOMER.csv,최종수정일시,0.9091,0,nn:nn,1.0,,,5.61,21.02,0,nn:nn,1.0,,,21.64,26.31,False
배송점.csv,최수정일시,ORGNIZATION.csv,최수정일시,1.0,0,nn:nn,1.0,,,5.61,21.02,0,nn:nn,1.0,,,8.03,25.91,False
배송점.csv,최수정일시,개인고객.csv,최종수정일시,0.9091,0,nn:nn,1.0,,,5.61,21.02,0,nn:nn,1.0,,,93.05,94.3,False
배송점.csv,최수정일시,기업고객.csv,최종수정일시,0.9091,0,nn:nn,1.0,,,5.61,21.02,0,nn:nn,1.0,,,0.42,25.06,False
배송점.csv,최수정일시,배송점.csv,최수정일시,1.0,0,nn:nn,1.0,,,5.61,21.02,0,nn:nn,1.0,,,5.61,21.02,True
배송점.csv,최수정일시,서브터미널.csv,수정일시,0.8889,0,nn:nn,1.0,,,5.61,21.02,0,nn:nn,1.0,,,99.99,100.0,False
배송점.csv,최종수정자,CUSTOMER.csv,최종수정일시,0.7273,0,nnnnnnn,1.0,,,5.61,10.51,0,nn:nn,1.0,,,21.64,26.31,False
배송점.csv,최종수정자,ORGNIZATION.csv,최종수정자,1.0,0,nnnnnnn,1.0,,,5.61,10.51,0,nnnnnnn,1.0,,,8.24,8.84,False
배송점.csv,최종수정자,개인고객.csv,최종수정일시,0.7273,0,nnnnnnn,1.0,,,5.61,10.51,0,nn:nn,1.0,,,93.05,94.3,False
배송점.csv,최종수정자,기업고객.csv,최종수정일시,0.7273,0,nnnnnnn,1.0,,,5.61,10.51,0,nn:nn,1.0,,,0.42,25.06,False
배송점.csv,최종수정자,배송점.csv,최종수정자,1.0,0,nnnnnnn,1.0,,,5.61,10.51,0,nnnnnnn,1.0,,,5.61,10.51,True
법인정보.csv,법인번호,CUSTOMER.csv,법인번호,1.0,1,nnnnnnnnnnnnn,4.0,법인번호7,UNIQUE,0.0,100.0,0,nnnnnnnnnnnnn,1.0,법인번호7,,87.03,11.72,False
법인정보.csv,법인번호,OneClick고객.csv,법인등록번호,0.8,1,nnnnnnnnnnnnn,4.0,법인번호7,UNIQUE,0.0,100.0,0,n.nnnnnAsnn,3.0,,,98.78,33.61,False
법인정보.csv,법인번호,고객마스터.csv,법인등록번호,0.8,1,nnnnnnnnnnnnn,4.0,법인번호7,UNIQUE,0.0,100.0,0,n.nnnnnAsnn,2.0,,,94.85,21.75,False
법인정보.csv,법인번호,관리회계_고객.csv,법인번호,1.0,1,nnnnnnnnnnnnn,4.0,법인번호7,UNIQUE,0.0,100.0,0,nnnnnnnnnnnnn,3.0,법인번호7,,73.56,10.7,False
법인정보.csv,법인번호,기업고객.csv,기업법인번호,0.8,1,nnnnnnnnnnnnn,4.0,법인번호7,UNIQUE,0.0,100.0,0,n.nnnnnAsnn,2.0,,,82.45,11.72,False
법인정보.csv,법인번호,법인정보.csv,법인번호,1.0,1,nnnnnnnnnnnnn,4.0,법인번호7,UNIQUE,0.0,100.0,1,nnnnnnnnnnnnn,4.0,법인번호7,UNIQUE,0.0,100.0,True
법인정보.csv,법인번호,사업자등록번호정보.csv,법인번호,1.0,1,nnnnnnnnnnnnn,4.0,법인번호7,UNIQUE,0.0,100.0,0,nnnnnnnnnnnnn,2.0,법인번호7,,72.02,93.42,False
법인정보.csv,법인번호,수입관리_고객.csv,법인번호,1.0,1,nnnnnnnnnnnnn,4.0,법인번호7,UNIQUE,0.0,100.0,0,n.nnnnnAsnn,4.0,,,84.0,13.31,False
법인정보.csv,법인번호,법인번호7.csv,법인번호7,0.8889,1,nnnnnnnnnnnnn,4.0,법인번호7,UNIQUE,0.0,100.0,1,nnnnnnnnnnnnn,1.0,,UNIQUE,0.0,100.0,False
법인정보.csv,법인명,법인정보.csv,법인명,1.0,0,KKKK,156.0,,Text,0.01,99.18,0,KKKK,156.0,,Text,0.01,99.18,True
법인정보.csv,최초생성자ID,계약마스터.csv,최초생성자ID,1.0,0,AAAAA,5.0,,,0.0,0.08,0,aaa,1.0,,SINGLE VALUE,0.0,0.01,False
법인정보.csv,최초생성자ID,계정과목코드.csv,최초생성자ID,1.0,0,AAAAA,5.0,,,0.0,0.08,0,aaaaa,1.0,,SINGLE VALUE,0.0,0.24,False
법인정보.csv,최초생성자ID,계정코드관리.csv,최초생성자ID,1.0,0,AAAAA,5.0,,,0.0,0.08,0,aaaaa,1.0,,SINGLE VALUE,0.0,0.3,False
법인정보.csv,최초생성자ID,관리회계BI_계정.csv,최초생성자ID,1.0,0,AAAAA,5.0,,,0.0,0.08,0,aaaaa,1.0,,SINGLE VALUE,0.0,0.29,False
법인정보.csv,최초생성자ID,관리회계BI_사업.csv,최초생성자ID,1.0,0,AAAAA,5.0,,,0.0,0.08,0,aaaaa,1.0,,SINGLE VALUE,0.0,0.48,False
법인정보.csv,최초생성자ID,관리회계BI_조직.csv,최초생성자ID,1.0,0,AAAAA,5.0,,,0.0,0.08,0,aaaaa,1.0,,SINGLE VALUE,0.0,0.24,False
법인정보.csv,최초생성자ID,관리회계_계정그룹.csv,최초생성자ID,1.0,0,AAAAA,5.0,,,0.0,0.08,0,aaaaa,2.0,,,0.0,66.67,False
법인정보.csv,최초생성자ID,관리회계_계정그룹상세.csv,최초생성자ID,1.0,0,AAAAA,5.0,,,0.0,0.08,0,aaaaa,1.0,,,0.0,2.15,False
법인정보.csv,최초생성자ID,관리회계_고객.csv,최초생성자ID,1.0,0,AAAAA,5.0,,,0.0,0.08,0,AAAAA,5.0,,,0.13,0.08,False
법인정보.csv,최초생성자ID,관리회계_공통코드.csv,최초생성자ID,1.0,0,AAAAA,5.0,,,0.0,0.08,0,aaaaaa,2.0,,,52.63,5.56,False
법인정보.csv,최초생성자ID,관리회계_분류공통코드.csv,최초생성자ID,1.0,0,AAAAA,5.0,,,0.0,0.08,0,aaaaaa,3.0,,,50.0,23.08,False
법인정보.csv,최초생성자ID,관리회계_사업.csv,최초생성자ID,1.0,0,AAAAA,5.0,,,0.0,0.08,0,aaaaa,1.0,,SINGLE VALUE,0.0,0.24,False
법인정보.csv,최초생성자ID,관리회계_조직.csv,최초생성자ID,1.0,0,AAAAA,5.0,,,0.0,0.08,0,aaaaa,1.0,,SINGLE VALUE,0.0,0.24,False
법인정보.csv,최초생성자ID,관리회계_조직_test.csv,최초생성자ID,1.0,0,AAAAA,5.0,,,0.0,0.08,0,aaaaa,1.0,,,33.33,12.5,False
법인정보.csv,최초생성자ID,관리회계_조직그룹.csv,최초생성자ID,1.0,0,AAAAA,5.0,,,0.0,0.08,0,aaaaa,1.0,,,0.0,10.0,False
법인정보.csv,최초생성자ID,관리회계_조직그룹상세.csv,최초생성자ID,1.0,0,AAAAA,5.0,,,0.0,0.08,0,aaaaa,1.0,,SINGLE VALUE,0.0,0.29,False
법인정보.csv,최초생성자ID,관리회계계정.csv,최초생성자ID,1.0,0,AAAAA,5.0,,,0.0,0.08,0,aaaaa,1.0,,SINGLE VALUE,0.0,0.24,False
법인정보.csv,최초생성자ID,법인정보.csv,최초생성자ID,1.0,0,AAAAA,5.0,,,0.0,0.08,0,AAAAA,5.0,,,0.0,0.08,True
법인정보.csv,최초생성자ID,사업코드관리.csv,최초생성자ID,1.0,0,AAAAA,5.0,,,0.0,0.08,0,aaaaa,1.0,,SINGLE VALUE,0.0,0.29,False
법인정보.csv,최초생성자ID,원가인명정보.csv,최초생성자ID,1.0,0,AAAAA,5.0,,,0.0,0.08,0,aaaaa,3.0,,,6.02,0.04,False
법인정보.csv,최종갱신자ID,계정과목코드.csv,최종갱신자ID,1.0,0,AAAAA,6.0,,,0.0,0.07,0,aaaaa,1.0,,SINGLE VALUE,0.0,0.24,False
법인정보.csv,최종갱신자ID,관리회계BI_계정.csv,최종갱신자ID,1.0,0,AAAAA,6.0,,,0.0,0.07,0,aaaaa,1.0,,SINGLE VALUE,0.0,0.29,False
법인정보.csv,최종갱신자ID,관리회계BI_사업.csv,최종갱신자ID,1.0,0,AAAAA,6.0,,,0.0,0.07,0,aaaaa,1.0,,SINGLE VALUE,0.0,0.48,False
법인정보.csv,최종갱신자ID,관리회계BI_조직.csv,최종갱신자ID,1.0,0,AAAAA,6.0,,,0.0,0.07,0,aaaaa,1.0,,SINGLE VALUE,0.0,0.24,False
법인정보.csv,최종갱신자ID,관리회계_계정그룹.csv,최종갱신자ID,1.0,0,AAAAA,6.0,,,0.0,0.07,0,aaaaa,2.0,,,0.0,66.67,False
법인정보.csv,최종갱신자ID,관리회계_계정그룹상세.csv,최종갱신자ID,1.0,0,AAAAA,6.0,,,0.0,0.07,0,aaaaa,1.0,,,0.0,2.15,False
법인정보.csv,최종갱신자ID,관리회계_고객.csv,최종갱신자ID,1.0,0,AAAAA,6.0,,,0.0,0.07,0,AAAAA,5.0,,,0.07,0.08,False
법인정보.csv,최종갱신자ID,관리회계_공통코드.csv,최종갱신자ID,1.0,0,AAAAA,6.0,,,0.0,0.07,0,aaaaaa,3.0,,,49.12,6.9,False
법인정보.csv,최종갱신자ID,관리회계_분류공통코드.csv,최종갱신자ID,1.0,0,AAAAA,6.0,,,0.0,0.07,0,aaaaaa,2.0,,,50.0,15.38,False
법인정보.csv,최종갱신자ID,관리회계_사업.csv,최종갱신자ID,1.0,0,AAAAA,6.0,,,0.0,0.07,0,aaaaa,1.0,,SINGLE VALUE,0.0,0.24,False
법인정보.csv,최종갱신자ID,관리회계_조직.csv,최종갱신자ID,1.0,0,AAAAA,6.0,,,0.0,0.07,0,aaaaa,1.0,,SINGLE VALUE,0.0,0.24,False
법인정보.csv,최종갱신자ID,관리회계_조직_test.csv,최종갱신자ID,1.0,0,AAAAA,6.0,,,0.0,0.07,0,aaaaa,1.0,,,33.33,12.5,False
법인정보.csv,최종갱신자ID,관리회계_조직그룹.csv,최종갱신자ID,1.0,0,AAAAA,6.0,,,0.0,0.07,0,aaaaa,1.0,,,0.0,10.0,False
법인정보.csv,최종갱신자ID,관리회계_조직그룹상세.csv,최종갱신자ID,1.0,0,AAAAA,6.0,,,0.0,0.07,0,aaaaa,1.0,,SINGLE VALUE,0.0,0.29,False
법인정보.csv,최종갱신자ID,관리회계계정.csv,최종갱신자ID,1.0,0,AAAAA,6.0,,,0.0,0.07,0,aaaaa,1.0,,SINGLE VALUE,0.0,0.24,False
법인정보.csv,최종갱신자ID,법인정보.csv,최종갱신자ID,1.0,0,AAAAA,6.0,,,0.0,0.07,0,AAAAA,6.0,,,0.0,0.07,True
법인정보.csv,최종갱신자ID,원가인명정보.csv,최종갱신자ID,1.0,0,AAAAA,6.0,,,0.0,0.07,0,aaaaa,4.0,,,6.01,0.05,False
불량등급.csv,불량등급명,불량등급.csv,불량등급명,1.0,1,KK,10.0,,UNIQUE,0.0,100.0,1,KK,10.0,,UNIQUE,0.0,100.0,True
불량등급.csv,처리자사번,결제조건.csv,처리자사번,1.0,0,nnnnnnn,1.0,,,0.0,26.32,0,nnnnnnn,1.0,,,0.0,10.53,False
불량등급.csv,처리자사번,기업설립형태.csv,처리자사번,1.0,0,nnnnnnn,1.0,,,0.0,26.32,0,nnnnnnn,1.0,,TEL,0.0,9.09,False
불량등급.csv,처리자사번,불량등급.csv,처리자사번,1.0,0,nnnnnnn,1.0,,,0.0,26.32,0,nnnnnnn,1.0,,,0.0,26.32,True
불량등급.csv,처리자사번,사업구분.csv,처리자사번,1.0,0,nnnnnnn,1.0,,,0.0,26.32,0,nnnnnnn,1.0,,,0.0,3.36,False
불량등급.csv,처리자사번,사용자.csv,처리자사번,1.0,0,nnnnnnn,1.0,,,0.0,26.32,0,nnnnnnn,8.0,,,0.0,5.21,False
불량등급.csv,처리자사번,수입관리점소.csv,처리자사번,1.0,0,nnnnnnn,1.0,,,0.0,26.32,0,nnnnnnn,1.0,,,0.0,5.31,False
불량등급.csv,처리자사번,신용공여기간.csv,처리자사번,1.0,0,nnnnnnn,1.0,,,0.0,26.32,0,nnnnnnn,1.0,,,0.0,30.23,False
불량등급.csv,처리자사번,신용등급.csv,처리자사번,1.0,0,nnnnnnn,1.0,,,0.0,26.32,0,nnnnnnn,1.0,,,0.0,16.67,False
사업구분.csv,사업구분코드,계약마스터.csv,소사업코드,0.7273,1,AAA,3.0,,UNIQUE,0.0,100.0,0,nnn,1.0,,,0.0,0.6,False
사업구분.csv,사업구분코드,관리회계BI_사업.csv,전사업코드,0.7273,1,AAA,3.0,,UNIQUE,0.0,100.0,0,nnn,1.0,,SEQUENCE,0.0,0.48,False
사업구분.csv,사업구분코드,관리회계BI_사업.csv,대사업코드,0.7273,1,AAA,3.0,,UNIQUE,0.0,100.0,0,nnn,1.0,,,0.0,2.42,False
사업구분.csv,사업구분코드,관리회계BI_사업.csv,중사업코드,0.7273,1,AAA,3.0,,UNIQUE,0.0,100.0,0,nnn,1.0,,,0.0,8.21,False
사업구분.csv,사업구분코드,관리회계BI_사업.csv,소사업코드,0.7273,1,AAA,3.0,,UNIQUE,0.0,100.0,0,nnn,1.0,,,0.0,18.84,False
사업구분.csv,사업구분코드,관리회계BI_사업.csv,사업코드,0.8,1,AAA,3.0,,UNIQUE,0.0,100.0,0,nnn,1.0,,,0.0,50.24,False
사업구분.csv,사업구분코드,관리회계_사업.csv,사업코드,0.8,1,AAA,3.0,,UNIQUE,0.0,100.0,0,nnn,2.0,,,0.0,57.77,False
사업구분.csv,사업구분코드,사업구분.csv,사업구분코드,1.0,1,AAA,3.0,,UNIQUE,0.0,100.0,1,AAA,3.0,,UNIQUE,0.0,100.0,True
사업구분.csv,사업구분코드,사업코드관리.csv,전사업코드,0.7273,1,AAA,3.0,,UNIQUE,0.0,100.0,0,nnn,1.0,,SEQUENCE,0.0,0.29,False
사업구분.csv,사업구분코드,사업코드관리.csv,대사업코드,0.7273,1,AAA,3.0,,UNIQUE,0.0,100.0,0,nnn,1.0,,,0.0,1.45,False
사업구분.csv,사업구분코드,사업코드관리.csv,중사업코드,0.7273,1,AAA,3.0,,UNIQUE,0.0,100.0,0,nnn,1.0,,,0.0,6.36,False
사업구분.csv,사업구분코드,사업코드관리.csv,소사업코드,0.7273,1,AAA,3.0,,UNIQUE,0.0,100.0,0,nnn,1.0,,,0.0,18.79,False
사업구분.csv,사업구분코드,사업코드관리.csv,사업코드,0.8,1,AAA,3.0,,UNIQUE,0.0,100.0,0,nnn,1.0,,,0.0,52.31,False
사업구분.csv,사업구분코드,작업코드.csv,작업구분코드,0.8333,1,AAA,3.0,,UNIQUE,0.0,100.0,1,nn,3.0,,UNIQUE,0.0,100.0,False
사업구분.csv,계정코드,계정과목코드.csv,계정과목코드,0.8,0,nnnnnn,2.0,,,25.49,54.89,1,nnnnnn,1.0,,UNIQUE,0.0,100.0,False
사업구분.csv,계정코드,계정과목코드.csv,계정유형코드,0.8,0,nnnnnn,2.0,,,25.49,54.89,0,KKKK,4.0,,,86.34,28.57,False
사업구분.csv,계정코드,계정코드관리.csv,계정과목코드,0.8,0,nnnnnn,2.0,,,25.49,54.89,0,nnnnnn,1.0,,,0.0,16.67,False
사업구분.csv,계정코드,관리회계BI_계정.csv,계정과목코드,0.8,0,nnnnnn,2.0,,,25.49,54.89,0,nnnnnn,1.0,,,0.0,20.11,False
사업구분.csv,계정코드,관리회계_계정그룹상세.csv,계정코드,1.0,0,nnnnnn,2.0,,,25.49,54.89,1,nnnnnn,1.0,,UNIQUE,0.0,100.0,False
사업구분.csv,계정코드,사업구분.csv,계정코드,1.0,0,nnnnnn,2.0,,,25.49,54.89,0,nnnnnn,2.0,,,25.49,54.89,True
사업구분.csv,사업구분한글명,사업구분.csv,사업구분한글명,1.0,0,KKKKKK,82.0,,Text,0.0,75.35,0,KKKKKK,82.0,,Text,0.0,75.35,True
사업구분.csv,사업구분한글명,사업구분.csv,사업구분영문명,0.7143,0,KKKKKK,82.0,,Text,0.0,75.35,0,AAAAAAA AAAAA AAAAAA,111.0,,,31.37,70.61,False
사업구분.csv,사업구분영문명,사업구분.csv,사업구분한글명,0.7143,0,AAAAAAA AAAAA AAAAAA,111.0,,,31.37,70.61,0,KKKKKK,82.0,,Text,0.0,75.35,False
사업구분.csv,사업구분영문명,사업구분.csv,사업구분영문명,1.0,0,AAAAAAA AAAAA AAAAAA,111.0,,,31.37,70.61,0,AAAAAAA AAAAA AAAAAA,111.0,,,31.37,70.61,True
사업구분.csv,한글CHARGE명,사업구분.csv,한글CHARGE명,1.0,0,KKKKK,52.0,,Text,36.13,76.75,0,KKKKK,52.0,,Text,36.13,76.75,True
사업구분.csv,영문CHARCE명,사업구분.csv,영문CHARCE명,1.0,0,AAAAAAA AAA,94.0,,,57.42,81.58,0,AAAAAAA AAA,94.0,,,57.42,81.58,True
사업구분.csv,처리자사번,결제조건.csv,처리자사번,1.0,0,nnnnnnn,1.0,,,0.0,3.36,0,nnnnnnn,1.0,,,0.0,10.53,False
사업구분.csv,처리자사번,기업설립형태.csv,처리자사번,1.0,0,nnnnnnn,1.0,,,0.0,3.36,0,nnnnnnn,1.0,,TEL,0.0,9.09,False
사업구분.csv,처리자사번,불량등급.csv,처리자사번,1.0,0,nnnnnnn,1.0,,,0.0,3.36,0,nnnnnnn,1.0,,,0.0,26.32,False
사업구분.csv,처리자사번,사업구분.csv,처리자사번,1.0,0,nnnnnnn,1.0,,,0.0,3.36,0,nnnnnnn,1.0,,,0.0,3.36,True
사업구분.csv,처리자사번,사용자.csv,처리자사번,1.0,0,nnnnnnn,1.0,,,0.0,3.36,0,nnnnnnn,8.0,,,0.0,5.21,False
사업구분.csv,처리자사번,수입관리점소.csv,처리자사번,1.0,0,nnnnnnn,1.0,,,0.0,3.36,0,nnnnnnn,1.0,,,0.0,5.31,False
사업구분.csv,처리자사번,신용공여기간.csv,처리자사번,1.0,0,nnnnnnn,1.0,,,0.0,3.36,0,nnnnnnn,1.0,,,0.0,30.23,False
사업구분.csv,처리자사번,신용등급.csv,처리자사번,1.0,0,nnnnnnn,1.0,,,0.0,3.36,0,nnnnnnn,1.0,,,0.0,16.67,False
사업구분.csv,ERP_COA_ACCOUNT,사업구분.csv,ERP_COA_ACCOUNT,1.0,0,nnnnnn,1.0,,,46.22,19.79,0,nnnnnn,1.0,,,46.22,19.79,True
사업구분.csv,ERP_COA_DIVS,사업구분.csv,ERP_COA_DIVS,1.0,0,nnn,1.0,,,46.78,39.47,0,nnn,1.0,,,46.78,39.47,True
사업자등록번호정보.csv,사업자등록번호,CUSTOMER.csv,주민_사업자등록번호,0.8235,1,nnnnnnnnnn,11.0,유효사업자번호3,UNIQUE,0.0,100.0,0,nnnnnnnnnn,3.0,유효사업자번호3,,2.84,92.58,False
사업자등록번호정보.csv,사업자등록번호,OneClick고객.csv,사업자등록번호,1.0,1,nnnnnnnnnn,11.0,유효사업자번호3,UNIQUE,0.0,100.0,0,nnn-nn-nnnnn,2.0,,,0.0,90.72,False
사업자등록번호정보.csv,사업자등록번호,ORGNIZATION.csv,사업자등록번호,1.0,1,nnnnnnnnnn,11.0,유효사업자번호3,UNIQUE,0.0,100.0,0,nnnnnnnnnn,1.0,유효사업자번호3,,49.82,75.01,False
사업자등록번호정보.csv,사업자등록번호,PRM계약.csv,사업자번호,0.8333,1,nnnnnnnnnn,11.0,유효사업자번호3,UNIQUE,0.0,100.0,0,nnnnnnnnnn,1.0,유효사업자번호3,,0.0,35.16,False
사업자등록번호정보.csv,사업자등록번호,간선사업자.csv,사업자번호,0.8333,1,nnnnnnnnnn,11.0,유효사업자번호3,UNIQUE,0.0,100.0,1,nnn-nn-nnnnn,2.0,,UNIQUE,0.0,100.0,False
사업자등록번호정보.csv,사업자등록번호,개인고객.csv,사업자등록번호,1.0,1,nnnnnnnnnn,11.0,유효사업자번호3,UNIQUE,0.0,100.0,1,nnnnnnnnnn,2.0,유효사업자번호3,UNIQUE,11.49,100.0,False
사업자등록번호정보.csv,사업자등록번호,계약마스터.csv,사업자번호,0.8333,1,nnnnnnnnnn,11.0,유효사업자번호3,UNIQUE,0.0,100.0,0,nnnnnnnnnn,1.0,유효사업자번호3,,0.0,78.54,False
사업자등록번호정보.csv,사업자등록번호,고객마스터.csv,사업자등록번호,1.0,1,nnnnnnnnnn,11.0,유효사업자번호3,UNIQUE,0.0,100.0,0,nnn-nn-nnnnn,3.0,,,0.0,92.76,False
사업자등록번호정보.csv,사업자등록번호,관리회계_고객.csv,사업자등록번호,1.0,1,nnnnnnnnnn,11.0,유효사업자번호3,UNIQUE,0.0,100.0,1,nnnnnnnnnn,10.0,유효사업자번호3,UNIQUE,0.0,100.0,False
사업자등록번호정보.csv,사업자등록번호,기업고객.csv,기업사업자등록번호,0.875,1,nnnnnnnnnn,11.0,유효사업자번호3,UNIQUE,0.0,100.0,0,nnnnnnnnnn,3.0,유효사업자번호3,,0.01,90.95,False
사업자등록번호정보.csv,사업자등록번호,배송점.csv,사업자등록번호,1.0,1,nnnnnnnnnn,11.0,유효사업자번호3,UNIQUE,0.0,100.0,0,nnnnnnnnnn,1.0,유효사업자번호3,,33.32,80.85,False
사업자등록번호정보.csv,사업자등록번호,사업자등록번호정보.csv,사업자등록번호,1.0,1,nnnnnnnnnn,11.0,유효사업자번호3,UNIQUE,0.0,100.0,1,nnnnnnnnnn,11.0,유효사업자번호3,UNIQUE,0.0,100.0,True
사업자등록번호정보.csv,사업자등록번호,서브터미널.csv,사업자등록번호,1.0,1,nnnnnnnnnn,11.0,유효사업자번호3,UNIQUE,0.0,100.0,0,nnnnnnnnnn,1.0,,,99.99,100.0,False
사업자등록번호정보.csv,사업자등록번호,수입관리점소.csv,사업자번호,0.8333,1,nnnnnnnnnn,11.0,유효사업자번호3,UNIQUE,0.0,100.0,0,nnnnnnnnnn,1.0,유효사업자번호3,,0.0,12.57,False
사업자등록번호정보.csv,사업자등록번호,영업소.csv,사업자등록번호,1.0,1,nnnnnnnnnn,11.0,유효사업자번호3,UNIQUE,0.0,100.0,0,nnnnnnnnnn,1.0,유효사업자번호3,,0.0,52.05,False
사업자등록번호정보.csv,사업자등록번호,택배_고객.csv,주민_사업자등록번호,0.8235,1,nnnnnnnnnn,11.0,유효사업자번호3,UNIQUE,0.0,100.0,0,nnnnnnnnnn,2.0,유효사업자번호3,,0.58,89.94,False
사업자등록번호정보.csv,사업자등록번호,택배_고객.csv,사업자등록우편번호,0.875,1,nnnnnnnnnn,11.0,유효사업자번호3,UNIQUE,0.0,100.0,0,nnnnnn,2.0,우편번호구3,,2.04,32.74,False
사업자등록번호정보.csv,사업자등록번호,택배_조직도.csv,사업자등록번호,1.0,1,nnnnnnnnnn,11.0,유효사업자번호3,UNIQUE,0.0,100.0,0,nnnnnnnnnn,1.0,유효사업자번호3,,49.82,75.01,False
사업자등록번호정보.csv,사업자등록번호,사업자등록번호5.csv,사업자등록번호5,0.9333,1,nnnnnnnnnn,11.0,유효사업자번호3,UNIQUE,0.0,100.0,1,nnnnnnnnnn,1.0,,UNIQUE,0.0,100.0,False
사업자등록번호정보.csv,사업자등록번호,사업자등록번호7.csv,사업자등록번호7,0.9333,1,nnnnnnnnnn,11.0,유효사업자번호3,UNIQUE,0.0,100.0,1,nnn-nn-nnnnn,1.0,,UNIQUE,0.0,100.0,False
사업자등록번호정보.csv,고객명,CUSTOMER.csv,고객명,1.0,0,KKKK,913.0,,Text,0.0,98.37,0,KKK,724.0,,Text,0.32,92.27,False
사업자등록번호정보.csv,고객명,CUSTOMER.csv,영문고객명,0.75,0,KKKK,913.0,,Text,0.0,98.37,0,A,180.0,,,97.23,97.11,False
사업자등록번호정보.csv,고객명,OneClick고객.csv,고객명,1.0,0,KKKK,913.0,,Text,0.0,98.37,0,KKK,347.0,,Text,0.0,85.83,False
사업자등록번호정보.csv,고객명,개인고객.csv,고객명,1.0,0,KKKK,913.0,,Text,0.0,98.37,0,KKK,37.0,,Text,0.26,91.75,False
사업자등록번호정보.csv,고객명,개인고객.csv,영문고객명,0.75,0,KKKK,913.0,,Text,0.0,98.37,0,AAAAAAAA AAAAAAA AAA,6.0,,,99.74,100.0,False
사업자등록번호정보.csv,고객명,계약마스터.csv,고객명,1.0,0,KKKK,913.0,,Text,0.0,98.37,0,KKKK,375.0,,Text,0.0,78.27,False
사업자등록번호정보.csv,고객명,고객마스터.csv,고객명,1.0,0,KKKK,913.0,,Text,0.0,98.37,0,KKKK,494.0,,Text,0.01,98.63,False
사업자등록번호정보.csv,고객명,고객유형.csv,고객유형명,0.75,0,KKKK,913.0,,Text,0.0,98.37,0,aAAAAA,4.0,,,0.0,100.0,False
사업자등록번호정보.csv,고객명,관리회계_고객.csv,고객명,1.0,0,KKKK,913.0,,Text,0.0,98.37,0,KKKK,730.0,,Text,0.0,100.0,False
사업자등록번호정보.csv,고객명,기업고객.csv,기업고객명,0.75,0,KKKK,913.0,,Text,0.0,98.37,0,KKKK,681.0,,Text,0.05,92.53,False
사업자등록번호정보.csv,고객명,기업고객.csv,영문고객명,0.75,0,KKKK,913.0,,Text,0.0,98.37,0,A,176.0,,,96.33,97.05,False
사업자등록번호정보.csv,고객명,사업자등록번호정보.csv,고객명,1.0,0,KKKK,913.0,,Text,0.0,98.37,0,KKKK,913.0,,Text,0.0,98.37,True
사업자등록번호정보.csv,고객명,수입관리_고객.csv,고객명,1.0,0,KKKK,913.0,,Text,0.0,98.37,0,KKKK,812.0,,Text,0.0,97.88,False
사업자등록번호정보.csv,고객명,택배_고객.csv,한글고객명,0.75,0,KKKK,913.0,,Text,0.0,98.37,0,KKKK,799.0,,Text,0.55,89.93,False
사업자등록번호정보.csv,고객명,택배_고객.csv,영문고객명,0.75,0,KKKK,913.0,,Text,0.0,98.37,0,A,312.0,,,94.3,92.11,False
사업자등록번호정보.csv,법인번호,CUSTOMER.csv,법인번호,1.0,0,nnnnnnnnnnnnn,2.0,법인번호7,,72.02,93.42,0,nnnnnnnnnnnnn,1.0,법인번호7,,87.03,11.72,False
사업자등록번호정보.csv,법인번호,OneClick고객.csv,법인등록번호,0.8,0,nnnnnnnnnnnnn,2.0,법인번호7,,72.02,93.42,0,n.nnnnnAsnn,3.0,,,98.78,33.61,False
사업자등록번호정보.csv,법인번호,고객마스터.csv,법인등록번호,0.8,0,nnnnnnnnnnnnn,2.0,법인번호7,,72.02,93.42,0,n.nnnnnAsnn,2.0,,,94.85,21.75,False
사업자등록번호정보.csv,법인번호,관리회계_고객.csv,법인번호,1.0,0,nnnnnnnnnnnnn,2.0,법인번호7,,72.02,93.42,0,nnnnnnnnnnnnn,3.0,법인번호7,,73.56,10.7,False
사업자등록번호정보.csv,법인번호,기업고객.csv,기업법인번호,0.8,0,nnnnnnnnnnnnn,2.0,법인번호7,,72.02,93.42,0,n.nnnnnAsnn,2.0,,,82.45,11.72,False
사업자등록번호정보.csv,법인번호,법인정보.csv,법인번호,1.0,0,nnnnnnnnnnnnn,2.0,법인번호7,,72.02,93.42,1,nnnnnnnnnnnnn,4.0,법인번호7,UNIQUE,0.0,100.0,False
사업자등록번호정보.csv,법인번호,사업자등록번호정보.csv,법인번호,1.0,0,nnnnnnnnnnnnn,2.0,법인번호7,,72.02,93.42,0,nnnnnnnnnnnnn,2.0,법인번호7,,72.02,93.42,True
사업자등록번호정보.csv,법인번호,수입관리_고객.csv,법인번호,1.0,0,nnnnnnnnnnnnn,2.0,법인번호7,,72.02,93.42,0,n.nnnnnAsnn,4.0,,,84.0,13.31,False
사업자등록번호정보.csv,법인번호,법인번호7.csv,법인번호7,0.8889,0,nnnnnnnnnnnnn,2.0,법인번호7,,72.02,93.42,1,nnnnnnnnnnnnn,1.0,,UNIQUE,0.0,100.0,False
사업코드관리.csv,사업유형코드,계약마스터.csv,소사업코드,0.7273,0,AAAA n,1.0,,,0.0,0.58,0,nnn,1.0,,,0.0,0.6,False
사업코드관리.csv,사업유형코드,관리회계BI_사업.csv,사업유형코드,1.0,0,AAAA n,1.0,,,0.0,0.58,0,AAAAn,1.0,,,0.0,0.97,False
사업코드관리.csv,사업유형코드,관리회계BI_사업.csv,전사업코드,0.7273,0,AAAA n,1.0,,,0.0,0.58,0,nnn,1.0,,SEQUENCE,0.0,0.48,False
사업코드관리.csv,사업유형코드,관리회계BI_사업.csv,대사업코드,0.7273,0,AAAA n,1.0,,,0.0,0.58,0,nnn,1.0,,,0.0,2.42,False
사업코드관리.csv,사업유형코드,관리회계BI_사업.csv,중사업코드,0.7273,0,AAAA n,1.0,,,0.0,0.58,0,nnn,1.0,,,0.0,8.21,False
사업코드관리.csv,사업유형코드,관리회계BI_사업.csv,소사업코드,0.7273,0,AAAA n,1.0,,,0.0,0.58,0,nnn,1.0,,,0.0,18.84,False
사업코드관리.csv,사업유형코드,관리회계BI_사업.csv,사업코드,0.8,0,AAAA n,1.0,,,0.0,0.58,0,nnn,1.0,,,0.0,50.24,False
사업코드관리.csv,사업유형코드,관리회계_사업.csv,사업유형코드,1.0,0,AAAA n,1.0,,,0.0,0.58,0,AAAAn,1.0,,,0.0,0.49,False
사업코드관리.csv,사업유형코드,관리회계_사업.csv,사업코드,0.8,0,AAAA n,1.0,,,0.0,0.58,0,nnn,2.0,,,0.0,57.77,False
사업코드관리.csv,사업유형코드,미배송사유코드.csv,사유코드,0.8,0,AAAA n,1.0,,,0.0,0.58,0,nn,2.0,,,0.0,38.46,False
사업코드관리.csv,사업유형코드,사업코드관리.csv,사업유형코드,1.0,0,AAAA n,1.0,,,0.0,0.58,0,AAAA n,1.0,,,0.0,0.58,True
사업코드관리.csv,사업유형코드,사업코드관리.csv,전사업코드,0.7273,0,AAAA n,1.0,,,0.0,0.58,0,nnn,1.0,,SEQUENCE,0.0,0.29,False
사업코드관리.csv,사업유형코드,사업코드관리.csv,대사업코드,0.7273,0,AAAA n,1.0,,,0.0,0.58,0,nnn,1.0,,,0.0,1.45,False
사업코드관리.csv,사업유형코드,사업코드관리.csv,중사업코드,0.7273,0,AAAA n,1.0,,,0.0,0.58,0,nnn,1.0,,,0.0,6.36,False
사업코드관리.csv,사업유형코드,사업코드관리.csv,소사업코드,0.7273,0,AAAA n,1.0,,,0.0,0.58,0,nnn,1.0,,,0.0,18.79,False
사업코드관리.csv,사업유형코드,사업코드관리.csv,사업코드,0.8,0,AAAA n,1.0,,,0.0,0.58,0,nnn,1.0,,,0.0,52.31,False
사업코드관리.csv,전사업코드,계약마스터.csv,소사업코드,0.8,0,nnn,1.0,,SEQUENCE,0.0,0.29,0,nnn,1.0,,,0.0,0.6,False
사업코드관리.csv,전사업코드,관리회계BI_사업.csv,사업유형코드,0.7273,0,nnn,1.0,,SEQUENCE,0.0,0.29,0,AAAAn,1.0,,,0.0,0.97,False
사업코드관리.csv,전사업코드,관리회계BI_사업.csv,전사업코드,1.0,0,nnn,1.0,,SEQUENCE,0.0,0.29,0,nnn,1.0,,SEQUENCE,0.0,0.48,False
사업코드관리.csv,전사업코드,관리회계BI_사업.csv,대사업코드,0.8,0,nnn,1.0,,SEQUENCE,0.0,0.29,0,nnn,1.0,,,0.0,2.42,False
사업코드관리.csv,전사업코드,관리회계BI_사업.csv,중사업코드,0.8,0,nnn,1.0,,SEQUENCE,0.0,0.29,0,nnn,1.0,,,0.0,8.21,False
사업코드관리.csv,전사업코드,관리회계BI_사업.csv,소사업코드,0.8,0,nnn,1.0,,SEQUENCE,0.0,0.29,0,nnn,1.0,,,0.0,18.84,False
사업코드관리.csv,전사업코드,관리회계BI_사업.csv,사업코드,0.8889,0,nnn,1.0,,SEQUENCE,0.0,0.29,0,nnn,1.0,,,0.0,50.24,False
사업코드관리.csv,전사업코드,관리회계_사업.csv,사업유형코드,0.7273,0,nnn,1.0,,SEQUENCE,0.0,0.29,0,AAAAn,1.0,,,0.0,0.49,False
사업코드관리.csv,전사업코드,관리회계_사업.csv,사업코드,0.8889,0,nnn,1.0,,SEQUENCE,0.0,0.29,0,nnn,2.0,,,0.0,57.77,False
사업코드관리.csv,전사업코드,관리회계_사업.csv,상위사업코드,0.7273,0,nnn,1.0,,SEQUENCE,0.0,0.29,0,nnn,1.0,,,0.97,19.61,False
사업코드관리.csv,전사업코드,사업구분.csv,사업구분코드,0.7273,0,nnn,1.0,,SEQUENCE,0.0,0.29,1,AAA,3.0,,UNIQUE,0.0,100.0,False
사업코드관리.csv,전사업코드,사업코드관리.csv,사업유형코드,0.7273,0,nnn,1.0,,SEQUENCE,0.0,0.29,0,AAAA n,1.0,,,0.0,0.58,False
사업코드관리.csv,전사업코드,사업코드관리.csv,전사업코드,1.0,0,nnn,1.0,,SEQUENCE,0.0,0.29,0,nnn,1.0,,SEQUENCE,0.0,0.29,True
사업코드관리.csv,전사업코드,사업코드관리.csv,대사업코드,0.8,0,nnn,1.0,,SEQUENCE,0.0,0.29,0,nnn,1.0,,,0.0,1.45,False
사업코드관리.csv,전사업코드,사업코드관리.csv,중사업코드,0.8,0,nnn,1.0,,SEQUENCE,0.0,0.29,0,nnn,1.0,,,0.0,6.36,False
사업코드관리.csv,전사업코드,사업코드관리.csv,소사업코드,0.8,0,nnn,1.0,,SEQUENCE,0.0,0.29,0,nnn,1.0,,,0.0,18.79,False
사업코드관리.csv,전사업코드,사업코드관리.csv,사업코드,0.8889,0,nnn,1.0,,SEQUENCE,0.0,0.29,0,nnn,1.0,,,0.0,52.31,False
사업코드관리.csv,전사업코드,택배BI_조직.csv,사업본부코드,0.7273,0,nnn,1.0,,SEQUENCE,0.0,0.29,0,AAAAA,2.0,,,0.67,0.11,False
사업코드관리.csv,전사업명,PRM계약.csv,사업자명,0.75,0,KKKKKK,1.0,,SINGLE VALUE,0.0,0.29,0,KKKK,139.0,,Text,0.0,38.8,False
사업코드관리.csv,전사업명,계약마스터.csv,소사업명,0.75,0,KKKKKK,1.0,,SINGLE VALUE,0.0,0.29,0,AnAKK,18.0,,,0.05,0.59,False
사업코드관리.csv,전사업명,관리회계BI_사업.csv,전사업명,1.0,0,KKKKKK,1.0,,SINGLE VALUE,0.0,0.29,0,KKKKK,1.0,,SINGLE VALUE,0.0,0.48,False
사업코드관리.csv,전사업명,관리회계BI_사업.csv,대사업명,0.75,0,KKKKKK,1.0,,SINGLE VALUE,0.0,0.29,0,KKKKKK,4.0,,,0.0,2.42,False
사업코드관리.csv,전사업명,관리회계BI_사업.csv,중사업명,0.75,0,KKKKKK,1.0,,SINGLE VALUE,0.0,0.29,0,KKKK,5.0,,,0.0,8.21,False
사업코드관리.csv,전사업명,관리회계BI_사업.csv,소사업명,0.75,0,KKKKKK,1.0,,SINGLE VALUE,0.0,0.29,0,KKKKKK,14.0,,,0.0,18.84,False
사업코드관리.csv,전사업명,관리회계BI_사업.csv,사업명,0.8571,0,KKKKKK,1.0,,SINGLE VALUE,0.0,0.29,0,KKKKKK,23.0,,Text,0.0,50.24,False
사업코드관리.csv,전사업명,관리회계_사업.csv,사업명,0.8571,0,KKKKKK,1.0,,SINGLE VALUE,0.0,0.29,0,KKKKKK,35.0,,Text,0.0,44.66,False
사업코드관리.csv,전사업명,사업코드관리.csv,전사업명,1.0,0,KKKKKK,1.0,,SINGLE VALUE,0.0,0.29,0,KKKKKK,1.0,,SINGLE VALUE,0.0,0.29,True
사업코드관리.csv,전사업명,사업코드관리.csv,대사업명,0.75,0,KKKKKK,1.0,,SINGLE VALUE,0.0,0.29,0,KKKKKK,3.0,,,0.0,1.45,False
사업코드관리.csv,전사업명,사업코드관리.csv,중사업명,0.75,0,KKKKKK,1.0,,SINGLE VALUE,0.0,0.29,0,KKKK,5.0,,,0.0,6.36,False
사업코드관리.csv,전사업명,사업코드관리.csv,소사업명,0.75,0,KKKKKK,1.0,,SINGLE VALUE,0.0,0.29,0,KKKKKK,16.0,,,0.0,18.79,False
사업코드관리.csv,전사업명,사업코드관리.csv,사업명,0.8571,0,KKKKKK,1.0,,SINGLE VALUE,0.0,0.29,0,KKKKKK,31.0,,Text,0.0,52.02,False
사업코드관리.csv,대사업코드,계약마스터.csv,소사업코드,0.8,0,nnn,1.0,,,0.0,1.45,0,nnn,1.0,,,0.0,0.6,False
사업코드관리.csv,대사업코드,관리회계BI_사업.csv,사업유형코드,0.7273,0,nnn,1.0,,,0.0,1.45,0,AAAAn,1.0,,,0.0,0.97,False
사업코드관리.csv,대사업코드,관리회계BI_사업.csv,전사업코드,0.8,0,nnn,1.0,,,0.0,1.45,0,nnn,1.0,,SEQUENCE,0.0,0.48,False
사업코드관리.csv,대사업코드,관리회계BI_사업.csv,대사업코드,1.0,0,nnn,1.0,,,0.0,1.45,0,nnn,1.0,,,0.0,2.42,False
사업코드관리.csv,대사업코드,관리회계BI_사업.csv,대사업,0.75,0,nnn,1.0,,,0.0,1.45,0,KK,3.0,,,0.0,2.42,False
사업코드관리.csv,대사업코드,관리회계BI_사업.csv,중사업코드,0.8,0,nnn,1.0,,,0.0,1.45,0,nnn,1.0,,,0.0,8.21,False
사업코드관리.csv,대사업코드,관리회계BI_사업.csv,소사업코드,0.8,0,nnn,1.0,,,0.0,1.45,0,nnn,1.0,,,0.0,18.84,False
사업코드관리.csv,대사업코드,관리회계BI_사업.csv,사업코드,0.8889,0,nnn,1.0,,,0.0,1.45,0,nnn,1.0,,,0.0,50.24,False
사업코드관리.csv,대사업코드,관리회계_사업.csv,사업유형코드,0.7273,0,nnn,1.0,,,0.0,1.45,0,AAAAn,1.0,,,0.0,0.49,False
사업코드관리.csv,대사업코드,관리회계_사업.csv,사업코드,0.8889,0,nnn,1.0,,,0.0,1.45,0,nnn,2.0,,,0.0,57.77,False
사업코드관리.csv,대사업코드,관리회계_사업.csv,상위사업코드,0.7273,0,nnn,1.0,,,0.0,1.45,0,nnn,1.0,,,0.97,19.61,False
사업코드관리.csv,대사업코드,사업구분.csv,사업구분코드,0.7273,0,nnn,1.0,,,0.0,1.45,1,AAA,3.0,,UNIQUE,0.0,100.0,False
사업코드관리.csv,대사업코드,사업코드관리.csv,사업유형코드,0.7273,0,nnn,1.0,,,0.0,1.45,0,AAAA n,1.0,,,0.0,0.58,False
사업코드관리.csv,대사업코드,사업코드관리.csv,전사업코드,0.8,0,nnn,1.0,,,0.0,1.45,0,nnn,1.0,,SEQUENCE,0.0,0.29,False
사업코드관리.csv,대사업코드,사업코드관리.csv,대사업코드,1.0,0,nnn,1.0,,,0.0,1.45,0,nnn,1.0,,,0.0,1.45,True
사업코드관리.csv,대사업코드,사업코드관리.csv,중사업코드,0.8,0,nnn,1.0,,,0.0,1.45,0,nnn,1.0,,,0.0,6.36,False
사업코드관리.csv,대사업코드,사업코드관리.csv,소사업코드,0.8,0,nnn,1.0,,,0.0,1.45,0,nnn,1.0,,,0.0,18.79,False
사업코드관리.csv,대사업코드,사업코드관리.csv,사업코드,0.8889,0,nnn,1.0,,,0.0,1.45,0,nnn,1.0,,,0.0,52.31,False
사업코드관리.csv,대사업코드,택배BI_조직.csv,사업본부코드,0.7273,0,nnn,1.0,,,0.0,1.45,0,AAAAA,2.0,,,0.67,0.11,False
사업코드관리.csv,대사업명,PRM계약.csv,사업자명,0.75,0,KKKKKK,3.0,,,0.0,1.45,0,KKKK,139.0,,Text,0.0,38.8,False
사업코드관리.csv,대사업명,계약마스터.csv,소사업명,0.75,0,KKKKKK,3.0,,,0.0,1.45,0,AnAKK,18.0,,,0.05,0.59,False
사업코드관리.csv,대사업명,관리회계BI_사업.csv,전사업명,0.75,0,KKKKKK,3.0,,,0.0,1.45,0,KKKKK,1.0,,SINGLE VALUE,0.0,0.48,False
사업코드관리.csv,대사업명,관리회계BI_사업.csv,대사업명,1.0,0,KKKKKK,3.0,,,0.0,1.45,0,KKKKKK,4.0,,,0.0,2.42,False
사업코드관리.csv,대사업명,관리회계BI_사업.csv,대사업,0.8571,0,KKKKKK,3.0,,,0.0,1.45,0,KK,3.0,,,0.0,2.42,False
사업코드관리.csv,대사업명,관리회계BI_사업.csv,중사업명,0.75,0,KKKKKK,3.0,,,0.0,1.45,0,KKKK,5.0,,,0.0,8.21,False
사업코드관리.csv,대사업명,관리회계BI_사업.csv,소사업명,0.75,0,KKKKKK,3.0,,,0.0,1.45,0,KKKKKK,14.0,,,0.0,18.84,False
사업코드관리.csv,대사업명,관리회계BI_사업.csv,사업명,0.8571,0,KKKKKK,3.0,,,0.0,1.45,0,KKKKKK,23.0,,Text,0.0,50.24,False
사업코드관리.csv,대사업명,관리회계_사업.csv,사업명,0.8571,0,KKKKKK,3.0,,,0.0,1.45,0,KKKKKK,35.0,,Text,0.0,44.66,False
사업코드관리.csv,대사업명,사업코드관리.csv,전사업명,0.75,0,KKKKKK,3.0,,,0.0,1.45,0,KKKKKK,1.0,,SINGLE VALUE,0.0,0.29,False
사업코드관리.csv,대사업명,사업코드관리.csv,대사업명,1.0,0,KKKKKK,3.0,,,0.0,1.45,0,KKKKKK,3.0,,,0.0,1.45,True
사업코드관리.csv,대사업명,사업코드관리.csv,중사업명,0.75,0,KKKKKK,3.0,,,0.0,1.45,0,KKKK,5.0,,,0.0,6.36,False
사업코드관리.csv,대사업명,사업코드관리.csv,소사업명,0.75,0,KKKKKK,3.0,,,0.0,1.45,0,KKKKKK,16.0,,,0.0,18.79,False
사업코드관리.csv,대사업명,사업코드관리.csv,사업명,0.8571,0,KKKKKK,3.0,,,0.0,1.45,0,KKKKKK,31.0,,Text,0.0,52.02,False
사업코드관리.csv,중사업코드,계약마스터.csv,소사업코드,0.8,0,nnn,1.0,,,0.0,6.36,0,nnn,1.0,,,0.0,0.6,False
사업코드관리.csv,중사업코드,관리회계BI_사업.csv,사업유형코드,0.7273,0,nnn,1.0,,,0.0,6.36,0,AAAAn,1.0,,,0.0,0.97,False
사업코드관리.csv,중사업코드,관리회계BI_사업.csv,전사업코드,0.8,0,nnn,1.0,,,0.0,6.36,0,nnn,1.0,,SEQUENCE,0.0,0.48,False
사업코드관리.csv,중사업코드,관리회계BI_사업.csv,대사업코드,0.8,0,nnn,1.0,,,0.0,6.36,0,nnn,1.0,,,0.0,2.42,False
사업코드관리.csv,중사업코드,관리회계BI_사업.csv,중사업코드,1.0,0,nnn,1.0,,,0.0,6.36,0,nnn,1.0,,,0.0,8.21,False
사업코드관리.csv,중사업코드,관리회계BI_사업.csv,중사업,0.75,0,nnn,1.0,,,0.0,6.36,0,KK,5.0,,,0.0,8.21,False
사업코드관리.csv,중사업코드,관리회계BI_사업.csv,소사업코드,0.8,0,nnn,1.0,,,0.0,6.36,0,nnn,1.0,,,0.0,18.84,False
사업코드관리.csv,중사업코드,관리회계BI_사업.csv,사업코드,0.8889,0,nnn,1.0,,,0.0,6.36,0,nnn,1.0,,,0.0,50.24,False
사업코드관리.csv,중사업코드,관리회계_사업.csv,사업유형코드,0.7273,0,nnn,1.0,,,0.0,6.36,0,AAAAn,1.0,,,0.0,0.49,False
사업코드관리.csv,중사업코드,관리회계_사업.csv,사업코드,0.8889,0,nnn,1.0,,,0.0,6.36,0,nnn,2.0,,,0.0,57.77,False
사업코드관리.csv,중사업코드,관리회계_사업.csv,상위사업코드,0.7273,0,nnn,1.0,,,0.0,6.36,0,nnn,1.0,,,0.97,19.61,False
사업코드관리.csv,중사업코드,사업구분.csv,사업구분코드,0.7273,0,nnn,1.0,,,0.0,6.36,1,AAA,3.0,,UNIQUE,0.0,100.0,False
사업코드관리.csv,중사업코드,사업코드관리.csv,사업유형코드,0.7273,0,nnn,1.0,,,0.0,6.36,0,AAAA n,1.0,,,0.0,0.58,False
사업코드관리.csv,중사업코드,사업코드관리.csv,전사업코드,0.8,0,nnn,1.0,,,0.0,6.36,0,nnn,1.0,,SEQUENCE,0.0,0.29,False
사업코드관리.csv,중사업코드,사업코드관리.csv,대사업코드,0.8,0,nnn,1.0,,,0.0,6.36,0,nnn,1.0,,,0.0,1.45,False
사업코드관리.csv,중사업코드,사업코드관리.csv,중사업코드,1.0,0,nnn,1.0,,,0.0,6.36,0,nnn,1.0,,,0.0,6.36,True
사업코드관리.csv,중사업코드,사업코드관리.csv,소사업코드,0.8,0,nnn,1.0,,,0.0,6.36,0,nnn,1.0,,,0.0,18.79,False
사업코드관리.csv,중사업코드,사업코드관리.csv,사업코드,0.8889,0,nnn,1.0,,,0.0,6.36,0,nnn,1.0,,,0.0,52.31,False
사업코드관리.csv,중사업코드,택배BI_조직.csv,사업본부코드,0.7273,0,nnn,1.0,,,0.0,6.36,0,AAAAA,2.0,,,0.67,0.11,False
사업코드관리.csv,중사업명,PRM계약.csv,사업자명,0.75,0,KKKK,5.0,,,0.0,6.36,0,KKKK,139.0,,Text,0.0,38.8,False
사업코드관리.csv,중사업명,계약마스터.csv,소사업명,0.75,0,KKKK,5.0,,,0.0,6.36,0,AnAKK,18.0,,,0.05,0.59,False
사업코드관리.csv,중사업명,관리회계BI_사업.csv,전사업명,0.75,0,KKKK,5.0,,,0.0,6.36,0,KKKKK,1.0,,SINGLE VALUE,0.0,0.48,False
사업코드관리.csv,중사업명,관리회계BI_사업.csv,대사업명,0.75,0,KKKK,5.0,,,0.0,6.36,0,KKKKKK,4.0,,,0.0,2.42,False
사업코드관리.csv,중사업명,관리회계BI_사업.csv,중사업명,1.0,0,KKKK,5.0,,,0.0,6.36,0,KKKK,5.0,,,0.0,8.21,False
사업코드관리.csv,중사업명,관리회계BI_사업.csv,중사업,0.8571,0,KKKK,5.0,,,0.0,6.36,0,KK,5.0,,,0.0,8.21,False
사업코드관리.csv,중사업명,관리회계BI_사업.csv,소사업명,0.75,0,KKKK,5.0,,,0.0,6.36,0,KKKKKK,14.0,,,0.0,18.84,False
사업코드관리.csv,중사업명,관리회계BI_사업.csv,사업명,0.8571,0,KKKK,5.0,,,0.0,6.36,0,KKKKKK,23.0,,Text,0.0,50.24,False
사업코드관리.csv,중사업명,관리회계_사업.csv,사업명,0.8571,0,KKKK,5.0,,,0.0,6.36,0,KKKKKK,35.0,,Text,0.0,44.66,False
사업코드관리.csv,중사업명,사업코드관리.csv,전사업명,0.75,0,KKKK,5.0,,,0.0,6.36,0,KKKKKK,1.0,,SINGLE VALUE,0.0,0.29,False
사업코드관리.csv,중사업명,사업코드관리.csv,대사업명,0.75,0,KKKK,5.0,,,0.0,6.36,0,KKKKKK,3.0,,,0.0,1.45,False
사업코드관리.csv,중사업명,사업코드관리.csv,중사업명,1.0,0,KKKK,5.0,,,0.0,6.36,0,KKKK,5.0,,,0.0,6.36,True
사업코드관리.csv,중사업명,사업코드관리.csv,소사업명,0.75,0,KKKK,5.0,,,0.0,6.36,0,KKKKKK,16.0,,,0.0,18.79,False
사업코드관리.csv,중사업명,사업코드관리.csv,사업명,0.8571,0,KKKK,5.0,,,0.0,6.36,0,KKKKKK,31.0,,Text,0.0,52.02,False
사업코드관리.csv,소사업코드,계약마스터.csv,소사업코드,1.0,0,nnn,1.0,,,0.0,18.79,0,nnn,1.0,,,0.0,0.6,False
사업코드관리.csv,소사업코드,관리회계BI_사업.csv,사업유형코드,0.7273,0,nnn,1.0,,,0.0,18.79,0,AAAAn,1.0,,,0.0,0.97,False
사업코드관리.csv,소사업코드,관리회계BI_사업.csv,전사업코드,0.8,0,nnn,1.0,,,0.0,18.79,0,nnn,1.0,,SEQUENCE,0.0,0.48,False
사업코드관리.csv,소사업코드,관리회계BI_사업.csv,대사업코드,0.8,0,nnn,1.0,,,0.0,18.79,0,nnn,1.0,,,0.0,2.42,False
사업코드관리.csv,소사업코드,관리회계BI_사업.csv,중사업코드,0.8,0,nnn,1.0,,,0.0,18.79,0,nnn,1.0,,,0.0,8.21,False
사업코드관리.csv,소사업코드,관리회계BI_사업.csv,소사업코드,1.0,0,nnn,1.0,,,0.0,18.79,0,nnn,1.0,,,0.0,18.84,False
사업코드관리.csv,소사업코드,관리회계BI_사업.csv,소사업,0.75,0,nnn,1.0,,,0.0,18.79,0,KKKK,13.0,,,0.0,18.84,False
사업코드관리.csv,소사업코드,관리회계BI_사업.csv,사업코드,0.8889,0,nnn,1.0,,,0.0,18.79,0,nnn,1.0,,,0.0,50.24,False
사업코드관리.csv,소사업코드,관리회계_사업.csv,사업유형코드,0.7273,0,nnn,1.0,,,0.0,18.79,0,AAAAn,1.0,,,0.0,0.49,False
사업코드관리.csv,소사업코드,관리회계_사업.csv,사업코드,0.8889,0,nnn,1.0,,,0.0,18.79,0,nnn,2.0,,,0.0,57.77,False
사업코드관리.csv,소사업코드,관리회계_사업.csv,상위사업코드,0.7273,0,nnn,1.0,,,0.0,18.79,0,nnn,1.0,,,0.97,19.61,False
사업코드관리.csv,소사업코드,사업구분.csv,사업구분코드,0.7273,0,nnn,1.0,,,0.0,18.79,1,AAA,3.0,,UNIQUE,0.0,100.0,False
사업코드관리.csv,소사업코드,사업코드관리.csv,사업유형코드,0.7273,0,nnn,1.0,,,0.0,18.79,0,AAAA n,1.0,,,0.0,0.58,False
사업코드관리.csv,소사업코드,사업코드관리.csv,전사업코드,0.8,0,nnn,1.0,,,0.0,18.79,0,nnn,1.0,,SEQUENCE,0.0,0.29,False
사업코드관리.csv,소사업코드,사업코드관리.csv,대사업코드,0.8,0,nnn,1.0,,,0.0,18.79,0,nnn,1.0,,,0.0,1.45,False
사업코드관리.csv,소사업코드,사업코드관리.csv,중사업코드,0.8,0,nnn,1.0,,,0.0,18.79,0,nnn,1.0,,,0.0,6.36,False
사업코드관리.csv,소사업코드,사업코드관리.csv,소사업코드,1.0,0,nnn,1.0,,,0.0,18.79,0,nnn,1.0,,,0.0,18.79,True
사업코드관리.csv,소사업코드,사업코드관리.csv,사업코드,0.8889,0,nnn,1.0,,,0.0,18.79,0,nnn,1.0,,,0.0,52.31,False
사업코드관리.csv,소사업코드,택배BI_조직.csv,사업본부코드,0.7273,0,nnn,1.0,,,0.0,18.79,0,AAAAA,2.0,,,0.67,0.11,False
사업코드관리.csv,소사업명,PRM계약.csv,사업자명,0.75,0,KKKKKK,16.0,,,0.0,18.79,0,KKKK,139.0,,Text,0.0,38.8,False
사업코드관리.csv,소사업명,계약마스터.csv,소사업명,1.0,0,KKKKKK,16.0,,,0.0,18.79,0,AnAKK,18.0,,,0.05,0.59,False
사업코드관리.csv,소사업명,관리회계BI_사업.csv,전사업명,0.75,0,KKKKKK,16.0,,,0.0,18.79,0,KKKKK,1.0,,SINGLE VALUE,0.0,0.48,False
사업코드관리.csv,소사업명,관리회계BI_사업.csv,대사업명,0.75,0,KKKKKK,16.0,,,0.0,18.79,0,KKKKKK,4.0,,,0.0,2.42,False
사업코드관리.csv,소사업명,관리회계BI_사업.csv,중사업명,0.75,0,KKKKKK,16.0,,,0.0,18.79,0,KKKK,5.0,,,0.0,8.21,False
사업코드관리.csv,소사업명,관리회계BI_사업.csv,소사업명,1.0,0,KKKKKK,16.0,,,0.0,18.79,0,KKKKKK,14.0,,,0.0,18.84,False
사업코드관리.csv,소사업명,관리회계BI_사업.csv,소사업,0.8571,0,KKKKKK,16.0,,,0.0,18.79,0,KKKK,13.0,,,0.0,18.84,False
사업코드관리.csv,소사업명,관리회계BI_사업.csv,사업명,0.8571,0,KKKKKK,16.0,,,0.0,18.79,0,KKKKKK,23.0,,Text,0.0,50.24,False
사업코드관리.csv,소사업명,관리회계_사업.csv,사업명,0.8571,0,KKKKKK,16.0,,,0.0,18.79,0,KKKKKK,35.0,,Text,0.0,44.66,False
사업코드관리.csv,소사업명,사업코드관리.csv,전사업명,0.75,0,KKKKKK,16.0,,,0.0,18.79,0,KKKKKK,1.0,,SINGLE VALUE,0.0,0.29,False
사업코드관리.csv,소사업명,사업코드관리.csv,대사업명,0.75,0,KKKKKK,16.0,,,0.0,18.79,0,KKKKKK,3.0,,,0.0,1.45,False
사업코드관리.csv,소사업명,사업코드관리.csv,중사업명,0.75,0,KKKKKK,16.0,,,0.0,18.79,0,KKKK,5.0,,,0.0,6.36,False
사업코드관리.csv,소사업명,사업코드관리.csv,소사업명,1.0,0,KKKKKK,16.0,,,0.0,18.79,0,KKKKKK,16.0,,,0.0,18.79,True
사업코드관리.csv,소사업명,사업코드관리.csv,사업명,0.8571,0,KKKKKK,16.0,,,0.0,18.79,0,KKKKKK,31.0,,Text,0.0,52.02,False
사업코드관리.csv,business_level5_cd,사업코드관리.csv,business_level5_cd,1.0,0,nnn,1.0,,,0.0,43.35,0,nnn,1.0,,,0.0,43.35,True
사업코드관리.csv,business_level5_cd,사업코드관리.csv,business_level5_name,0.8421,0,nnn,1.0,,,0.0,43.35,0,KKKKKK,26.0,,Text,0.0,43.06,False
사업코드관리.csv,business_level5_cd,사업코드관리.csv,business_level6_cd,0.9444,0,nnn,1.0,,,0.0,43.35,0,nnn,1.0,,,0.0,52.31,False
사업코드관리.csv,business_level5_cd,사업코드관리.csv,business_level6_name,0.7895,0,nnn,1.0,,,0.0,43.35,0,KKKKKK,31.0,,Text,0.0,52.02,False
사업코드관리.csv,business_level5_name,사업코드관리.csv,business_level5_cd,0.8421,0,KKKKKK,26.0,,Text,0.0,43.06,0,nnn,1.0,,,0.0,43.35,False
사업코드관리.csv,business_level5_name,사업코드관리.csv,business_level5_name,1.0,0,KKKKKK,26.0,,Text,0.0,43.06,0,KKKKKK,26.0,,Text,0.0,43.06,True
사업코드관리.csv,business_level5_name,사업코드관리.csv,business_level6_cd,0.7895,0,KKKKKK,26.0,,Text,0.0,43.06,0,nnn,1.0,,,0.0,52.31,False
사업코드관리.csv,business_level5_name,사업코드관리.csv,business_level6_name,0.95,0,KKKKKK,26.0,,Text,0.0,43.06,0,KKKKKK,31.0,,Text,0.0,52.02,False
사업코드관리.csv,business_level6_cd,사업코드관리.csv,business_level5_cd,0.9444,0,nnn,1.0,,,0.0,52.31,0,nnn,1.0,,,0.0,43.35,False
사업코드관리.csv,business_level6_cd,사업코드관리.csv,business_level5_name,0.7895,0,nnn,1.0,,,0.0,52.31,0,KKKKKK,26.0,,Text,0.0,43.06,False
사업코드관리.csv,business_level6_cd,사업코드관리.csv,business_level6_cd,1.0,0,nnn,1.0,,,0.0,52.31,0,nnn,1.0,,,0.0,52.31,True
사업코드관리.csv,business_level6_cd,사업코드관리.csv,business_level6_name,0.8421,0,nnn,1.0,,,0.0,52.31,0,KKKKKK,31.0,,Text,0.0,52.02,False
사업코드관리.csv,business_level6_name,사업코드관리.csv,business_level5_cd,0.7895,0,KKKKKK,31.0,,Text,0.0,52.02,0,nnn,1.0,,,0.0,43.35,False
사업코드관리.csv,business_level6_name,사업코드관리.csv,business_level5_name,0.95,0,KKKKKK,31.0,,Text,0.0,52.02,0,KKKKKK,26.0,,Text,0.0,43.06,False
사업코드관리.csv,business_level6_name,사업코드관리.csv,business_level6_cd,0.8421,0,KKKKKK,31.0,,Text,0.0,52.02,0,nnn,1.0,,,0.0,52.31,False
사업코드관리.csv,business_level6_name,사업코드관리.csv,business_level6_name,1.0,0,KKKKKK,31.0,,Text,0.0,52.02,0,KKKKKK,31.0,,Text,0.0,52.02,True
사업코드관리.csv,사업코드,계약마스터.csv,소사업코드,0.8889,0,nnn,1.0,,,0.0,52.31,0,nnn,1.0,,,0.0,0.6,False
사업코드관리.csv,사업코드,관리회계BI_사업.csv,사업유형코드,0.8,0,nnn,1.0,,,0.0,52.31,0,AAAAn,1.0,,,0.0,0.97,False
사업코드관리.csv,사업코드,관리회계BI_사업.csv,전사업코드,0.8889,0,nnn,1.0,,,0.0,52.31,0,nnn,1.0,,SEQUENCE,0.0,0.48,False
사업코드관리.csv,사업코드,관리회계BI_사업.csv,대사업코드,0.8889,0,nnn,1.0,,,0.0,52.31,0,nnn,1.0,,,0.0,2.42,False
사업코드관리.csv,사업코드,관리회계BI_사업.csv,중사업코드,0.8889,0,nnn,1.0,,,0.0,52.31,0,nnn,1.0,,,0.0,8.21,False
사업코드관리.csv,사업코드,관리회계BI_사업.csv,소사업코드,0.8889,0,nnn,1.0,,,0.0,52.31,0,nnn,1.0,,,0.0,18.84,False
사업코드관리.csv,사업코드,관리회계BI_사업.csv,사업코드,1.0,0,nnn,1.0,,,0.0,52.31,0,nnn,1.0,,,0.0,50.24,False
사업코드관리.csv,사업코드,관리회계_사업.csv,사업유형코드,0.8,0,nnn,1.0,,,0.0,52.31,0,AAAAn,1.0,,,0.0,0.49,False
사업코드관리.csv,사업코드,관리회계_사업.csv,사업코드,1.0,0,nnn,1.0,,,0.0,52.31,0,nnn,2.0,,,0.0,57.77,False
사업코드관리.csv,사업코드,관리회계_사업.csv,상위사업코드,0.8,0,nnn,1.0,,,0.0,52.31,0,nnn,1.0,,,0.97,19.61,False
사업코드관리.csv,사업코드,미배송사유코드.csv,사유코드,0.75,0,nnn,1.0,,,0.0,52.31,0,nn,2.0,,,0.0,38.46,False
사업코드관리.csv,사업코드,미배송사유코드.csv,작업코드,0.75,0,nnn,1.0,,,0.0,52.31,0,nn,2.0,,,0.0,11.54,False
사업코드관리.csv,사업코드,사업구분.csv,사업구분코드,0.8,0,nnn,1.0,,,0.0,52.31,1,AAA,3.0,,UNIQUE,0.0,100.0,False
사업코드관리.csv,사업코드,사업코드관리.csv,사업유형코드,0.8,0,nnn,1.0,,,0.0,52.31,0,AAAA n,1.0,,,0.0,0.58,False
사업코드관리.csv,사업코드,사업코드관리.csv,전사업코드,0.8889,0,nnn,1.0,,,0.0,52.31,0,nnn,1.0,,SEQUENCE,0.0,0.29,False
사업코드관리.csv,사업코드,사업코드관리.csv,대사업코드,0.8889,0,nnn,1.0,,,0.0,52.31,0,nnn,1.0,,,0.0,1.45,False
사업코드관리.csv,사업코드,사업코드관리.csv,중사업코드,0.8889,0,nnn,1.0,,,0.0,52.31,0,nnn,1.0,,,0.0,6.36,False
사업코드관리.csv,사업코드,사업코드관리.csv,소사업코드,0.8889,0,nnn,1.0,,,0.0,52.31,0,nnn,1.0,,,0.0,18.79,False
사업코드관리.csv,사업코드,사업코드관리.csv,사업코드,1.0,0,nnn,1.0,,,0.0,52.31,0,nnn,1.0,,,0.0,52.31,True
사업코드관리.csv,사업코드,선박.csv,선사코드,0.75,0,nnn,1.0,,,0.0,52.31,0,AAAnnnn,5.0,선사코드,,44.41,11.62,False
사업코드관리.csv,사업코드,선석.csv,업체코드,0.75,0,nnn,1.0,,,0.0,52.31,0,A-AAAnnn,1.0,,,51.64,15.01,False
사업코드관리.csv,사업코드,택배BI_조직.csv,사업본부코드,0.8,0,nnn,1.0,,,0.0,52.31,0,AAAAA,2.0,,,0.67,0.11,False
사업코드관리.csv,사업코드,선사코드.csv,선사코드,0.75,0,nnn,1.0,,,0.0,52.31,1,AAAnnnn,7.0,,UNIQUE,0.0,100.0,False
사업코드관리.csv,사업명,PRM계약.csv,사업자명,0.8571,0,KKKKKK,31.0,,Text,0.0,52.02,0,KKKK,139.0,,Text,0.0,38.8,False
사업코드관리.csv,사업명,계약마스터.csv,소사업명,0.8571,0,KKKKKK,31.0,,Text,0.0,52.02,0,AnAKK,18.0,,,0.05,0.59,False
사업코드관리.csv,사업명,관리회계BI_사업.csv,전사업명,0.8571,0,KKKKKK,31.0,,Text,0.0,52.02,0,KKKKK,1.0,,SINGLE VALUE,0.0,0.48,False
사업코드관리.csv,사업명,관리회계BI_사업.csv,대사업명,0.8571,0,KKKKKK,31.0,,Text,0.0,52.02,0,KKKKKK,4.0,,,0.0,2.42,False
사업코드관리.csv,사업명,관리회계BI_사업.csv,중사업명,0.8571,0,KKKKKK,31.0,,Text,0.0,52.02,0,KKKK,5.0,,,0.0,8.21,False
사업코드관리.csv,사업명,관리회계BI_사업.csv,소사업명,0.8571,0,KKKKKK,31.0,,Text,0.0,52.02,0,KKKKKK,14.0,,,0.0,18.84,False
사업코드관리.csv,사업명,관리회계BI_사업.csv,사업명,1.0,0,KKKKKK,31.0,,Text,0.0,52.02,0,KKKKKK,23.0,,Text,0.0,50.24,False
사업코드관리.csv,사업명,관리회계_사업.csv,사업명,1.0,0,KKKKKK,31.0,,Text,0.0,52.02,0,KKKKKK,35.0,,Text,0.0,44.66,False
사업코드관리.csv,사업명,사업코드관리.csv,전사업명,0.8571,0,KKKKKK,31.0,,Text,0.0,52.02,0,KKKKKK,1.0,,SINGLE VALUE,0.0,0.29,False
사업코드관리.csv,사업명,사업코드관리.csv,대사업명,0.8571,0,KKKKKK,31.0,,Text,0.0,52.02,0,KKKKKK,3.0,,,0.0,1.45,False
사업코드관리.csv,사업명,사업코드관리.csv,중사업명,0.8571,0,KKKKKK,31.0,,Text,0.0,52.02,0,KKKK,5.0,,,0.0,6.36,False
사업코드관리.csv,사업명,사업코드관리.csv,소사업명,0.8571,0,KKKKKK,31.0,,Text,0.0,52.02,0,KKKKKK,16.0,,,0.0,18.79,False
사업코드관리.csv,사업명,사업코드관리.csv,사업명,1.0,0,KKKKKK,31.0,,Text,0.0,52.02,0,KKKKKK,31.0,,Text,0.0,52.02,True
사업코드관리.csv,사업명,택배BI_조직.csv,사업본부명,0.75,0,KKKKKK,31.0,,Text,0.0,52.02,0,KKKKKK,2.0,,,0.74,0.07,False
사업코드관리.csv,사업명,사업자명5.csv,사업자명5,0.75,0,KKKKKK,31.0,,Text,0.0,52.02,0,KKKK,211.0,,Text,0.0,100.0,False
사업코드관리.csv,정렬순서,계정코드관리.csv,정렬순서,1.0,1,nnnn,3.0,,UNIQUE,0.0,100.0,1,nnnn,3.0,,UNIQUE,0.0,100.0,False
사업코드관리.csv,정렬순서,관리회계_계정그룹.csv,정렬순서,1.0,1,nnnn,3.0,,UNIQUE,0.0,100.0,0,nn,1.0,,,0.0,100.0,False
사업코드관리.csv,정렬순서,관리회계_계정그룹상세.csv,정렬순서,1.0,1,nnnn,3.0,,UNIQUE,0.0,100.0,1,nnn,2.0,,UNIQUE,1.08,100.0,False
사업코드관리.csv,정렬순서,관리회계_공통코드.csv,정렬순서,1.0,1,nnnn,3.0,,UNIQUE,0.0,100.0,0,nn,3.0,,,5.26,25.0,False
사업코드관리.csv,정렬순서,관리회계_사업.csv,정렬순서,1.0,1,nnnn,3.0,,UNIQUE,0.0,100.0,1,nnnn,3.0,,UNIQUE,0.0,100.0,False
사업코드관리.csv,정렬순서,관리회계_조직.csv,정렬순서,1.0,1,nnnn,3.0,,UNIQUE,0.0,100.0,1,nnnn,3.0,,UNIQUE,0.0,100.0,False
사업코드관리.csv,정렬순서,관리회계_조직_test.csv,정렬순서,1.0,1,nnnn,3.0,,UNIQUE,0.0,100.0,0,nnnn,2.0,,,33.33,37.5,False
사업코드관리.csv,정렬순서,관리회계_조직그룹.csv,정렬순서,1.0,1,nnnn,3.0,,UNIQUE,0.0,100.0,0,nn,2.0,,,0.0,100.0,False
사업코드관리.csv,정렬순서,관리회계_조직그룹상세.csv,정렬순서,1.0,1,nnnn,3.0,,UNIQUE,0.0,100.0,1,nnnn,3.0,,UNIQUE,0.0,100.0,False
사업코드관리.csv,정렬순서,관리회계계정.csv,정렬순서,1.0,1,nnnn,3.0,,UNIQUE,0.0,100.0,1,nnnn,3.0,,UNIQUE,0.0,100.0,False
사업코드관리.csv,정렬순서,사업코드관리.csv,정렬순서,1.0,1,nnnn,3.0,,UNIQUE,0.0,100.0,1,nnnn,3.0,,UNIQUE,0.0,100.0,True
사업코드관리.csv,정렬순서,조직코드관리.csv,정렬순서,1.0,1,nnnn,3.0,,UNIQUE,0.0,100.0,1,nnnn,3.0,,UNIQUE,0.0,100.0,False
사업코드관리.csv,정렬순서,택배_조직도.csv,정렬순서,1.0,1,nnnn,3.0,,UNIQUE,0.0,100.0,0,n,2.0,,,97.84,15.66,False
사업코드관리.csv,최초생성자ID,계약마스터.csv,최초생성자ID,1.0,0,aaaaa,1.0,,SINGLE VALUE,0.0,0.29,0,aaa,1.0,,SINGLE VALUE,0.0,0.01,False
사업코드관리.csv,최초생성자ID,계정과목코드.csv,최초생성자ID,1.0,0,aaaaa,1.0,,SINGLE VALUE,0.0,0.29,0,aaaaa,1.0,,SINGLE VALUE,0.0,0.24,False
사업코드관리.csv,최초생성자ID,계정코드관리.csv,최초생성자ID,1.0,0,aaaaa,1.0,,SINGLE VALUE,0.0,0.29,0,aaaaa,1.0,,SINGLE VALUE,0.0,0.3,False
사업코드관리.csv,최초생성자ID,관리회계BI_계정.csv,최초생성자ID,1.0,0,aaaaa,1.0,,SINGLE VALUE,0.0,0.29,0,aaaaa,1.0,,SINGLE VALUE,0.0,0.29,False
사업코드관리.csv,최초생성자ID,관리회계BI_사업.csv,최초생성자ID,1.0,0,aaaaa,1.0,,SINGLE VALUE,0.0,0.29,0,aaaaa,1.0,,SINGLE VALUE,0.0,0.48,False
사업코드관리.csv,최초생성자ID,관리회계BI_조직.csv,최초생성자ID,1.0,0,aaaaa,1.0,,SINGLE VALUE,0.0,0.29,0,aaaaa,1.0,,SINGLE VALUE,0.0,0.24,False
사업코드관리.csv,최초생성자ID,관리회계_계정그룹.csv,최초생성자ID,1.0,0,aaaaa,1.0,,SINGLE VALUE,0.0,0.29,0,aaaaa,2.0,,,0.0,66.67,False
사업코드관리.csv,최초생성자ID,관리회계_계정그룹상세.csv,최초생성자ID,1.0,0,aaaaa,1.0,,SINGLE VALUE,0.0,0.29,0,aaaaa,1.0,,,0.0,2.15,False
사업코드관리.csv,최초생성자ID,관리회계_고객.csv,최초생성자ID,1.0,0,aaaaa,1.0,,SINGLE VALUE,0.0,0.29,0,AAAAA,5.0,,,0.13,0.08,False
사업코드관리.csv,최초생성자ID,관리회계_공통코드.csv,최초생성자ID,1.0,0,aaaaa,1.0,,SINGLE VALUE,0.0,0.29,0,aaaaaa,2.0,,,52.63,5.56,False
사업코드관리.csv,최초생성자ID,관리회계_분류공통코드.csv,최초생성자ID,1.0,0,aaaaa,1.0,,SINGLE VALUE,0.0,0.29,0,aaaaaa,3.0,,,50.0,23.08,False
사업코드관리.csv,최초생성자ID,관리회계_사업.csv,최초생성자ID,1.0,0,aaaaa,1.0,,SINGLE VALUE,0.0,0.29,0,aaaaa,1.0,,SINGLE VALUE,0.0,0.24,False
사업코드관리.csv,최초생성자ID,관리회계_조직.csv,최초생성자ID,1.0,0,aaaaa,1.0,,SINGLE VALUE,0.0,0.29,0,aaaaa,1.0,,SINGLE VALUE,0.0,0.24,False
사업코드관리.csv,최초생성자ID,관리회계_조직_test.csv,최초생성자ID,1.0,0,aaaaa,1.0,,SINGLE VALUE,0.0,0.29,0,aaaaa,1.0,,,33.33,12.5,False
사업코드관리.csv,최초생성자ID,관리회계_조직그룹.csv,최초생성자ID,1.0,0,aaaaa,1.0,,SINGLE VALUE,0.0,0.29,0,aaaaa,1.0,,,0.0,10.0,False
사업코드관리.csv,최초생성자ID,관리회계_조직그룹상세.csv,최초생성자ID,1.0,0,aaaaa,1.0,,SINGLE VALUE,0.0,0.29,0,aaaaa,1.0,,SINGLE VALUE,0.0,0.29,False
사업코드관리.csv,최초생성자ID,관리회계계정.csv,최초생성자ID,1.0,0,aaaaa,1.0,,SINGLE VALUE,0.0,0.29,0,aaaaa,1.0,,SINGLE VALUE,0.0,0.24,False
사업코드관리.csv,최초생성자ID,법인정보.csv,최초생성자ID,1.0,0,aaaaa,1.0,,SINGLE VALUE,0.0,0.29,0,AAAAA,5.0,,,0.0,0.08,False
사업코드관리.csv,최초생성자ID,사업코드관리.csv,최초생성자ID,1.0,0,aaaaa,1.0,,SINGLE VALUE,0.0,0.29,0,aaaaa,1.0,,SINGLE VALUE,0.0,0.29,True
사업코드관리.csv,최초생성자ID,원가인명정보.csv,최초생성자ID,1.0,0,aaaaa,1.0,,SINGLE VALUE,0.0,0.29,0,aaaaa,3.0,,,6.02,0.04,False
사용자.csv,사원번호,사용자.csv,사원번호,1.0,1,nnnnnnn,15.0,,UNIQUE,0.0,100.0,1,nnnnnnn,15.0,,UNIQUE,0.0,100.0,True
사용자.csv,사원번호,사원기본.csv,사원번호,1.0,1,nnnnnnn,15.0,,UNIQUE,0.0,100.0,1,nnnnnnn,2.0,,UNIQUE,0.0,100.0,False
사용자.csv,사원번호,사원마스터.csv,사원번호,1.0,1,nnnnnnn,15.0,,UNIQUE,0.0,100.0,1,nnnnnnn,2.0,,UNIQUE,0.0,100.0,False
사용자.csv,사원번호,서브터미널.csv,수정사원번호,0.8,1,nnnnnnn,15.0,,UNIQUE,0.0,100.0,0,nnnnnnn,1.0,,,99.99,100.0,False
사용자.csv,사원번호,원가인명정보.csv,직원번호,0.75,1,nnnnnnn,15.0,,UNIQUE,0.0,100.0,0,nnnnnnn,4.0,,,0.0,25.31,False
사용자.csv,사원번호,조직터미널마스터.csv,등록사원번호,0.8,1,nnnnnnn,15.0,,UNIQUE,0.0,100.0,0,nnnnnnn,1.0,,,95.15,14.81,False
사용자.csv,사원번호,택배_조직도.csv,등록사원번호,0.8,1,nnnnnnn,15.0,,UNIQUE,0.0,100.0,0,nnnnnnn,1.0,,,97.13,7.27,False
사용자.csv,점소코드,관리회계BI_조직.csv,지점코드,0.75,0,nnnn,1.0,,,0.0,3.9,0,AAAAAA,7.0,,,0.0,84.52,False
사용자.csv,점소코드,관리회계QLIK_조직.csv,지점코드,0.75,0,nnnn,1.0,,,0.0,3.9,0,AAAAAA,6.0,,,0.25,83.38,False
사용자.csv,점소코드,사용자.csv,점소코드,1.0,0,nnnn,1.0,,,0.0,3.9,0,nnnn,1.0,,,0.0,3.9,True
사용자.csv,점소코드,수입관리_고객.csv,수금점소코드,0.8,0,nnnn,1.0,,,0.0,3.9,0,nnnn,1.0,,,44.32,2.51,False
사용자.csv,점소코드,수입관리점소.csv,수입점소코드,0.8,0,nnnn,1.0,,,0.0,3.9,1,nnnn,1.0,,UNIQUE,0.0,100.0,False
사용자.csv,점소코드,조직코드관리.csv,지점코드,0.75,0,nnnn,1.0,,,0.0,3.9,0,AAAAAA,5.0,,,0.0,77.14,False
사용자.csv,점소코드,택배BI_조직.csv,지점코드,0.75,0,nnnn,1.0,,,0.0,3.9,0,AAAAAAA,3.0,,,0.04,2.19,False
사용자.csv,비밀번호,사용자.csv,비밀번호,1.0,0,aannnnannnaaanannnnn,6718.0,,,0.0,93.0,0,aannnnannnaaanannnnn,6718.0,,,0.0,93.0,True
사용자.csv,비밀번호,사용자.csv,비밀번호이력1,0.7273,0,aannnnannnaaanannnnn,6718.0,,,0.0,93.0,0,nnnnanaanannananaann,1538.0,,,78.51,98.34,False
사용자.csv,비밀번호,사용자.csv,비밀번호이력2,0.7273,0,aannnnannnaaanannnnn,6718.0,,,0.0,93.0,0,nnnnnnAnAAnnnnnnnnAn,1382.0,,,79.2,91.36,False
사용자.csv,비밀번호,사용자.csv,비밀번호이력3,0.7273,0,aannnnannnaaanannnnn,6718.0,,,0.0,93.0,0,aannnnannnaaanannnnn,427.0,,,93.78,94.7,False
사용자.csv,비밀번호,사용자.csv,비밀번호이력4,0.7273,0,aannnnannnaaanannnnn,6718.0,,,0.0,93.0,0,aannnnannnaaanannnnn,399.0,,,94.21,94.55,False
사용자.csv,팀명,계약마스터.csv,팀명,1.0,0,KKK,162.0,,Text,0.01,18.6,0,KKKKKK,15.0,,,0.0,0.9,False
사용자.csv,팀명,사용자.csv,팀명,1.0,0,KKK,162.0,,Text,0.01,18.6,0,KKK,162.0,,Text,0.01,18.6,True
사용자.csv,직급,사용자.csv,직급,1.0,0,KK,33.0,,Text,0.0,2.24,0,KK,33.0,,Text,0.0,2.24,True
사용자.csv,전화번호,test.csv,전화번호,1.0,0,nnn-nnn-nnnn,21.0,,TEL,15.7,25.04,0,nnnnnnnn,2.0,,TEL,0.0,81.25,False
사용자.csv,전화번호,사용자.csv,전화번호,1.0,0,nnn-nnn-nnnn,21.0,,TEL,15.7,25.04,0,nnn-nnn-nnnn,21.0,,TEL,15.7,25.04,True
사용자.csv,전화번호,수입관리점소.csv,전화번호,1.0,0,nnn-nnn-nnnn,21.0,,TEL,15.7,25.04,0,nn-nnn-nnnn,5.0,,TEL,0.0,49.72,False
사용자.csv,전화번호,전화국가번호.csv,전화국가번호,0.8,0,nnn-nnn-nnnn,21.0,,TEL,15.7,25.04,1,nnn,10.0,,UNIQUE,0.0,100.0,False
사용자.csv,전화번호,전화지역번호.csv,전화지역번호,0.8,0,nnn-nnn-nnnn,21.0,,TEL,15.7,25.04,1,nnn,2.0,,UNIQUE,0.0,100.0,False
사용자.csv,휴대폰번호,사용자.csv,휴대폰번호,1.0,0,--,11.0,,,51.5,54.78,0,--,11.0,,,51.5,54.78,True
사용자.csv,FAX번호,사용자.csv,FAX번호,1.0,0,--,12.0,,,59.09,9.66,0,--,12.0,,,59.09,9.66,True
사용자.csv,EMAIL,test.csv,Email,1.0,0,aaaaaa@aaaaaa.aaa,159.0,,EMAIL,45.9,85.01,0,aaaaaa@aaaaa.aa.aa,4.0,,EMAIL,0.0,12.5,False
사용자.csv,EMAIL,사용자.csv,EMAIL,1.0,0,aaaaaa@aaaaaa.aaa,159.0,,EMAIL,45.9,85.01,0,aaaaaa@aaaaaa.aaa,159.0,,EMAIL,45.9,85.01,True
사용자.csv,주민등록번호,CUSTOMER.csv,주민_사업자등록번호,0.75,0,aaaaaaaa,1.0,,SINGLE VALUE,92.69,0.19,0,nnnnnnnnnn,3.0,유효사업자번호3,,2.84,92.58,False
사용자.csv,주민등록번호,사용자.csv,주민등록번호,1.0,0,aaaaaaaa,1.0,,SINGLE VALUE,92.69,0.19,0,aaaaaaaa,1.0,,SINGLE VALUE,92.69,0.19,True
사용자.csv,주민등록번호,택배_고객.csv,주민_사업자등록번호,0.75,0,aaaaaaaa,1.0,,SINGLE VALUE,92.69,0.19,0,nnnnnnnnnn,2.0,유효사업자번호3,,0.58,89.94,False
사용자.csv,처리자사번,결제조건.csv,처리자사번,1.0,0,nnnnnnn,8.0,,,0.0,5.21,0,nnnnnnn,1.0,,,0.0,10.53,False
사용자.csv,처리자사번,기업설립형태.csv,처리자사번,1.0,0,nnnnnnn,8.0,,,0.0,5.21,0,nnnnnnn,1.0,,TEL,0.0,9.09,False
사용자.csv,처리자사번,불량등급.csv,처리자사번,1.0,0,nnnnnnn,8.0,,,0.0,5.21,0,nnnnnnn,1.0,,,0.0,26.32,False
사용자.csv,처리자사번,사업구분.csv,처리자사번,1.0,0,nnnnnnn,8.0,,,0.0,5.21,0,nnnnnnn,1.0,,,0.0,3.36,False
사용자.csv,처리자사번,사용자.csv,처리자사번,1.0,0,nnnnnnn,8.0,,,0.0,5.21,0,nnnnnnn,8.0,,,0.0,5.21,True
사용자.csv,처리자사번,수입관리점소.csv,처리자사번,1.0,0,nnnnnnn,8.0,,,0.0,5.21,0,nnnnnnn,1.0,,,0.0,5.31,False
사용자.csv,처리자사번,신용공여기간.csv,처리자사번,1.0,0,nnnnnnn,8.0,,,0.0,5.21,0,nnnnnnn,1.0,,,0.0,30.23,False
사용자.csv,처리자사번,신용등급.csv,처리자사번,1.0,0,nnnnnnn,8.0,,,0.0,5.21,0,nnnnnnn,1.0,,,0.0,16.67,False
사용자.csv,한웨이 ID,사용자.csv,한웨이 ID,1.0,0,nnnnnnn,6.0,,,77.56,94.13,0,nnnnnnn,6.0,,,77.56,94.13,True
사용자.csv,비밀번호이력1,사용자.csv,비밀번호,0.7273,0,nnnnanaanannananaann,1538.0,,,78.51,98.34,0,aannnnannnaaanannnnn,6718.0,,,0.0,93.0,False
사용자.csv,비밀번호이력1,사용자.csv,비밀번호이력1,1.0,0,nnnnanaanannananaann,1538.0,,,78.51,98.34,0,nnnnanaanannananaann,1538.0,,,78.51,98.34,True
사용자.csv,비밀번호이력1,사용자.csv,비밀번호이력2,0.8571,0,nnnnanaanannananaann,1538.0,,,78.51,98.34,0,nnnnnnAnAAnnnnnnnnAn,1382.0,,,79.2,91.36,False
사용자.csv,비밀번호이력1,사용자.csv,비밀번호이력3,0.8571,0,nnnnanaanannananaann,1538.0,,,78.51,98.34,0,aannnnannnaaanannnnn,427.0,,,93.78,94.7,False
사용자.csv,비밀번호이력1,사용자.csv,비밀번호이력4,0.8571,0,nnnnanaanannananaann,1538.0,,,78.51,98.34,0,aannnnannnaaanannnnn,399.0,,,94.21,94.55,False
사용자.csv,비밀번호이력2,사용자.csv,비밀번호,0.7273,0,nnnnnnAnAAnnnnnnnnAn,1382.0,,,79.2,91.36,0,aannnnannnaaanannnnn,6718.0,,,0.0,93.0,False
사용자.csv,비밀번호이력2,사용자.csv,비밀번호이력1,0.8571,0,nnnnnnAnAAnnnnnnnnAn,1382.0,,,79.2,91.36,0,nnnnanaanannananaann,1538.0,,,78.51,98.34,False
사용자.csv,비밀번호이력2,사용자.csv,비밀번호이력2,1.0,0,nnnnnnAnAAnnnnnnnnAn,1382.0,,,79.2,91.36,0,nnnnnnAnAAnnnnnnnnAn,1382.0,,,79.2,91.36,True
사용자.csv,비밀번호이력2,사용자.csv,비밀번호이력3,0.8571,0,nnnnnnAnAAnnnnnnnnAn,1382.0,,,79.2,91.36,0,aannnnannnaaanannnnn,427.0,,,93.78,94.7,False
사용자.csv,비밀번호이력2,사용자.csv,비밀번호이력4,0.8571,0,nnnnnnAnAAnnnnnnnnAn,1382.0,,,79.2,91.36,0,aannnnannnaaanannnnn,399.0,,,94.21,94.55,False
사용자.csv,계정근거,사용자.csv,계정근거,1.0,0,KKKK K nnnn-nnnK,90.0,,ADDRESS,87.0,70.33,0,KKKK K nnnn-nnnK,90.0,,ADDRESS,87.0,70.33,True
사용자.csv,접근권한 IP,사용자.csv,접근권한 IP,1.0,0,nnn.nn.nn.nnn,7.0,,,99.78,93.75,0,nnn.nn.nn.nnn,7.0,,,99.78,93.75,True
사용자.csv,HR시스템소속코드,사용자.csv,HR시스템소속코드,1.0,0,AAAAAA,6.0,,,85.59,25.24,0,AAAAAA,6.0,,,85.59,25.24,True
사용자.csv,비밀번호이력3,사용자.csv,비밀번호,0.7273,0,aannnnannnaaanannnnn,427.0,,,93.78,94.7,0,aannnnannnaaanannnnn,6718.0,,,0.0,93.0,False
사용자.csv,비밀번호이력3,사용자.csv,비밀번호이력1,0.8571,0,aannnnannnaaanannnnn,427.0,,,93.78,94.7,0,nnnnanaanannananaann,1538.0,,,78.51,98.34,False
사용자.csv,비밀번호이력3,사용자.csv,비밀번호이력2,0.8571,0,aannnnannnaaanannnnn,427.0,,,93.78,94.7,0,nnnnnnAnAAnnnnnnnnAn,1382.0,,,79.2,91.36,False
사용자.csv,비밀번호이력3,사용자.csv,비밀번호이력3,1.0,0,aannnnannnaaanannnnn,427.0,,,93.78,94.7,0,aannnnannnaaanannnnn,427.0,,,93.78,94.7,True
사용자.csv,비밀번호이력3,사용자.csv,비밀번호이력4,0.8571,0,aannnnannnaaanannnnn,427.0,,,93.78,94.7,0,aannnnannnaaanannnnn,399.0,,,94.21,94.55,False
사용자.csv,비밀번호이력4,사용자.csv,비밀번호,0.7273,0,aannnnannnaaanannnnn,399.0,,,94.21,94.55,0,aannnnannnaaanannnnn,6718.0,,,0.0,93.0,False
사용자.csv,비밀번호이력4,사용자.csv,비밀번호이력1,0.8571,0,aannnnannnaaanannnnn,399.0,,,94.21,94.55,0,nnnnanaanannananaann,1538.0,,,78.51,98.34,False
사용자.csv,비밀번호이력4,사용자.csv,비밀번호이력2,0.8571,0,aannnnannnaaanannnnn,399.0,,,94.21,94.55,0,nnnnnnAnAAnnnnnnnnAn,1382.0,,,79.2,91.36,False
사용자.csv,비밀번호이력4,사용자.csv,비밀번호이력3,0.8571,0,aannnnannnaaanannnnn,399.0,,,94.21,94.55,0,aannnnannnaaanannnnn,427.0,,,93.78,94.7,False
사용자.csv,비밀번호이력4,사용자.csv,비밀번호이력4,1.0,0,aannnnannnaaanannnnn,399.0,,,94.21,94.55,0,aannnnannnaaanannnnn,399.0,,,94.21,94.55,True
사원기본.csv,사원번호,사용자.csv,사원번호,1.0,1,nnnnnnn,2.0,,UNIQUE,0.0,100.0,1,nnnnnnn,15.0,,UNIQUE,0.0,100.0,False
사원기본.csv,사원번호,사원기본.csv,사원번호,1.0,1,nnnnnnn,2.0,,UNIQUE,0.0,100.0,1,nnnnnnn,2.0,,UNIQUE,0.0,100.0,True
사원기본.csv,사원번호,사원마스터.csv,사원번호,1.0,1,nnnnnnn,2.0,,UNIQUE,0.0,100.0,1,nnnnnnn,2.0,,UNIQUE,0.0,100.0,False
사원기본.csv,사원번호,서브터미널.csv,수정사원번호,0.8,1,nnnnnnn,2.0,,UNIQUE,0.0,100.0,0,nnnnnnn,1.0,,,99.99,100.0,False
사원기본.csv,사원번호,원가인명정보.csv,직원번호,0.75,1,nnnnnnn,2.0,,UNIQUE,0.0,100.0,0,nnnnnnn,4.0,,,0.0,25.31,False
사원기본.csv,사원번호,조직터미널마스터.csv,등록사원번호,0.8,1,nnnnnnn,2.0,,UNIQUE,0.0,100.0,0,nnnnnnn,1.0,,,95.15,14.81,False
사원기본.csv,사원번호,택배_조직도.csv,등록사원번호,0.8,1,nnnnnnn,2.0,,UNIQUE,0.0,100.0,0,nnnnnnn,1.0,,,97.13,7.27,False
사원기본.csv,소속조직코드,ORGNIZATION.csv,조직코드,0.8,0,nnnn,7.0,,,0.0,17.28,1,nnnn,11.0,,UNIQUE,0.0,100.0,False
사원기본.csv,소속조직코드,관리회계BI_조직.csv,귀속부서조직코드,0.7143,0,nnnn,7.0,,,0.0,17.28,1,AAAAAA,7.0,,UNIQUE,0.0,100.0,False
사원기본.csv,소속조직코드,관리회계QLIK_조직.csv,귀속부서조직코드,0.7143,0,nnnn,7.0,,,0.0,17.28,1,AAAAAA,6.0,,UNIQUE,0.25,100.0,False
사원기본.csv,소속조직코드,관리회계_조직_test.csv,귀속부서조직코드,0.7143,0,nnnn,7.0,,,0.0,17.28,0,AAAAAA,7.0,,,0.0,91.67,False
사원기본.csv,소속조직코드,관리회계_조직그룹상세.csv,귀속부서조직코드,0.7143,0,nnnn,7.0,,,0.0,17.28,0,AAAAAA,4.0,,,0.0,80.8,False
사원기본.csv,소속조직코드,사원기본.csv,소속조직코드,1.0,0,nnnn,7.0,,,0.0,17.28,0,nnnn,7.0,,,0.0,17.28,True
사원기본.csv,소속조직코드,사원마스터.csv,조직코드,0.8,0,nnnn,7.0,,,0.0,17.28,0,nnnn,7.0,,,0.0,17.28,False
사원기본.csv,소속조직코드,선석.csv,조직코드,0.8,0,nnnn,7.0,,,0.0,17.28,0,nnnnnn,1.0,,YEARMONTH,38.24,2.32,False
사원기본.csv,소속조직코드,원가인명정보.csv,귀속부서조직코드,0.7143,0,nnnn,7.0,,,0.0,17.28,0,AAAAAA,5.0,,,0.0,3.41,False
사원기본.csv,소속조직코드,택배_조직도.csv,조직코드,0.8,0,nnnn,7.0,,,0.0,17.28,1,nnnn,11.0,,UNIQUE,0.0,100.0,False
사원기본.csv,직종코드,ORGNIZATION.csv,조직코드,0.75,0,nn,2.0,,,0.0,0.28,1,nnnn,11.0,,UNIQUE,0.0,100.0,False
사원기본.csv,직종코드,사원기본.csv,직종코드,1.0,0,nn,2.0,,,0.0,0.28,0,nn,2.0,,,0.0,0.28,True
사원기본.csv,직종코드,사원마스터.csv,조직코드,0.75,0,nn,2.0,,,0.0,0.28,0,nnnn,7.0,,,0.0,17.28,False
사원기본.csv,직종코드,사원마스터.csv,직종코드,1.0,0,nn,2.0,,,0.0,0.28,0,nn,2.0,,,0.0,0.28,False
사원기본.csv,직종코드,선석.csv,조직코드,0.75,0,nn,2.0,,,0.0,0.28,0,nnnnnn,1.0,,YEARMONTH,38.24,2.32,False
사원기본.csv,직종코드,택배_조직도.csv,조직코드,0.75,0,nn,2.0,,,0.0,0.28,1,nnnn,11.0,,UNIQUE,0.0,100.0,False
사원기본.csv,국내집배구역,사원기본.csv,국내집배구역,1.0,0,nnnnnn,2.0,,,58.16,82.89,0,nnnnnn,2.0,,,58.16,82.89,True
사원기본.csv,국내집배구역,사원마스터.csv,국내집배구역,1.0,0,nnnnnn,2.0,,,58.16,82.89,0,nnnnnn,2.0,,,58.16,82.89,False
사원기본.csv,소속회사,사원기본.csv,소속회사,1.0,0,KK,12.0,,,97.18,39.01,0,KK,12.0,,,97.18,39.01,True
사원기본.csv,소속회사,사원마스터.csv,소속회사,1.0,0,KK,12.0,,,97.18,39.01,0,KK,12.0,,,97.18,39.01,False
사원기본.csv,마감시간,사원기본.csv,마감시간,1.0,0,nnnn,1.0,,,99.88,25.0,0,nnnn,1.0,,,99.88,25.0,True
사원기본.csv,마감시간,사원마스터.csv,마감시간,1.0,0,nnnn,1.0,,,99.88,25.0,0,nnnn,1.0,,,99.88,25.0,False
사원기본.csv,대체ESMAN,사원기본.csv,대체ESMAN,1.0,0,nnnnnnn,1.0,,,99.99,100.0,0,nnnnnnn,1.0,,,99.99,100.0,True
사원기본.csv,한덱스IF발생일시,사원기본.csv,한덱스IF발생일시,1.0,0,nnnnnnnnnnnnnn,2.0,,,91.05,96.76,0,nnnnnnnnnnnnnn,2.0,,,91.05,96.76,True
사원기본.csv,사원주소1(동이상),사원기본.csv,사원주소1(동이상),1.0,0,KK KK KK,334.0,,ADDRESS,82.37,66.65,0,KK KK KK,334.0,,ADDRESS,82.37,66.65,True
사원기본.csv,인사시스템사번,사원기본.csv,인사시스템사번,1.0,1,nnnnnnn,3.0,,UNIQUE,99.12,100.0,1,nnnnnnn,3.0,,UNIQUE,99.12,100.0,True
사원기본.csv,인사시스템사번,사원마스터.csv,인사시스템사번,1.0,1,nnnnnnn,3.0,,UNIQUE,99.12,100.0,1,nnnnnnn,3.0,,UNIQUE,99.12,100.0,False
사원기본.csv,출력양식,사원기본.csv,출력양식,1.0,0,AAsnn,1.0,,,88.91,0.36,0,AAsnn,1.0,,,88.91,0.36,True
사원기본.csv,운전면허종류,사원기본.csv,운전면허종류,1.0,0,nn,1.0,,,78.03,0.18,0,nn,1.0,,,78.03,0.18,True
사원기본.csv,운전면허종류,사원마스터.csv,운전면허종류,1.0,0,nn,1.0,,,78.03,0.18,0,nn,1.0,,,78.03,0.18,False
사원기본.csv,차량번호,test.csv,차량번호,1.0,0,KKnnKnnnn,3.0,,CAR_NUMBER,88.23,99.83,0,KKnnKnnnn,1.0,,CAR_NUMBER,0.0,56.25,False
사원기본.csv,차량번호,사원기본.csv,차량번호,1.0,0,KKnnKnnnn,3.0,,CAR_NUMBER,88.23,99.83,0,KKnnKnnnn,3.0,,CAR_NUMBER,88.23,99.83,True
사원기본.csv,차량번호,사원마스터.csv,차량번호,1.0,0,KKnnKnnnn,3.0,,CAR_NUMBER,88.23,99.83,0,KKnnKnnnn,3.0,,CAR_NUMBER,88.23,99.83,False
사원마스터.csv,사원번호,사용자.csv,사원번호,1.0,1,nnnnnnn,2.0,,UNIQUE,0.0,100.0,1,nnnnnnn,15.0,,UNIQUE,0.0,100.0,False
사원마스터.csv,사원번호,사원기본.csv,사원번호,1.0,1,nnnnnnn,2.0,,UNIQUE,0.0,100.0,1,nnnnnnn,2.0,,UNIQUE,0.0,100.0,False
사원마스터.csv,사원번호,사원마스터.csv,사원번호,1.0,1,nnnnnnn,2.0,,UNIQUE,0.0,100.0,1,nnnnnnn,2.0,,UNIQUE,0.0,100.0,True
사원마스터.csv,사원번호,서브터미널.csv,수정사원번호,0.8,1,nnnnnnn,2.0,,UNIQUE,0.0,100.0,0,nnnnnnn,1.0,,,99.99,100.0,False
사원마스터.csv,사원번호,원가인명정보.csv,직원번호,0.75,1,nnnnnnn,2.0,,UNIQUE,0.0,100.0,0,nnnnnnn,4.0,,,0.0,25.31,False
사원마스터.csv,사원번호,조직터미널마스터.csv,등록사원번호,0.8,1,nnnnnnn,2.0,,UNIQUE,0.0,100.0,0,nnnnnnn,1.0,,,95.15,14.81,False
사원마스터.csv,사원번호,택배_조직도.csv,등록사원번호,0.8,1,nnnnnnn,2.0,,UNIQUE,0.0,100.0,0,nnnnnnn,1.0,,,97.13,7.27,False
사원마스터.csv,조직코드,ORGNIZATION.csv,조직코드,1.0,0,nnnn,7.0,,,0.0,17.28,1,nnnn,11.0,,UNIQUE,0.0,100.0,False
사원마스터.csv,조직코드,ORGNIZATION.csv,상위조직코드,0.8,0,nnnn,7.0,,,0.0,17.28,0,nnn,6.0,,,0.76,16.44,False
사원마스터.csv,조직코드,ORGNIZATION.csv,조직구분코드,0.8,0,nnnn,7.0,,,0.0,17.28,0,AAAAAAA,10.0,,,0.0,0.39,False
사원마스터.csv,조직코드,ORGNIZATION.csv,수입조직코드,0.8,0,nnnn,7.0,,,0.0,17.28,0,AAAAA,1.0,,,21.79,2.8,False
사원마스터.csv,조직코드,관리회계_조직.csv,부서조직코드,0.8,0,nnnn,7.0,,,0.0,17.28,1,AAAAAA,7.0,,UNIQUE,0.0,100.0,False
사원마스터.csv,조직코드,관리회계_조직.csv,조직유형코드,0.8,0,nnnn,7.0,,,0.0,17.28,0,AAAAAA,2.0,,,86.9,52.73,False
사원마스터.csv,조직코드,관리회계_조직_test.csv,조직유형코드,0.8,0,nnnn,7.0,,,0.0,17.28,0,AAAAAA,1.0,,,91.67,100.0,False
사원마스터.csv,조직코드,배송점.csv,상위조직코드,0.8,0,nnnn,7.0,,,0.0,17.28,0,nnn,2.0,,,0.04,17.99,False
사원마스터.csv,조직코드,배송점.csv,조직구분코드,0.8,0,nnnn,7.0,,,0.0,17.28,0,AAAAAAA,2.0,,,0.0,0.08,False
사원마스터.csv,조직코드,사원기본.csv,소속조직코드,0.8,0,nnnn,7.0,,,0.0,17.28,0,nnnn,7.0,,,0.0,17.28,False
사원마스터.csv,조직코드,사원기본.csv,직종코드,0.75,0,nnnn,7.0,,,0.0,17.28,0,nn,2.0,,,0.0,0.28,False
사원마스터.csv,조직코드,사원마스터.csv,조직코드,1.0,0,nnnn,7.0,,,0.0,17.28,0,nnnn,7.0,,,0.0,17.28,True
사원마스터.csv,조직코드,사원마스터.csv,직종코드,0.75,0,nnnn,7.0,,,0.0,17.28,0,nn,2.0,,,0.0,0.28,False
사원마스터.csv,조직코드,선석.csv,조직코드,1.0,0,nnnn,7.0,,,0.0,17.28,0,nnnnnn,1.0,,YEARMONTH,38.24,2.32,False
사원마스터.csv,조직코드,원가인명정보.csv,급여조직코드,0.8,0,nnnn,7.0,,,0.0,17.28,0,AAAAAA,5.0,,,0.0,3.45,False
사원마스터.csv,조직코드,조직터미널마스터.csv,터미널조직코드,0.7273,0,nnnn,7.0,,,0.0,17.28,1,nnn,1.0,,UNIQUE,0.0,100.0,False
사원마스터.csv,조직코드,택배_조직도.csv,조직코드,1.0,0,nnnn,7.0,,,0.0,17.28,1,nnnn,11.0,,UNIQUE,0.0,100.0,False
사원마스터.csv,조직코드,택배_조직도.csv,상위조직코드,0.8,0,nnnn,7.0,,,0.0,17.28,0,nnn,6.0,,,0.76,16.44,False
사원마스터.csv,조직코드,택배_조직도.csv,조직구분코드,0.8,0,nnnn,7.0,,,0.0,17.28,0,AAAAAAA,10.0,,,0.0,0.39,False
사원마스터.csv,조직코드,택배_조직도.csv,수입조직코드,0.8,0,nnnn,7.0,,,0.0,17.28,0,AAAAA,1.0,,,21.79,2.8,False
사원마스터.csv,조직코드,택배_조직도.csv,조직중구분코드,0.7273,0,nnnn,7.0,,,0.0,17.28,0,A,3.0,,,48.2,2.32,False
사원마스터.csv,직종코드,ORGNIZATION.csv,조직코드,0.75,0,nn,2.0,,,0.0,0.28,1,nnnn,11.0,,UNIQUE,0.0,100.0,False
사원마스터.csv,직종코드,사원기본.csv,직종코드,1.0,0,nn,2.0,,,0.0,0.28,0,nn,2.0,,,0.0,0.28,False
사원마스터.csv,직종코드,사원마스터.csv,조직코드,0.75,0,nn,2.0,,,0.0,0.28,0,nnnn,7.0,,,0.0,17.28,False
사원마스터.csv,직종코드,사원마스터.csv,직종코드,1.0,0,nn,2.0,,,0.0,0.28,0,nn,2.0,,,0.0,0.28,True
사원마스터.csv,직종코드,선석.csv,조직코드,0.75,0,nn,2.0,,,0.0,0.28,0,nnnnnn,1.0,,YEARMONTH,38.24,2.32,False
사원마스터.csv,직종코드,택배_조직도.csv,조직코드,0.75,0,nn,2.0,,,0.0,0.28,1,nnnn,11.0,,UNIQUE,0.0,100.0,False
사원마스터.csv,국내집배구역,사원기본.csv,국내집배구역,1.0,0,nnnnnn,2.0,,,58.16,82.89,0,nnnnnn,2.0,,,58.16,82.89,False
사원마스터.csv,국내집배구역,사원마스터.csv,국내집배구역,1.0,0,nnnnnn,2.0,,,58.16,82.89,0,nnnnnn,2.0,,,58.16,82.89,True
사원마스터.csv,소속회사,사원기본.csv,소속회사,1.0,0,KK,12.0,,,97.18,39.01,0,KK,12.0,,,97.18,39.01,False
사원마스터.csv,소속회사,사원마스터.csv,소속회사,1.0,0,KK,12.0,,,97.18,39.01,0,KK,12.0,,,97.18,39.01,True
사원마스터.csv,마감시간,사원기본.csv,마감시간,1.0,0,nnnn,1.0,,,99.88,25.0,0,nnnn,1.0,,,99.88,25.0,False
사원마스터.csv,마감시간,사원마스터.csv,마감시간,1.0,0,nnnn,1.0,,,99.88,25.0,0,nnnn,1.0,,,99.88,25.0,True
사원마스터.csv,주소,CUSTOMER.csv,주소,1.0,0,KK KK KK,334.0,,ADDRESS,82.37,66.65,0,nnn-n,3079.0,,,8.32,84.5,False
사원마스터.csv,주소,개인고객.csv,주소,1.0,0,KK KK KK,334.0,,ADDRESS,82.37,66.65,0,nnnK,905.0,,,0.62,87.64,False
사원마스터.csv,주소,고객마스터.csv,주소,1.0,0,KK KK KK,334.0,,ADDRESS,82.37,66.65,0,KKKK KKK KKK KKK nnn,834.0,,ADDRESS,83.91,98.32,False
사원마스터.csv,주소,기업고객.csv,주소,1.0,0,KK KK KK,334.0,,ADDRESS,82.37,66.65,0,nnn-n,2280.0,,,6.52,83.88,False
사원마스터.csv,주소,사원마스터.csv,주소,1.0,0,KK KK KK,334.0,,ADDRESS,82.37,66.65,0,KK KK KK,334.0,,ADDRESS,82.37,66.65,True
사원마스터.csv,주소,수입관리_고객.csv,주소,1.0,0,KK KK KK,334.0,,ADDRESS,82.37,66.65,0,nnn,2551.0,,,0.12,87.93,False
사원마스터.csv,주소,영업소.csv,주소,1.0,0,KK KK KK,334.0,,ADDRESS,82.37,66.65,0,KK KKK KKK KKK KKK A,67.0,,ADDRESS,8.22,75.37,False
사원마스터.csv,인사시스템사번,사원기본.csv,인사시스템사번,1.0,1,nnnnnnn,3.0,,UNIQUE,99.12,100.0,1,nnnnnnn,3.0,,UNIQUE,99.12,100.0,False
사원마스터.csv,인사시스템사번,사원마스터.csv,인사시스템사번,1.0,1,nnnnnnn,3.0,,UNIQUE,99.12,100.0,1,nnnnnnn,3.0,,UNIQUE,99.12,100.0,True
사원마스터.csv,운전면허종류,사원기본.csv,운전면허종류,1.0,0,nn,1.0,,,78.03,0.18,0,nn,1.0,,,78.03,0.18,False
사원마스터.csv,운전면허종류,사원마스터.csv,운전면허종류,1.0,0,nn,1.0,,,78.03,0.18,0,nn,1.0,,,78.03,0.18,True
사원마스터.csv,차량번호,test.csv,차량번호,1.0,0,KKnnKnnnn,3.0,,CAR_NUMBER,88.23,99.83,0,KKnnKnnnn,1.0,,CAR_NUMBER,0.0,56.25,False
사원마스터.csv,차량번호,사원기본.csv,차량번호,1.0,0,KKnnKnnnn,3.0,,CAR_NUMBER,88.23,99.83,0,KKnnKnnnn,3.0,,CAR_NUMBER,88.23,99.83,False
사원마스터.csv,차량번호,사원마스터.csv,차량번호,1.0,0,KKnnKnnnn,3.0,,CAR_NUMBER,88.23,99.83,0,KKnnKnnnn,3.0,,CAR_NUMBER,88.23,99.83,True
상품분류.csv,상품코드,상품분류.csv,상품코드,1.0,1,nn,8.0,,UNIQUE,0.0,100.0,1,nn,8.0,,UNIQUE,0.0,100.0,True
상품분류.csv,상품코드,상품코드.csv,상품코드,1.0,1,nn,8.0,,UNIQUE,0.0,100.0,1,nn,8.0,,UNIQUE,0.0,100.0,False
상품분류.csv,상품코드,상병코드.csv,상병코드,0.75,1,nn,8.0,,UNIQUE,0.0,100.0,1,Annn,4.0,,UNIQUE,0.0,100.0,False
상품분류.csv,상품명,상품분류.csv,상품명,1.0,0,KKKK,72.0,,Text,0.0,93.42,0,KKKK,72.0,,Text,0.0,93.42,True
상품분류.csv,상품명,상품코드.csv,상품명,1.0,0,KKKK,72.0,,Text,0.0,93.42,0,KKKK,72.0,,Text,0.0,93.42,False
상품분류.csv,설명,상품분류.csv,설명,1.0,1,n. KKKs KKKKKKs KKKK,46.0,,UNIQUE,69.74,100.0,1,n. KKKs KKKKKKs KKKK,46.0,,UNIQUE,69.74,100.0,True
상품분류.csv,설명,상품코드.csv,설명,1.0,1,n. KKKs KKKKKKs KKKK,46.0,,UNIQUE,69.74,100.0,1,n. KKKs KKKKKKs KKKK,46.0,,UNIQUE,69.74,100.0,False
상품분류.csv,접수시주의사항,상품분류.csv,접수시주의사항,1.0,0,aaaa://aaaaaa.aaaaaa,2.0,,URL,59.21,100.0,0,aaaa://aaaaaa.aaaaaa,2.0,,URL,59.21,100.0,True
상품분류.csv,접수시주의사항,상품코드.csv,접수시주의사항,1.0,0,aaaa://aaaaaa.aaaaaa,2.0,,URL,59.21,100.0,0,aaaa://aaaaaa.aaaaaa,2.0,,URL,59.21,100.0,False
상품분류.csv,서비스지역 및 요율,상품분류.csv,서비스지역 및 요율,1.0,1,ssssssssssssssssssss,10.0,,UNIQUE,92.11,100.0,1,ssssssssssssssssssss,10.0,,UNIQUE,92.11,100.0,True
상품분류.csv,서비스지역 및 요율,상품코드.csv,서비스지역 및 요율,1.0,1,ssssssssssssssssssss,10.0,,UNIQUE,92.11,100.0,1,ssssssssssssssssssss,10.0,,UNIQUE,92.11,100.0,False
상품코드.csv,상품코드,상품분류.csv,상품코드,1.0,1,nn,8.0,,UNIQUE,0.0,100.0,1,nn,8.0,,UNIQUE,0.0,100.0,False
상품코드.csv,상품코드,상품코드.csv,상품코드,1.0,1,nn,8.0,,UNIQUE,0.0,100.0,1,nn,8.0,,UNIQUE,0.0,100.0,True
상품코드.csv,상품코드,상병코드.csv,상병코드,0.75,1,nn,8.0,,UNIQUE,0.0,100.0,1,Annn,4.0,,UNIQUE,0.0,100.0,False
상품코드.csv,상품명,상품분류.csv,상품명,1.0,0,KKKK,72.0,,Text,0.0,93.42,0,KKKK,72.0,,Text,0.0,93.42,False
상품코드.csv,상품명,상품코드.csv,상품명,1.0,0,KKKK,72.0,,Text,0.0,93.42,0,KKKK,72.0,,Text,0.0,93.42,True
상품코드.csv,설명,상품분류.csv,설명,1.0,1,n. KKKs KKKKKKs KKKK,46.0,,UNIQUE,69.74,100.0,1,n. KKKs KKKKKKs KKKK,46.0,,UNIQUE,69.74,100.0,False
상품코드.csv,설명,상품코드.csv,설명,1.0,1,n. KKKs KKKKKKs KKKK,46.0,,UNIQUE,69.74,100.0,1,n. KKKs KKKKKKs KKKK,46.0,,UNIQUE,69.74,100.0,True
상품코드.csv,접수시주의사항,상품분류.csv,접수시주의사항,1.0,0,aaaa://aaaaaa.aaaaaa,2.0,,URL,59.21,100.0,0,aaaa://aaaaaa.aaaaaa,2.0,,URL,59.21,100.0,False
상품코드.csv,접수시주의사항,상품코드.csv,접수시주의사항,1.0,0,aaaa://aaaaaa.aaaaaa,2.0,,URL,59.21,100.0,0,aaaa://aaaaaa.aaaaaa,2.0,,URL,59.21,100.0,True
상품코드.csv,서비스지역 및 요율,상품분류.csv,서비스지역 및 요율,1.0,1,ssssssssssssssssssss,10.0,,UNIQUE,92.11,100.0,1,ssssssssssssssssssss,10.0,,UNIQUE,92.11,100.0,False
상품코드.csv,서비스지역 및 요율,상품코드.csv,서비스지역 및 요율,1.0,1,ssssssssssssssssssss,10.0,,UNIQUE,92.11,100.0,1,ssssssssssssssssssss,10.0,,UNIQUE,92.11,100.0,True
서브터미널.csv,서브코드,서브터미널.csv,서브코드,1.0,0,nnn,1.0,,,99.99,100.0,0,nnn,1.0,,,99.99,100.0,True
서브터미널.csv,터미널구분코드,서브터미널.csv,터미널구분코드,1.0,0,AAA,1.0,,,99.99,100.0,0,AAA,1.0,,,99.99,100.0,True
서브터미널.csv,터미널구분코드,조직터미널마스터.csv,터미널조직코드,0.7143,0,AAA,1.0,,,99.99,100.0,1,nnn,1.0,,UNIQUE,0.0,100.0,False
서브터미널.csv,터미널구분코드,조직터미널마스터.csv,터미널구분코드,1.0,0,AAA,1.0,,,99.99,100.0,0,AAA,5.0,,,0.0,1.44,False
서브터미널.csv,터미널구분코드,조직터미널마스터.csv,터미널영문코드,0.7143,0,AAA,1.0,,,99.99,100.0,1,AA,1.0,Airline_IATA,UNIQUE,52.6,100.0,False
서브터미널.csv,터미널구분코드,택배BI_조직.csv,터미널코드,0.8333,0,AAA,1.0,,,99.99,100.0,0,nnn,2.0,,,0.11,17.66,False
서브터미널.csv,서브명,서브터미널.csv,서브명,1.0,0,KK,1.0,,,99.99,100.0,0,KK,1.0,,,99.99,100.0,True
서브터미널.csv,서브명,서브터미널.csv,서브영문명,0.75,0,KK,1.0,,,99.99,100.0,0,AAAAAAAA AAAAAAAA,1.0,,,99.99,100.0,False
서브터미널.csv,서브영문명,서브터미널.csv,서브명,0.75,0,AAAAAAAA AAAAAAAA,1.0,,,99.99,100.0,0,KK,1.0,,,99.99,100.0,False
서브터미널.csv,서브영문명,서브터미널.csv,서브영문명,1.0,0,AAAAAAAA AAAAAAAA,1.0,,,99.99,100.0,0,AAAAAAAA AAAAAAAA,1.0,,,99.99,100.0,True
서브터미널.csv,우편번호,CUSTOMER.csv,우편번호,1.0,0,nnnnn,1.0,,,99.99,100.0,0,nnnnnn,3.0,우편번호3,,28.48,44.99,False
서브터미널.csv,우편번호,CUSTOMER.csv,청구지우편번호,0.7273,0,nnnnn,1.0,,,99.99,100.0,0,nnnnnn,2.0,우편번호3,,23.33,47.14,False
서브터미널.csv,우편번호,CUSTOMER.csv,집하지우편번호,0.7273,0,nnnnn,1.0,,,99.99,100.0,0,nnnnnn,3.0,우편번호3,,1.58,64.41,False
서브터미널.csv,우편번호,OneClick고객.csv,사업우편번호,0.8,0,nnnnn,1.0,,,99.99,100.0,0,nnnnn,2.0,우편번호3,,78.43,86.28,False
서브터미널.csv,우편번호,ORGNIZATION.csv,우편번호,1.0,0,nnnnn,1.0,,,99.99,100.0,0,nnnnnn,2.0,우편번호3,,9.25,44.44,False
서브터미널.csv,우편번호,개인고객.csv,우편번호,1.0,0,nnnnn,1.0,,,99.99,100.0,0,nnnnnn,3.0,,,99.87,100.0,False
서브터미널.csv,우편번호,개인고객.csv,집하지우편번호,0.7273,0,nnnnn,1.0,,,99.99,100.0,0,nnnnn,3.0,우편번호3,,0.22,89.94,False
서브터미널.csv,우편번호,고객마스터.csv,우편번호,1.0,0,nnnnn,1.0,,,99.99,100.0,0,nnnnn,2.0,우편번호3,,90.06,92.56,False
서브터미널.csv,우편번호,기업고객.csv,기업우편번호,0.8,0,nnnnn,1.0,,,99.99,100.0,0,nnnnnn,4.0,,,3.29,44.97,False
서브터미널.csv,우편번호,기업고객.csv,청구지우편번호,0.7273,0,nnnnn,1.0,,,99.99,100.0,0,nnnnnn,3.0,,,0.57,45.82,False
서브터미널.csv,우편번호,기업고객.csv,집하지우편번호,0.7273,0,nnnnn,1.0,,,99.99,100.0,0,nnnnnn,3.0,우편번호3,,1.81,58.49,False
서브터미널.csv,우편번호,배송점.csv,우편번호,1.0,0,nnnnn,1.0,,,99.99,100.0,0,nnnnnn,2.0,우편번호3,,6.88,56.92,False
서브터미널.csv,우편번호,서브터미널.csv,우편번호,1.0,0,nnnnn,1.0,,,99.99,100.0,0,nnnnn,1.0,,,99.99,100.0,True
서브터미널.csv,우편번호,영업소.csv,우편번호,1.0,0,nnnnn,1.0,,,99.99,100.0,0,nnnnnn,1.0,우편번호구3,,0.0,50.68,False
서브터미널.csv,우편번호,택배_고객.csv,집하지우편번호,0.7273,0,nnnnn,1.0,,,99.99,100.0,0,nnnnnn,2.0,우편번호구3,,2.61,40.58,False
서브터미널.csv,우편번호,택배_조직도.csv,우편번호,1.0,0,nnnnn,1.0,,,99.99,100.0,0,nnnnnn,2.0,우편번호3,,9.25,44.44,False
서브터미널.csv,우편번호,우편번호3.csv,우편번호3,0.8889,0,nnnnn,1.0,,,99.99,100.0,1,nnnnn,1.0,,UNIQUE,0.0,100.0,False
서브터미널.csv,우편번호,우편번호구3.csv,우편번호구3,0.8,0,nnnnn,1.0,,,99.99,100.0,1,nnnnnn,2.0,,UNIQUE,0.0,100.0,False
서브터미널.csv,기본주소,OneClick고객.csv,사업기본주소,0.8,0,KKK KKK KKKKnnnKK,1.0,,,99.99,100.0,0,KK KKK KKK nnn,2035.0,,ADDRESS,1.76,96.52,False
서브터미널.csv,기본주소,ORGNIZATION.csv,기본주소,1.0,0,KKK KKK KKKKnnnKK,1.0,,,99.99,100.0,0,KK KK KK,326.0,,ADDRESS,48.38,53.69,False
서브터미널.csv,기본주소,배송점.csv,기본주소,1.0,0,KKK KKK KKKKnnnKK,1.0,,,99.99,100.0,0,KK KK KK,242.0,,ADDRESS,50.08,60.73,False
서브터미널.csv,기본주소,서브터미널.csv,기본주소,1.0,0,KKK KKK KKKKnnnKK,1.0,,,99.99,100.0,0,KKK KKK KKKKnnnKK,1.0,,,99.99,100.0,True
서브터미널.csv,기본주소,택배_조직도.csv,기본주소,1.0,0,KKK KKK KKKKnnnKK,1.0,,,99.99,100.0,0,KK KK KK,326.0,,ADDRESS,48.38,53.69,False
서브터미널.csv,X좌표,ORGNIZATION.csv,X좌표,1.0,0,nnn.nnnnn,1.0,,,99.99,100.0,0,nnnnnn,5.0,,,68.46,62.64,False
서브터미널.csv,X좌표,서브터미널.csv,X좌표,1.0,0,nnn.nnnnn,1.0,,,99.99,100.0,0,nnn.nnnnn,1.0,,,99.99,100.0,True
서브터미널.csv,X좌표,택배_조직도.csv,X좌표,1.0,0,nnn.nnnnn,1.0,,,99.99,100.0,0,nnnnnn,5.0,,,68.46,62.64,False
서브터미널.csv,Y좌표,ORGNIZATION.csv,Y좌표,1.0,0,nn.nnnnn,1.0,,,99.99,100.0,0,nnnnnn,7.0,,,68.46,62.31,False
서브터미널.csv,Y좌표,서브터미널.csv,Y좌표,1.0,0,nn.nnnnn,1.0,,,99.99,100.0,0,nn.nnnnn,1.0,,,99.99,100.0,True
서브터미널.csv,Y좌표,택배_조직도.csv,Y좌표,1.0,0,nn.nnnnn,1.0,,,99.99,100.0,0,nnnnnn,7.0,,,68.46,62.31,False
서브터미널.csv,사업자등록번호,CUSTOMER.csv,주민_사업자등록번호,0.8235,0,nnnnnnnnnn,1.0,,,99.99,100.0,0,nnnnnnnnnn,3.0,유효사업자번호3,,2.84,92.58,False
서브터미널.csv,사업자등록번호,OneClick고객.csv,사업자등록번호,1.0,0,nnnnnnnnnn,1.0,,,99.99,100.0,0,nnn-nn-nnnnn,2.0,,,0.0,90.72,False
서브터미널.csv,사업자등록번호,ORGNIZATION.csv,사업자등록번호,1.0,0,nnnnnnnnnn,1.0,,,99.99,100.0,0,nnnnnnnnnn,1.0,유효사업자번호3,,49.82,75.01,False
서브터미널.csv,사업자등록번호,PRM계약.csv,사업자번호,0.8333,0,nnnnnnnnnn,1.0,,,99.99,100.0,0,nnnnnnnnnn,1.0,유효사업자번호3,,0.0,35.16,False
서브터미널.csv,사업자등록번호,간선사업자.csv,사업자번호,0.8333,0,nnnnnnnnnn,1.0,,,99.99,100.0,1,nnn-nn-nnnnn,2.0,,UNIQUE,0.0,100.0,False
서브터미널.csv,사업자등록번호,개인고객.csv,사업자등록번호,1.0,0,nnnnnnnnnn,1.0,,,99.99,100.0,1,nnnnnnnnnn,2.0,유효사업자번호3,UNIQUE,11.49,100.0,False
서브터미널.csv,사업자등록번호,계약마스터.csv,사업자번호,0.8333,0,nnnnnnnnnn,1.0,,,99.99,100.0,0,nnnnnnnnnn,1.0,유효사업자번호3,,0.0,78.54,False
서브터미널.csv,사업자등록번호,고객마스터.csv,사업자등록번호,1.0,0,nnnnnnnnnn,1.0,,,99.99,100.0,0,nnn-nn-nnnnn,3.0,,,0.0,92.76,False
서브터미널.csv,사업자등록번호,관리회계_고객.csv,사업자등록번호,1.0,0,nnnnnnnnnn,1.0,,,99.99,100.0,1,nnnnnnnnnn,10.0,유효사업자번호3,UNIQUE,0.0,100.0,False
서브터미널.csv,사업자등록번호,기업고객.csv,기업사업자등록번호,0.875,0,nnnnnnnnnn,1.0,,,99.99,100.0,0,nnnnnnnnnn,3.0,유효사업자번호3,,0.01,90.95,False
서브터미널.csv,사업자등록번호,배송점.csv,사업자등록번호,1.0,0,nnnnnnnnnn,1.0,,,99.99,100.0,0,nnnnnnnnnn,1.0,유효사업자번호3,,33.32,80.85,False
서브터미널.csv,사업자등록번호,사업자등록번호정보.csv,사업자등록번호,1.0,0,nnnnnnnnnn,1.0,,,99.99,100.0,1,nnnnnnnnnn,11.0,유효사업자번호3,UNIQUE,0.0,100.0,False
서브터미널.csv,사업자등록번호,서브터미널.csv,사업자등록번호,1.0,0,nnnnnnnnnn,1.0,,,99.99,100.0,0,nnnnnnnnnn,1.0,,,99.99,100.0,True
서브터미널.csv,사업자등록번호,수입관리점소.csv,사업자번호,0.8333,0,nnnnnnnnnn,1.0,,,99.99,100.0,0,nnnnnnnnnn,1.0,유효사업자번호3,,0.0,12.57,False
서브터미널.csv,사업자등록번호,영업소.csv,사업자등록번호,1.0,0,nnnnnnnnnn,1.0,,,99.99,100.0,0,nnnnnnnnnn,1.0,유효사업자번호3,,0.0,52.05,False
서브터미널.csv,사업자등록번호,택배_고객.csv,주민_사업자등록번호,0.8235,0,nnnnnnnnnn,1.0,,,99.99,100.0,0,nnnnnnnnnn,2.0,유효사업자번호3,,0.58,89.94,False
서브터미널.csv,사업자등록번호,택배_고객.csv,사업자등록우편번호,0.875,0,nnnnnnnnnn,1.0,,,99.99,100.0,0,nnnnnn,2.0,우편번호구3,,2.04,32.74,False
서브터미널.csv,사업자등록번호,택배_조직도.csv,사업자등록번호,1.0,0,nnnnnnnnnn,1.0,,,99.99,100.0,0,nnnnnnnnnn,1.0,유효사업자번호3,,49.82,75.01,False
서브터미널.csv,사업자등록번호,사업자등록번호5.csv,사업자등록번호5,0.9333,0,nnnnnnnnnn,1.0,,,99.99,100.0,1,nnnnnnnnnn,1.0,,UNIQUE,0.0,100.0,False
서브터미널.csv,사업자등록번호,사업자등록번호7.csv,사업자등록번호7,0.9333,0,nnnnnnnnnn,1.0,,,99.99,100.0,1,nnn-nn-nnnnn,1.0,,UNIQUE,0.0,100.0,False
서브터미널.csv,수정일시,CUSTOMER.csv,최종수정일시,0.8,0,nn:nn,1.0,,,99.99,100.0,0,nn:nn,1.0,,,21.64,26.31,False
서브터미널.csv,수정일시,ORGNIZATION.csv,최수정일시,0.8889,0,nn:nn,1.0,,,99.99,100.0,0,nn:nn,1.0,,,8.03,25.91,False
서브터미널.csv,수정일시,개인고객.csv,최종수정일시,0.8,0,nn:nn,1.0,,,99.99,100.0,0,nn:nn,1.0,,,93.05,94.3,False
서브터미널.csv,수정일시,기업고객.csv,최종수정일시,0.8,0,nn:nn,1.0,,,99.99,100.0,0,nn:nn,1.0,,,0.42,25.06,False
서브터미널.csv,수정일시,배송점.csv,최수정일시,0.8889,0,nn:nn,1.0,,,99.99,100.0,0,nn:nn,1.0,,,5.61,21.02,False
서브터미널.csv,수정일시,서브터미널.csv,수정일시,1.0,0,nn:nn,1.0,,,99.99,100.0,0,nn:nn,1.0,,,99.99,100.0,True
서브터미널.csv,수정사원번호,사용자.csv,사원번호,0.8,0,nnnnnnn,1.0,,,99.99,100.0,1,nnnnnnn,15.0,,UNIQUE,0.0,100.0,False
서브터미널.csv,수정사원번호,사원기본.csv,사원번호,0.8,0,nnnnnnn,1.0,,,99.99,100.0,1,nnnnnnn,2.0,,UNIQUE,0.0,100.0,False
서브터미널.csv,수정사원번호,사원마스터.csv,사원번호,0.8,0,nnnnnnn,1.0,,,99.99,100.0,1,nnnnnnn,2.0,,UNIQUE,0.0,100.0,False
서브터미널.csv,수정사원번호,서브터미널.csv,수정사원번호,1.0,0,nnnnnnn,1.0,,,99.99,100.0,0,nnnnnnn,1.0,,,99.99,100.0,True
서브터미널.csv,최종업데이트일시,고객마스터.csv,최종사원업데이트일시,0.8889,0,nn:nn,1.0,,,99.99,100.0,0,nn:nn,1.0,,,5.92,29.3,False
서브터미널.csv,최종업데이트일시,서브터미널.csv,최종업데이트일시,1.0,0,nn:nn,1.0,,,99.99,100.0,0,nn:nn,1.0,,,99.99,100.0,True
서브터미널.csv,최종업데이트일시,조직터미널마스터.csv,최종업데이트시스템ID,0.7368,0,nn:nn,1.0,,,99.99,100.0,0,AAAAA,1.0,,SINGLE VALUE,0.0,0.18,False
서브터미널.csv,ETL일시,고객유형.csv,ETL일시,1.0,0,nn:nn.n,1.0,,,99.99,100.0,0,nnnn-nn-nn nn:nn:nn.,1.0,,,0.0,20.0,False
서브터미널.csv,ETL일시,관리회계_계정그룹.csv,ETL일시,1.0,0,nn:nn.n,1.0,,,99.99,100.0,0,nnnn-nn-nn nn:nn:nn.,1.0,,,0.0,33.33,False
서브터미널.csv,ETL일시,관리회계_조직_test.csv,ETL일시,1.0,0,nn:nn.n,1.0,,,99.99,100.0,0,nn:nn.n,1.0,,,33.33,12.5,False
서브터미널.csv,ETL일시,관리회계_조직그룹.csv,ETL일시,1.0,0,nn:nn.n,1.0,,,99.99,100.0,0,nnnn-nn-nn nn:nn:nn.,1.0,,,0.0,10.0,False
서브터미널.csv,ETL일시,서브터미널.csv,ETL일시,1.0,0,nn:nn.n,1.0,,,99.99,100.0,0,nn:nn.n,1.0,,,99.99,100.0,True
선박.csv,선박코드,선박.csv,선박코드,1.0,1,AnAAn,65.0,,UNIQUE,0.0,100.0,1,AnAAn,65.0,,UNIQUE,0.0,100.0,True
선박.csv,선박코드,선박.csv,선사코드,0.75,1,AnAAn,65.0,,UNIQUE,0.0,100.0,0,AAAnnnn,5.0,선사코드,,44.41,11.62,False
선박.csv,선박코드,선박.csv,선박종류코드,0.8,1,AnAAn,65.0,,UNIQUE,0.0,100.0,0,nn,1.0,,,9.68,0.1,False
선박.csv,선박코드,선석.csv,선석코드,0.75,1,AnAAn,65.0,,UNIQUE,0.0,100.0,0,AAA-nn,6.0,,,0.0,55.73,False
선박.csv,선박코드,선박코드.csv,선박코드,1.0,1,AnAAn,65.0,,UNIQUE,0.0,100.0,1,AnAAn,56.0,,UNIQUE,0.0,100.0,False
선박.csv,선박코드,선사코드.csv,선사코드,0.75,1,AnAAn,65.0,,UNIQUE,0.0,100.0,1,AAAnnnn,7.0,,UNIQUE,0.0,100.0,False
선박.csv,선박명_한글,선박.csv,선박명_한글,1.0,0,AAAAAA,834.0,,,9.86,96.65,0,AAAAAA,834.0,,,9.86,96.65,True
선박.csv,선박명_영문,선박.csv,선박명_영문,1.0,0,AAAAAA,835.0,,,9.91,96.61,0,AAAAAA,835.0,,,9.91,96.61,True
선박.csv,선사코드,관리회계BI_사업.csv,사업코드,0.75,0,AAAnnnn,5.0,선사코드,,44.41,11.62,0,nnn,1.0,,,0.0,50.24,False
선박.csv,선사코드,관리회계_사업.csv,사업코드,0.75,0,AAAnnnn,5.0,선사코드,,44.41,11.62,0,nnn,2.0,,,0.0,57.77,False
선박.csv,선사코드,미배송사유코드.csv,사유코드,0.75,0,AAAnnnn,5.0,선사코드,,44.41,11.62,0,nn,2.0,,,0.0,38.46,False
선박.csv,선사코드,사업코드관리.csv,사업코드,0.75,0,AAAnnnn,5.0,선사코드,,44.41,11.62,0,nnn,1.0,,,0.0,52.31,False
선박.csv,선사코드,선박.csv,선박코드,0.75,0,AAAnnnn,5.0,선사코드,,44.41,11.62,1,AnAAn,65.0,,UNIQUE,0.0,100.0,False
선박.csv,선사코드,선박.csv,선사코드,1.0,0,AAAnnnn,5.0,선사코드,,44.41,11.62,0,AAAnnnn,5.0,선사코드,,44.41,11.62,True
선박.csv,선사코드,선석.csv,선석코드,0.75,0,AAAnnnn,5.0,선사코드,,44.41,11.62,0,AAA-nn,6.0,,,0.0,55.73,False
선박.csv,선사코드,선박코드.csv,선박코드,0.75,0,AAAnnnn,5.0,선사코드,,44.41,11.62,1,AnAAn,56.0,,UNIQUE,0.0,100.0,False
선박.csv,선사코드,선사코드.csv,선사코드,1.0,0,AAAnnnn,5.0,선사코드,,44.41,11.62,1,AAAnnnn,7.0,,UNIQUE,0.0,100.0,False
선박.csv,선박종류코드,선박.csv,선박코드,0.8,0,nn,1.0,,,9.68,0.1,1,AnAAn,65.0,,UNIQUE,0.0,100.0,False
선박.csv,선박종류코드,선박.csv,선박종류코드,1.0,0,nn,1.0,,,9.68,0.1,0,nn,1.0,,,9.68,0.1,True
선박.csv,선박종류코드,선박코드.csv,선박코드,0.8,0,nn,1.0,,,9.68,0.1,1,AnAAn,56.0,,UNIQUE,0.0,100.0,False
선박.csv,총길이,선박.csv,총길이,1.0,0,nnn,3.0,,,98.92,50.93,0,nnn,3.0,,,98.92,50.93,True
선박.csv,총중량,선박.csv,총중량,1.0,0,nnnnn,6.0,,,0.24,49.11,0,nnnnn,6.0,,,0.24,49.11,True
선박.csv,비고,선박.csv,비고,1.0,0,aaaaK KK,1.0,,,99.99,100.0,0,aaaaK KK,1.0,,,99.99,100.0,True
선박.csv,비고,선석.csv,비고,1.0,0,aaaaK KK,1.0,,,99.99,100.0,0,KKKK KK KKKK,3.0,,,98.98,30.0,False
선박.csv,처리일시,선박.csv,처리일시,1.0,0,n.nnnnnAsnn,2.0,,,0.05,1.28,0,n.nnnnnAsnn,2.0,,,0.05,1.28,True
선석.csv,항구코드,선석.csv,항구코드,1.0,0,AAA,1.0,Airport_IATA,,0.0,1.02,0,AAA,1.0,Airport_IATA,,0.0,1.02,True
선석.csv,항구코드,선석.csv,항구상세코드,0.8,0,AAA,1.0,Airport_IATA,,0.0,1.02,0,A-AAAnnn,1.0,,,15.13,2.17,False
선석.csv,국가코드,CUSTOMER.csv,국가코드,1.0,0,AA,1.0,,SINGLE VALUE,0.0,0.1,0,AA,1.0,,,6.94,0.08,False
선석.csv,국가코드,개인고객.csv,국가코드,1.0,0,AA,1.0,,SINGLE VALUE,0.0,0.1,0,AA,1.0,,,0.0,0.31,False
선석.csv,국가코드,기업고객.csv,국가코드,1.0,0,AA,1.0,,SINGLE VALUE,0.0,0.1,0,AA,1.0,,,9.09,0.03,False
선석.csv,국가코드,선석.csv,국가코드,1.0,0,AA,1.0,,SINGLE VALUE,0.0,0.1,0,AA,1.0,,SINGLE VALUE,0.0,0.1,True
선석.csv,국가코드,택배_고객.csv,국가코드,1.0,0,AA,1.0,,SINGLE VALUE,0.0,0.1,0,AA,1.0,,,14.81,0.04,False
선석.csv,선석코드,선박.csv,선박코드,0.75,0,AAA-nn,6.0,,,0.0,55.73,1,AnAAn,65.0,,UNIQUE,0.0,100.0,False
선석.csv,선석코드,선박.csv,선사코드,0.75,0,AAA-nn,6.0,,,0.0,55.73,0,AAAnnnn,5.0,선사코드,,44.41,11.62,False
선석.csv,선석코드,선석.csv,선석코드,1.0,0,AAA-nn,6.0,,,0.0,55.73,0,AAA-nn,6.0,,,0.0,55.73,True
선석.csv,선석코드,선박코드.csv,선박코드,0.75,0,AAA-nn,6.0,,,0.0,55.73,1,AnAAn,56.0,,UNIQUE,0.0,100.0,False
선석.csv,선석코드,선사코드.csv,선사코드,0.75,0,AAA-nn,6.0,,,0.0,55.73,1,AAAnnnn,7.0,,UNIQUE,0.0,100.0,False
선석.csv,선석명,선석.csv,선석명,1.0,0,KKKK,146.0,,Text,0.0,73.52,0,KKKK,146.0,,Text,0.0,73.52,True
선석.csv,정산용선석명,선석.csv,정산용선석명,1.0,0,A - n,9.0,,,57.67,46.62,0,A - n,9.0,,,57.67,46.62,True
선석.csv,수심,선석.csv,수심,1.0,0,nsn.n,30.0,,,1.43,21.89,0,nsn.n,30.0,,,1.43,21.89,True
선석.csv,선석길이,선석.csv,선석길이,1.0,0,nnn,5.0,,,0.0,13.5,0,nnn,5.0,,,0.0,13.5,True
선석.csv,업체코드,관리회계BI_사업.csv,사업코드,0.75,0,A-AAAnnn,1.0,,,51.64,15.01,0,nnn,1.0,,,0.0,50.24,False
선석.csv,업체코드,관리회계_사업.csv,사업코드,0.75,0,A-AAAnnn,1.0,,,51.64,15.01,0,nnn,2.0,,,0.0,57.77,False
선석.csv,업체코드,미배송사유코드.csv,작업코드,0.75,0,A-AAAnnn,1.0,,,51.64,15.01,0,nn,2.0,,,0.0,11.54,False
선석.csv,업체코드,사업코드관리.csv,사업코드,0.75,0,A-AAAnnn,1.0,,,51.64,15.01,0,nnn,1.0,,,0.0,52.31,False
선석.csv,업체코드,선석.csv,업체코드,1.0,0,A-AAAnnn,1.0,,,51.64,15.01,0,A-AAAnnn,1.0,,,51.64,15.01,True
선석.csv,항구상세코드,선석.csv,항구코드,0.8,0,A-AAAnnn,1.0,,,15.13,2.17,0,AAA,1.0,Airport_IATA,,0.0,1.02,False
선석.csv,항구상세코드,선석.csv,항구상세코드,1.0,0,A-AAAnnn,1.0,,,15.13,2.17,0,A-AAAnnn,1.0,,,15.13,2.17,True
선석.csv,조직코드,ORGNIZATION.csv,조직코드,1.0,0,nnnnnn,1.0,,YEARMONTH,38.24,2.32,1,nnnn,11.0,,UNIQUE,0.0,100.0,False
선석.csv,조직코드,ORGNIZATION.csv,상위조직코드,0.8,0,nnnnnn,1.0,,YEARMONTH,38.24,2.32,0,nnn,6.0,,,0.76,16.44,False
선석.csv,조직코드,ORGNIZATION.csv,조직구분코드,0.8,0,nnnnnn,1.0,,YEARMONTH,38.24,2.32,0,AAAAAAA,10.0,,,0.0,0.39,False
선석.csv,조직코드,ORGNIZATION.csv,수입조직코드,0.8,0,nnnnnn,1.0,,YEARMONTH,38.24,2.32,0,AAAAA,1.0,,,21.79,2.8,False
선석.csv,조직코드,관리회계_조직.csv,부서조직코드,0.8,0,nnnnnn,1.0,,YEARMONTH,38.24,2.32,1,AAAAAA,7.0,,UNIQUE,0.0,100.0,False
선석.csv,조직코드,관리회계_조직.csv,조직유형코드,0.8,0,nnnnnn,1.0,,YEARMONTH,38.24,2.32,0,AAAAAA,2.0,,,86.9,52.73,False
선석.csv,조직코드,관리회계_조직_test.csv,조직유형코드,0.8,0,nnnnnn,1.0,,YEARMONTH,38.24,2.32,0,AAAAAA,1.0,,,91.67,100.0,False
선석.csv,조직코드,배송점.csv,상위조직코드,0.8,0,nnnnnn,1.0,,YEARMONTH,38.24,2.32,0,nnn,2.0,,,0.04,17.99,False
선석.csv,조직코드,배송점.csv,조직구분코드,0.8,0,nnnnnn,1.0,,YEARMONTH,38.24,2.32,0,AAAAAAA,2.0,,,0.0,0.08,False
선석.csv,조직코드,사원기본.csv,소속조직코드,0.8,0,nnnnnn,1.0,,YEARMONTH,38.24,2.32,0,nnnn,7.0,,,0.0,17.28,False
선석.csv,조직코드,사원기본.csv,직종코드,0.75,0,nnnnnn,1.0,,YEARMONTH,38.24,2.32,0,nn,2.0,,,0.0,0.28,False
선석.csv,조직코드,사원마스터.csv,조직코드,1.0,0,nnnnnn,1.0,,YEARMONTH,38.24,2.32,0,nnnn,7.0,,,0.0,17.28,False
선석.csv,조직코드,사원마스터.csv,직종코드,0.75,0,nnnnnn,1.0,,YEARMONTH,38.24,2.32,0,nn,2.0,,,0.0,0.28,False
선석.csv,조직코드,선석.csv,조직코드,1.0,0,nnnnnn,1.0,,YEARMONTH,38.24,2.32,0,nnnnnn,1.0,,YEARMONTH,38.24,2.32,True
선석.csv,조직코드,원가인명정보.csv,급여조직코드,0.8,0,nnnnnn,1.0,,YEARMONTH,38.24,2.32,0,AAAAAA,5.0,,,0.0,3.45,False
선석.csv,조직코드,조직터미널마스터.csv,터미널조직코드,0.7273,0,nnnnnn,1.0,,YEARMONTH,38.24,2.32,1,nnn,1.0,,UNIQUE,0.0,100.0,False
선석.csv,조직코드,택배_조직도.csv,조직코드,1.0,0,nnnnnn,1.0,,YEARMONTH,38.24,2.32,1,nnnn,11.0,,UNIQUE,0.0,100.0,False
선석.csv,조직코드,택배_조직도.csv,상위조직코드,0.8,0,nnnnnn,1.0,,YEARMONTH,38.24,2.32,0,nnn,6.0,,,0.76,16.44,False
선석.csv,조직코드,택배_조직도.csv,조직구분코드,0.8,0,nnnnnn,1.0,,YEARMONTH,38.24,2.32,0,AAAAAAA,10.0,,,0.0,0.39,False
선석.csv,조직코드,택배_조직도.csv,수입조직코드,0.8,0,nnnnnn,1.0,,YEARMONTH,38.24,2.32,0,AAAAA,1.0,,,21.79,2.8,False
선석.csv,조직코드,택배_조직도.csv,조직중구분코드,0.7273,0,nnnnnn,1.0,,YEARMONTH,38.24,2.32,0,A,3.0,,,48.2,2.32,False
선석.csv,조회순번,선석.csv,조회순번,1.0,0,nnn,3.0,,,0.0,1.43,0,nnn,3.0,,,0.0,1.43,True
선석.csv,비고,선박.csv,비고,1.0,0,KKKK KK KKKK,3.0,,,98.98,30.0,0,aaaaK KK,1.0,,,99.99,100.0,False
선석.csv,비고,선석.csv,비고,1.0,0,KKKK KK KKKK,3.0,,,98.98,30.0,0,KKKK KK KKKK,3.0,,,98.98,30.0,True
수입관리_고객.csv,고객번호,CUSTOMER.csv,고객번호,1.0,1,nnnnnnnnnn,1.0,유효사업자번호3,UNIQUE,0.0,100.0,1,nnnnnnn,2.0,,UNIQUE,0.0,100.0,False
수입관리_고객.csv,고객번호,개인고객.csv,개인고객번호,0.8,1,nnnnnnnnnn,1.0,유효사업자번호3,UNIQUE,0.0,100.0,1,Annnnnn,3.0,,UNIQUE,0.0,100.0,False
수입관리_고객.csv,고객번호,고객마스터.csv,고객번호,1.0,1,nnnnnnnnnn,1.0,유효사업자번호3,UNIQUE,0.0,100.0,1,nnnnnnnnnn,1.0,유효사업자번호3,UNIQUE,0.0,100.0,False
수입관리_고객.csv,고객번호,기업고객.csv,기업고객번호,0.8,1,nnnnnnnnnn,1.0,유효사업자번호3,UNIQUE,0.0,100.0,0,nnnnnnn,6.0,,TEL,0.0,100.0,False
수입관리_고객.csv,고객번호,수입관리_고객.csv,고객번호,1.0,1,nnnnnnnnnn,1.0,유효사업자번호3,UNIQUE,0.0,100.0,1,nnnnnnnnnn,1.0,유효사업자번호3,UNIQUE,0.0,100.0,True
수입관리_고객.csv,고객번호,택배_고객.csv,고객번호,1.0,1,nnnnnnnnnn,1.0,유효사업자번호3,UNIQUE,0.0,100.0,1,nnnnnnn,1.0,,UNIQUE,0.0,100.0,False
수입관리_고객.csv,수금점소코드,CUSTOMER.csv,수금점소,0.8,0,nnnn,1.0,,,44.32,2.51,0,AAAAA,4.0,,,0.81,1.18,False
수입관리_고객.csv,수금점소코드,개인고객.csv,수금점소,0.8,0,nnnn,1.0,,,44.32,2.51,0,AAAAA,2.0,,,0.57,1.77,False
수입관리_고객.csv,수금점소코드,기업고객.csv,수금점소,0.8,0,nnnn,1.0,,,44.32,2.51,0,AAAAA,3.0,,,0.66,1.55,False
수입관리_고객.csv,수금점소코드,사용자.csv,점소코드,0.8,0,nnnn,1.0,,,44.32,2.51,0,nnnn,1.0,,,0.0,3.9,False
수입관리_고객.csv,수금점소코드,수입관리_고객.csv,수금점소코드,1.0,0,nnnn,1.0,,,44.32,2.51,0,nnnn,1.0,,,44.32,2.51,True
수입관리_고객.csv,수금점소코드,수입관리점소.csv,수입점소코드,0.8333,0,nnnn,1.0,,,44.32,2.51,1,nnnn,1.0,,UNIQUE,0.0,100.0,False
수입관리_고객.csv,주소,CUSTOMER.csv,주소,1.0,0,nnn,2551.0,,,0.12,87.93,0,nnn-n,3079.0,,,8.32,84.5,False
수입관리_고객.csv,주소,개인고객.csv,주소,1.0,0,nnn,2551.0,,,0.12,87.93,0,nnnK,905.0,,,0.62,87.64,False
수입관리_고객.csv,주소,고객마스터.csv,주소,1.0,0,nnn,2551.0,,,0.12,87.93,0,KKKK KKK KKK KKK nnn,834.0,,ADDRESS,83.91,98.32,False
수입관리_고객.csv,주소,기업고객.csv,주소,1.0,0,nnn,2551.0,,,0.12,87.93,0,nnn-n,2280.0,,,6.52,83.88,False
수입관리_고객.csv,주소,사원마스터.csv,주소,1.0,0,nnn,2551.0,,,0.12,87.93,0,KK KK KK,334.0,,ADDRESS,82.37,66.65,False
수입관리_고객.csv,주소,수입관리_고객.csv,주소,1.0,0,nnn,2551.0,,,0.12,87.93,0,nnn,2551.0,,,0.12,87.93,True
수입관리_고객.csv,주소,영업소.csv,주소,1.0,0,nnn,2551.0,,,0.12,87.93,0,KK KKK KKK KKK KKK A,67.0,,ADDRESS,8.22,75.37,False
수입관리_고객.csv,고객명,CUSTOMER.csv,고객명,1.0,0,KKKK,812.0,,Text,0.0,97.88,0,KKK,724.0,,Text,0.32,92.27,False
수입관리_고객.csv,고객명,CUSTOMER.csv,영문고객명,0.75,0,KKKK,812.0,,Text,0.0,97.88,0,A,180.0,,,97.23,97.11,False
수입관리_고객.csv,고객명,OneClick고객.csv,고객명,1.0,0,KKKK,812.0,,Text,0.0,97.88,0,KKK,347.0,,Text,0.0,85.83,False
수입관리_고객.csv,고객명,개인고객.csv,고객명,1.0,0,KKKK,812.0,,Text,0.0,97.88,0,KKK,37.0,,Text,0.26,91.75,False
수입관리_고객.csv,고객명,개인고객.csv,영문고객명,0.75,0,KKKK,812.0,,Text,0.0,97.88,0,AAAAAAAA AAAAAAA AAA,6.0,,,99.74,100.0,False
수입관리_고객.csv,고객명,계약마스터.csv,고객명,1.0,0,KKKK,812.0,,Text,0.0,97.88,0,KKKK,375.0,,Text,0.0,78.27,False
수입관리_고객.csv,고객명,고객마스터.csv,고객명,1.0,0,KKKK,812.0,,Text,0.0,97.88,0,KKKK,494.0,,Text,0.01,98.63,False
수입관리_고객.csv,고객명,고객유형.csv,고객유형명,0.75,0,KKKK,812.0,,Text,0.0,97.88,0,aAAAAA,4.0,,,0.0,100.0,False
수입관리_고객.csv,고객명,관리회계_고객.csv,고객명,1.0,0,KKKK,812.0,,Text,0.0,97.88,0,KKKK,730.0,,Text,0.0,100.0,False
수입관리_고객.csv,고객명,기업고객.csv,기업고객명,0.75,0,KKKK,812.0,,Text,0.0,97.88,0,KKKK,681.0,,Text,0.05,92.53,False
수입관리_고객.csv,고객명,기업고객.csv,영문고객명,0.75,0,KKKK,812.0,,Text,0.0,97.88,0,A,176.0,,,96.33,97.05,False
수입관리_고객.csv,고객명,사업자등록번호정보.csv,고객명,1.0,0,KKKK,812.0,,Text,0.0,97.88,0,KKKK,913.0,,Text,0.0,98.37,False
수입관리_고객.csv,고객명,수입관리_고객.csv,고객명,1.0,0,KKKK,812.0,,Text,0.0,97.88,0,KKKK,812.0,,Text,0.0,97.88,True
수입관리_고객.csv,고객명,택배_고객.csv,한글고객명,0.75,0,KKKK,812.0,,Text,0.0,97.88,0,KKKK,799.0,,Text,0.55,89.93,False
수입관리_고객.csv,고객명,택배_고객.csv,영문고객명,0.75,0,KKKK,812.0,,Text,0.0,97.88,0,A,312.0,,,94.3,92.11,False
수입관리_고객.csv,등록자사번,수입관리_고객.csv,등록자사번,1.0,0,nnnnnnn,6.0,,,0.07,8.6,0,nnnnnnn,6.0,,,0.07,8.6,True
수입관리_고객.csv,등록자사번,조직터미널마스터.csv,등록사원번호,0.7273,0,nnnnnnn,6.0,,,0.07,8.6,0,nnnnnnn,1.0,,,95.15,14.81,False
수입관리_고객.csv,등록자사번,택배_조직도.csv,등록사원번호,0.7273,0,nnnnnnn,6.0,,,0.07,8.6,0,nnnnnnn,1.0,,,97.13,7.27,False
수입관리_고객.csv,SFDC고객ID,OneClick고객.csv,SFDC고객ID,1.0,1,AAnnnnnnnnnnnnn,475.0,,UNIQUE,11.63,100.0,1,AAnnnnnnnnnnnnn,168.0,,UNIQUE,76.53,100.0,False
수입관리_고객.csv,SFDC고객ID,고객마스터.csv,SFDC고객ID,1.0,1,AAnnnnnnnnnnnnn,475.0,,UNIQUE,11.63,100.0,1,nnnnnnnnnnAaaAAAAA,438.0,,UNIQUE,5.85,100.0,False
수입관리_고객.csv,SFDC고객ID,수입관리_고객.csv,SFDC고객ID,1.0,1,AAnnnnnnnnnnnnn,475.0,,UNIQUE,11.63,100.0,1,AAnnnnnnnnnnnnn,475.0,,UNIQUE,11.63,100.0,True
수입관리_고객.csv,법인번호,CUSTOMER.csv,법인번호,1.0,0,n.nnnnnAsnn,4.0,,,84.0,13.31,0,nnnnnnnnnnnnn,1.0,법인번호7,,87.03,11.72,False
수입관리_고객.csv,법인번호,OneClick고객.csv,법인등록번호,0.8,0,n.nnnnnAsnn,4.0,,,84.0,13.31,0,n.nnnnnAsnn,3.0,,,98.78,33.61,False
수입관리_고객.csv,법인번호,고객마스터.csv,법인등록번호,0.8,0,n.nnnnnAsnn,4.0,,,84.0,13.31,0,n.nnnnnAsnn,2.0,,,94.85,21.75,False
수입관리_고객.csv,법인번호,관리회계_고객.csv,법인번호,1.0,0,n.nnnnnAsnn,4.0,,,84.0,13.31,0,nnnnnnnnnnnnn,3.0,법인번호7,,73.56,10.7,False
수입관리_고객.csv,법인번호,기업고객.csv,기업법인번호,0.8,0,n.nnnnnAsnn,4.0,,,84.0,13.31,0,n.nnnnnAsnn,2.0,,,82.45,11.72,False
수입관리_고객.csv,법인번호,법인정보.csv,법인번호,1.0,0,n.nnnnnAsnn,4.0,,,84.0,13.31,1,nnnnnnnnnnnnn,4.0,법인번호7,UNIQUE,0.0,100.0,False
수입관리_고객.csv,법인번호,사업자등록번호정보.csv,법인번호,1.0,0,n.nnnnnAsnn,4.0,,,84.0,13.31,0,nnnnnnnnnnnnn,2.0,법인번호7,,72.02,93.42,False
수입관리_고객.csv,법인번호,수입관리_고객.csv,법인번호,1.0,0,n.nnnnnAsnn,4.0,,,84.0,13.31,0,n.nnnnnAsnn,4.0,,,84.0,13.31,True
수입관리_고객.csv,법인번호,법인번호7.csv,법인번호7,0.8889,0,n.nnnnnAsnn,4.0,,,84.0,13.31,1,nnnnnnnnnnnnn,1.0,,UNIQUE,0.0,100.0,False
수입관리점소.csv,수입점소코드,사용자.csv,점소코드,0.8,1,nnnn,1.0,,UNIQUE,0.0,100.0,0,nnnn,1.0,,,0.0,3.9,False
수입관리점소.csv,수입점소코드,수입관리_고객.csv,수금점소코드,0.8333,1,nnnn,1.0,,UNIQUE,0.0,100.0,0,nnnn,1.0,,,44.32,2.51,False
수입관리점소.csv,수입점소코드,수입관리점소.csv,수입점소코드,1.0,1,nnnn,1.0,,UNIQUE,0.0,100.0,1,nnnn,1.0,,UNIQUE,0.0,100.0,True
수입관리점소.csv,센터코드,관리회계BI_조직.csv,팀센터코드,0.8889,0,nnnnnn,1.0,,,14.53,59.8,1,AAAAAA,7.0,,UNIQUE,0.0,100.0,False
수입관리점소.csv,센터코드,수입관리점소.csv,센터코드,1.0,0,nnnnnn,1.0,,,14.53,59.8,0,nnnnnn,1.0,,,14.53,59.8,True
수입관리점소.csv,센터코드,영업소.csv,집하센터코드,0.8,0,nnnnnn,1.0,,,14.53,59.8,0,nnn,1.0,,,0.68,2.76,False
수입관리점소.csv,센터코드,조직코드관리.csv,팀센터코드,0.8889,0,nnnnnn,1.0,,,14.53,59.8,1,AAAAAA,7.0,,UNIQUE,0.0,100.0,False
수입관리점소.csv,점소명,수입관리점소.csv,점소명,1.0,0,KKKKKK,54.0,,Text,0.0,98.04,0,KKKKKK,54.0,,Text,0.0,98.04,True
수입관리점소.csv,소재지주소,수입관리점소.csv,소재지주소,1.0,0,nnnKK,64.0,,,0.0,46.65,0,nnnKK,64.0,,,0.0,46.65,True
수입관리점소.csv,전화번호,test.csv,전화번호,1.0,0,nn-nnn-nnnn,5.0,,TEL,0.0,49.72,0,nnnnnnnn,2.0,,TEL,0.0,81.25,False
수입관리점소.csv,전화번호,사용자.csv,전화번호,1.0,0,nn-nnn-nnnn,5.0,,TEL,0.0,49.72,0,nnn-nnn-nnnn,21.0,,TEL,15.7,25.04,False
수입관리점소.csv,전화번호,수입관리점소.csv,전화번호,1.0,0,nn-nnn-nnnn,5.0,,TEL,0.0,49.72,0,nn-nnn-nnnn,5.0,,TEL,0.0,49.72,True
수입관리점소.csv,전화번호,전화국가번호.csv,전화국가번호,0.8,0,nn-nnn-nnnn,5.0,,TEL,0.0,49.72,1,nnn,10.0,,UNIQUE,0.0,100.0,False
수입관리점소.csv,전화번호,전화지역번호.csv,전화지역번호,0.8,0,nn-nnn-nnnn,5.0,,TEL,0.0,49.72,1,nnn,2.0,,UNIQUE,0.0,100.0,False
수입관리점소.csv,부가세신고점소코드,수입관리점소.csv,부가세신고점소코드,1.0,0,nnnn,1.0,,,0.0,20.95,0,nnnn,1.0,,,0.0,20.95,True
수입관리점소.csv,사업자번호,OneClick고객.csv,사업자등록번호,0.8333,0,nnnnnnnnnn,1.0,유효사업자번호3,,0.0,12.57,0,nnn-nn-nnnnn,2.0,,,0.0,90.72,False
수입관리점소.csv,사업자번호,OneClick고객.csv,사업우편번호,0.7273,0,nnnnnnnnnn,1.0,유효사업자번호3,,0.0,12.57,0,nnnnn,2.0,우편번호3,,78.43,86.28,False
수입관리점소.csv,사업자번호,ORGNIZATION.csv,사업자등록번호,0.8333,0,nnnnnnnnnn,1.0,유효사업자번호3,,0.0,12.57,0,nnnnnnnnnn,1.0,유효사업자번호3,,49.82,75.01,False
수입관리점소.csv,사업자번호,PRM계약.csv,사업자번호,1.0,0,nnnnnnnnnn,1.0,유효사업자번호3,,0.0,12.57,0,nnnnnnnnnn,1.0,유효사업자번호3,,0.0,35.16,False
수입관리점소.csv,사업자번호,간선사업자.csv,사업자번호,1.0,0,nnnnnnnnnn,1.0,유효사업자번호3,,0.0,12.57,1,nnn-nn-nnnnn,2.0,,UNIQUE,0.0,100.0,False
수입관리점소.csv,사업자번호,개인고객.csv,사업자등록번호,0.8333,0,nnnnnnnnnn,1.0,유효사업자번호3,,0.0,12.57,1,nnnnnnnnnn,2.0,유효사업자번호3,UNIQUE,11.49,100.0,False
수입관리점소.csv,사업자번호,계약마스터.csv,사업자번호,1.0,0,nnnnnnnnnn,1.0,유효사업자번호3,,0.0,12.57,0,nnnnnnnnnn,1.0,유효사업자번호3,,0.0,78.54,False
수입관리점소.csv,사업자번호,고객마스터.csv,사업자등록번호,0.8333,0,nnnnnnnnnn,1.0,유효사업자번호3,,0.0,12.57,0,nnn-nn-nnnnn,3.0,,,0.0,92.76,False
수입관리점소.csv,사업자번호,관리회계_고객.csv,사업자등록번호,0.8333,0,nnnnnnnnnn,1.0,유효사업자번호3,,0.0,12.57,1,nnnnnnnnnn,10.0,유효사업자번호3,UNIQUE,0.0,100.0,False
수입관리점소.csv,사업자번호,기업고객.csv,기업사업자등록번호,0.7143,0,nnnnnnnnnn,1.0,유효사업자번호3,,0.0,12.57,0,nnnnnnnnnn,3.0,유효사업자번호3,,0.01,90.95,False
수입관리점소.csv,사업자번호,배송점.csv,사업자등록번호,0.8333,0,nnnnnnnnnn,1.0,유효사업자번호3,,0.0,12.57,0,nnnnnnnnnn,1.0,유효사업자번호3,,33.32,80.85,False
수입관리점소.csv,사업자번호,사업자등록번호정보.csv,사업자등록번호,0.8333,0,nnnnnnnnnn,1.0,유효사업자번호3,,0.0,12.57,1,nnnnnnnnnn,11.0,유효사업자번호3,UNIQUE,0.0,100.0,False
수입관리점소.csv,사업자번호,서브터미널.csv,사업자등록번호,0.8333,0,nnnnnnnnnn,1.0,유효사업자번호3,,0.0,12.57,0,nnnnnnnnnn,1.0,,,99.99,100.0,False
수입관리점소.csv,사업자번호,수입관리점소.csv,사업자번호,1.0,0,nnnnnnnnnn,1.0,유효사업자번호3,,0.0,12.57,0,nnnnnnnnnn,1.0,유효사업자번호3,,0.0,12.57,True
수입관리점소.csv,사업자번호,영업소.csv,사업자등록번호,0.8333,0,nnnnnnnnnn,1.0,유효사업자번호3,,0.0,12.57,0,nnnnnnnnnn,1.0,유효사업자번호3,,0.0,52.05,False
수입관리점소.csv,사업자번호,택배_고객.csv,사업자등록우편번호,0.7143,0,nnnnnnnnnn,1.0,유효사업자번호3,,0.0,12.57,0,nnnnnn,2.0,우편번호구3,,2.04,32.74,False
수입관리점소.csv,사업자번호,택배_조직도.csv,사업자등록번호,0.8333,0,nnnnnnnnnn,1.0,유효사업자번호3,,0.0,12.57,0,nnnnnnnnnn,1.0,유효사업자번호3,,49.82,75.01,False
수입관리점소.csv,사업자번호,사업자등록번호3.csv,유효사업자번호3,0.7692,0,nnnnnnnnnn,1.0,유효사업자번호3,,0.0,12.57,1,nnnnnnnnnn,1.0,,UNIQUE,0.0,100.0,False
수입관리점소.csv,사업자번호,사업자등록번호5.csv,사업자등록번호5,0.7692,0,nnnnnnnnnn,1.0,유효사업자번호3,,0.0,12.57,1,nnnnnnnnnn,1.0,,UNIQUE,0.0,100.0,False
수입관리점소.csv,사업자번호,사업자등록번호7.csv,사업자등록번호7,0.7692,0,nnnnnnnnnn,1.0,유효사업자번호3,,0.0,12.57,1,nnn-nn-nnnnn,1.0,,UNIQUE,0.0,100.0,False
수입관리점소.csv,관할세무서명,수입관리점소.csv,관할세무서명,1.0,0,KK,3.0,,,0.0,9.22,0,KK,3.0,,,0.0,9.22,True
수입관리점소.csv,처리자사번,결제조건.csv,처리자사번,1.0,0,nnnnnnn,1.0,,,0.0,5.31,0,nnnnnnn,1.0,,,0.0,10.53,False
수입관리점소.csv,처리자사번,기업설립형태.csv,처리자사번,1.0,0,nnnnnnn,1.0,,,0.0,5.31,0,nnnnnnn,1.0,,TEL,0.0,9.09,False
수입관리점소.csv,처리자사번,불량등급.csv,처리자사번,1.0,0,nnnnnnn,1.0,,,0.0,5.31,0,nnnnnnn,1.0,,,0.0,26.32,False
수입관리점소.csv,처리자사번,사업구분.csv,처리자사번,1.0,0,nnnnnnn,1.0,,,0.0,5.31,0,nnnnnnn,1.0,,,0.0,3.36,False
수입관리점소.csv,처리자사번,사용자.csv,처리자사번,1.0,0,nnnnnnn,1.0,,,0.0,5.31,0,nnnnnnn,8.0,,,0.0,5.21,False
수입관리점소.csv,처리자사번,수입관리점소.csv,처리자사번,1.0,0,nnnnnnn,1.0,,,0.0,5.31,0,nnnnnnn,1.0,,,0.0,5.31,True
수입관리점소.csv,처리자사번,신용공여기간.csv,처리자사번,1.0,0,nnnnnnn,1.0,,,0.0,5.31,0,nnnnnnn,1.0,,,0.0,30.23,False
수입관리점소.csv,처리자사번,신용등급.csv,처리자사번,1.0,0,nnnnnnn,1.0,,,0.0,5.31,0,nnnnnnn,1.0,,,0.0,16.67,False
신용공여기간.csv,신용공여기준일수,신용공여기간.csv,신용공여기준일수,1.0,1,nn,3.0,,UNIQUE,0.0,100.0,1,nn,3.0,,UNIQUE,0.0,100.0,True
신용공여기간.csv,처리자사번,결제조건.csv,처리자사번,1.0,0,nnnnnnn,1.0,,,0.0,30.23,0,nnnnnnn,1.0,,,0.0,10.53,False
신용공여기간.csv,처리자사번,기업설립형태.csv,처리자사번,1.0,0,nnnnnnn,1.0,,,0.0,30.23,0,nnnnnnn,1.0,,TEL,0.0,9.09,False
신용공여기간.csv,처리자사번,불량등급.csv,처리자사번,1.0,0,nnnnnnn,1.0,,,0.0,30.23,0,nnnnnnn,1.0,,,0.0,26.32,False
신용공여기간.csv,처리자사번,사업구분.csv,처리자사번,1.0,0,nnnnnnn,1.0,,,0.0,30.23,0,nnnnnnn,1.0,,,0.0,3.36,False
신용공여기간.csv,처리자사번,사용자.csv,처리자사번,1.0,0,nnnnnnn,1.0,,,0.0,30.23,0,nnnnnnn,8.0,,,0.0,5.21,False
신용공여기간.csv,처리자사번,수입관리점소.csv,처리자사번,1.0,0,nnnnnnn,1.0,,,0.0,30.23,0,nnnnnnn,1.0,,,0.0,5.31,False
신용공여기간.csv,처리자사번,신용공여기간.csv,처리자사번,1.0,0,nnnnnnn,1.0,,,0.0,30.23,0,nnnnnnn,1.0,,,0.0,30.23,True
신용공여기간.csv,처리자사번,신용등급.csv,처리자사번,1.0,0,nnnnnnn,1.0,,,0.0,30.23,0,nnnnnnn,1.0,,,0.0,16.67,False
신용공여기간.csv,월매트릭스구분,신용공여기간.csv,월매트릭스구분,1.0,0,AAsnA,1.0,,,86.05,100.0,0,AAsnA,1.0,,,86.05,100.0,True
신용등급.csv,신용등급명,신용등급.csv,신용등급명,1.0,0,KK,3.0,,,0.0,100.0,0,KK,3.0,,,0.0,100.0,True
신용등급.csv,FROM점수,신용등급.csv,FROM점수,1.0,0,nn,2.0,,,16.67,100.0,0,nn,2.0,,,16.67,100.0,True
신용등급.csv,TO점수,신용등급.csv,TO점수,1.0,0,nn,2.0,,,16.67,100.0,0,nn,2.0,,,16.67,100.0,True
신용등급.csv,dt_reg,신용등급.csv,dt_reg,1.0,0,nnnnnnnn,1.0,,,0.0,16.67,0,nnnnnnnn,1.0,,,0.0,16.67,True
신용등급.csv,처리자사번,결제조건.csv,처리자사번,1.0,0,nnnnnnn,1.0,,,0.0,16.67,0,nnnnnnn,1.0,,,0.0,10.53,False
신용등급.csv,처리자사번,기업설립형태.csv,처리자사번,1.0,0,nnnnnnn,1.0,,,0.0,16.67,0,nnnnnnn,1.0,,TEL,0.0,9.09,False
신용등급.csv,처리자사번,불량등급.csv,처리자사번,1.0,0,nnnnnnn,1.0,,,0.0,16.67,0,nnnnnnn,1.0,,,0.0,26.32,False
신용등급.csv,처리자사번,사업구분.csv,처리자사번,1.0,0,nnnnnnn,1.0,,,0.0,16.67,0,nnnnnnn,1.0,,,0.0,3.36,False
신용등급.csv,처리자사번,사용자.csv,처리자사번,1.0,0,nnnnnnn,1.0,,,0.0,16.67,0,nnnnnnn,8.0,,,0.0,5.21,False
신용등급.csv,처리자사번,수입관리점소.csv,처리자사번,1.0,0,nnnnnnn,1.0,,,0.0,16.67,0,nnnnnnn,1.0,,,0.0,5.31,False
신용등급.csv,처리자사번,신용공여기간.csv,처리자사번,1.0,0,nnnnnnn,1.0,,,0.0,16.67,0,nnnnnnn,1.0,,,0.0,30.23,False
신용등급.csv,처리자사번,신용등급.csv,처리자사번,1.0,0,nnnnnnn,1.0,,,0.0,16.67,0,nnnnnnn,1.0,,,0.0,16.67,True
신용등급.csv,last_update_dtm,신용등급.csv,last_update_dtm,1.0,0,nnnn-nn-nn nn:nn:nn.,1.0,,,0.0,16.67,0,nnnn-nn-nn nn:nn:nn.,1.0,,,0.0,16.67,True
신용등급.csv,etl_dtm,신용등급.csv,etl_dtm,1.0,0,nnnn-nn-nn nn:nn:nn.,1.0,,,0.0,16.67,0,nnnn-nn-nn nn:nn:nn.,1.0,,,0.0,16.67,True
영업소.csv,영업소코드,영업소.csv,영업소코드,1.0,1,nnn,2.0,,UNIQUE,0.0,100.0,1,nnn,2.0,,UNIQUE,0.0,100.0,True
영업소.csv,영업소코드,영업소.csv,계약영업소코드,0.8333,1,nnn,2.0,,UNIQUE,0.0,100.0,0,nnn,1.0,,,47.95,93.42,False
영업소.csv,영업소코드,영업소.csv,상위영업소코드,0.8333,1,nnn,2.0,,UNIQUE,0.0,100.0,0,nnn,1.0,,,0.0,12.33,False
영업소.csv,영업소명,영업소.csv,영업소명,1.0,0,KK,24.0,,Text,0.0,97.26,0,KK,24.0,,Text,0.0,97.26,True
영업소.csv,영업소명,영업소.csv,영업소약명,0.8889,0,KK,24.0,,Text,0.0,97.26,0,KK,16.0,,,0.0,90.41,False
영업소.csv,영업소약명,영업소.csv,영업소명,0.8889,0,KK,16.0,,,0.0,90.41,0,KK,24.0,,Text,0.0,97.26,False
영업소.csv,영업소약명,영업소.csv,영업소약명,1.0,0,KK,16.0,,,0.0,90.41,0,KK,16.0,,,0.0,90.41,True
영업소.csv,건평,영업소.csv,건평,1.0,0,nnn,3.0,,,0.0,6.16,0,nnn,3.0,,,0.0,6.16,True
영업소.csv,우편번호,CUSTOMER.csv,우편번호,1.0,0,nnnnnn,1.0,우편번호구3,,0.0,50.68,0,nnnnnn,3.0,우편번호3,,28.48,44.99,False
영업소.csv,우편번호,CUSTOMER.csv,청구지우편번호,0.7273,0,nnnnnn,1.0,우편번호구3,,0.0,50.68,0,nnnnnn,2.0,우편번호3,,23.33,47.14,False
영업소.csv,우편번호,CUSTOMER.csv,집하지우편번호,0.7273,0,nnnnnn,1.0,우편번호구3,,0.0,50.68,0,nnnnnn,3.0,우편번호3,,1.58,64.41,False
영업소.csv,우편번호,OneClick고객.csv,사업우편번호,0.8,0,nnnnnn,1.0,우편번호구3,,0.0,50.68,0,nnnnn,2.0,우편번호3,,78.43,86.28,False
영업소.csv,우편번호,ORGNIZATION.csv,우편번호,1.0,0,nnnnnn,1.0,우편번호구3,,0.0,50.68,0,nnnnnn,2.0,우편번호3,,9.25,44.44,False
영업소.csv,우편번호,개인고객.csv,우편번호,1.0,0,nnnnnn,1.0,우편번호구3,,0.0,50.68,0,nnnnnn,3.0,,,99.87,100.0,False
영업소.csv,우편번호,개인고객.csv,집하지우편번호,0.7273,0,nnnnnn,1.0,우편번호구3,,0.0,50.68,0,nnnnn,3.0,우편번호3,,0.22,89.94,False
영업소.csv,우편번호,고객마스터.csv,우편번호,1.0,0,nnnnnn,1.0,우편번호구3,,0.0,50.68,0,nnnnn,2.0,우편번호3,,90.06,92.56,False
영업소.csv,우편번호,기업고객.csv,기업우편번호,0.8,0,nnnnnn,1.0,우편번호구3,,0.0,50.68,0,nnnnnn,4.0,,,3.29,44.97,False
영업소.csv,우편번호,기업고객.csv,청구지우편번호,0.7273,0,nnnnnn,1.0,우편번호구3,,0.0,50.68,0,nnnnnn,3.0,,,0.57,45.82,False
영업소.csv,우편번호,기업고객.csv,집하지우편번호,0.7273,0,nnnnnn,1.0,우편번호구3,,0.0,50.68,0,nnnnnn,3.0,우편번호3,,1.81,58.49,False
영업소.csv,우편번호,배송점.csv,우편번호,1.0,0,nnnnnn,1.0,우편번호구3,,0.0,50.68,0,nnnnnn,2.0,우편번호3,,6.88,56.92,False
영업소.csv,우편번호,서브터미널.csv,우편번호,1.0,0,nnnnnn,1.0,우편번호구3,,0.0,50.68,0,nnnnn,1.0,,,99.99,100.0,False
영업소.csv,우편번호,영업소.csv,우편번호,1.0,0,nnnnnn,1.0,우편번호구3,,0.0,50.68,0,nnnnnn,1.0,우편번호구3,,0.0,50.68,True
영업소.csv,우편번호,택배_고객.csv,집하지우편번호,0.7273,0,nnnnnn,1.0,우편번호구3,,0.0,50.68,0,nnnnnn,2.0,우편번호구3,,2.61,40.58,False
영업소.csv,우편번호,택배_조직도.csv,우편번호,1.0,0,nnnnnn,1.0,우편번호구3,,0.0,50.68,0,nnnnnn,2.0,우편번호3,,9.25,44.44,False
영업소.csv,우편번호,우편번호3.csv,우편번호3,0.8889,0,nnnnnn,1.0,우편번호구3,,0.0,50.68,1,nnnnn,1.0,,UNIQUE,0.0,100.0,False
영업소.csv,우편번호,우편번호구3.csv,우편번호구3,0.8,0,nnnnnn,1.0,우편번호구3,,0.0,50.68,1,nnnnnn,2.0,,UNIQUE,0.0,100.0,False
영업소.csv,주소,CUSTOMER.csv,주소,1.0,0,KK KKK KKK KKK KKK A,67.0,,ADDRESS,8.22,75.37,0,nnn-n,3079.0,,,8.32,84.5,False
영업소.csv,주소,개인고객.csv,주소,1.0,0,KK KKK KKK KKK KKK A,67.0,,ADDRESS,8.22,75.37,0,nnnK,905.0,,,0.62,87.64,False
영업소.csv,주소,고객마스터.csv,주소,1.0,0,KK KKK KKK KKK KKK A,67.0,,ADDRESS,8.22,75.37,0,KKKK KKK KKK KKK nnn,834.0,,ADDRESS,83.91,98.32,False
영업소.csv,주소,기업고객.csv,주소,1.0,0,KK KKK KKK KKK KKK A,67.0,,ADDRESS,8.22,75.37,0,nnn-n,2280.0,,,6.52,83.88,False
영업소.csv,주소,사원마스터.csv,주소,1.0,0,KK KKK KKK KKK KKK A,67.0,,ADDRESS,8.22,75.37,0,KK KK KK,334.0,,ADDRESS,82.37,66.65,False
영업소.csv,주소,수입관리_고객.csv,주소,1.0,0,KK KKK KKK KKK KKK A,67.0,,ADDRESS,8.22,75.37,0,nnn,2551.0,,,0.12,87.93,False
영업소.csv,주소,영업소.csv,주소,1.0,0,KK KKK KKK KKK KKK A,67.0,,ADDRESS,8.22,75.37,0,KK KKK KKK KKK KKK A,67.0,,ADDRESS,8.22,75.37,True
영업소.csv,사업자등록번호,CUSTOMER.csv,주민_사업자등록번호,0.8235,0,nnnnnnnnnn,1.0,유효사업자번호3,,0.0,52.05,0,nnnnnnnnnn,3.0,유효사업자번호3,,2.84,92.58,False
영업소.csv,사업자등록번호,OneClick고객.csv,사업자등록번호,1.0,0,nnnnnnnnnn,1.0,유효사업자번호3,,0.0,52.05,0,nnn-nn-nnnnn,2.0,,,0.0,90.72,False
영업소.csv,사업자등록번호,ORGNIZATION.csv,사업자등록번호,1.0,0,nnnnnnnnnn,1.0,유효사업자번호3,,0.0,52.05,0,nnnnnnnnnn,1.0,유효사업자번호3,,49.82,75.01,False
영업소.csv,사업자등록번호,PRM계약.csv,사업자번호,0.8333,0,nnnnnnnnnn,1.0,유효사업자번호3,,0.0,52.05,0,nnnnnnnnnn,1.0,유효사업자번호3,,0.0,35.16,False
영업소.csv,사업자등록번호,간선사업자.csv,사업자번호,0.8333,0,nnnnnnnnnn,1.0,유효사업자번호3,,0.0,52.05,1,nnn-nn-nnnnn,2.0,,UNIQUE,0.0,100.0,False
영업소.csv,사업자등록번호,개인고객.csv,사업자등록번호,1.0,0,nnnnnnnnnn,1.0,유효사업자번호3,,0.0,52.05,1,nnnnnnnnnn,2.0,유효사업자번호3,UNIQUE,11.49,100.0,False
영업소.csv,사업자등록번호,계약마스터.csv,사업자번호,0.8333,0,nnnnnnnnnn,1.0,유효사업자번호3,,0.0,52.05,0,nnnnnnnnnn,1.0,유효사업자번호3,,0.0,78.54,False
영업소.csv,사업자등록번호,고객마스터.csv,사업자등록번호,1.0,0,nnnnnnnnnn,1.0,유효사업자번호3,,0.0,52.05,0,nnn-nn-nnnnn,3.0,,,0.0,92.76,False
영업소.csv,사업자등록번호,관리회계_고객.csv,사업자등록번호,1.0,0,nnnnnnnnnn,1.0,유효사업자번호3,,0.0,52.05,1,nnnnnnnnnn,10.0,유효사업자번호3,UNIQUE,0.0,100.0,False
영업소.csv,사업자등록번호,기업고객.csv,기업사업자등록번호,0.875,0,nnnnnnnnnn,1.0,유효사업자번호3,,0.0,52.05,0,nnnnnnnnnn,3.0,유효사업자번호3,,0.01,90.95,False
영업소.csv,사업자등록번호,배송점.csv,사업자등록번호,1.0,0,nnnnnnnnnn,1.0,유효사업자번호3,,0.0,52.05,0,nnnnnnnnnn,1.0,유효사업자번호3,,33.32,80.85,False
영업소.csv,사업자등록번호,사업자등록번호정보.csv,사업자등록번호,1.0,0,nnnnnnnnnn,1.0,유효사업자번호3,,0.0,52.05,1,nnnnnnnnnn,11.0,유효사업자번호3,UNIQUE,0.0,100.0,False
영업소.csv,사업자등록번호,서브터미널.csv,사업자등록번호,1.0,0,nnnnnnnnnn,1.0,유효사업자번호3,,0.0,52.05,0,nnnnnnnnnn,1.0,,,99.99,100.0,False
영업소.csv,사업자등록번호,수입관리점소.csv,사업자번호,0.8333,0,nnnnnnnnnn,1.0,유효사업자번호3,,0.0,52.05,0,nnnnnnnnnn,1.0,유효사업자번호3,,0.0,12.57,False
영업소.csv,사업자등록번호,영업소.csv,사업자등록번호,1.0,0,nnnnnnnnnn,1.0,유효사업자번호3,,0.0,52.05,0,nnnnnnnnnn,1.0,유효사업자번호3,,0.0,52.05,True
영업소.csv,사업자등록번호,택배_고객.csv,주민_사업자등록번호,0.8235,0,nnnnnnnnnn,1.0,유효사업자번호3,,0.0,52.05,0,nnnnnnnnnn,2.0,유효사업자번호3,,0.58,89.94,False
영업소.csv,사업자등록번호,택배_고객.csv,사업자등록우편번호,0.875,0,nnnnnnnnnn,1.0,유효사업자번호3,,0.0,52.05,0,nnnnnn,2.0,우편번호구3,,2.04,32.74,False
영업소.csv,사업자등록번호,택배_조직도.csv,사업자등록번호,1.0,0,nnnnnnnnnn,1.0,유효사업자번호3,,0.0,52.05,0,nnnnnnnnnn,1.0,유효사업자번호3,,49.82,75.01,False
영업소.csv,사업자등록번호,사업자등록번호5.csv,사업자등록번호5,0.9333,0,nnnnnnnnnn,1.0,유효사업자번호3,,0.0,52.05,1,nnnnnnnnnn,1.0,,UNIQUE,0.0,100.0,False
영업소.csv,사업자등록번호,사업자등록번호7.csv,사업자등록번호7,0.9333,0,nnnnnnnnnn,1.0,유효사업자번호3,,0.0,52.05,1,nnn-nn-nnnnn,1.0,,UNIQUE,0.0,100.0,False
영업소.csv,업태,OneClick고객.csv,업태,1.0,0,KKK,20.0,,,1.37,18.06,0,KKK,144.0,,Text,77.03,19.76,False
영업소.csv,업태,PRM계약.csv,업태,1.0,0,KKK,20.0,,,1.37,18.06,0,KKK,72.0,,Text,0.0,5.33,False
영업소.csv,업태,고객마스터.csv,업태,1.0,0,KKK,20.0,,,1.37,18.06,0,KKK,118.0,,Text,61.76,12.76,False
영업소.csv,업태,영업소.csv,업태,1.0,0,KKK,20.0,,,1.37,18.06,0,KKK,20.0,,,1.37,18.06,True
영업소.csv,업종,OneClick고객.csv,업종명,0.8,0,KK,23.0,,Text,0.0,26.71,0,KK,900.0,,Text,0.02,37.86,False
영업소.csv,업종,PRM계약.csv,업종,1.0,0,KK,23.0,,Text,0.0,26.71,0,KKK,122.0,업종명2,Text,0.0,9.49,False
영업소.csv,업종,고객마스터.csv,업종명,0.8,0,KK,23.0,,Text,0.0,26.71,0,KK,464.0,,Text,6.03,24.72,False
영업소.csv,업종,영업소.csv,업종,1.0,0,KK,23.0,,Text,0.0,26.71,0,KK,23.0,,Text,0.0,26.71,True
영업소.csv,업종,업종.csv,업종,1.0,0,KK,23.0,,Text,0.0,26.71,0,KK KKK,447.0,,Text,0.0,100.0,False
영업소.csv,계약영업소코드,영업소.csv,영업소코드,0.8333,0,nnn,1.0,,,47.95,93.42,1,nnn,2.0,,UNIQUE,0.0,100.0,False
영업소.csv,계약영업소코드,영업소.csv,계약영업소코드,1.0,0,nnn,1.0,,,47.95,93.42,0,nnn,1.0,,,47.95,93.42,True
영업소.csv,계약영업소코드,영업소.csv,상위영업소코드,0.7143,0,nnn,1.0,,,47.95,93.42,0,nnn,1.0,,,0.0,12.33,False
영업소.csv,보증금,영업소.csv,보증금,1.0,0,n,4.0,,,0.0,4.11,0,n,4.0,,,0.0,4.11,True
영업소.csv,보험증권번호,영업소.csv,보험증권번호,1.0,0,n,9.0,,,68.49,23.91,0,n,9.0,,,68.49,23.91,True
영업소.csv,상위영업소코드,관리회계_사업.csv,상위사업코드,0.7692,0,nnn,1.0,,,0.0,12.33,0,nnn,1.0,,,0.97,19.61,False
영업소.csv,상위영업소코드,영업소.csv,영업소코드,0.8333,0,nnn,1.0,,,0.0,12.33,1,nnn,2.0,,UNIQUE,0.0,100.0,False
영업소.csv,상위영업소코드,영업소.csv,계약영업소코드,0.7143,0,nnn,1.0,,,0.0,12.33,0,nnn,1.0,,,47.95,93.42,False
영업소.csv,상위영업소코드,영업소.csv,상위영업소코드,1.0,0,nnn,1.0,,,0.0,12.33,0,nnn,1.0,,,0.0,12.33,True
영업소.csv,집하센터코드,관리회계BI_조직.csv,팀센터코드,0.7273,0,nnn,1.0,,,0.68,2.76,1,AAAAAA,7.0,,UNIQUE,0.0,100.0,False
영업소.csv,집하센터코드,수입관리점소.csv,센터코드,0.8,0,nnn,1.0,,,0.68,2.76,0,nnnnnn,1.0,,,14.53,59.8,False
영업소.csv,집하센터코드,영업소.csv,집하센터코드,1.0,0,nnn,1.0,,,0.68,2.76,0,nnn,1.0,,,0.68,2.76,True
영업소.csv,집하센터코드,조직코드관리.csv,팀센터코드,0.7273,0,nnn,1.0,,,0.68,2.76,1,AAAAAA,7.0,,UNIQUE,0.0,100.0,False
영업소.csv,지역구분,영업소.csv,지역구분,1.0,0,nn,1.0,,,0.0,9.59,0,nn,1.0,,,0.0,9.59,True
원가인명정보.csv,적용년월,원가인명정보.csv,적용년월,1.0,0,nnnnnn,1.0,,YEARMONTH,0.0,0.39,0,nnnnnn,1.0,,YEARMONTH,0.0,0.39,True
원가인명정보.csv,직원번호,사용자.csv,사원번호,0.75,0,nnnnnnn,4.0,,,0.0,25.31,1,nnnnnnn,15.0,,UNIQUE,0.0,100.0,False
원가인명정보.csv,직원번호,사원기본.csv,사원번호,0.75,0,nnnnnnn,4.0,,,0.0,25.31,1,nnnnnnn,2.0,,UNIQUE,0.0,100.0,False
원가인명정보.csv,직원번호,사원마스터.csv,사원번호,0.75,0,nnnnnnn,4.0,,,0.0,25.31,1,nnnnnnn,2.0,,UNIQUE,0.0,100.0,False
원가인명정보.csv,직원번호,원가인명정보.csv,직원번호,1.0,0,nnnnnnn,4.0,,,0.0,25.31,0,nnnnnnn,4.0,,,0.0,25.31,True
원가인명정보.csv,직원명,원가인명정보.csv,직원명,1.0,0,KKK,3.0,,KOR_NAME,6.26,20.23,0,KKK,3.0,,KOR_NAME,6.26,20.23,True
원가인명정보.csv,등록상태명,원가인명정보.csv,등록상태명,1.0,0,KK,1.0,,,96.92,0.65,0,KK,1.0,,,96.92,0.65,True
원가인명정보.csv,전월급여조직코드,원가인명정보.csv,전월급여조직코드,1.0,0,AAAAAA,5.0,,,2.78,3.52,0,AAAAAA,5.0,,,2.78,3.52,True
원가인명정보.csv,전월급여조직코드,원가인명정보.csv,급여조직코드,0.8571,0,AAAAAA,5.0,,,2.78,3.52,0,AAAAAA,5.0,,,0.0,3.45,False
원가인명정보.csv,급여조직코드,ORGNIZATION.csv,조직코드,0.8,0,AAAAAA,5.0,,,0.0,3.45,1,nnnn,11.0,,UNIQUE,0.0,100.0,False
원가인명정보.csv,급여조직코드,사원마스터.csv,조직코드,0.8,0,AAAAAA,5.0,,,0.0,3.45,0,nnnn,7.0,,,0.0,17.28,False
원가인명정보.csv,급여조직코드,선석.csv,조직코드,0.8,0,AAAAAA,5.0,,,0.0,3.45,0,nnnnnn,1.0,,YEARMONTH,38.24,2.32,False
원가인명정보.csv,급여조직코드,원가인명정보.csv,전월급여조직코드,0.8571,0,AAAAAA,5.0,,,0.0,3.45,0,AAAAAA,5.0,,,2.78,3.52,False
원가인명정보.csv,급여조직코드,원가인명정보.csv,급여조직코드,1.0,0,AAAAAA,5.0,,,0.0,3.45,0,AAAAAA,5.0,,,0.0,3.45,True
원가인명정보.csv,급여조직코드,택배_조직도.csv,조직코드,0.8,0,AAAAAA,5.0,,,0.0,3.45,1,nnnn,11.0,,UNIQUE,0.0,100.0,False
원가인명정보.csv,귀속부서조직코드,관리회계BI_조직.csv,귀속부서조직코드,1.0,0,AAAAAA,5.0,,,0.0,3.41,1,AAAAAA,7.0,,UNIQUE,0.0,100.0,False
원가인명정보.csv,귀속부서조직코드,관리회계BI_조직.csv,귀속부서조직명,0.8,0,AAAAAA,5.0,,,0.0,3.41,0,KKKKKK,89.0,,Text,0.0,98.81,False
원가인명정보.csv,귀속부서조직코드,관리회계QLIK_조직.csv,귀속부서조직코드,1.0,0,AAAAAA,5.0,,,0.0,3.41,1,AAAAAA,6.0,,UNIQUE,0.25,100.0,False
원가인명정보.csv,귀속부서조직코드,관리회계QLIK_조직.csv,귀속부서조직명,0.8,0,AAAAAA,5.0,,,0.0,3.41,0,KKKKKK,75.0,,Text,0.25,99.75,False
원가인명정보.csv,귀속부서조직코드,관리회계_조직.csv,부서조직코드,0.8571,0,AAAAAA,5.0,,,0.0,3.41,1,AAAAAA,7.0,,UNIQUE,0.0,100.0,False
원가인명정보.csv,귀속부서조직코드,관리회계_조직.csv,상위부서조직코드,0.75,0,AAAAAA,5.0,,,0.0,3.41,0,AAAAA,4.0,,,0.24,22.67,False
원가인명정보.csv,귀속부서조직코드,관리회계_조직_test.csv,귀속부서조직코드,1.0,0,AAAAAA,5.0,,,0.0,3.41,0,AAAAAA,7.0,,,0.0,91.67,False
원가인명정보.csv,귀속부서조직코드,관리회계_조직_test.csv,귀속부서조직명,0.8,0,AAAAAA,5.0,,,0.0,3.41,0,KKKKKKKKKn,6.0,,,33.33,87.5,False
원가인명정보.csv,귀속부서조직코드,관리회계_조직_test.csv,상위귀속부서조직코드,0.8889,0,AAAAAA,5.0,,,0.0,3.41,0,AAAAA,7.0,,,8.33,90.91,False
원가인명정보.csv,귀속부서조직코드,관리회계_조직그룹.csv,귀속부서조직GROUP코드,0.7619,0,AAAAAA,5.0,,,0.0,3.41,0,AAsAAAAA,4.0,,,0.0,100.0,False
원가인명정보.csv,귀속부서조직코드,관리회계_조직그룹상세.csv,귀속부서조직GROUP코드,0.7619,0,AAAAAA,5.0,,,0.0,3.41,0,AAsAA,4.0,,,0.0,2.58,False
원가인명정보.csv,귀속부서조직코드,관리회계_조직그룹상세.csv,귀속부서조직코드,1.0,0,AAAAAA,5.0,,,0.0,3.41,0,AAAAAA,4.0,,,0.0,80.8,False
원가인명정보.csv,귀속부서조직코드,사원기본.csv,소속조직코드,0.7143,0,AAAAAA,5.0,,,0.0,3.41,0,nnnn,7.0,,,0.0,17.28,False
원가인명정보.csv,귀속부서조직코드,원가인명정보.csv,귀속부서조직코드,1.0,0,AAAAAA,5.0,,,0.0,3.41,0,AAAAAA,5.0,,,0.0,3.41,True
원가인명정보.csv,최초생성자ID,계약마스터.csv,최초생성자ID,1.0,0,aaaaa,3.0,,,6.02,0.04,0,aaa,1.0,,SINGLE VALUE,0.0,0.01,False
원가인명정보.csv,최초생성자ID,계정과목코드.csv,최초생성자ID,1.0,0,aaaaa,3.0,,,6.02,0.04,0,aaaaa,1.0,,SINGLE VALUE,0.0,0.24,False
원가인명정보.csv,최초생성자ID,계정코드관리.csv,최초생성자ID,1.0,0,aaaaa,3.0,,,6.02,0.04,0,aaaaa,1.0,,SINGLE VALUE,0.0,0.3,False
원가인명정보.csv,최초생성자ID,관리회계BI_계정.csv,최초생성자ID,1.0,0,aaaaa,3.0,,,6.02,0.04,0,aaaaa,1.0,,SINGLE VALUE,0.0,0.29,False
원가인명정보.csv,최초생성자ID,관리회계BI_사업.csv,최초생성자ID,1.0,0,aaaaa,3.0,,,6.02,0.04,0,aaaaa,1.0,,SINGLE VALUE,0.0,0.48,False
원가인명정보.csv,최초생성자ID,관리회계BI_조직.csv,최초생성자ID,1.0,0,aaaaa,3.0,,,6.02,0.04,0,aaaaa,1.0,,SINGLE VALUE,0.0,0.24,False
원가인명정보.csv,최초생성자ID,관리회계_계정그룹.csv,최초생성자ID,1.0,0,aaaaa,3.0,,,6.02,0.04,0,aaaaa,2.0,,,0.0,66.67,False
원가인명정보.csv,최초생성자ID,관리회계_계정그룹상세.csv,최초생성자ID,1.0,0,aaaaa,3.0,,,6.02,0.04,0,aaaaa,1.0,,,0.0,2.15,False
원가인명정보.csv,최초생성자ID,관리회계_고객.csv,최초생성자ID,1.0,0,aaaaa,3.0,,,6.02,0.04,0,AAAAA,5.0,,,0.13,0.08,False
원가인명정보.csv,최초생성자ID,관리회계_공통코드.csv,최초생성자ID,1.0,0,aaaaa,3.0,,,6.02,0.04,0,aaaaaa,2.0,,,52.63,5.56,False
원가인명정보.csv,최초생성자ID,관리회계_분류공통코드.csv,최초생성자ID,1.0,0,aaaaa,3.0,,,6.02,0.04,0,aaaaaa,3.0,,,50.0,23.08,False
원가인명정보.csv,최초생성자ID,관리회계_사업.csv,최초생성자ID,1.0,0,aaaaa,3.0,,,6.02,0.04,0,aaaaa,1.0,,SINGLE VALUE,0.0,0.24,False
원가인명정보.csv,최초생성자ID,관리회계_조직.csv,최초생성자ID,1.0,0,aaaaa,3.0,,,6.02,0.04,0,aaaaa,1.0,,SINGLE VALUE,0.0,0.24,False
원가인명정보.csv,최초생성자ID,관리회계_조직_test.csv,최초생성자ID,1.0,0,aaaaa,3.0,,,6.02,0.04,0,aaaaa,1.0,,,33.33,12.5,False
원가인명정보.csv,최초생성자ID,관리회계_조직그룹.csv,최초생성자ID,1.0,0,aaaaa,3.0,,,6.02,0.04,0,aaaaa,1.0,,,0.0,10.0,False
원가인명정보.csv,최초생성자ID,관리회계_조직그룹상세.csv,최초생성자ID,1.0,0,aaaaa,3.0,,,6.02,0.04,0,aaaaa,1.0,,SINGLE VALUE,0.0,0.29,False
원가인명정보.csv,최초생성자ID,관리회계계정.csv,최초생성자ID,1.0,0,aaaaa,3.0,,,6.02,0.04,0,aaaaa,1.0,,SINGLE VALUE,0.0,0.24,False
원가인명정보.csv,최초생성자ID,법인정보.csv,최초생성자ID,1.0,0,aaaaa,3.0,,,6.02,0.04,0,AAAAA,5.0,,,0.0,0.08,False
원가인명정보.csv,최초생성자ID,사업코드관리.csv,최초생성자ID,1.0,0,aaaaa,3.0,,,6.02,0.04,0,aaaaa,1.0,,SINGLE VALUE,0.0,0.29,False
원가인명정보.csv,최초생성자ID,원가인명정보.csv,최초생성자ID,1.0,0,aaaaa,3.0,,,6.02,0.04,0,aaaaa,3.0,,,6.02,0.04,True
원가인명정보.csv,최종갱신자ID,계정과목코드.csv,최종갱신자ID,1.0,0,aaaaa,4.0,,,6.01,0.05,0,aaaaa,1.0,,SINGLE VALUE,0.0,0.24,False
원가인명정보.csv,최종갱신자ID,관리회계BI_계정.csv,최종갱신자ID,1.0,0,aaaaa,4.0,,,6.01,0.05,0,aaaaa,1.0,,SINGLE VALUE,0.0,0.29,False
원가인명정보.csv,최종갱신자ID,관리회계BI_사업.csv,최종갱신자ID,1.0,0,aaaaa,4.0,,,6.01,0.05,0,aaaaa,1.0,,SINGLE VALUE,0.0,0.48,False
원가인명정보.csv,최종갱신자ID,관리회계BI_조직.csv,최종갱신자ID,1.0,0,aaaaa,4.0,,,6.01,0.05,0,aaaaa,1.0,,SINGLE VALUE,0.0,0.24,False
원가인명정보.csv,최종갱신자ID,관리회계_계정그룹.csv,최종갱신자ID,1.0,0,aaaaa,4.0,,,6.01,0.05,0,aaaaa,2.0,,,0.0,66.67,False
원가인명정보.csv,최종갱신자ID,관리회계_계정그룹상세.csv,최종갱신자ID,1.0,0,aaaaa,4.0,,,6.01,0.05,0,aaaaa,1.0,,,0.0,2.15,False
원가인명정보.csv,최종갱신자ID,관리회계_고객.csv,최종갱신자ID,1.0,0,aaaaa,4.0,,,6.01,0.05,0,AAAAA,5.0,,,0.07,0.08,False
원가인명정보.csv,최종갱신자ID,관리회계_공통코드.csv,최종갱신자ID,1.0,0,aaaaa,4.0,,,6.01,0.05,0,aaaaaa,3.0,,,49.12,6.9,False
원가인명정보.csv,최종갱신자ID,관리회계_분류공통코드.csv,최종갱신자ID,1.0,0,aaaaa,4.0,,,6.01,0.05,0,aaaaaa,2.0,,,50.0,15.38,False
원가인명정보.csv,최종갱신자ID,관리회계_사업.csv,최종갱신자ID,1.0,0,aaaaa,4.0,,,6.01,0.05,0,aaaaa,1.0,,SINGLE VALUE,0.0,0.24,False
원가인명정보.csv,최종갱신자ID,관리회계_조직.csv,최종갱신자ID,1.0,0,aaaaa,4.0,,,6.01,0.05,0,aaaaa,1.0,,SINGLE VALUE,0.0,0.24,False
원가인명정보.csv,최종갱신자ID,관리회계_조직_test.csv,최종갱신자ID,1.0,0,aaaaa,4.0,,,6.01,0.05,0,aaaaa,1.0,,,33.33,12.5,False
원가인명정보.csv,최종갱신자ID,관리회계_조직그룹.csv,최종갱신자ID,1.0,0,aaaaa,4.0,,,6.01,0.05,0,aaaaa,1.0,,,0.0,10.0,False
원가인명정보.csv,최종갱신자ID,관리회계_조직그룹상세.csv,최종갱신자ID,1.0,0,aaaaa,4.0,,,6.01,0.05,0,aaaaa,1.0,,SINGLE VALUE,0.0,0.29,False
원가인명정보.csv,최종갱신자ID,관리회계계정.csv,최종갱신자ID,1.0,0,aaaaa,4.0,,,6.01,0.05,0,aaaaa,1.0,,SINGLE VALUE,0.0,0.24,False
원가인명정보.csv,최종갱신자ID,법인정보.csv,최종갱신자ID,1.0,0,aaaaa,4.0,,,6.01,0.05,0,AAAAA,6.0,,,0.0,0.07,False
원가인명정보.csv,최종갱신자ID,원가인명정보.csv,최종갱신자ID,1.0,0,aaaaa,4.0,,,6.01,0.05,0,aaaaa,4.0,,,6.01,0.05,True
작업코드.csv,작업구분코드,미배송사유코드.csv,작업코드,0.8,1,nn,3.0,,UNIQUE,0.0,100.0,0,nn,2.0,,,0.0,11.54,False
작업코드.csv,작업구분코드,사업구분.csv,사업구분코드,0.8333,1,nn,3.0,,UNIQUE,0.0,100.0,1,AAA,3.0,,UNIQUE,0.0,100.0,False
작업코드.csv,작업구분코드,작업코드.csv,작업구분코드,1.0,1,nn,3.0,,UNIQUE,0.0,100.0,1,nn,3.0,,UNIQUE,0.0,100.0,True
작업코드.csv,작업명,작업코드.csv,작업명,1.0,0,KKKK,30.0,,Text,0.0,98.73,0,KKKK,30.0,,Text,0.0,98.73,True
작업코드.csv,작업명,작업코드.csv,작업설명,0.8571,0,KKKK,30.0,,Text,0.0,98.73,0,KKKK,25.0,,Text,10.13,95.77,False
작업코드.csv,작업설명,작업코드.csv,작업명,0.8571,0,KKKK,25.0,,Text,10.13,95.77,0,KKKK,30.0,,Text,0.0,98.73,False
작업코드.csv,작업설명,작업코드.csv,작업설명,1.0,0,KKKK,25.0,,Text,10.13,95.77,0,KKKK,25.0,,Text,10.13,95.77,True
작업코드.csv,작업설명(영문),작업코드.csv,작업설명(영문),1.0,0,Aaaaaaaaaaa Aaaaaaaa,52.0,,,16.46,89.39,0,Aaaaaaaaaaa Aaaaaaaa,52.0,,,16.46,89.39,True
조직_수입관리.csv,OIO_ORG_COD,CONTRACT.csv,ORG_CODE,0.7368,1,AAAAA,5.0,,UNIQUE,0.0,100.0,0,nnnn,5.0,,,1.39,11.82,False
조직_수입관리.csv,OIO_ORG_COD,조직_수입관리.csv,OIO_ORG_COD,1.0,1,AAAAA,5.0,,UNIQUE,0.0,100.0,1,AAAAA,5.0,,UNIQUE,0.0,100.0,True
조직_수입관리.csv,OIO_ORG_COD,조직_수입관리.csv,OIO_ORG_NAM,0.7273,1,AAAAA,5.0,,UNIQUE,0.0,100.0,0,KKKKKK,30.0,,Text,0.0,100.0,False
조직_수입관리.csv,OIO_ORG_COD,조직_수입관리.csv,OIO_ORG_NCD,0.9091,1,AAAAA,5.0,,UNIQUE,0.0,100.0,0,nnnn,1.0,,,2.04,97.4,False
조직_수입관리.csv,OIO_ORG_COD,조직_수입관리.csv,OIO_PIN_COD,0.7273,1,AAAAA,5.0,,UNIQUE,0.0,100.0,0,AAAAAAA,4.0,,,10.2,72.73,False
조직_수입관리.csv,OIO_ORG_COD,지점코드.csv,OIO_ORG_COD,1.0,1,AAAAA,5.0,,UNIQUE,0.0,100.0,1,AAAAA,5.0,,UNIQUE,0.0,100.0,False
조직_수입관리.csv,OIO_ORG_COD,지점코드.csv,OIO_ORG_NAM,0.7273,1,AAAAA,5.0,,UNIQUE,0.0,100.0,0,KKKKKK,30.0,,Text,0.0,100.0,False
조직_수입관리.csv,OIO_ORG_COD,지점코드.csv,OIO_ORG_NCD,0.9091,1,AAAAA,5.0,,UNIQUE,0.0,100.0,0,nnnn,1.0,,,2.04,97.4,False
조직_수입관리.csv,OIO_ORG_COD,지점코드.csv,OIO_PIN_COD,0.7273,1,AAAAA,5.0,,UNIQUE,0.0,100.0,0,AAAAAAA,4.0,,,10.2,72.73,False
조직_수입관리.csv,OIO_ORG_NAM,조직_수입관리.csv,OIO_ORG_COD,0.7273,0,KKKKKK,30.0,,Text,0.0,100.0,1,AAAAA,5.0,,UNIQUE,0.0,100.0,False
조직_수입관리.csv,OIO_ORG_NAM,조직_수입관리.csv,OIO_ORG_NAM,1.0,0,KKKKKK,30.0,,Text,0.0,100.0,0,KKKKKK,30.0,,Text,0.0,100.0,True
조직_수입관리.csv,OIO_ORG_NAM,조직_수입관리.csv,OIO_ORG_NCD,0.8182,0,KKKKKK,30.0,,Text,0.0,100.0,0,nnnn,1.0,,,2.04,97.4,False
조직_수입관리.csv,OIO_ORG_NAM,지점코드.csv,OIO_ORG_COD,0.7273,0,KKKKKK,30.0,,Text,0.0,100.0,1,AAAAA,5.0,,UNIQUE,0.0,100.0,False
조직_수입관리.csv,OIO_ORG_NAM,지점코드.csv,OIO_ORG_NAM,1.0,0,KKKKKK,30.0,,Text,0.0,100.0,0,KKKKKK,30.0,,Text,0.0,100.0,False
조직_수입관리.csv,OIO_ORG_NAM,지점코드.csv,OIO_ORG_NCD,0.8182,0,KKKKKK,30.0,,Text,0.0,100.0,0,nnnn,1.0,,,2.04,97.4,False
조직_수입관리.csv,OIO_ORG_NCD,조직_수입관리.csv,OIO_ORG_COD,0.9091,0,nnnn,1.0,,,2.04,97.4,1,AAAAA,5.0,,UNIQUE,0.0,100.0,False
조직_수입관리.csv,OIO_ORG_NCD,조직_수입관리.csv,OIO_ORG_NAM,0.8182,0,nnnn,1.0,,,2.04,97.4,0,KKKKKK,30.0,,Text,0.0,100.0,False
조직_수입관리.csv,OIO_ORG_NCD,조직_수입관리.csv,OIO_ORG_NCD,1.0,0,nnnn,1.0,,,2.04,97.4,0,nnnn,1.0,,,2.04,97.4,True
조직_수입관리.csv,OIO_ORG_NCD,지점코드.csv,OIO_ORG_COD,0.9091,0,nnnn,1.0,,,2.04,97.4,1,AAAAA,5.0,,UNIQUE,0.0,100.0,False
조직_수입관리.csv,OIO_ORG_NCD,지점코드.csv,OIO_ORG_NAM,0.8182,0,nnnn,1.0,,,2.04,97.4,0,KKKKKK,30.0,,Text,0.0,100.0,False
조직_수입관리.csv,OIO_ORG_NCD,지점코드.csv,OIO_ORG_NCD,1.0,0,nnnn,1.0,,,2.04,97.4,0,nnnn,1.0,,,2.04,97.4,False
조직_수입관리.csv,OIO_PIN_COD,조직_수입관리.csv,OIO_ORG_COD,0.7273,0,AAAAAAA,4.0,,,10.2,72.73,1,AAAAA,5.0,,UNIQUE,0.0,100.0,False
조직_수입관리.csv,OIO_PIN_COD,조직_수입관리.csv,OIO_PIN_COD,1.0,0,AAAAAAA,4.0,,,10.2,72.73,0,AAAAAAA,4.0,,,10.2,72.73,True
조직_수입관리.csv,OIO_PIN_COD,지점코드.csv,OIO_ORG_COD,0.7273,0,AAAAAAA,4.0,,,10.2,72.73,1,AAAAA,5.0,,UNIQUE,0.0,100.0,False
조직_수입관리.csv,OIO_PIN_COD,지점코드.csv,OIO_PIN_COD,1.0,0,AAAAAAA,4.0,,,10.2,72.73,0,AAAAAAA,4.0,,,10.2,72.73,False
조직_수입관리.csv,OIO_CHG_ENO,조직_수입관리.csv,OIO_CHG_ENO,1.0,0,nnnnnnn,1.0,,SEQUENCE,68.88,1.64,0,nnnnnnn,1.0,,SEQUENCE,68.88,1.64,True
조직코드관리.csv,회사명,관리회계BI_조직.csv,회사명,1.0,0,KK,1.0,,SINGLE VALUE,0.0,0.24,0,KK,1.0,,SINGLE VALUE,0.0,0.24,False
조직코드관리.csv,회사명,조직코드관리.csv,회사명,1.0,0,KK,1.0,,SINGLE VALUE,0.0,0.24,0,KK,1.0,,SINGLE VALUE,0.0,0.24,True
조직코드관리.csv,회사명,금융회사명.csv,금융회사명,0.75,0,KK,1.0,,SINGLE VALUE,0.0,0.24,1,KKKK,19.0,,UNIQUE,0.0,100.0,False
조직코드관리.csv,본부코드,관리회계BI_조직.csv,본부코드,1.0,0,AAAAA,2.0,,,0.0,1.43,0,AAAAA,3.0,,,0.0,1.67,False
조직코드관리.csv,본부코드,관리회계BI_조직.csv,지부코드,0.75,0,AAAAA,2.0,,,0.0,1.43,0,AAAAA,4.0,,,0.0,15.24,False
조직코드관리.csv,본부코드,관리회계QLIK_조직.csv,지부코드,0.75,0,AAAAA,2.0,,,0.0,1.43,0,AAAAA,3.0,,,0.25,13.6,False
조직코드관리.csv,본부코드,관리회계QLIK_조직.csv,본부코드,1.0,0,AAAAA,2.0,,,0.0,1.43,0,AAAAA,2.0,,,0.25,1.51,False
조직코드관리.csv,본부코드,조직코드관리.csv,본부코드,1.0,0,AAAAA,2.0,,,0.0,1.43,0,AAAAA,2.0,,,0.0,1.43,True
조직코드관리.csv,본부코드,조직코드관리.csv,지부코드,0.75,0,AAAAA,2.0,,,0.0,1.43,0,AAAAA,4.0,,,0.0,14.76,False
조직코드관리.csv,본부코드,택배BI_조직.csv,사업본부코드,0.8,0,AAAAA,2.0,,,0.0,1.43,0,AAAAA,2.0,,,0.67,0.11,False
조직코드관리.csv,본부코드,택배BI_조직.csv,지부코드,0.75,0,AAAAA,2.0,,,0.0,1.43,0,AAAAA,3.0,,,0.37,0.63,False
조직코드관리.csv,본부명,관리회계BI_조직.csv,본부명,1.0,0,KKKKKK,4.0,,,0.0,1.43,0,KKKKKK,5.0,,,0.0,1.67,False
조직코드관리.csv,본부명,관리회계QLIK_조직.csv,본부명,1.0,0,KKKKKK,4.0,,,0.0,1.43,0,KK,4.0,,,4.77,1.32,False
조직코드관리.csv,본부명,조직코드관리.csv,본부명,1.0,0,KKKKKK,4.0,,,0.0,1.43,0,KKKKKK,4.0,,,0.0,1.43,True
조직코드관리.csv,본부명,택배BI_조직.csv,사업본부명,0.75,0,KKKKKK,4.0,,,0.0,1.43,0,KKKKKK,2.0,,,0.74,0.07,False
조직코드관리.csv,지부코드,관리회계BI_조직.csv,본부코드,0.75,0,AAAAA,4.0,,,0.0,14.76,0,AAAAA,3.0,,,0.0,1.67,False
조직코드관리.csv,지부코드,관리회계BI_조직.csv,지부코드,1.0,0,AAAAA,4.0,,,0.0,14.76,0,AAAAA,4.0,,,0.0,15.24,False
조직코드관리.csv,지부코드,관리회계BI_조직.csv,지점코드,0.75,0,AAAAA,4.0,,,0.0,14.76,0,AAAAAA,7.0,,,0.0,84.52,False
조직코드관리.csv,지부코드,관리회계QLIK_조직.csv,지점코드,0.75,0,AAAAA,4.0,,,0.0,14.76,0,AAAAAA,6.0,,,0.25,83.38,False
조직코드관리.csv,지부코드,관리회계QLIK_조직.csv,지부코드,1.0,0,AAAAA,4.0,,,0.0,14.76,0,AAAAA,3.0,,,0.25,13.6,False
조직코드관리.csv,지부코드,관리회계QLIK_조직.csv,본부코드,0.75,0,AAAAA,4.0,,,0.0,14.76,0,AAAAA,2.0,,,0.25,1.51,False
조직코드관리.csv,지부코드,조직코드관리.csv,본부코드,0.75,0,AAAAA,4.0,,,0.0,14.76,0,AAAAA,2.0,,,0.0,1.43,False
조직코드관리.csv,지부코드,조직코드관리.csv,지부코드,1.0,0,AAAAA,4.0,,,0.0,14.76,0,AAAAA,4.0,,,0.0,14.76,True
조직코드관리.csv,지부코드,조직코드관리.csv,지점코드,0.75,0,AAAAA,4.0,,,0.0,14.76,0,AAAAAA,5.0,,,0.0,77.14,False
조직코드관리.csv,지부코드,택배BI_조직.csv,지부코드,1.0,0,AAAAA,4.0,,,0.0,14.76,0,AAAAA,3.0,,,0.37,0.63,False
조직코드관리.csv,지부코드,택배BI_조직.csv,지점코드,0.75,0,AAAAA,4.0,,,0.0,14.76,0,AAAAAAA,3.0,,,0.04,2.19,False
조직코드관리.csv,지부명,관리회계BI_조직.csv,지부명,1.0,0,KKKKK,12.0,,,0.0,14.52,0,KKKKK,16.0,,,0.0,15.0,False
조직코드관리.csv,지부명,관리회계QLIK_조직.csv,지부명,1.0,0,KKKKK,12.0,,,0.0,14.52,0,KKKKK,13.0,,,0.25,13.6,False
조직코드관리.csv,지부명,조직코드관리.csv,지부명,1.0,0,KKKKK,12.0,,,0.0,14.52,0,KKKKK,12.0,,,0.0,14.52,True
조직코드관리.csv,지부명,택배BI_조직.csv,지부명,1.0,0,KKKKK,12.0,,,0.0,14.52,0,KKKKKKK,6.0,,,0.37,0.63,False
조직코드관리.csv,지점코드,관리회계BI_조직.csv,지부코드,0.75,0,AAAAAA,5.0,,,0.0,77.14,0,AAAAA,4.0,,,0.0,15.24,False
조직코드관리.csv,지점코드,관리회계BI_조직.csv,지점코드,1.0,0,AAAAAA,5.0,,,0.0,77.14,0,AAAAAA,7.0,,,0.0,84.52,False
조직코드관리.csv,지점코드,관리회계QLIK_조직.csv,지점코드,1.0,0,AAAAAA,5.0,,,0.0,77.14,0,AAAAAA,6.0,,,0.25,83.38,False
조직코드관리.csv,지점코드,관리회계QLIK_조직.csv,지부코드,0.75,0,AAAAAA,5.0,,,0.0,77.14,0,AAAAA,3.0,,,0.25,13.6,False
조직코드관리.csv,지점코드,사용자.csv,점소코드,0.75,0,AAAAAA,5.0,,,0.0,77.14,0,nnnn,1.0,,,0.0,3.9,False
조직코드관리.csv,지점코드,조직코드관리.csv,지부코드,0.75,0,AAAAAA,5.0,,,0.0,77.14,0,AAAAA,4.0,,,0.0,14.76,False
조직코드관리.csv,지점코드,조직코드관리.csv,지점코드,1.0,0,AAAAAA,5.0,,,0.0,77.14,0,AAAAAA,5.0,,,0.0,77.14,True
조직코드관리.csv,지점코드,택배BI_조직.csv,지부코드,0.75,0,AAAAAA,5.0,,,0.0,77.14,0,AAAAA,3.0,,,0.37,0.63,False
조직코드관리.csv,지점코드,택배BI_조직.csv,지점코드,1.0,0,AAAAAA,5.0,,,0.0,77.14,0,AAAAAAA,3.0,,,0.04,2.19,False
조직코드관리.csv,지점명,관리회계BI_조직.csv,지점명,1.0,0,KKKKKK,59.0,,Text,0.0,78.33,0,KKKKKK,75.0,,Text,0.0,83.57,False
조직코드관리.csv,지점명,관리회계QLIK_조직.csv,지점명,1.0,0,KKKKKK,59.0,,Text,0.0,78.33,0,KKKKKK,63.0,,Text,0.25,83.12,False
조직코드관리.csv,지점명,조직코드관리.csv,지점명,1.0,0,KKKKKK,59.0,,Text,0.0,78.33,0,KKKKKK,59.0,,Text,0.0,78.33,True
조직코드관리.csv,지점명,택배BI_조직.csv,지점명,1.0,0,KKKKKK,59.0,,Text,0.0,78.33,0,KK,7.0,,,0.41,1.94,False
조직코드관리.csv,팀센터코드,계약마스터.csv,팀코드,0.75,1,AAAAAA,7.0,,UNIQUE,0.0,100.0,0,AAAAA,3.0,,,0.0,0.95,False
조직코드관리.csv,팀센터코드,관리회계BI_조직.csv,팀센터코드,1.0,1,AAAAAA,7.0,,UNIQUE,0.0,100.0,1,AAAAAA,7.0,,UNIQUE,0.0,100.0,False
조직코드관리.csv,팀센터코드,수입관리점소.csv,센터코드,0.8889,1,AAAAAA,7.0,,UNIQUE,0.0,100.0,0,nnnnnn,1.0,,,14.53,59.8,False
조직코드관리.csv,팀센터코드,영업소.csv,집하센터코드,0.7273,1,AAAAAA,7.0,,UNIQUE,0.0,100.0,0,nnn,1.0,,,0.68,2.76,False
조직코드관리.csv,팀센터코드,조직코드관리.csv,팀센터코드,1.0,1,AAAAAA,7.0,,UNIQUE,0.0,100.0,1,AAAAAA,7.0,,UNIQUE,0.0,100.0,True
조직코드관리.csv,팀센터명,관리회계BI_조직.csv,팀센터명,1.0,0,KKKKKK,80.0,,Text,0.0,99.05,0,KKKKKK,89.0,,Text,0.0,98.81,False
조직코드관리.csv,팀센터명,조직코드관리.csv,팀센터명,1.0,0,KKKKKK,80.0,,Text,0.0,99.05,0,KKKKKK,80.0,,Text,0.0,99.05,True
조직코드관리.csv,정렬순서,계정코드관리.csv,정렬순서,1.0,1,nnnn,3.0,,UNIQUE,0.0,100.0,1,nnnn,3.0,,UNIQUE,0.0,100.0,False
조직코드관리.csv,정렬순서,관리회계_계정그룹.csv,정렬순서,1.0,1,nnnn,3.0,,UNIQUE,0.0,100.0,0,nn,1.0,,,0.0,100.0,False
조직코드관리.csv,정렬순서,관리회계_계정그룹상세.csv,정렬순서,1.0,1,nnnn,3.0,,UNIQUE,0.0,100.0,1,nnn,2.0,,UNIQUE,1.08,100.0,False
조직코드관리.csv,정렬순서,관리회계_공통코드.csv,정렬순서,1.0,1,nnnn,3.0,,UNIQUE,0.0,100.0,0,nn,3.0,,,5.26,25.0,False
조직코드관리.csv,정렬순서,관리회계_사업.csv,정렬순서,1.0,1,nnnn,3.0,,UNIQUE,0.0,100.0,1,nnnn,3.0,,UNIQUE,0.0,100.0,False
조직코드관리.csv,정렬순서,관리회계_조직.csv,정렬순서,1.0,1,nnnn,3.0,,UNIQUE,0.0,100.0,1,nnnn,3.0,,UNIQUE,0.0,100.0,False
조직코드관리.csv,정렬순서,관리회계_조직_test.csv,정렬순서,1.0,1,nnnn,3.0,,UNIQUE,0.0,100.0,0,nnnn,2.0,,,33.33,37.5,False
조직코드관리.csv,정렬순서,관리회계_조직그룹.csv,정렬순서,1.0,1,nnnn,3.0,,UNIQUE,0.0,100.0,0,nn,2.0,,,0.0,100.0,False
조직코드관리.csv,정렬순서,관리회계_조직그룹상세.csv,정렬순서,1.0,1,nnnn,3.0,,UNIQUE,0.0,100.0,1,nnnn,3.0,,UNIQUE,0.0,100.0,False
조직코드관리.csv,정렬순서,관리회계계정.csv,정렬순서,1.0,1,nnnn,3.0,,UNIQUE,0.0,100.0,1,nnnn,3.0,,UNIQUE,0.0,100.0,False
조직코드관리.csv,정렬순서,사업코드관리.csv,정렬순서,1.0,1,nnnn,3.0,,UNIQUE,0.0,100.0,1,nnnn,3.0,,UNIQUE,0.0,100.0,False
조직코드관리.csv,정렬순서,조직코드관리.csv,정렬순서,1.0,1,nnnn,3.0,,UNIQUE,0.0,100.0,1,nnnn,3.0,,UNIQUE,0.0,100.0,True
조직코드관리.csv,정렬순서,택배_조직도.csv,정렬순서,1.0,1,nnnn,3.0,,UNIQUE,0.0,100.0,0,n,2.0,,,97.84,15.66,False
조직터미널마스터.csv,터미널조직코드,ORGNIZATION.csv,조직코드,0.7273,1,nnn,1.0,,UNIQUE,0.0,100.0,1,nnnn,11.0,,UNIQUE,0.0,100.0,False
조직터미널마스터.csv,터미널조직코드,사원마스터.csv,조직코드,0.7273,1,nnn,1.0,,UNIQUE,0.0,100.0,0,nnnn,7.0,,,0.0,17.28,False
조직터미널마스터.csv,터미널조직코드,서브터미널.csv,터미널구분코드,0.7143,1,nnn,1.0,,UNIQUE,0.0,100.0,0,AAA,1.0,,,99.99,100.0,False
조직터미널마스터.csv,터미널조직코드,선석.csv,조직코드,0.7273,1,nnn,1.0,,UNIQUE,0.0,100.0,0,nnnnnn,1.0,,YEARMONTH,38.24,2.32,False
조직터미널마스터.csv,터미널조직코드,조직터미널마스터.csv,터미널조직코드,1.0,1,nnn,1.0,,UNIQUE,0.0,100.0,1,nnn,1.0,,UNIQUE,0.0,100.0,True
조직터미널마스터.csv,터미널조직코드,조직터미널마스터.csv,터미널구분코드,0.7143,1,nnn,1.0,,UNIQUE,0.0,100.0,0,AAA,5.0,,,0.0,1.44,False
조직터미널마스터.csv,터미널조직코드,조직터미널마스터.csv,실제터미널조직코드,0.875,1,nnn,1.0,,UNIQUE,0.0,100.0,0,nnn,1.0,,,0.18,76.62,False
조직터미널마스터.csv,터미널조직코드,조직터미널마스터.csv,터미널영문코드,0.7143,1,nnn,1.0,,UNIQUE,0.0,100.0,1,AA,1.0,Airline_IATA,UNIQUE,52.6,100.0,False
조직터미널마스터.csv,터미널조직코드,택배BI_조직.csv,터미널코드,0.8333,1,nnn,1.0,,UNIQUE,0.0,100.0,0,nnn,2.0,,,0.11,17.66,False
조직터미널마스터.csv,터미널조직코드,택배_조직도.csv,조직코드,0.7273,1,nnn,1.0,,UNIQUE,0.0,100.0,1,nnnn,11.0,,UNIQUE,0.0,100.0,False
조직터미널마스터.csv,터미널구분코드,서브터미널.csv,터미널구분코드,1.0,0,AAA,5.0,,,0.0,1.44,0,AAA,1.0,,,99.99,100.0,False
조직터미널마스터.csv,터미널구분코드,조직터미널마스터.csv,터미널조직코드,0.7143,0,AAA,5.0,,,0.0,1.44,1,nnn,1.0,,UNIQUE,0.0,100.0,False
조직터미널마스터.csv,터미널구분코드,조직터미널마스터.csv,터미널구분코드,1.0,0,AAA,5.0,,,0.0,1.44,0,AAA,5.0,,,0.0,1.44,True
조직터미널마스터.csv,터미널구분코드,조직터미널마스터.csv,터미널영문코드,0.7143,0,AAA,5.0,,,0.0,1.44,1,AA,1.0,Airline_IATA,UNIQUE,52.6,100.0,False
조직터미널마스터.csv,터미널구분코드,택배BI_조직.csv,터미널코드,0.8333,0,AAA,5.0,,,0.0,1.44,0,nnn,2.0,,,0.11,17.66,False
조직터미널마스터.csv,실제터미널조직코드,조직터미널마스터.csv,터미널조직코드,0.875,0,nnn,1.0,,,0.18,76.62,1,nnn,1.0,,UNIQUE,0.0,100.0,False
조직터미널마스터.csv,실제터미널조직코드,조직터미널마스터.csv,실제터미널조직코드,1.0,0,nnn,1.0,,,0.18,76.62,0,nnn,1.0,,,0.18,76.62,True
조직터미널마스터.csv,실제터미널조직코드,택배BI_조직.csv,터미널코드,0.7143,0,nnn,1.0,,,0.18,76.62,0,nnn,2.0,,,0.11,17.66,False
조직터미널마스터.csv,unitiz_goal,조직터미널마스터.csv,unitiz_goal,1.0,0,n,3.0,,,0.18,6.83,0,n,3.0,,,0.18,6.83,True
조직터미널마스터.csv,종료목표작업시분,조직터미널마스터.csv,종료목표작업시분,1.0,0,nnnn,1.0,,,95.15,22.22,0,nnnn,1.0,,,95.15,22.22,True
조직터미널마스터.csv,터미널영문코드,서브터미널.csv,터미널구분코드,0.7143,1,AA,1.0,Airline_IATA,UNIQUE,52.6,100.0,0,AAA,1.0,,,99.99,100.0,False
조직터미널마스터.csv,터미널영문코드,조직터미널마스터.csv,터미널조직코드,0.7143,1,AA,1.0,Airline_IATA,UNIQUE,52.6,100.0,1,nnn,1.0,,UNIQUE,0.0,100.0,False
조직터미널마스터.csv,터미널영문코드,조직터미널마스터.csv,터미널구분코드,0.7143,1,AA,1.0,Airline_IATA,UNIQUE,52.6,100.0,0,AAA,5.0,,,0.0,1.44,False
조직터미널마스터.csv,터미널영문코드,조직터미널마스터.csv,터미널영문코드,1.0,1,AA,1.0,Airline_IATA,UNIQUE,52.6,100.0,1,AA,1.0,Airline_IATA,UNIQUE,52.6,100.0,True
조직터미널마스터.csv,터미널영문코드,택배BI_조직.csv,터미널코드,0.8333,1,AA,1.0,Airline_IATA,UNIQUE,52.6,100.0,0,nnn,2.0,,,0.11,17.66,False
조직터미널마스터.csv,load_chute_cnt,조직터미널마스터.csv,load_chute_cnt,1.0,0,n,3.0,,,0.18,3.24,0,n,3.0,,,0.18,3.24,True
조직터미널마스터.csv,load_chute_cnt,조직터미널마스터.csv,unload_chute_cnt,0.9333,0,n,3.0,,,0.18,3.24,0,n,2.0,,,7.18,2.13,False
조직터미널마스터.csv,unload_chute_cnt,조직터미널마스터.csv,load_chute_cnt,0.9333,0,n,2.0,,,7.18,2.13,0,n,3.0,,,0.18,3.24,False
조직터미널마스터.csv,unload_chute_cnt,조직터미널마스터.csv,unload_chute_cnt,1.0,0,n,2.0,,,7.18,2.13,0,n,2.0,,,7.18,2.13,True
조직터미널마스터.csv,usage_cat_cd,조직터미널마스터.csv,usage_cat_cd,1.0,0,AAAAA,3.0,,,44.34,0.97,0,AAAAA,3.0,,,44.34,0.97,True
조직터미널마스터.csv,등록사원번호,사용자.csv,사원번호,0.8,0,nnnnnnn,1.0,,,95.15,14.81,1,nnnnnnn,15.0,,UNIQUE,0.0,100.0,False
조직터미널마스터.csv,등록사원번호,사원기본.csv,사원번호,0.8,0,nnnnnnn,1.0,,,95.15,14.81,1,nnnnnnn,2.0,,UNIQUE,0.0,100.0,False
조직터미널마스터.csv,등록사원번호,사원마스터.csv,사원번호,0.8,0,nnnnnnn,1.0,,,95.15,14.81,1,nnnnnnn,2.0,,UNIQUE,0.0,100.0,False
조직터미널마스터.csv,등록사원번호,수입관리_고객.csv,등록자사번,0.7273,0,nnnnnnn,1.0,,,95.15,14.81,0,nnnnnnn,6.0,,,0.07,8.6,False
조직터미널마스터.csv,등록사원번호,조직터미널마스터.csv,등록사원번호,1.0,0,nnnnnnn,1.0,,,95.15,14.81,0,nnnnnnn,1.0,,,95.15,14.81,True
조직터미널마스터.csv,등록사원번호,택배_조직도.csv,등록사원번호,1.0,0,nnnnnnn,1.0,,,95.15,14.81,0,nnnnnnn,1.0,,,97.13,7.27,False
조직터미널마스터.csv,최종업데이트사원번호,OneClick고객.csv,최종업데이트사원번호,1.0,0,nnnnnnn,1.0,,,0.18,7.19,0,nnnnnnn,1.0,,,0.64,2.95,False
조직터미널마스터.csv,최종업데이트사원번호,조직터미널마스터.csv,최종업데이트사원번호,1.0,0,nnnnnnn,1.0,,,0.18,7.19,0,nnnnnnn,1.0,,,0.18,7.19,True
조직터미널마스터.csv,최종업데이트사원번호,택배_조직도.csv,최종업데이트사원번호,1.0,0,nnnnnnn,1.0,,,0.18,7.19,0,nnnnnnn,1.0,,,8.24,8.84,False
조직터미널마스터.csv,생성시스템ID,조직터미널마스터.csv,생성시스템ID,1.0,0,aaa,2.0,,,78.1,4.1,0,aaa,2.0,,,78.1,4.1,True
조직터미널마스터.csv,최종업데이트시스템ID,서브터미널.csv,최종업데이트일시,0.7368,0,AAAAA,1.0,,SINGLE VALUE,0.0,0.18,0,nn:nn,1.0,,,99.99,100.0,False
조직터미널마스터.csv,최종업데이트시스템ID,조직터미널마스터.csv,최종업데이트시스템ID,1.0,0,AAAAA,1.0,,SINGLE VALUE,0.0,0.18,0,AAAAA,1.0,,SINGLE VALUE,0.0,0.18,True
지점코드.csv,OIO_ORG_COD,CONTRACT.csv,ORG_CODE,0.7368,1,AAAAA,5.0,,UNIQUE,0.0,100.0,0,nnnn,5.0,,,1.39,11.82,False
지점코드.csv,OIO_ORG_COD,조직_수입관리.csv,OIO_ORG_COD,1.0,1,AAAAA,5.0,,UNIQUE,0.0,100.0,1,AAAAA,5.0,,UNIQUE,0.0,100.0,False
지점코드.csv,OIO_ORG_COD,조직_수입관리.csv,OIO_ORG_NAM,0.7273,1,AAAAA,5.0,,UNIQUE,0.0,100.0,0,KKKKKK,30.0,,Text,0.0,100.0,False
지점코드.csv,OIO_ORG_COD,조직_수입관리.csv,OIO_ORG_NCD,0.9091,1,AAAAA,5.0,,UNIQUE,0.0,100.0,0,nnnn,1.0,,,2.04,97.4,False
지점코드.csv,OIO_ORG_COD,조직_수입관리.csv,OIO_PIN_COD,0.7273,1,AAAAA,5.0,,UNIQUE,0.0,100.0,0,AAAAAAA,4.0,,,10.2,72.73,False
지점코드.csv,OIO_ORG_COD,지점코드.csv,OIO_ORG_COD,1.0,1,AAAAA,5.0,,UNIQUE,0.0,100.0,1,AAAAA,5.0,,UNIQUE,0.0,100.0,True
지점코드.csv,OIO_ORG_COD,지점코드.csv,OIO_ORG_NAM,0.7273,1,AAAAA,5.0,,UNIQUE,0.0,100.0,0,KKKKKK,30.0,,Text,0.0,100.0,False
지점코드.csv,OIO_ORG_COD,지점코드.csv,OIO_ORG_NCD,0.9091,1,AAAAA,5.0,,UNIQUE,0.0,100.0,0,nnnn,1.0,,,2.04,97.4,False
지점코드.csv,OIO_ORG_COD,지점코드.csv,OIO_PIN_COD,0.7273,1,AAAAA,5.0,,UNIQUE,0.0,100.0,0,AAAAAAA,4.0,,,10.2,72.73,False
지점코드.csv,OIO_ORG_NAM,조직_수입관리.csv,OIO_ORG_COD,0.7273,0,KKKKKK,30.0,,Text,0.0,100.0,1,AAAAA,5.0,,UNIQUE,0.0,100.0,False
지점코드.csv,OIO_ORG_NAM,조직_수입관리.csv,OIO_ORG_NAM,1.0,0,KKKKKK,30.0,,Text,0.0,100.0,0,KKKKKK,30.0,,Text,0.0,100.0,False
지점코드.csv,OIO_ORG_NAM,조직_수입관리.csv,OIO_ORG_NCD,0.8182,0,KKKKKK,30.0,,Text,0.0,100.0,0,nnnn,1.0,,,2.04,97.4,False
지점코드.csv,OIO_ORG_NAM,지점코드.csv,OIO_ORG_COD,0.7273,0,KKKKKK,30.0,,Text,0.0,100.0,1,AAAAA,5.0,,UNIQUE,0.0,100.0,False
지점코드.csv,OIO_ORG_NAM,지점코드.csv,OIO_ORG_NAM,1.0,0,KKKKKK,30.0,,Text,0.0,100.0,0,KKKKKK,30.0,,Text,0.0,100.0,True
지점코드.csv,OIO_ORG_NAM,지점코드.csv,OIO_ORG_NCD,0.8182,0,KKKKKK,30.0,,Text,0.0,100.0,0,nnnn,1.0,,,2.04,97.4,False
지점코드.csv,OIO_ORG_NCD,조직_수입관리.csv,OIO_ORG_COD,0.9091,0,nnnn,1.0,,,2.04,97.4,1,AAAAA,5.0,,UNIQUE,0.0,100.0,False
지점코드.csv,OIO_ORG_NCD,조직_수입관리.csv,OIO_ORG_NAM,0.8182,0,nnnn,1.0,,,2.04,97.4,0,KKKKKK,30.0,,Text,0.0,100.0,False
지점코드.csv,OIO_ORG_NCD,조직_수입관리.csv,OIO_ORG_NCD,1.0,0,nnnn,1.0,,,2.04,97.4,0,nnnn,1.0,,,2.04,97.4,False
지점코드.csv,OIO_ORG_NCD,지점코드.csv,OIO_ORG_COD,0.9091,0,nnnn,1.0,,,2.04,97.4,1,AAAAA,5.0,,UNIQUE,0.0,100.0,False
지점코드.csv,OIO_ORG_NCD,지점코드.csv,OIO_ORG_NAM,0.8182,0,nnnn,1.0,,,2.04,97.4,0,KKKKKK,30.0,,Text,0.0,100.0,False
지점코드.csv,OIO_ORG_NCD,지점코드.csv,OIO_ORG_NCD,1.0,0,nnnn,1.0,,,2.04,97.4,0,nnnn,1.0,,,2.04,97.4,True
지점코드.csv,OIO_PIN_COD,조직_수입관리.csv,OIO_ORG_COD,0.7273,0,AAAAAAA,4.0,,,10.2,72.73,1,AAAAA,5.0,,UNIQUE,0.0,100.0,False
지점코드.csv,OIO_PIN_COD,조직_수입관리.csv,OIO_PIN_COD,1.0,0,AAAAAAA,4.0,,,10.2,72.73,0,AAAAAAA,4.0,,,10.2,72.73,False
지점코드.csv,OIO_PIN_COD,지점코드.csv,OIO_ORG_COD,0.7273,0,AAAAAAA,4.0,,,10.2,72.73,1,AAAAA,5.0,,UNIQUE,0.0,100.0,False
지점코드.csv,OIO_PIN_COD,지점코드.csv,OIO_PIN_COD,1.0,0,AAAAAAA,4.0,,,10.2,72.73,0,AAAAAAA,4.0,,,10.2,72.73,True
택배BI_조직.csv,사업본부코드,계약마스터.csv,소사업코드,0.7273,0,AAAAA,2.0,,,0.67,0.11,0,nnn,1.0,,,0.0,0.6,False
택배BI_조직.csv,사업본부코드,관리회계BI_사업.csv,전사업코드,0.7273,0,AAAAA,2.0,,,0.67,0.11,0,nnn,1.0,,SEQUENCE,0.0,0.48,False
택배BI_조직.csv,사업본부코드,관리회계BI_사업.csv,대사업코드,0.7273,0,AAAAA,2.0,,,0.67,0.11,0,nnn,1.0,,,0.0,2.42,False
택배BI_조직.csv,사업본부코드,관리회계BI_사업.csv,중사업코드,0.7273,0,AAAAA,2.0,,,0.67,0.11,0,nnn,1.0,,,0.0,8.21,False
택배BI_조직.csv,사업본부코드,관리회계BI_사업.csv,소사업코드,0.7273,0,AAAAA,2.0,,,0.67,0.11,0,nnn,1.0,,,0.0,18.84,False
택배BI_조직.csv,사업본부코드,관리회계BI_사업.csv,사업코드,0.8,0,AAAAA,2.0,,,0.67,0.11,0,nnn,1.0,,,0.0,50.24,False
택배BI_조직.csv,사업본부코드,관리회계BI_조직.csv,본부코드,0.8,0,AAAAA,2.0,,,0.67,0.11,0,AAAAA,3.0,,,0.0,1.67,False
택배BI_조직.csv,사업본부코드,관리회계QLIK_조직.csv,본부코드,0.8,0,AAAAA,2.0,,,0.67,0.11,0,AAAAA,2.0,,,0.25,1.51,False
택배BI_조직.csv,사업본부코드,관리회계_사업.csv,사업코드,0.8,0,AAAAA,2.0,,,0.67,0.11,0,nnn,2.0,,,0.0,57.77,False
택배BI_조직.csv,사업본부코드,사업코드관리.csv,전사업코드,0.7273,0,AAAAA,2.0,,,0.67,0.11,0,nnn,1.0,,SEQUENCE,0.0,0.29,False
택배BI_조직.csv,사업본부코드,사업코드관리.csv,대사업코드,0.7273,0,AAAAA,2.0,,,0.67,0.11,0,nnn,1.0,,,0.0,1.45,False
택배BI_조직.csv,사업본부코드,사업코드관리.csv,중사업코드,0.7273,0,AAAAA,2.0,,,0.67,0.11,0,nnn,1.0,,,0.0,6.36,False
택배BI_조직.csv,사업본부코드,사업코드관리.csv,소사업코드,0.7273,0,AAAAA,2.0,,,0.67,0.11,0,nnn,1.0,,,0.0,18.79,False
택배BI_조직.csv,사업본부코드,사업코드관리.csv,사업코드,0.8,0,AAAAA,2.0,,,0.67,0.11,0,nnn,1.0,,,0.0,52.31,False
택배BI_조직.csv,사업본부코드,조직코드관리.csv,본부코드,0.8,0,AAAAA,2.0,,,0.67,0.11,0,AAAAA,2.0,,,0.0,1.43,False
택배BI_조직.csv,사업본부코드,택배BI_조직.csv,사업본부코드,1.0,0,AAAAA,2.0,,,0.67,0.11,0,AAAAA,2.0,,,0.67,0.11,True
택배BI_조직.csv,사업본부코드,택배BI_조직.csv,사업본부명,0.7273,0,AAAAA,2.0,,,0.67,0.11,0,KKKKKK,2.0,,,0.74,0.07,False
택배BI_조직.csv,사업본부명,관리회계BI_사업.csv,사업명,0.75,0,KKKKKK,2.0,,,0.74,0.07,0,KKKKKK,23.0,,Text,0.0,50.24,False
택배BI_조직.csv,사업본부명,관리회계BI_조직.csv,본부명,0.75,0,KKKKKK,2.0,,,0.74,0.07,0,KKKKKK,5.0,,,0.0,1.67,False
택배BI_조직.csv,사업본부명,관리회계QLIK_조직.csv,본부명,0.75,0,KKKKKK,2.0,,,0.74,0.07,0,KK,4.0,,,4.77,1.32,False
택배BI_조직.csv,사업본부명,관리회계_사업.csv,사업명,0.75,0,KKKKKK,2.0,,,0.74,0.07,0,KKKKKK,35.0,,Text,0.0,44.66,False
택배BI_조직.csv,사업본부명,사업코드관리.csv,사업명,0.75,0,KKKKKK,2.0,,,0.74,0.07,0,KKKKKK,31.0,,Text,0.0,52.02,False
택배BI_조직.csv,사업본부명,조직코드관리.csv,본부명,0.75,0,KKKKKK,2.0,,,0.74,0.07,0,KKKKKK,4.0,,,0.0,1.43,False
택배BI_조직.csv,사업본부명,택배BI_조직.csv,사업본부코드,0.7273,0,KKKKKK,2.0,,,0.74,0.07,0,AAAAA,2.0,,,0.67,0.11,False
택배BI_조직.csv,사업본부명,택배BI_조직.csv,사업본부명,1.0,0,KKKKKK,2.0,,,0.74,0.07,0,KKKKKK,2.0,,,0.74,0.07,True
택배BI_조직.csv,지부코드,관리회계BI_조직.csv,본부코드,0.75,0,AAAAA,3.0,,,0.37,0.63,0,AAAAA,3.0,,,0.0,1.67,False
택배BI_조직.csv,지부코드,관리회계BI_조직.csv,지부코드,1.0,0,AAAAA,3.0,,,0.37,0.63,0,AAAAA,4.0,,,0.0,15.24,False
택배BI_조직.csv,지부코드,관리회계BI_조직.csv,지점코드,0.75,0,AAAAA,3.0,,,0.37,0.63,0,AAAAAA,7.0,,,0.0,84.52,False
택배BI_조직.csv,지부코드,관리회계QLIK_조직.csv,지점코드,0.75,0,AAAAA,3.0,,,0.37,0.63,0,AAAAAA,6.0,,,0.25,83.38,False
택배BI_조직.csv,지부코드,관리회계QLIK_조직.csv,지부코드,1.0,0,AAAAA,3.0,,,0.37,0.63,0,AAAAA,3.0,,,0.25,13.6,False
택배BI_조직.csv,지부코드,관리회계QLIK_조직.csv,본부코드,0.75,0,AAAAA,3.0,,,0.37,0.63,0,AAAAA,2.0,,,0.25,1.51,False
택배BI_조직.csv,지부코드,조직코드관리.csv,본부코드,0.75,0,AAAAA,3.0,,,0.37,0.63,0,AAAAA,2.0,,,0.0,1.43,False
택배BI_조직.csv,지부코드,조직코드관리.csv,지부코드,1.0,0,AAAAA,3.0,,,0.37,0.63,0,AAAAA,4.0,,,0.0,14.76,False
택배BI_조직.csv,지부코드,조직코드관리.csv,지점코드,0.75,0,AAAAA,3.0,,,0.37,0.63,0,AAAAAA,5.0,,,0.0,77.14,False
택배BI_조직.csv,지부코드,택배BI_조직.csv,지부코드,1.0,0,AAAAA,3.0,,,0.37,0.63,0,AAAAA,3.0,,,0.37,0.63,True
택배BI_조직.csv,지부코드,택배BI_조직.csv,지점코드,0.75,0,AAAAA,3.0,,,0.37,0.63,0,AAAAAAA,3.0,,,0.04,2.19,False
택배BI_조직.csv,지부명,관리회계BI_조직.csv,지부명,1.0,0,KKKKKKK,6.0,,,0.37,0.63,0,KKKKK,16.0,,,0.0,15.0,False
택배BI_조직.csv,지부명,관리회계QLIK_조직.csv,지부명,1.0,0,KKKKKKK,6.0,,,0.37,0.63,0,KKKKK,13.0,,,0.25,13.6,False
택배BI_조직.csv,지부명,조직코드관리.csv,지부명,1.0,0,KKKKKKK,6.0,,,0.37,0.63,0,KKKKK,12.0,,,0.0,14.52,False
택배BI_조직.csv,지부명,택배BI_조직.csv,지부명,1.0,0,KKKKKKK,6.0,,,0.37,0.63,0,KKKKKKK,6.0,,,0.37,0.63,True
택배BI_조직.csv,지점코드,관리회계BI_조직.csv,지부코드,0.75,0,AAAAAAA,3.0,,,0.04,2.19,0,AAAAA,4.0,,,0.0,15.24,False
택배BI_조직.csv,지점코드,관리회계BI_조직.csv,지점코드,1.0,0,AAAAAAA,3.0,,,0.04,2.19,0,AAAAAA,7.0,,,0.0,84.52,False
택배BI_조직.csv,지점코드,관리회계QLIK_조직.csv,지점코드,1.0,0,AAAAAAA,3.0,,,0.04,2.19,0,AAAAAA,6.0,,,0.25,83.38,False
택배BI_조직.csv,지점코드,관리회계QLIK_조직.csv,지부코드,0.75,0,AAAAAAA,3.0,,,0.04,2.19,0,AAAAA,3.0,,,0.25,13.6,False
택배BI_조직.csv,지점코드,사용자.csv,점소코드,0.75,0,AAAAAAA,3.0,,,0.04,2.19,0,nnnn,1.0,,,0.0,3.9,False
택배BI_조직.csv,지점코드,조직코드관리.csv,지부코드,0.75,0,AAAAAAA,3.0,,,0.04,2.19,0,AAAAA,4.0,,,0.0,14.76,False
택배BI_조직.csv,지점코드,조직코드관리.csv,지점코드,1.0,0,AAAAAAA,3.0,,,0.04,2.19,0,AAAAAA,5.0,,,0.0,77.14,False
택배BI_조직.csv,지점코드,택배BI_조직.csv,지부코드,0.75,0,AAAAAAA,3.0,,,0.04,2.19,0,AAAAA,3.0,,,0.37,0.63,False
택배BI_조직.csv,지점코드,택배BI_조직.csv,지점코드,1.0,0,AAAAAAA,3.0,,,0.04,2.19,0,AAAAAAA,3.0,,,0.04,2.19,True
택배BI_조직.csv,지점명,관리회계BI_조직.csv,지점명,1.0,0,KK,7.0,,,0.41,1.94,0,KKKKKK,75.0,,Text,0.0,83.57,False
택배BI_조직.csv,지점명,관리회계QLIK_조직.csv,지점명,1.0,0,KK,7.0,,,0.41,1.94,0,KKKKKK,63.0,,Text,0.25,83.12,False
택배BI_조직.csv,지점명,조직코드관리.csv,지점명,1.0,0,KK,7.0,,,0.41,1.94,0,KKKKKK,59.0,,Text,0.0,78.33,False
택배BI_조직.csv,지점명,택배BI_조직.csv,지점명,1.0,0,KK,7.0,,,0.41,1.94,0,KK,7.0,,,0.41,1.94,True
택배BI_조직.csv,터미널코드,서브터미널.csv,터미널구분코드,0.8333,0,nnn,2.0,,,0.11,17.66,0,AAA,1.0,,,99.99,100.0,False
택배BI_조직.csv,터미널코드,조직터미널마스터.csv,터미널조직코드,0.8333,0,nnn,2.0,,,0.11,17.66,1,nnn,1.0,,UNIQUE,0.0,100.0,False
택배BI_조직.csv,터미널코드,조직터미널마스터.csv,터미널구분코드,0.8333,0,nnn,2.0,,,0.11,17.66,0,AAA,5.0,,,0.0,1.44,False
택배BI_조직.csv,터미널코드,조직터미널마스터.csv,실제터미널조직코드,0.7143,0,nnn,2.0,,,0.11,17.66,0,nnn,1.0,,,0.18,76.62,False
택배BI_조직.csv,터미널코드,조직터미널마스터.csv,터미널영문코드,0.8333,0,nnn,2.0,,,0.11,17.66,1,AA,1.0,Airline_IATA,UNIQUE,52.6,100.0,False
택배BI_조직.csv,터미널코드,택배BI_조직.csv,터미널코드,1.0,0,nnn,2.0,,,0.11,17.66,0,nnn,2.0,,,0.11,17.66,True
택배BI_조직.csv,터미널명,택배BI_조직.csv,터미널명,1.0,0,KK,39.0,,Text,0.11,17.37,0,KK,39.0,,Text,0.11,17.37,True
택배BI_조직.csv,집배점코드,배송점.csv,배송점코드,0.8,1,nnnn,1.0,,UNIQUE,2.27,100.0,1,nnnn,4.0,,UNIQUE,0.0,100.0,False
택배BI_조직.csv,집배점코드,택배BI_조직.csv,집배점코드,1.0,1,nnnn,1.0,,UNIQUE,2.27,100.0,1,nnnn,1.0,,UNIQUE,2.27,100.0,True
택배BI_조직.csv,집배점명,배송점.csv,배송점명,0.75,0,KK(K),199.0,,Text,2.27,97.57,0,KK(K),199.0,,Text,0.0,97.35,False
택배BI_조직.csv,집배점명,택배BI_조직.csv,집배점명,1.0,0,KK(K),199.0,,Text,2.27,97.57,0,KK(K),199.0,,Text,2.27,97.57,True
택배_고객.csv,고객번호,CUSTOMER.csv,고객번호,1.0,1,nnnnnnn,1.0,,UNIQUE,0.0,100.0,1,nnnnnnn,2.0,,UNIQUE,0.0,100.0,False
택배_고객.csv,고객번호,개인고객.csv,개인고객번호,0.8,1,nnnnnnn,1.0,,UNIQUE,0.0,100.0,1,Annnnnn,3.0,,UNIQUE,0.0,100.0,False
택배_고객.csv,고객번호,고객마스터.csv,고객번호,1.0,1,nnnnnnn,1.0,,UNIQUE,0.0,100.0,1,nnnnnnnnnn,1.0,유효사업자번호3,UNIQUE,0.0,100.0,False
택배_고객.csv,고객번호,기업고객.csv,기업고객번호,0.8,1,nnnnnnn,1.0,,UNIQUE,0.0,100.0,0,nnnnnnn,6.0,,TEL,0.0,100.0,False
택배_고객.csv,고객번호,수입관리_고객.csv,고객번호,1.0,1,nnnnnnn,1.0,,UNIQUE,0.0,100.0,1,nnnnnnnnnn,1.0,유효사업자번호3,UNIQUE,0.0,100.0,False
택배_고객.csv,고객번호,택배_고객.csv,고객번호,1.0,1,nnnnnnn,1.0,,UNIQUE,0.0,100.0,1,nnnnnnn,1.0,,UNIQUE,0.0,100.0,True
택배_고객.csv,한글고객명,CUSTOMER.csv,고객명,0.75,0,KKKK,799.0,,Text,0.55,89.93,0,KKK,724.0,,Text,0.32,92.27,False
택배_고객.csv,한글고객명,OneClick고객.csv,고객명,0.75,0,KKKK,799.0,,Text,0.55,89.93,0,KKK,347.0,,Text,0.0,85.83,False
택배_고객.csv,한글고객명,개인고객.csv,고객명,0.75,0,KKKK,799.0,,Text,0.55,89.93,0,KKK,37.0,,Text,0.26,91.75,False
택배_고객.csv,한글고객명,계약마스터.csv,고객명,0.75,0,KKKK,799.0,,Text,0.55,89.93,0,KKKK,375.0,,Text,0.0,78.27,False
택배_고객.csv,한글고객명,고객마스터.csv,고객명,0.75,0,KKKK,799.0,,Text,0.55,89.93,0,KKKK,494.0,,Text,0.01,98.63,False
택배_고객.csv,한글고객명,관리회계_고객.csv,고객명,0.75,0,KKKK,799.0,,Text,0.55,89.93,0,KKKK,730.0,,Text,0.0,100.0,False
택배_고객.csv,한글고객명,사업자등록번호정보.csv,고객명,0.75,0,KKKK,799.0,,Text,0.55,89.93,0,KKKK,913.0,,Text,0.0,98.37,False
택배_고객.csv,한글고객명,수입관리_고객.csv,고객명,0.75,0,KKKK,799.0,,Text,0.55,89.93,0,KKKK,812.0,,Text,0.0,97.88,False
택배_고객.csv,한글고객명,택배_고객.csv,한글고객명,1.0,0,KKKK,799.0,,Text,0.55,89.93,0,KKKK,799.0,,Text,0.55,89.93,True
택배_고객.csv,영문고객명,CUSTOMER.csv,고객명,0.75,0,A,312.0,,,94.3,92.11,0,KKK,724.0,,Text,0.32,92.27,False
택배_고객.csv,영문고객명,CUSTOMER.csv,영문고객명,1.0,0,A,312.0,,,94.3,92.11,0,A,180.0,,,97.23,97.11,False
택배_고객.csv,영문고객명,OneClick고객.csv,고객명,0.75,0,A,312.0,,,94.3,92.11,0,KKK,347.0,,Text,0.0,85.83,False
택배_고객.csv,영문고객명,개인고객.csv,고객명,0.75,0,A,312.0,,,94.3,92.11,0,KKK,37.0,,Text,0.26,91.75,False
택배_고객.csv,영문고객명,개인고객.csv,영문고객명,1.0,0,A,312.0,,,94.3,92.11,0,AAAAAAAA AAAAAAA AAA,6.0,,,99.74,100.0,False
택배_고객.csv,영문고객명,계약마스터.csv,고객명,0.75,0,A,312.0,,,94.3,92.11,0,KKKK,375.0,,Text,0.0,78.27,False
택배_고객.csv,영문고객명,고객마스터.csv,고객명,0.75,0,A,312.0,,,94.3,92.11,0,KKKK,494.0,,Text,0.01,98.63,False
택배_고객.csv,영문고객명,관리회계_고객.csv,고객명,0.75,0,A,312.0,,,94.3,92.11,0,KKKK,730.0,,Text,0.0,100.0,False
택배_고객.csv,영문고객명,기업고객.csv,영문고객명,1.0,0,A,312.0,,,94.3,92.11,0,A,176.0,,,96.33,97.05,False
택배_고객.csv,영문고객명,사업자등록번호정보.csv,고객명,0.75,0,A,312.0,,,94.3,92.11,0,KKKK,913.0,,Text,0.0,98.37,False
택배_고객.csv,영문고객명,수입관리_고객.csv,고객명,0.75,0,A,312.0,,,94.3,92.11,0,KKKK,812.0,,Text,0.0,97.88,False
택배_고객.csv,영문고객명,택배_고객.csv,영문고객명,1.0,0,A,312.0,,,94.3,92.11,0,A,312.0,,,94.3,92.11,True
택배_고객.csv,국가코드,CUSTOMER.csv,국가코드,1.0,0,AA,1.0,,,14.81,0.04,0,AA,1.0,,,6.94,0.08,False
택배_고객.csv,국가코드,개인고객.csv,국가코드,1.0,0,AA,1.0,,,14.81,0.04,0,AA,1.0,,,0.0,0.31,False
택배_고객.csv,국가코드,기업고객.csv,국가코드,1.0,0,AA,1.0,,,14.81,0.04,0,AA,1.0,,,9.09,0.03,False
택배_고객.csv,국가코드,선석.csv,국가코드,1.0,0,AA,1.0,,,14.81,0.04,0,AA,1.0,,SINGLE VALUE,0.0,0.1,False
택배_고객.csv,국가코드,택배_고객.csv,국가코드,1.0,0,AA,1.0,,,14.81,0.04,0,AA,1.0,,,14.81,0.04,True
택배_고객.csv,주민_사업자등록번호,CUSTOMER.csv,주민_사업자등록번호,1.0,0,nnnnnnnnnn,2.0,유효사업자번호3,,0.58,89.94,0,nnnnnnnnnn,3.0,유효사업자번호3,,2.84,92.58,False
택배_고객.csv,주민_사업자등록번호,OneClick고객.csv,사업자등록번호,0.8235,0,nnnnnnnnnn,2.0,유효사업자번호3,,0.58,89.94,0,nnn-nn-nnnnn,2.0,,,0.0,90.72,False
택배_고객.csv,주민_사업자등록번호,ORGNIZATION.csv,사업자등록번호,0.8235,0,nnnnnnnnnn,2.0,유효사업자번호3,,0.58,89.94,0,nnnnnnnnnn,1.0,유효사업자번호3,,49.82,75.01,False
택배_고객.csv,주민_사업자등록번호,개인고객.csv,사업자등록번호,0.8235,0,nnnnnnnnnn,2.0,유효사업자번호3,,0.58,89.94,1,nnnnnnnnnn,2.0,유효사업자번호3,UNIQUE,11.49,100.0,False
택배_고객.csv,주민_사업자등록번호,고객마스터.csv,사업자등록번호,0.8235,0,nnnnnnnnnn,2.0,유효사업자번호3,,0.58,89.94,0,nnn-nn-nnnnn,3.0,,,0.0,92.76,False
택배_고객.csv,주민_사업자등록번호,관리회계_고객.csv,사업자등록번호,0.8235,0,nnnnnnnnnn,2.0,유효사업자번호3,,0.58,89.94,1,nnnnnnnnnn,10.0,유효사업자번호3,UNIQUE,0.0,100.0,False
택배_고객.csv,주민_사업자등록번호,기업고객.csv,기업사업자등록번호,0.7368,0,nnnnnnnnnn,2.0,유효사업자번호3,,0.58,89.94,0,nnnnnnnnnn,3.0,유효사업자번호3,,0.01,90.95,False
택배_고객.csv,주민_사업자등록번호,배송점.csv,사업자등록번호,0.8235,0,nnnnnnnnnn,2.0,유효사업자번호3,,0.58,89.94,0,nnnnnnnnnn,1.0,유효사업자번호3,,33.32,80.85,False
택배_고객.csv,주민_사업자등록번호,사업자등록번호정보.csv,사업자등록번호,0.8235,0,nnnnnnnnnn,2.0,유효사업자번호3,,0.58,89.94,1,nnnnnnnnnn,11.0,유효사업자번호3,UNIQUE,0.0,100.0,False
택배_고객.csv,주민_사업자등록번호,사용자.csv,주민등록번호,0.75,0,nnnnnnnnnn,2.0,유효사업자번호3,,0.58,89.94,0,aaaaaaaa,1.0,,SINGLE VALUE,92.69,0.19,False
택배_고객.csv,주민_사업자등록번호,서브터미널.csv,사업자등록번호,0.8235,0,nnnnnnnnnn,2.0,유효사업자번호3,,0.58,89.94,0,nnnnnnnnnn,1.0,,,99.99,100.0,False
택배_고객.csv,주민_사업자등록번호,영업소.csv,사업자등록번호,0.8235,0,nnnnnnnnnn,2.0,유효사업자번호3,,0.58,89.94,0,nnnnnnnnnn,1.0,유효사업자번호3,,0.0,52.05,False
택배_고객.csv,주민_사업자등록번호,택배_고객.csv,주민_사업자등록번호,1.0,0,nnnnnnnnnn,2.0,유효사업자번호3,,0.58,89.94,0,nnnnnnnnnn,2.0,유효사업자번호3,,0.58,89.94,True
택배_고객.csv,주민_사업자등록번호,택배_고객.csv,사업자등록우편번호,0.7368,0,nnnnnnnnnn,2.0,유효사업자번호3,,0.58,89.94,0,nnnnnn,2.0,우편번호구3,,2.04,32.74,False
택배_고객.csv,주민_사업자등록번호,택배_조직도.csv,사업자등록번호,0.8235,0,nnnnnnnnnn,2.0,유효사업자번호3,,0.58,89.94,0,nnnnnnnnnn,1.0,유효사업자번호3,,49.82,75.01,False
택배_고객.csv,주민_사업자등록번호,사업자등록번호5.csv,사업자등록번호5,0.7778,0,nnnnnnnnnn,2.0,유효사업자번호3,,0.58,89.94,1,nnnnnnnnnn,1.0,,UNIQUE,0.0,100.0,False
택배_고객.csv,주민_사업자등록번호,사업자등록번호7.csv,사업자등록번호7,0.7778,0,nnnnnnnnnn,2.0,유효사업자번호3,,0.58,89.94,1,nnn-nn-nnnnn,1.0,,UNIQUE,0.0,100.0,False
택배_고객.csv,사업자등록우편번호,CUSTOMER.csv,주민_사업자등록번호,0.7368,0,nnnnnn,2.0,우편번호구3,,2.04,32.74,0,nnnnnnnnnn,3.0,유효사업자번호3,,2.84,92.58,False
택배_고객.csv,사업자등록우편번호,OneClick고객.csv,사업자등록번호,0.875,0,nnnnnn,2.0,우편번호구3,,2.04,32.74,0,nnn-nn-nnnnn,2.0,,,0.0,90.72,False
택배_고객.csv,사업자등록우편번호,OneClick고객.csv,사업우편번호,0.8,0,nnnnnn,2.0,우편번호구3,,2.04,32.74,0,nnnnn,2.0,우편번호3,,78.43,86.28,False
택배_고객.csv,사업자등록우편번호,ORGNIZATION.csv,사업자등록번호,0.875,0,nnnnnn,2.0,우편번호구3,,2.04,32.74,0,nnnnnnnnnn,1.0,유효사업자번호3,,49.82,75.01,False
택배_고객.csv,사업자등록우편번호,PRM계약.csv,사업자번호,0.7143,0,nnnnnn,2.0,우편번호구3,,2.04,32.74,0,nnnnnnnnnn,1.0,유효사업자번호3,,0.0,35.16,False
택배_고객.csv,사업자등록우편번호,간선사업자.csv,사업자번호,0.7143,0,nnnnnn,2.0,우편번호구3,,2.04,32.74,1,nnn-nn-nnnnn,2.0,,UNIQUE,0.0,100.0,False
택배_고객.csv,사업자등록우편번호,개인고객.csv,사업자등록번호,0.875,0,nnnnnn,2.0,우편번호구3,,2.04,32.74,1,nnnnnnnnnn,2.0,유효사업자번호3,UNIQUE,11.49,100.0,False
택배_고객.csv,사업자등록우편번호,계약마스터.csv,사업자번호,0.7143,0,nnnnnn,2.0,우편번호구3,,2.04,32.74,0,nnnnnnnnnn,1.0,유효사업자번호3,,0.0,78.54,False
택배_고객.csv,사업자등록우편번호,고객마스터.csv,사업자등록번호,0.875,0,nnnnnn,2.0,우편번호구3,,2.04,32.74,0,nnn-nn-nnnnn,3.0,,,0.0,92.76,False
택배_고객.csv,사업자등록우편번호,관리회계_고객.csv,사업자등록번호,0.875,0,nnnnnn,2.0,우편번호구3,,2.04,32.74,1,nnnnnnnnnn,10.0,유효사업자번호3,UNIQUE,0.0,100.0,False
택배_고객.csv,사업자등록우편번호,기업고객.csv,기업사업자등록번호,0.7778,0,nnnnnn,2.0,우편번호구3,,2.04,32.74,0,nnnnnnnnnn,3.0,유효사업자번호3,,0.01,90.95,False
택배_고객.csv,사업자등록우편번호,배송점.csv,사업자등록번호,0.875,0,nnnnnn,2.0,우편번호구3,,2.04,32.74,0,nnnnnnnnnn,1.0,유효사업자번호3,,33.32,80.85,False
택배_고객.csv,사업자등록우편번호,사업자등록번호정보.csv,사업자등록번호,0.875,0,nnnnnn,2.0,우편번호구3,,2.04,32.74,1,nnnnnnnnnn,11.0,유효사업자번호3,UNIQUE,0.0,100.0,False
택배_고객.csv,사업자등록우편번호,서브터미널.csv,사업자등록번호,0.875,0,nnnnnn,2.0,우편번호구3,,2.04,32.74,0,nnnnnnnnnn,1.0,,,99.99,100.0,False
택배_고객.csv,사업자등록우편번호,수입관리점소.csv,사업자번호,0.7143,0,nnnnnn,2.0,우편번호구3,,2.04,32.74,0,nnnnnnnnnn,1.0,유효사업자번호3,,0.0,12.57,False
택배_고객.csv,사업자등록우편번호,영업소.csv,사업자등록번호,0.875,0,nnnnnn,2.0,우편번호구3,,2.04,32.74,0,nnnnnnnnnn,1.0,유효사업자번호3,,0.0,52.05,False
택배_고객.csv,사업자등록우편번호,택배_고객.csv,주민_사업자등록번호,0.7368,0,nnnnnn,2.0,우편번호구3,,2.04,32.74,0,nnnnnnnnnn,2.0,유효사업자번호3,,0.58,89.94,False
택배_고객.csv,사업자등록우편번호,택배_고객.csv,사업자등록우편번호,1.0,0,nnnnnn,2.0,우편번호구3,,2.04,32.74,0,nnnnnn,2.0,우편번호구3,,2.04,32.74,True
택배_고객.csv,사업자등록우편번호,택배_조직도.csv,사업자등록번호,0.875,0,nnnnnn,2.0,우편번호구3,,2.04,32.74,0,nnnnnnnnnn,1.0,유효사업자번호3,,49.82,75.01,False
택배_고객.csv,사업자등록우편번호,사업자등록번호5.csv,사업자등록번호5,0.8235,0,nnnnnn,2.0,우편번호구3,,2.04,32.74,1,nnnnnnnnnn,1.0,,UNIQUE,0.0,100.0,False
택배_고객.csv,사업자등록우편번호,사업자등록번호7.csv,사업자등록번호7,0.8235,0,nnnnnn,2.0,우편번호구3,,2.04,32.74,1,nnn-nn-nnnnn,1.0,,UNIQUE,0.0,100.0,False
택배_고객.csv,고객 청구부서,CUSTOMER.csv,청구부서,0.8,0,KK,83.0,,Text,36.23,10.43,0,KK,49.0,,Text,72.38,12.78,False
택배_고객.csv,고객 청구부서,기업고객.csv,청구부서,0.8,0,KK,83.0,,Text,36.23,10.43,0,KK,48.0,,Text,62.65,12.75,False
택배_고객.csv,고객 청구부서,택배_고객.csv,고객 청구부서,1.0,0,KK,83.0,,Text,36.23,10.43,0,KK,83.0,,Text,36.23,10.43,True
택배_고객.csv,고객 청구지우편번호,CUSTOMER.csv,청구지우편번호,0.875,0,nnnnnn,2.0,우편번호구3,,1.29,33.3,0,nnnnnn,2.0,우편번호3,,23.33,47.14,False
택배_고객.csv,고객 청구지우편번호,기업고객.csv,청구지우편번호,0.875,0,nnnnnn,2.0,우편번호구3,,1.29,33.3,0,nnnnnn,3.0,,,0.57,45.82,False
택배_고객.csv,고객 청구지우편번호,택배_고객.csv,고객 청구지우편번호,1.0,0,nnnnnn,2.0,우편번호구3,,1.29,33.3,0,nnnnnn,2.0,우편번호구3,,1.29,33.3,True
택배_고객.csv,고객청구지주소,CUSTOMER.csv,청구지주소,0.8333,0,nnn-n,1883.0,,,27.08,87.31,0,nnn-n,2074.0,,,37.93,87.56,False
택배_고객.csv,고객청구지주소,기업고객.csv,청구지주소,0.8333,0,nnn-n,1883.0,,,27.08,87.31,0,nnn-n,1960.0,,,20.28,87.99,False
택배_고객.csv,고객청구지주소,택배_고객.csv,고객청구지주소,1.0,0,nnn-n,1883.0,,,27.08,87.31,0,nnn-n,1883.0,,,27.08,87.31,True
택배_고객.csv,판매점소,CUSTOMER.csv,판매점소,1.0,0,AAAAA,4.0,,,0.86,0.99,0,AAAAA,4.0,,,0.47,0.95,False
택배_고객.csv,판매점소,개인고객.csv,판매점소,1.0,0,AAAAA,4.0,,,0.86,0.99,0,AAAAAAA,3.0,,,0.26,2.03,False
택배_고객.csv,판매점소,기업고객.csv,판매점소,1.0,0,AAAAA,4.0,,,0.86,0.99,0,AAAAA,4.0,,,0.26,1.22,False
택배_고객.csv,판매점소,택배_고객.csv,판매점소,1.0,0,AAAAA,4.0,,,0.86,0.99,0,AAAAA,4.0,,,0.86,0.99,True
택배_고객.csv,판매원사번,CUSTOMER.csv,판매원사번,1.0,0,nnnnnnn,2.0,,,2.11,6.73,0,nnnnnnn,2.0,,,23.53,13.12,False
택배_고객.csv,판매원사번,기업고객.csv,판매원사번,1.0,0,nnnnnnn,2.0,,,2.11,6.73,0,nnnnnnn,4.0,,,0.84,12.77,False
택배_고객.csv,판매원사번,택배_고객.csv,판매원사번,1.0,0,nnnnnnn,2.0,,,2.11,6.73,0,nnnnnnn,2.0,,,2.11,6.73,True
택배_고객.csv,담당부서,CUSTOMER.csv,담당부서,1.0,0,KK,128.0,,Text,11.11,12.69,0,KK,112.0,,Text,36.51,12.52,False
택배_고객.csv,담당부서,기업고객.csv,담당부서,1.0,0,KK,128.0,,Text,11.11,12.69,0,KK,111.0,,Text,14.12,12.51,False
택배_고객.csv,담당부서,택배_고객.csv,담당부서,1.0,0,KK,128.0,,Text,11.11,12.69,0,KK,128.0,,Text,11.11,12.69,True
택배_고객.csv,집하지우편번호,CUSTOMER.csv,우편번호,0.7273,0,nnnnnn,2.0,우편번호구3,,2.61,40.58,0,nnnnnn,3.0,우편번호3,,28.48,44.99,False
택배_고객.csv,집하지우편번호,CUSTOMER.csv,청구지우편번호,0.7143,0,nnnnnn,2.0,우편번호구3,,2.61,40.58,0,nnnnnn,2.0,우편번호3,,23.33,47.14,False
택배_고객.csv,집하지우편번호,CUSTOMER.csv,집하지우편번호,1.0,0,nnnnnn,2.0,우편번호구3,,2.61,40.58,0,nnnnnn,3.0,우편번호3,,1.58,64.41,False
택배_고객.csv,집하지우편번호,ORGNIZATION.csv,우편번호,0.7273,0,nnnnnn,2.0,우편번호구3,,2.61,40.58,0,nnnnnn,2.0,우편번호3,,9.25,44.44,False
택배_고객.csv,집하지우편번호,개인고객.csv,우편번호,0.7273,0,nnnnnn,2.0,우편번호구3,,2.61,40.58,0,nnnnnn,3.0,,,99.87,100.0,False
택배_고객.csv,집하지우편번호,개인고객.csv,집하지우편번호,1.0,0,nnnnnn,2.0,우편번호구3,,2.61,40.58,0,nnnnn,3.0,우편번호3,,0.22,89.94,False
택배_고객.csv,집하지우편번호,고객마스터.csv,우편번호,0.7273,0,nnnnnn,2.0,우편번호구3,,2.61,40.58,0,nnnnn,2.0,우편번호3,,90.06,92.56,False
택배_고객.csv,집하지우편번호,기업고객.csv,청구지우편번호,0.7143,0,nnnnnn,2.0,우편번호구3,,2.61,40.58,0,nnnnnn,3.0,,,0.57,45.82,False
택배_고객.csv,집하지우편번호,기업고객.csv,집하지우편번호,1.0,0,nnnnnn,2.0,우편번호구3,,2.61,40.58,0,nnnnnn,3.0,우편번호3,,1.81,58.49,False
택배_고객.csv,집하지우편번호,배송점.csv,우편번호,0.7273,0,nnnnnn,2.0,우편번호구3,,2.61,40.58,0,nnnnnn,2.0,우편번호3,,6.88,56.92,False
택배_고객.csv,집하지우편번호,서브터미널.csv,우편번호,0.7273,0,nnnnnn,2.0,우편번호구3,,2.61,40.58,0,nnnnn,1.0,,,99.99,100.0,False
택배_고객.csv,집하지우편번호,영업소.csv,우편번호,0.7273,0,nnnnnn,2.0,우편번호구3,,2.61,40.58,0,nnnnnn,1.0,우편번호구3,,0.0,50.68,False
택배_고객.csv,집하지우편번호,택배_고객.csv,집하지우편번호,1.0,0,nnnnnn,2.0,우편번호구3,,2.61,40.58,0,nnnnnn,2.0,우편번호구3,,2.61,40.58,True
택배_고객.csv,집하지우편번호,택배_조직도.csv,우편번호,0.7273,0,nnnnnn,2.0,우편번호구3,,2.61,40.58,0,nnnnnn,2.0,우편번호3,,9.25,44.44,False
택배_고객.csv,집하지대번지,CUSTOMER.csv,집하지대번지,1.0,0,nnn,40.0,,,32.72,33.01,0,nnn,35.0,,,70.7,47.24,False
택배_고객.csv,집하지대번지,CUSTOMER.csv,집하지소번지,0.8333,0,nnn,40.0,,,32.72,33.01,0,n,16.0,,,81.49,10.97,False
택배_고객.csv,집하지대번지,기업고객.csv,집하지대번지,1.0,0,nnn,40.0,,,32.72,33.01,0,nnn,35.0,,,60.4,47.22,False
택배_고객.csv,집하지대번지,기업고객.csv,집하지소번지,0.8333,0,nnn,40.0,,,32.72,33.01,0,n,16.0,,,75.0,10.82,False
택배_고객.csv,집하지대번지,택배_고객.csv,집하지대번지,1.0,0,nnn,40.0,,,32.72,33.01,0,nnn,40.0,,,32.72,33.01,True
택배_고객.csv,집하지대번지,택배_고객.csv,집하지소번지,0.8333,0,nnn,40.0,,,32.72,33.01,0,n,19.0,,,56.44,8.08,False
택배_고객.csv,집하지소번지,CUSTOMER.csv,집하지대번지,0.8333,0,n,19.0,,,56.44,8.08,0,nnn,35.0,,,70.7,47.24,False
택배_고객.csv,집하지소번지,CUSTOMER.csv,집하지소번지,1.0,0,n,19.0,,,56.44,8.08,0,n,16.0,,,81.49,10.97,False
택배_고객.csv,집하지소번지,CUSTOMER.csv,집하지주소,0.7273,0,n,19.0,,,56.44,8.08,0,nK,3161.0,,,17.06,87.58,False
택배_고객.csv,집하지소번지,개인고객.csv,집하지주소,0.7273,0,n,19.0,,,56.44,8.08,0,nnnK,902.0,,,0.62,87.64,False
택배_고객.csv,집하지소번지,기업고객.csv,집하지대번지,0.8333,0,n,19.0,,,56.44,8.08,0,nnn,35.0,,,60.4,47.22,False
택배_고객.csv,집하지소번지,기업고객.csv,집하지소번지,1.0,0,n,19.0,,,56.44,8.08,0,n,16.0,,,75.0,10.82,False
택배_고객.csv,집하지소번지,기업고객.csv,집하지주소,0.7273,0,n,19.0,,,56.44,8.08,0,(KKK),2321.0,,,22.56,89.05,False
택배_고객.csv,집하지소번지,택배_고객.csv,집하지대번지,0.8333,0,n,19.0,,,56.44,8.08,0,nnn,40.0,,,32.72,33.01,False
택배_고객.csv,집하지소번지,택배_고객.csv,집하지소번지,1.0,0,n,19.0,,,56.44,8.08,0,n,19.0,,,56.44,8.08,True
택배_고객.csv,수입조직,CUSTOMER.csv,수입조직,1.0,0,nnnn,1.0,,,0.92,0.99,0,nnnn,1.0,,,0.78,0.99,False
택배_고객.csv,수입조직,ORGNIZATION.csv,수입조직코드,0.8,0,nnnn,1.0,,,0.92,0.99,0,AAAAA,1.0,,,21.79,2.8,False
택배_고객.csv,수입조직,개인고객.csv,수입조직,1.0,0,nnnn,1.0,,,0.92,0.99,0,nnnn,1.0,,,0.26,1.9,False
택배_고객.csv,수입조직,기업고객.csv,수입조직,1.0,0,nnnn,1.0,,,0.92,0.99,0,nnnn,1.0,,,0.72,1.31,False
택배_고객.csv,수입조직,택배_고객.csv,수입조직,1.0,0,nnnn,1.0,,,0.92,0.99,0,nnnn,1.0,,,0.92,0.99,True
택배_고객.csv,수입조직,택배_조직도.csv,수입조직코드,0.8,0,nnnn,1.0,,,0.92,0.99,0,AAAAA,1.0,,,21.79,2.8,False
택배_고객.csv,업종구분,간선사업자.csv,업체구분,0.75,0,nn,1.0,,,15.98,0.35,0,AA,1.0,,,0.0,0.5,False
택배_고객.csv,업종구분,택배_고객.csv,업종구분,1.0,0,nn,1.0,,,15.98,0.35,0,nn,1.0,,,15.98,0.35,True
택배_고객.csv,업종상세내역,택배_고객.csv,업종상세내역,1.0,0,KK,377.0,,Text,10.42,30.23,0,KK,377.0,,Text,10.42,30.23,True
택배_고객.csv,반품일,택배_고객.csv,반품일,1.0,0,n,2.0,,,97.95,3.9,0,n,2.0,,,97.95,3.9,True
택배_고객.csv,계약단가,택배_고객.csv,계약단가,1.0,0,nnnn,5.0,,YEAR,14.81,2.12,0,nnnn,5.0,,YEAR,14.81,2.12,True
택배_고객.csv,월예상물량,계약마스터.csv,예상물량년,0.8,0,nnn,7.0,,,15.12,2.43,0,nnnn,9.0,,,0.0,11.88,False
택배_고객.csv,월예상물량,택배_고객.csv,월예상물량,1.0,0,nnn,7.0,,,15.12,2.43,0,nnn,7.0,,,15.12,2.43,True
택배_조직도.csv,조직코드,ORGNIZATION.csv,조직코드,1.0,1,nnnn,11.0,,UNIQUE,0.0,100.0,1,nnnn,11.0,,UNIQUE,0.0,100.0,False
택배_조직도.csv,조직코드,ORGNIZATION.csv,상위조직코드,0.8,1,nnnn,11.0,,UNIQUE,0.0,100.0,0,nnn,6.0,,,0.76,16.44,False
택배_조직도.csv,조직코드,ORGNIZATION.csv,조직구분코드,0.8,1,nnnn,11.0,,UNIQUE,0.0,100.0,0,AAAAAAA,10.0,,,0.0,0.39,False
택배_조직도.csv,조직코드,ORGNIZATION.csv,수입조직코드,0.8,1,nnnn,11.0,,UNIQUE,0.0,100.0,0,AAAAA,1.0,,,21.79,2.8,False
택배_조직도.csv,조직코드,관리회계_조직.csv,부서조직코드,0.8,1,nnnn,11.0,,UNIQUE,0.0,100.0,1,AAAAAA,7.0,,UNIQUE,0.0,100.0,False
택배_조직도.csv,조직코드,관리회계_조직.csv,조직유형코드,0.8,1,nnnn,11.0,,UNIQUE,0.0,100.0,0,AAAAAA,2.0,,,86.9,52.73,False
택배_조직도.csv,조직코드,관리회계_조직_test.csv,조직유형코드,0.8,1,nnnn,11.0,,UNIQUE,0.0,100.0,0,AAAAAA,1.0,,,91.67,100.0,False
택배_조직도.csv,조직코드,배송점.csv,상위조직코드,0.8,1,nnnn,11.0,,UNIQUE,0.0,100.0,0,nnn,2.0,,,0.04,17.99,False
택배_조직도.csv,조직코드,배송점.csv,조직구분코드,0.8,1,nnnn,11.0,,UNIQUE,0.0,100.0,0,AAAAAAA,2.0,,,0.0,0.08,False
택배_조직도.csv,조직코드,사원기본.csv,소속조직코드,0.8,1,nnnn,11.0,,UNIQUE,0.0,100.0,0,nnnn,7.0,,,0.0,17.28,False
택배_조직도.csv,조직코드,사원기본.csv,직종코드,0.75,1,nnnn,11.0,,UNIQUE,0.0,100.0,0,nn,2.0,,,0.0,0.28,False
택배_조직도.csv,조직코드,사원마스터.csv,조직코드,1.0,1,nnnn,11.0,,UNIQUE,0.0,100.0,0,nnnn,7.0,,,0.0,17.28,False
택배_조직도.csv,조직코드,사원마스터.csv,직종코드,0.75,1,nnnn,11.0,,UNIQUE,0.0,100.0,0,nn,2.0,,,0.0,0.28,False
택배_조직도.csv,조직코드,선석.csv,조직코드,1.0,1,nnnn,11.0,,UNIQUE,0.0,100.0,0,nnnnnn,1.0,,YEARMONTH,38.24,2.32,False
택배_조직도.csv,조직코드,원가인명정보.csv,급여조직코드,0.8,1,nnnn,11.0,,UNIQUE,0.0,100.0,0,AAAAAA,5.0,,,0.0,3.45,False
택배_조직도.csv,조직코드,조직터미널마스터.csv,터미널조직코드,0.7273,1,nnnn,11.0,,UNIQUE,0.0,100.0,1,nnn,1.0,,UNIQUE,0.0,100.0,False
택배_조직도.csv,조직코드,택배_조직도.csv,조직코드,1.0,1,nnnn,11.0,,UNIQUE,0.0,100.0,1,nnnn,11.0,,UNIQUE,0.0,100.0,True
택배_조직도.csv,조직코드,택배_조직도.csv,상위조직코드,0.8,1,nnnn,11.0,,UNIQUE,0.0,100.0,0,nnn,6.0,,,0.76,16.44,False
택배_조직도.csv,조직코드,택배_조직도.csv,조직구분코드,0.8,1,nnnn,11.0,,UNIQUE,0.0,100.0,0,AAAAAAA,10.0,,,0.0,0.39,False
택배_조직도.csv,조직코드,택배_조직도.csv,수입조직코드,0.8,1,nnnn,11.0,,UNIQUE,0.0,100.0,0,AAAAA,1.0,,,21.79,2.8,False
택배_조직도.csv,조직코드,택배_조직도.csv,조직중구분코드,0.7273,1,nnnn,11.0,,UNIQUE,0.0,100.0,0,A,3.0,,,48.2,2.32,False
택배_조직도.csv,상위조직코드,ORGNIZATION.csv,조직코드,0.8,0,nnn,6.0,,,0.76,16.44,1,nnnn,11.0,,UNIQUE,0.0,100.0,False
택배_조직도.csv,상위조직코드,ORGNIZATION.csv,상위조직코드,1.0,0,nnn,6.0,,,0.76,16.44,0,nnn,6.0,,,0.76,16.44,False
택배_조직도.csv,상위조직코드,관리회계_조직.csv,상위부서조직코드,0.8571,0,nnn,6.0,,,0.76,16.44,0,AAAAA,4.0,,,0.24,22.67,False
택배_조직도.csv,상위조직코드,관리회계_조직_test.csv,상위귀속부서조직코드,0.75,0,nnn,6.0,,,0.76,16.44,0,AAAAA,7.0,,,8.33,90.91,False
택배_조직도.csv,상위조직코드,배송점.csv,상위조직코드,1.0,0,nnn,6.0,,,0.76,16.44,0,nnn,2.0,,,0.04,17.99,False
택배_조직도.csv,상위조직코드,사원마스터.csv,조직코드,0.8,0,nnn,6.0,,,0.76,16.44,0,nnnn,7.0,,,0.0,17.28,False
택배_조직도.csv,상위조직코드,선석.csv,조직코드,0.8,0,nnn,6.0,,,0.76,16.44,0,nnnnnn,1.0,,YEARMONTH,38.24,2.32,False
택배_조직도.csv,상위조직코드,택배_조직도.csv,조직코드,0.8,0,nnn,6.0,,,0.76,16.44,1,nnnn,11.0,,UNIQUE,0.0,100.0,False
택배_조직도.csv,상위조직코드,택배_조직도.csv,상위조직코드,1.0,0,nnn,6.0,,,0.76,16.44,0,nnn,6.0,,,0.76,16.44,True
택배_조직도.csv,조직명,ORGNIZATION.csv,조직명,1.0,0,KK(K),270.0,,Text,0.0,94.97,0,KK(K),270.0,,Text,0.0,94.97,False
택배_조직도.csv,조직명,ORGNIZATION.csv,영문조직명,0.75,0,KK(K),270.0,,Text,0.0,94.97,0,AAAAAA AAAAA,481.0,,,17.57,80.52,False
택배_조직도.csv,조직명,관리회계_조직.csv,부서조직명,0.75,0,KK(K),270.0,,Text,0.0,94.97,0,KKKKKK,86.0,,Text,0.0,98.33,False
택배_조직도.csv,조직명,배송점.csv,영문조직명,0.75,0,KK(K),270.0,,Text,0.0,94.97,0,AAAAAA AAAAA,330.0,,,19.45,85.48,False
택배_조직도.csv,조직명,택배_조직도.csv,조직명,1.0,0,KK(K),270.0,,Text,0.0,94.97,0,KK(K),270.0,,Text,0.0,94.97,True
택배_조직도.csv,조직명,택배_조직도.csv,영문조직명,0.75,0,KK(K),270.0,,Text,0.0,94.97,0,AAAAAA AAAAA,481.0,,,17.57,80.52,False
택배_조직도.csv,조직명,조직.csv,조직,0.8,0,KK(K),270.0,,Text,0.0,94.97,1,KKKK,13.0,,UNIQUE,0.0,100.0,False
택배_조직도.csv,조직구분코드,ORGNIZATION.csv,조직코드,0.8,0,AAAAAAA,10.0,,,0.0,0.39,1,nnnn,11.0,,UNIQUE,0.0,100.0,False
택배_조직도.csv,조직구분코드,ORGNIZATION.csv,조직구분코드,1.0,0,AAAAAAA,10.0,,,0.0,0.39,0,AAAAAAA,10.0,,,0.0,0.39,False
택배_조직도.csv,조직구분코드,ORGNIZATION.csv,조직권역구분코드,0.8571,0,AAAAAAA,10.0,,,0.0,0.39,0,AA,1.0,,,0.36,0.21,False
택배_조직도.csv,조직구분코드,배송점.csv,조직구분코드,1.0,0,AAAAAAA,10.0,,,0.0,0.39,0,AAAAAAA,2.0,,,0.0,0.08,False
택배_조직도.csv,조직구분코드,배송점.csv,조직권역구분코드,0.8571,0,AAAAAAA,10.0,,,0.0,0.39,0,AA,1.0,,,0.0,0.28,False
택배_조직도.csv,조직구분코드,사원마스터.csv,조직코드,0.8,0,AAAAAAA,10.0,,,0.0,0.39,0,nnnn,7.0,,,0.0,17.28,False
택배_조직도.csv,조직구분코드,선석.csv,조직코드,0.8,0,AAAAAAA,10.0,,,0.0,0.39,0,nnnnnn,1.0,,YEARMONTH,38.24,2.32,False
택배_조직도.csv,조직구분코드,택배_조직도.csv,조직코드,0.8,0,AAAAAAA,10.0,,,0.0,0.39,1,nnnn,11.0,,UNIQUE,0.0,100.0,False
택배_조직도.csv,조직구분코드,택배_조직도.csv,조직구분코드,1.0,0,AAAAAAA,10.0,,,0.0,0.39,0,AAAAAAA,10.0,,,0.0,0.39,True
택배_조직도.csv,조직구분코드,택배_조직도.csv,조직권역구분코드,0.8571,0,AAAAAAA,10.0,,,0.0,0.39,0,AA,1.0,,,0.36,0.21,False
택배_조직도.csv,조직구분코드,택배_조직도.csv,조직권역구분상세코드,0.75,0,AAAAAAA,10.0,,,0.0,0.39,0,AA,1.0,,,99.95,100.0,False
택배_조직도.csv,조직구분코드,택배_조직도.csv,조직중구분코드,0.9231,0,AAAAAAA,10.0,,,0.0,0.39,0,A,3.0,,,48.2,2.32,False
택배_조직도.csv,조직관리유형코드,ORGNIZATION.csv,조직관리유형코드,1.0,0,AAAsAAAAAA,2.0,,,0.03,0.05,0,AAAsAAAAAA,2.0,,,0.03,0.05,False
택배_조직도.csv,조직관리유형코드,관리회계_조직.csv,조직유형코드,0.8571,0,AAAsAAAAAA,2.0,,,0.03,0.05,0,AAAAAA,2.0,,,86.9,52.73,False
택배_조직도.csv,조직관리유형코드,관리회계_조직_test.csv,조직유형코드,0.8571,0,AAAsAAAAAA,2.0,,,0.03,0.05,0,AAAAAA,1.0,,,91.67,100.0,False
택배_조직도.csv,조직관리유형코드,배송점.csv,조직관리유형코드,1.0,0,AAAsAAAAAA,2.0,,,0.03,0.05,0,AAAsAAAAAA,2.0,,,0.0,0.08,False
택배_조직도.csv,조직관리유형코드,택배_조직도.csv,조직관리유형코드,1.0,0,AAAsAAAAAA,2.0,,,0.03,0.05,0,AAAsAAAAAA,2.0,,,0.03,0.05,True
택배_조직도.csv,조직권역구분코드,ORGNIZATION.csv,조직구분코드,0.8571,0,AA,1.0,,,0.36,0.21,0,AAAAAAA,10.0,,,0.0,0.39,False
택배_조직도.csv,조직권역구분코드,ORGNIZATION.csv,조직권역구분코드,1.0,0,AA,1.0,,,0.36,0.21,0,AA,1.0,,,0.36,0.21,False
택배_조직도.csv,조직권역구분코드,배송점.csv,조직구분코드,0.8571,0,AA,1.0,,,0.36,0.21,0,AAAAAAA,2.0,,,0.0,0.08,False
택배_조직도.csv,조직권역구분코드,배송점.csv,조직권역구분코드,1.0,0,AA,1.0,,,0.36,0.21,0,AA,1.0,,,0.0,0.28,False
택배_조직도.csv,조직권역구분코드,택배_조직도.csv,조직구분코드,0.8571,0,AA,1.0,,,0.36,0.21,0,AAAAAAA,10.0,,,0.0,0.39,False
택배_조직도.csv,조직권역구분코드,택배_조직도.csv,조직권역구분코드,1.0,0,AA,1.0,,,0.36,0.21,0,AA,1.0,,,0.36,0.21,True
택배_조직도.csv,조직권역구분코드,택배_조직도.csv,조직권역구분상세코드,0.8889,0,AA,1.0,,,0.36,0.21,0,AA,1.0,,,99.95,100.0,False
택배_조직도.csv,조직권역구분코드,택배_조직도.csv,조직중구분코드,0.8,0,AA,1.0,,,0.36,0.21,0,A,3.0,,,48.2,2.32,False
택배_조직도.csv,조직권역구분상세코드,ORGNIZATION.csv,조직구분코드,0.75,0,AA,1.0,,,99.95,100.0,0,AAAAAAA,10.0,,,0.0,0.39,False
택배_조직도.csv,조직권역구분상세코드,ORGNIZATION.csv,조직권역구분코드,0.8889,0,AA,1.0,,,99.95,100.0,0,AA,1.0,,,0.36,0.21,False
택배_조직도.csv,조직권역구분상세코드,배송점.csv,조직구분코드,0.75,0,AA,1.0,,,99.95,100.0,0,AAAAAAA,2.0,,,0.0,0.08,False
택배_조직도.csv,조직권역구분상세코드,배송점.csv,조직권역구분코드,0.8889,0,AA,1.0,,,99.95,100.0,0,AA,1.0,,,0.0,0.28,False
택배_조직도.csv,조직권역구분상세코드,택배_조직도.csv,조직구분코드,0.75,0,AA,1.0,,,99.95,100.0,0,AAAAAAA,10.0,,,0.0,0.39,False
택배_조직도.csv,조직권역구분상세코드,택배_조직도.csv,조직권역구분코드,0.8889,0,AA,1.0,,,99.95,100.0,0,AA,1.0,,,0.36,0.21,False
택배_조직도.csv,조직권역구분상세코드,택배_조직도.csv,조직권역구분상세코드,1.0,0,AA,1.0,,,99.95,100.0,0,AA,1.0,,,99.95,100.0,True
택배_조직도.csv,조직권역구분상세코드,택배_조직도.csv,조직중구분코드,0.7059,0,AA,1.0,,,99.95,100.0,0,A,3.0,,,48.2,2.32,False
택배_조직도.csv,영문조직명,ORGNIZATION.csv,조직명,0.75,0,AAAAAA AAAAA,481.0,,,17.57,80.52,0,KK(K),270.0,,Text,0.0,94.97,False
택배_조직도.csv,영문조직명,ORGNIZATION.csv,영문조직명,1.0,0,AAAAAA AAAAA,481.0,,,17.57,80.52,0,AAAAAA AAAAA,481.0,,,17.57,80.52,False
택배_조직도.csv,영문조직명,배송점.csv,영문조직명,1.0,0,AAAAAA AAAAA,481.0,,,17.57,80.52,0,AAAAAA AAAAA,330.0,,,19.45,85.48,False
택배_조직도.csv,영문조직명,택배_조직도.csv,조직명,0.75,0,AAAAAA AAAAA,481.0,,,17.57,80.52,0,KK(K),270.0,,Text,0.0,94.97,False
택배_조직도.csv,영문조직명,택배_조직도.csv,영문조직명,1.0,0,AAAAAA AAAAA,481.0,,,17.57,80.52,0,AAAAAA AAAAA,481.0,,,17.57,80.52,True
택배_조직도.csv,팩스번호,ORGNIZATION.csv,팩스번호,1.0,0,nnnnnnnnnn,23.0,,,64.96,50.6,0,nnnnnnnnnn,23.0,,,64.96,50.6,False
택배_조직도.csv,팩스번호,배송점.csv,팩스번호,1.0,0,nnnnnnnnnn,23.0,,,64.96,50.6,0,nnnnnnnnnn,19.0,,,68.3,64.59,False
택배_조직도.csv,팩스번호,택배_조직도.csv,팩스번호,1.0,0,nnnnnnnnnn,23.0,,,64.96,50.6,0,nnnnnnnnnn,23.0,,,64.96,50.6,True
택배_조직도.csv,우편번호,CUSTOMER.csv,우편번호,1.0,0,nnnnnn,2.0,우편번호3,,9.25,44.44,0,nnnnnn,3.0,우편번호3,,28.48,44.99,False
택배_조직도.csv,우편번호,CUSTOMER.csv,청구지우편번호,0.7273,0,nnnnnn,2.0,우편번호3,,9.25,44.44,0,nnnnnn,2.0,우편번호3,,23.33,47.14,False
택배_조직도.csv,우편번호,CUSTOMER.csv,집하지우편번호,0.7273,0,nnnnnn,2.0,우편번호3,,9.25,44.44,0,nnnnnn,3.0,우편번호3,,1.58,64.41,False
택배_조직도.csv,우편번호,OneClick고객.csv,사업우편번호,0.8,0,nnnnnn,2.0,우편번호3,,9.25,44.44,0,nnnnn,2.0,우편번호3,,78.43,86.28,False
택배_조직도.csv,우편번호,ORGNIZATION.csv,우편번호,1.0,0,nnnnnn,2.0,우편번호3,,9.25,44.44,0,nnnnnn,2.0,우편번호3,,9.25,44.44,False
택배_조직도.csv,우편번호,개인고객.csv,우편번호,1.0,0,nnnnnn,2.0,우편번호3,,9.25,44.44,0,nnnnnn,3.0,,,99.87,100.0,False
택배_조직도.csv,우편번호,개인고객.csv,집하지우편번호,0.7273,0,nnnnnn,2.0,우편번호3,,9.25,44.44,0,nnnnn,3.0,우편번호3,,0.22,89.94,False
택배_조직도.csv,우편번호,고객마스터.csv,우편번호,1.0,0,nnnnnn,2.0,우편번호3,,9.25,44.44,0,nnnnn,2.0,우편번호3,,90.06,92.56,False
택배_조직도.csv,우편번호,기업고객.csv,기업우편번호,0.8,0,nnnnnn,2.0,우편번호3,,9.25,44.44,0,nnnnnn,4.0,,,3.29,44.97,False
택배_조직도.csv,우편번호,기업고객.csv,청구지우편번호,0.7273,0,nnnnnn,2.0,우편번호3,,9.25,44.44,0,nnnnnn,3.0,,,0.57,45.82,False
택배_조직도.csv,우편번호,기업고객.csv,집하지우편번호,0.7273,0,nnnnnn,2.0,우편번호3,,9.25,44.44,0,nnnnnn,3.0,우편번호3,,1.81,58.49,False
택배_조직도.csv,우편번호,배송점.csv,우편번호,1.0,0,nnnnnn,2.0,우편번호3,,9.25,44.44,0,nnnnnn,2.0,우편번호3,,6.88,56.92,False
택배_조직도.csv,우편번호,서브터미널.csv,우편번호,1.0,0,nnnnnn,2.0,우편번호3,,9.25,44.44,0,nnnnn,1.0,,,99.99,100.0,False
택배_조직도.csv,우편번호,영업소.csv,우편번호,1.0,0,nnnnnn,2.0,우편번호3,,9.25,44.44,0,nnnnnn,1.0,우편번호구3,,0.0,50.68,False
택배_조직도.csv,우편번호,택배_고객.csv,집하지우편번호,0.7273,0,nnnnnn,2.0,우편번호3,,9.25,44.44,0,nnnnnn,2.0,우편번호구3,,2.61,40.58,False
택배_조직도.csv,우편번호,택배_조직도.csv,우편번호,1.0,0,nnnnnn,2.0,우편번호3,,9.25,44.44,0,nnnnnn,2.0,우편번호3,,9.25,44.44,True
택배_조직도.csv,우편번호,우편번호3.csv,우편번호3,0.8889,0,nnnnnn,2.0,우편번호3,,9.25,44.44,1,nnnnn,1.0,,UNIQUE,0.0,100.0,False
택배_조직도.csv,우편번호,우편번호구3.csv,우편번호구3,0.8,0,nnnnnn,2.0,우편번호3,,9.25,44.44,1,nnnnnn,2.0,,UNIQUE,0.0,100.0,False
택배_조직도.csv,기본주소,OneClick고객.csv,사업기본주소,0.8,0,KK KK KK,326.0,,ADDRESS,48.38,53.69,0,KK KKK KKK nnn,2035.0,,ADDRESS,1.76,96.52,False
택배_조직도.csv,기본주소,ORGNIZATION.csv,기본주소,1.0,0,KK KK KK,326.0,,ADDRESS,48.38,53.69,0,KK KK KK,326.0,,ADDRESS,48.38,53.69,False
택배_조직도.csv,기본주소,배송점.csv,기본주소,1.0,0,KK KK KK,326.0,,ADDRESS,48.38,53.69,0,KK KK KK,242.0,,ADDRESS,50.08,60.73,False
택배_조직도.csv,기본주소,서브터미널.csv,기본주소,1.0,0,KK KK KK,326.0,,ADDRESS,48.38,53.69,0,KKK KKK KKKKnnnKK,1.0,,,99.99,100.0,False
택배_조직도.csv,기본주소,택배_조직도.csv,기본주소,1.0,0,KK KK KK,326.0,,ADDRESS,48.38,53.69,0,KK KK KK,326.0,,ADDRESS,48.38,53.69,True
택배_조직도.csv,상세주소,OneClick고객.csv,사업상세주소,0.8,0,nnn-n,541.0,,,30.03,58.76,0,nnnK,2750.0,,,12.28,84.04,False
택배_조직도.csv,상세주소,ORGNIZATION.csv,상세주소,1.0,0,nnn-n,541.0,,,30.03,58.76,0,nnn-n,539.0,,,30.03,58.72,False
택배_조직도.csv,상세주소,고객마스터.csv,상세주소,1.0,0,nnn-n,541.0,,,30.03,58.76,0,nK,452.0,,,90.95,88.29,False
택배_조직도.csv,상세주소,배송점.csv,상세주소,1.0,0,nnn-n,541.0,,,30.03,58.76,0,nnn-n,424.0,,,25.38,64.67,False
택배_조직도.csv,상세주소,택배_조직도.csv,상세주소,1.0,0,nnn-n,541.0,,,30.03,58.76,0,nnn-n,541.0,,,30.03,58.76,True
택배_조직도.csv,수입조직코드,CUSTOMER.csv,수입조직,0.8,0,AAAAA,1.0,,,21.79,2.8,0,nnnn,1.0,,,0.78,0.99,False
택배_조직도.csv,수입조직코드,ORGNIZATION.csv,조직코드,0.8,0,AAAAA,1.0,,,21.79,2.8,1,nnnn,11.0,,UNIQUE,0.0,100.0,False
택배_조직도.csv,수입조직코드,ORGNIZATION.csv,수입조직코드,1.0,0,AAAAA,1.0,,,21.79,2.8,0,AAAAA,1.0,,,21.79,2.8,False
택배_조직도.csv,수입조직코드,ORGNIZATION.csv,수입신규조직코드,0.8571,0,AAAAA,1.0,,,21.79,2.8,0,nnnn,1.0,,,21.79,2.8,False
택배_조직도.csv,수입조직코드,개인고객.csv,수입조직,0.8,0,AAAAA,1.0,,,21.79,2.8,0,nnnn,1.0,,,0.26,1.9,False
택배_조직도.csv,수입조직코드,기업고객.csv,수입조직,0.8,0,AAAAA,1.0,,,21.79,2.8,0,nnnn,1.0,,,0.72,1.31,False
택배_조직도.csv,수입조직코드,사원마스터.csv,조직코드,0.8,0,AAAAA,1.0,,,21.79,2.8,0,nnnn,7.0,,,0.0,17.28,False
택배_조직도.csv,수입조직코드,선석.csv,조직코드,0.8,0,AAAAA,1.0,,,21.79,2.8,0,nnnnnn,1.0,,YEARMONTH,38.24,2.32,False
택배_조직도.csv,수입조직코드,택배_고객.csv,수입조직,0.8,0,AAAAA,1.0,,,21.79,2.8,0,nnnn,1.0,,,0.92,0.99,False
택배_조직도.csv,수입조직코드,택배_조직도.csv,조직코드,0.8,0,AAAAA,1.0,,,21.79,2.8,1,nnnn,11.0,,UNIQUE,0.0,100.0,False
택배_조직도.csv,수입조직코드,택배_조직도.csv,수입조직코드,1.0,0,AAAAA,1.0,,,21.79,2.8,0,AAAAA,1.0,,,21.79,2.8,True
택배_조직도.csv,수입조직코드,택배_조직도.csv,수입신규조직코드,0.8571,0,AAAAA,1.0,,,21.79,2.8,0,nnnn,1.0,,,21.79,2.8,False
택배_조직도.csv,수입신규조직코드,ORGNIZATION.csv,수입조직코드,0.8571,0,nnnn,1.0,,,21.79,2.8,0,AAAAA,1.0,,,21.79,2.8,False
택배_조직도.csv,수입신규조직코드,ORGNIZATION.csv,수입신규조직코드,1.0,0,nnnn,1.0,,,21.79,2.8,0,nnnn,1.0,,,21.79,2.8,False
택배_조직도.csv,수입신규조직코드,택배_조직도.csv,수입조직코드,0.8571,0,nnnn,1.0,,,21.79,2.8,0,AAAAA,1.0,,,21.79,2.8,False
택배_조직도.csv,수입신규조직코드,택배_조직도.csv,수입신규조직코드,1.0,0,nnnn,1.0,,,21.79,2.8,0,nnnn,1.0,,,21.79,2.8,True
택배_조직도.csv,좌표구분코드,ORGNIZATION.csv,좌표구분코드,1.0,0,AAAAAA,2.0,,,68.46,0.17,0,AAAAAA,2.0,,,68.46,0.17,False
택배_조직도.csv,좌표구분코드,택배_조직도.csv,좌표구분코드,1.0,0,AAAAAA,2.0,,,68.46,0.17,0,AAAAAA,2.0,,,68.46,0.17,True
택배_조직도.csv,X좌표,ORGNIZATION.csv,X좌표,1.0,0,nnnnnn,5.0,,,68.46,62.64,0,nnnnnn,5.0,,,68.46,62.64,False
택배_조직도.csv,X좌표,서브터미널.csv,X좌표,1.0,0,nnnnnn,5.0,,,68.46,62.64,0,nnn.nnnnn,1.0,,,99.99,100.0,False
택배_조직도.csv,X좌표,택배_조직도.csv,X좌표,1.0,0,nnnnnn,5.0,,,68.46,62.64,0,nnnnnn,5.0,,,68.46,62.64,True
택배_조직도.csv,Y좌표,ORGNIZATION.csv,Y좌표,1.0,0,nnnnnn,7.0,,,68.46,62.31,0,nnnnnn,7.0,,,68.46,62.31,False
택배_조직도.csv,Y좌표,서브터미널.csv,Y좌표,1.0,0,nnnnnn,7.0,,,68.46,62.31,0,nn.nnnnn,1.0,,,99.99,100.0,False
택배_조직도.csv,Y좌표,택배_조직도.csv,Y좌표,1.0,0,nnnnnn,7.0,,,68.46,62.31,0,nnnnnn,7.0,,,68.46,62.31,True
택배_조직도.csv,사업자등록번호,CUSTOMER.csv,주민_사업자등록번호,0.8235,0,nnnnnnnnnn,1.0,유효사업자번호3,,49.82,75.01,0,nnnnnnnnnn,3.0,유효사업자번호3,,2.84,92.58,False
택배_조직도.csv,사업자등록번호,OneClick고객.csv,사업자등록번호,1.0,0,nnnnnnnnnn,1.0,유효사업자번호3,,49.82,75.01,0,nnn-nn-nnnnn,2.0,,,0.0,90.72,False
택배_조직도.csv,사업자등록번호,ORGNIZATION.csv,사업자등록번호,1.0,0,nnnnnnnnnn,1.0,유효사업자번호3,,49.82,75.01,0,nnnnnnnnnn,1.0,유효사업자번호3,,49.82,75.01,False
택배_조직도.csv,사업자등록번호,PRM계약.csv,사업자번호,0.8333,0,nnnnnnnnnn,1.0,유효사업자번호3,,49.82,75.01,0,nnnnnnnnnn,1.0,유효사업자번호3,,0.0,35.16,False
택배_조직도.csv,사업자등록번호,간선사업자.csv,사업자번호,0.8333,0,nnnnnnnnnn,1.0,유효사업자번호3,,49.82,75.01,1,nnn-nn-nnnnn,2.0,,UNIQUE,0.0,100.0,False
택배_조직도.csv,사업자등록번호,개인고객.csv,사업자등록번호,1.0,0,nnnnnnnnnn,1.0,유효사업자번호3,,49.82,75.01,1,nnnnnnnnnn,2.0,유효사업자번호3,UNIQUE,11.49,100.0,False
택배_조직도.csv,사업자등록번호,계약마스터.csv,사업자번호,0.8333,0,nnnnnnnnnn,1.0,유효사업자번호3,,49.82,75.01,0,nnnnnnnnnn,1.0,유효사업자번호3,,0.0,78.54,False
택배_조직도.csv,사업자등록번호,고객마스터.csv,사업자등록번호,1.0,0,nnnnnnnnnn,1.0,유효사업자번호3,,49.82,75.01,0,nnn-nn-nnnnn,3.0,,,0.0,92.76,False
택배_조직도.csv,사업자등록번호,관리회계_고객.csv,사업자등록번호,1.0,0,nnnnnnnnnn,1.0,유효사업자번호3,,49.82,75.01,1,nnnnnnnnnn,10.0,유효사업자번호3,UNIQUE,0.0,100.0,False
택배_조직도.csv,사업자등록번호,기업고객.csv,기업사업자등록번호,0.875,0,nnnnnnnnnn,1.0,유효사업자번호3,,49.82,75.01,0,nnnnnnnnnn,3.0,유효사업자번호3,,0.01,90.95,False
택배_조직도.csv,사업자등록번호,배송점.csv,사업자등록번호,1.0,0,nnnnnnnnnn,1.0,유효사업자번호3,,49.82,75.01,0,nnnnnnnnnn,1.0,유효사업자번호3,,33.32,80.85,False
택배_조직도.csv,사업자등록번호,사업자등록번호정보.csv,사업자등록번호,1.0,0,nnnnnnnnnn,1.0,유효사업자번호3,,49.82,75.01,1,nnnnnnnnnn,11.0,유효사업자번호3,UNIQUE,0.0,100.0,False
택배_조직도.csv,사업자등록번호,서브터미널.csv,사업자등록번호,1.0,0,nnnnnnnnnn,1.0,유효사업자번호3,,49.82,75.01,0,nnnnnnnnnn,1.0,,,99.99,100.0,False
택배_조직도.csv,사업자등록번호,수입관리점소.csv,사업자번호,0.8333,0,nnnnnnnnnn,1.0,유효사업자번호3,,49.82,75.01,0,nnnnnnnnnn,1.0,유효사업자번호3,,0.0,12.57,False
택배_조직도.csv,사업자등록번호,영업소.csv,사업자등록번호,1.0,0,nnnnnnnnnn,1.0,유효사업자번호3,,49.82,75.01,0,nnnnnnnnnn,1.0,유효사업자번호3,,0.0,52.05,False
택배_조직도.csv,사업자등록번호,택배_고객.csv,주민_사업자등록번호,0.8235,0,nnnnnnnnnn,1.0,유효사업자번호3,,49.82,75.01,0,nnnnnnnnnn,2.0,유효사업자번호3,,0.58,89.94,False
택배_조직도.csv,사업자등록번호,택배_고객.csv,사업자등록우편번호,0.875,0,nnnnnnnnnn,1.0,유효사업자번호3,,49.82,75.01,0,nnnnnn,2.0,우편번호구3,,2.04,32.74,False
택배_조직도.csv,사업자등록번호,택배_조직도.csv,사업자등록번호,1.0,0,nnnnnnnnnn,1.0,유효사업자번호3,,49.82,75.01,0,nnnnnnnnnn,1.0,유효사업자번호3,,49.82,75.01,True
택배_조직도.csv,사업자등록번호,사업자등록번호5.csv,사업자등록번호5,0.9333,0,nnnnnnnnnn,1.0,유효사업자번호3,,49.82,75.01,1,nnnnnnnnnn,1.0,,UNIQUE,0.0,100.0,False
택배_조직도.csv,사업자등록번호,사업자등록번호7.csv,사업자등록번호7,0.9333,0,nnnnnnnnnn,1.0,유효사업자번호3,,49.82,75.01,1,nnn-nn-nnnnn,1.0,,UNIQUE,0.0,100.0,False
택배_조직도.csv,정렬순서,계정코드관리.csv,정렬순서,1.0,0,n,2.0,,,97.84,15.66,1,nnnn,3.0,,UNIQUE,0.0,100.0,False
택배_조직도.csv,정렬순서,관리회계_계정그룹.csv,정렬순서,1.0,0,n,2.0,,,97.84,15.66,0,nn,1.0,,,0.0,100.0,False
택배_조직도.csv,정렬순서,관리회계_계정그룹상세.csv,정렬순서,1.0,0,n,2.0,,,97.84,15.66,1,nnn,2.0,,UNIQUE,1.08,100.0,False
택배_조직도.csv,정렬순서,관리회계_공통코드.csv,정렬순서,1.0,0,n,2.0,,,97.84,15.66,0,nn,3.0,,,5.26,25.0,False
택배_조직도.csv,정렬순서,관리회계_사업.csv,정렬순서,1.0,0,n,2.0,,,97.84,15.66,1,nnnn,3.0,,UNIQUE,0.0,100.0,False
택배_조직도.csv,정렬순서,관리회계_조직.csv,정렬순서,1.0,0,n,2.0,,,97.84,15.66,1,nnnn,3.0,,UNIQUE,0.0,100.0,False
택배_조직도.csv,정렬순서,관리회계_조직_test.csv,정렬순서,1.0,0,n,2.0,,,97.84,15.66,0,nnnn,2.0,,,33.33,37.5,False
택배_조직도.csv,정렬순서,관리회계_조직그룹.csv,정렬순서,1.0,0,n,2.0,,,97.84,15.66,0,nn,2.0,,,0.0,100.0,False
택배_조직도.csv,정렬순서,관리회계_조직그룹상세.csv,정렬순서,1.0,0,n,2.0,,,97.84,15.66,1,nnnn,3.0,,UNIQUE,0.0,100.0,False
택배_조직도.csv,정렬순서,관리회계계정.csv,정렬순서,1.0,0,n,2.0,,,97.84,15.66,1,nnnn,3.0,,UNIQUE,0.0,100.0,False
택배_조직도.csv,정렬순서,사업코드관리.csv,정렬순서,1.0,0,n,2.0,,,97.84,15.66,1,nnnn,3.0,,UNIQUE,0.0,100.0,False
택배_조직도.csv,정렬순서,조직코드관리.csv,정렬순서,1.0,0,n,2.0,,,97.84,15.66,1,nnnn,3.0,,UNIQUE,0.0,100.0,False
택배_조직도.csv,정렬순서,택배_조직도.csv,정렬순서,1.0,0,n,2.0,,,97.84,15.66,0,n,2.0,,,97.84,15.66,True
택배_조직도.csv,ERP코드,택배_조직도.csv,ERP코드,1.0,0,AAAAA,2.0,,,98.75,97.92,0,AAAAA,2.0,,,98.75,97.92,True
택배_조직도.csv,예약접수마감시분,택배_조직도.csv,예약접수마감시분,1.0,0,nnnn,1.0,,,10.71,0.44,0,nnnn,1.0,,,10.71,0.44,True
택배_조직도.csv,조직중구분코드,ORGNIZATION.csv,조직코드,0.7273,0,A,3.0,,,48.2,2.32,1,nnnn,11.0,,UNIQUE,0.0,100.0,False
택배_조직도.csv,조직중구분코드,ORGNIZATION.csv,조직구분코드,0.9231,0,A,3.0,,,48.2,2.32,0,AAAAAAA,10.0,,,0.0,0.39,False
택배_조직도.csv,조직중구분코드,ORGNIZATION.csv,조직권역구분코드,0.8,0,A,3.0,,,48.2,2.32,0,AA,1.0,,,0.36,0.21,False
택배_조직도.csv,조직중구분코드,배송점.csv,조직구분코드,0.9231,0,A,3.0,,,48.2,2.32,0,AAAAAAA,2.0,,,0.0,0.08,False
택배_조직도.csv,조직중구분코드,배송점.csv,조직권역구분코드,0.8,0,A,3.0,,,48.2,2.32,0,AA,1.0,,,0.0,0.28,False
택배_조직도.csv,조직중구분코드,사원마스터.csv,조직코드,0.7273,0,A,3.0,,,48.2,2.32,0,nnnn,7.0,,,0.0,17.28,False
택배_조직도.csv,조직중구분코드,선석.csv,조직코드,0.7273,0,A,3.0,,,48.2,2.32,0,nnnnnn,1.0,,YEARMONTH,38.24,2.32,False
택배_조직도.csv,조직중구분코드,택배_조직도.csv,조직코드,0.7273,0,A,3.0,,,48.2,2.32,1,nnnn,11.0,,UNIQUE,0.0,100.0,False
택배_조직도.csv,조직중구분코드,택배_조직도.csv,조직구분코드,0.9231,0,A,3.0,,,48.2,2.32,0,AAAAAAA,10.0,,,0.0,0.39,False
택배_조직도.csv,조직중구분코드,택배_조직도.csv,조직권역구분코드,0.8,0,A,3.0,,,48.2,2.32,0,AA,1.0,,,0.36,0.21,False
택배_조직도.csv,조직중구분코드,택배_조직도.csv,조직권역구분상세코드,0.7059,0,A,3.0,,,48.2,2.32,0,AA,1.0,,,99.95,100.0,False
택배_조직도.csv,조직중구분코드,택배_조직도.csv,조직중구분코드,1.0,0,A,3.0,,,48.2,2.32,0,A,3.0,,,48.2,2.32,True
택배_조직도.csv,조직상태,택배_조직도.csv,조직상태,1.0,0,AAAA,2.0,,,0.0,0.05,0,AAAA,2.0,,,0.0,0.05,True
택배_조직도.csv,등록사원번호,사용자.csv,사원번호,0.8,0,nnnnnnn,1.0,,,97.13,7.27,1,nnnnnnn,15.0,,UNIQUE,0.0,100.0,False
택배_조직도.csv,등록사원번호,사원기본.csv,사원번호,0.8,0,nnnnnnn,1.0,,,97.13,7.27,1,nnnnnnn,2.0,,UNIQUE,0.0,100.0,False
택배_조직도.csv,등록사원번호,사원마스터.csv,사원번호,0.8,0,nnnnnnn,1.0,,,97.13,7.27,1,nnnnnnn,2.0,,UNIQUE,0.0,100.0,False
택배_조직도.csv,등록사원번호,수입관리_고객.csv,등록자사번,0.7273,0,nnnnnnn,1.0,,,97.13,7.27,0,nnnnnnn,6.0,,,0.07,8.6,False
택배_조직도.csv,등록사원번호,조직터미널마스터.csv,등록사원번호,1.0,0,nnnnnnn,1.0,,,97.13,7.27,0,nnnnnnn,1.0,,,95.15,14.81,False
택배_조직도.csv,등록사원번호,택배_조직도.csv,등록사원번호,1.0,0,nnnnnnn,1.0,,,97.13,7.27,0,nnnnnnn,1.0,,,97.13,7.27,True
택배_조직도.csv,최종업데이트사원번호,OneClick고객.csv,최종업데이트사원번호,1.0,0,nnnnnnn,1.0,,,8.24,8.84,0,nnnnnnn,1.0,,,0.64,2.95,False
택배_조직도.csv,최종업데이트사원번호,조직터미널마스터.csv,최종업데이트사원번호,1.0,0,nnnnnnn,1.0,,,8.24,8.84,0,nnnnnnn,1.0,,,0.18,7.19,False
택배_조직도.csv,최종업데이트사원번호,택배_조직도.csv,최종업데이트사원번호,1.0,0,nnnnnnn,1.0,,,8.24,8.84,0,nnnnnnn,1.0,,,8.24,8.84,True
택배_조직도.csv,등록사용자ID,고객유형.csv,등록사용자ID,1.0,0,AAA,3.0,,,0.0,0.26,0,nnnnnnn,1.0,,,0.0,20.0,False
택배_조직도.csv,등록사용자ID,고객유형.csv,변경사용자ID,0.7143,0,AAA,3.0,,,0.0,0.26,0,nnnnnnn,1.0,,,0.0,20.0,False
택배_조직도.csv,등록사용자ID,택배_조직도.csv,등록사용자ID,1.0,0,AAA,3.0,,,0.0,0.26,0,AAA,3.0,,,0.0,0.26,True
택배_조직도.csv,최종변경사용자ID,고객유형.csv,변경사용자ID,0.875,0,AAA,4.0,,,11.78,3.1,0,nnnnnnn,1.0,,,0.0,20.0,False
택배_조직도.csv,최종변경사용자ID,택배_조직도.csv,최종변경사용자ID,1.0,0,AAA,4.0,,,11.78,3.1,0,AAA,4.0,,,11.78,3.1,True
택배관리회계조직매핑.csv,택배영업_지점코드,택배관리회계조직매핑.csv,택배영업_지점코드,1.0,1,AAAAAAA,3.0,,UNIQUE,0.0,100.0,1,AAAAAAA,3.0,,UNIQUE,0.0,100.0,True
택배관리회계조직매핑.csv,관리회계_지점코드,관리회계_공통코드.csv,관리회계공통코드,0.7059,0,AAAAA,2.0,,,0.0,97.92,0,AAsnnnn,32.0,,,0.0,99.12,False
택배관리회계조직매핑.csv,관리회계_지점코드,관리회계계정.csv,관리회계계정코드,0.7059,0,AAAAA,2.0,,,0.0,97.92,1,nnnnnn,1.0,,UNIQUE,0.0,100.0,False
택배관리회계조직매핑.csv,관리회계_지점코드,택배관리회계조직매핑.csv,관리회계_지점코드,1.0,0,AAAAA,2.0,,,0.0,97.92,0,AAAAA,2.0,,,0.0,97.92,True
택배관리회계조직매핑.csv,최종변경일시,계약마스터.csv,최종변경일시,1.0,0,nn:nn,1.0,,,0.0,4.17,0,nn:nn,1.0,,SINGLE VALUE,0.0,0.01,False
택배관리회계조직매핑.csv,최종변경일시,계정과목코드.csv,최종변경일시,1.0,0,nn:nn,1.0,,,0.0,4.17,0,nn:nn.n,2.0,,,0.0,1.22,False
택배관리회계조직매핑.csv,최종변경일시,고객유형.csv,최종변경일시,1.0,0,nn:nn,1.0,,,0.0,4.17,0,nnnn-nn-nn nn:nn:nn.,1.0,,,0.0,100.0,False
택배관리회계조직매핑.csv,최종변경일시,관리회계_계정그룹.csv,최종변경일시,1.0,0,nn:nn,1.0,,,0.0,4.17,0,nnnn-nn-nn nn:nn:nn.,1.0,,,0.0,100.0,False
택배관리회계조직매핑.csv,최종변경일시,관리회계_고객.csv,최종변경일시,1.0,0,nn:nn,1.0,,,0.0,4.17,0,nn:nn.n,2.0,,,0.07,2.56,False
택배관리회계조직매핑.csv,최종변경일시,관리회계_조직.csv,최종변경일시,1.0,0,nn:nn,1.0,,,0.0,4.17,0,nn:nn.n,2.0,,,0.0,1.19,False
택배관리회계조직매핑.csv,최종변경일시,관리회계_조직_test.csv,최종변경일시,1.0,0,nn:nn,1.0,,,0.0,4.17,0,nn:nn.n,1.0,,,33.33,12.5,False
택배관리회계조직매핑.csv,최종변경일시,관리회계_조직그룹.csv,최종변경일시,1.0,0,nn:nn,1.0,,,0.0,4.17,0,nnnn-nn-nn nn:nn:nn.,1.0,,,0.0,100.0,False
택배관리회계조직매핑.csv,최종변경일시,택배관리회계조직매핑.csv,최종변경일시,1.0,0,nn:nn,1.0,,,0.0,4.17,0,nn:nn,1.0,,,0.0,4.17,True
Aircraft_Manufacturer.csv,Aircraft_Manufacturer,Aircraft_Manufacturer.csv,Aircraft_Manufacturer,1.0,0,AAAAAAA,293.0,,,0.0,82.58,0,AAAAAAA,293.0,,,0.0,82.58,True
Aircraft_Manufacturer.csv,Aircraft_Manufacturer,Aircraft_Manufacturer_Name.csv,Aircraft_Manufacturer_Name,0.8936,0,AAAAAAA,293.0,,,0.0,82.58,0,Aaaaaaa Aaaaaaaa Aaa,1188.0,,,0.0,99.72,False
Aircraft_Manufacturer_Name.csv,Aircraft_Manufacturer_Name,Aircraft_Manufacturer.csv,Aircraft_Manufacturer,0.8936,0,Aaaaaaa Aaaaaaaa Aaa,1188.0,,,0.0,99.72,0,AAAAAAA,293.0,,,0.0,82.58,False
Aircraft_Manufacturer_Name.csv,Aircraft_Manufacturer_Name,Aircraft_Manufacturer_Name.csv,Aircraft_Manufacturer_Name,1.0,0,Aaaaaaa Aaaaaaaa Aaa,1188.0,,,0.0,99.72,0,Aaaaaaa Aaaaaaaa Aaa,1188.0,,,0.0,99.72,True
Aircraft_Model.csv,Aircraft_Model,Aircraft_Model.csv,Aircraft_Model,1.0,1,AA-nnn,1504.0,,UNIQUE,0.0,100.0,1,AA-nnn,1504.0,,UNIQUE,0.0,100.0,True
Aircraft_Model.csv,Aircraft_Model,Aircraft_Type.csv,Aircraft_Type,0.7407,1,AA-nnn,1504.0,,UNIQUE,0.0,100.0,1,AAAA,15.0,,UNIQUE,0.0,100.0,False
Aircraft_Type.csv,Aircraft_Type,Aircraft_Model.csv,Aircraft_Model,0.7407,1,AAAA,15.0,,UNIQUE,0.0,100.0,1,AA-nnn,1504.0,,UNIQUE,0.0,100.0,False
Aircraft_Type.csv,Aircraft_Type,Aircraft_Type.csv,Aircraft_Type,1.0,1,AAAA,15.0,,UNIQUE,0.0,100.0,1,AAAA,15.0,,UNIQUE,0.0,100.0,True
Airline_IATA.csv,Airline_IATA,Airline_IATA.csv,Airline_IATA,1.0,1,AA,3.0,,UNIQUE,0.0,100.0,1,AA,3.0,,UNIQUE,0.0,100.0,True
Airline_IATA.csv,Airline_IATA,Airline_ICAO.csv,Airline_ICAO,0.8333,1,AA,3.0,,UNIQUE,0.0,100.0,1,AAA,3.0,,UNIQUE,0.0,100.0,False
Airline_IATA.csv,Airline_IATA,Airline_Name.csv,Airline_Name,0.75,1,AA,3.0,,UNIQUE,0.0,100.0,0,KKK KK,202.0,,Text,0.0,100.0,False
Airline_ICAO.csv,Airline_ICAO,Airline_IATA.csv,Airline_IATA,0.8333,1,AAA,3.0,,UNIQUE,0.0,100.0,1,AA,3.0,,UNIQUE,0.0,100.0,False
Airline_ICAO.csv,Airline_ICAO,Airline_ICAO.csv,Airline_ICAO,1.0,1,AAA,3.0,,UNIQUE,0.0,100.0,1,AAA,3.0,,UNIQUE,0.0,100.0,True
Airline_ICAO.csv,Airline_ICAO,Airline_Name.csv,Airline_Name,0.75,1,AAA,3.0,,UNIQUE,0.0,100.0,0,KKK KK,202.0,,Text,0.0,100.0,False
Airline_Name.csv,Airline_Name,Airline_IATA.csv,Airline_IATA,0.75,0,KKK KK,202.0,,Text,0.0,100.0,1,AA,3.0,,UNIQUE,0.0,100.0,False
Airline_Name.csv,Airline_Name,Airline_ICAO.csv,Airline_ICAO,0.75,0,KKK KK,202.0,,Text,0.0,100.0,1,AAA,3.0,,UNIQUE,0.0,100.0,False
Airline_Name.csv,Airline_Name,Airline_Name.csv,Airline_Name,1.0,0,KKK KK,202.0,,Text,0.0,100.0,0,KKK KK,202.0,,Text,0.0,100.0,True
Airline_Name.csv,Airline_Name,Airline_Name_Eng.csv,Airline_Name_Eng,0.8571,0,KKK KK,202.0,,Text,0.0,100.0,1,Aaaaaa Aaaaaaaa,550.0,,UNIQUE,0.0,100.0,False
Airline_Name_Eng.csv,Airline_Name_Eng,Airline_Name.csv,Airline_Name,0.8571,1,Aaaaaa Aaaaaaaa,550.0,,UNIQUE,0.0,100.0,0,KKK KK,202.0,,Text,0.0,100.0,False
Airline_Name_Eng.csv,Airline_Name_Eng,Airline_Name_Eng.csv,Airline_Name_Eng,1.0,1,Aaaaaa Aaaaaaaa,550.0,,UNIQUE,0.0,100.0,1,Aaaaaa Aaaaaaaa,550.0,,UNIQUE,0.0,100.0,True
Airport_IATA.csv,Airport_IATA,Airport_IATA.csv,Airport_IATA,1.0,1,AAA,1.0,,UNIQUE,0.0,100.0,1,AAA,1.0,,UNIQUE,0.0,100.0,True
Airport_IATA.csv,Airport_IATA,Airport_ICAO.csv,Airport_ICAO,0.8333,1,AAA,1.0,,UNIQUE,0.0,100.0,1,AAAA,13.0,,UNIQUE,0.0,100.0,False
Airport_IATA.csv,Airport_IATA,Airport_Name.csv,Airport_Name,0.75,1,AAA,1.0,,UNIQUE,0.0,100.0,1,Aaaaaaa,1026.0,,UNIQUE,0.0,100.0,False
Airport_ICAO.csv,Airport_ICAO,Airport_IATA.csv,Airport_IATA,0.8333,1,AAAA,13.0,,UNIQUE,0.0,100.0,1,AAA,1.0,,UNIQUE,0.0,100.0,False
Airport_ICAO.csv,Airport_ICAO,Airport_ICAO.csv,Airport_ICAO,1.0,1,AAAA,13.0,,UNIQUE,0.0,100.0,1,AAAA,13.0,,UNIQUE,0.0,100.0,True
Airport_ICAO.csv,Airport_ICAO,Airport_Name.csv,Airport_Name,0.75,1,AAAA,13.0,,UNIQUE,0.0,100.0,1,Aaaaaaa,1026.0,,UNIQUE,0.0,100.0,False
Airport_Name.csv,Airport_Name,Airport_IATA.csv,Airport_IATA,0.75,1,Aaaaaaa,1026.0,,UNIQUE,0.0,100.0,1,AAA,1.0,,UNIQUE,0.0,100.0,False
Airport_Name.csv,Airport_Name,Airport_ICAO.csv,Airport_ICAO,0.75,1,Aaaaaaa,1026.0,,UNIQUE,0.0,100.0,1,AAAA,13.0,,UNIQUE,0.0,100.0,False
Airport_Name.csv,Airport_Name,Airport_Name.csv,Airport_Name,1.0,1,Aaaaaaa,1026.0,,UNIQUE,0.0,100.0,1,Aaaaaaa,1026.0,,UNIQUE,0.0,100.0,True
Airport_Name.csv,Airport_Name,Seaport_Name9.csv,Seaport_Name9,0.8,1,Aaaaaaa,1026.0,,UNIQUE,0.0,100.0,1,AAAAAAA,912.0,,UNIQUE,0.0,100.0,False
ATC명5.csv,ATC명5,ATC명5.csv,ATC명5,1.0,1,aaaaa,14.0,,UNIQUE,0.09,100.0,1,aaaaa,14.0,,UNIQUE,0.09,100.0,True
ATC코드.csv,ATC코드,ATC코드.csv,ATC코드,1.0,1,AnnAAnn,4.0,,UNIQUE,0.07,100.0,1,AnnAAnn,4.0,,UNIQUE,0.07,100.0,True
City_Eng.csv,City_Eng,City_Eng.csv,City_Eng,1.0,1,AAAAAA,179.0,,UNIQUE,0.02,100.0,1,AAAAAA,179.0,,UNIQUE,0.02,100.0,True
City_Eng.csv,City_Eng,Country_Eng.csv,Country_Eng,0.7368,1,AAAAAA,179.0,,UNIQUE,0.02,100.0,1,Aaaaaaa,69.0,,UNIQUE,0.0,100.0,False
Country.csv,Country,test.csv,Country,1.0,0,KKK,29.0,,Text,0.0,100.0,0,AAA,1.0,,,0.0,12.5,False
Country.csv,Country,Country.csv,Country,1.0,0,KKK,29.0,,Text,0.0,100.0,0,KKK,29.0,,Text,0.0,100.0,True
Country.csv,Country,Country_Eng.csv,Country_Eng,0.7778,0,KKK,29.0,,Text,0.0,100.0,1,Aaaaaaa,69.0,,UNIQUE,0.0,100.0,False
Country.csv,Country,Country_ISO2.csv,Country_ISO2,0.7368,0,KKK,29.0,,Text,0.0,100.0,1,AA,1.0,,UNIQUE,0.0,100.0,False
Country.csv,Country,Country_ISO3.csv,Country_ISO3,0.7368,0,KKK,29.0,,Text,0.0,100.0,1,AAA,1.0,,UNIQUE,0.0,100.0,False
Country_Eng.csv,Country_Eng,test.csv,Country,0.7778,1,Aaaaaaa,69.0,,UNIQUE,0.0,100.0,0,AAA,1.0,,,0.0,12.5,False
Country_Eng.csv,Country_Eng,City_Eng.csv,City_Eng,0.7368,1,Aaaaaaa,69.0,,UNIQUE,0.0,100.0,1,AAAAAA,179.0,,UNIQUE,0.02,100.0,False
Country_Eng.csv,Country_Eng,Country.csv,Country,0.7778,1,Aaaaaaa,69.0,,UNIQUE,0.0,100.0,0,KKK,29.0,,Text,0.0,100.0,False
Country_Eng.csv,Country_Eng,Country_Eng.csv,Country_Eng,1.0,1,Aaaaaaa,69.0,,UNIQUE,0.0,100.0,1,Aaaaaaa,69.0,,UNIQUE,0.0,100.0,True
Country_ISO2.csv,Country_ISO2,test.csv,Country,0.7368,1,AA,1.0,,UNIQUE,0.0,100.0,0,AAA,1.0,,,0.0,12.5,False
Country_ISO2.csv,Country_ISO2,Country.csv,Country,0.7368,1,AA,1.0,,UNIQUE,0.0,100.0,0,KKK,29.0,,Text,0.0,100.0,False
Country_ISO2.csv,Country_ISO2,Country_ISO2.csv,Country_ISO2,1.0,1,AA,1.0,,UNIQUE,0.0,100.0,1,AA,1.0,,UNIQUE,0.0,100.0,True
Country_ISO2.csv,Country_ISO2,Country_ISO3.csv,Country_ISO3,0.9167,1,AA,1.0,,UNIQUE,0.0,100.0,1,AAA,1.0,,UNIQUE,0.0,100.0,False
Country_ISO3.csv,Country_ISO3,test.csv,Country,0.7368,1,AAA,1.0,,UNIQUE,0.0,100.0,0,AAA,1.0,,,0.0,12.5,False
Country_ISO3.csv,Country_ISO3,Country.csv,Country,0.7368,1,AAA,1.0,,UNIQUE,0.0,100.0,0,KKK,29.0,,Text,0.0,100.0,False
Country_ISO3.csv,Country_ISO3,Country_ISO2.csv,Country_ISO2,0.9167,1,AAA,1.0,,UNIQUE,0.0,100.0,1,AA,1.0,,UNIQUE,0.0,100.0,False
Country_ISO3.csv,Country_ISO3,Country_ISO3.csv,Country_ISO3,1.0,1,AAA,1.0,,UNIQUE,0.0,100.0,1,AAA,1.0,,UNIQUE,0.0,100.0,True
Currency_Code.csv,Currency_Code,Currency_Code.csv,Currency_Code,1.0,1,AAA,1.0,,UNIQUE,0.0,100.0,1,AAA,1.0,,UNIQUE,0.0,100.0,True
Currency_Code.csv,Currency_Code,Currency_Name.csv,Currency_Name,0.7692,1,AAA,1.0,,UNIQUE,0.0,100.0,1,Aaaa,68.0,,UNIQUE,0.0,100.0,False
Currency_Name.csv,Currency_Name,Currency_Code.csv,Currency_Code,0.7692,1,Aaaa,68.0,,UNIQUE,0.0,100.0,1,AAA,1.0,,UNIQUE,0.0,100.0,False
Currency_Name.csv,Currency_Name,Currency_Name.csv,Currency_Name,1.0,1,Aaaa,68.0,,UNIQUE,0.0,100.0,1,Aaaa,68.0,,UNIQUE,0.0,100.0,True
HS부호.csv,HS부호,HS부호.csv,HS부호,1.0,1,nnnnnnnnnn,4.0,,UNIQUE,0.0,100.0,1,nnnnnnnnnn,4.0,,UNIQUE,0.0,100.0,True
HS영문품목명9.csv,HS영문품목명9,HS영문품목명9.csv,HS영문품목명9,1.0,1,Aaaaaaa,1837.0,,UNIQUE,0.02,100.0,1,Aaaaaaa,1837.0,,UNIQUE,0.02,100.0,True
HS영문품목명9.csv,HS영문품목명9,HS한글품목명9.csv,HS한글품목명9,0.75,1,Aaaaaaa,1837.0,,UNIQUE,0.02,100.0,0,KKK,2620.0,,Text,0.0,100.0,False
HS한글품목명9.csv,HS한글품목명9,HS영문품목명9.csv,HS영문품목명9,0.75,0,KKK,2620.0,,Text,0.0,100.0,1,Aaaaaaa,1837.0,,UNIQUE,0.02,100.0,False
HS한글품목명9.csv,HS한글품목명9,HS한글품목명9.csv,HS한글품목명9,1.0,0,KKK,2620.0,,Text,0.0,100.0,0,KKK,2620.0,,Text,0.0,100.0,True
Region.csv,Region,Region.csv,Region,1.0,0,KK,5.0,,,0.0,100.0,0,KK,5.0,,,0.0,100.0,True
Region.csv,Region,Region_Eng.csv,Region_Eng,0.75,0,KK,5.0,,,0.0,100.0,0,Aaaaaa,6.0,,,0.0,100.0,False
Region_Eng.csv,Region_Eng,Region.csv,Region,0.75,0,Aaaaaa,6.0,,,0.0,100.0,0,KK,5.0,,,0.0,100.0,False
Region_Eng.csv,Region_Eng,Region_Eng.csv,Region_Eng,1.0,0,Aaaaaa,6.0,,,0.0,100.0,0,Aaaaaa,6.0,,,0.0,100.0,True
Seaport_Code.csv,Seaport_Code,Seaport_Code.csv,Seaport_Code,1.0,1,AAAAA,7.0,,UNIQUE,0.0,100.0,1,AAAAA,7.0,,UNIQUE,0.0,100.0,True
Seaport_Code.csv,Seaport_Code,Seaport_Name9.csv,Seaport_Name9,0.72,1,AAAAA,7.0,,UNIQUE,0.0,100.0,1,AAAAAAA,912.0,,UNIQUE,0.0,100.0,False
Seaport_Name9.csv,Seaport_Name9,Airport_Name.csv,Airport_Name,0.8,1,AAAAAAA,912.0,,UNIQUE,0.0,100.0,1,Aaaaaaa,1026.0,,UNIQUE,0.0,100.0,False
Seaport_Name9.csv,Seaport_Name9,Seaport_Code.csv,Seaport_Code,0.72,1,AAAAAAA,912.0,,UNIQUE,0.0,100.0,1,AAAAA,7.0,,UNIQUE,0.0,100.0,False
Seaport_Name9.csv,Seaport_Name9,Seaport_Name9.csv,Seaport_Name9,1.0,1,AAAAAAA,912.0,,UNIQUE,0.0,100.0,1,AAAAAAA,912.0,,UNIQUE,0.0,100.0,True
UnitCode.csv,Unit,UnitCode.csv,Unit,1.0,1,aa,69.0,,UNIQUE,0.0,100.0,1,aa,69.0,,UNIQUE,0.0,100.0,True
가족관계.csv,가족관계,가족관계.csv,가족관계,1.0,1,KK,4.0,,UNIQUE,0.0,100.0,1,KK,4.0,,UNIQUE,0.0,100.0,True
건물용도.csv,건물용도,건물용도.csv,건물용도,1.0,1,KKKK,12.0,,UNIQUE,0.0,100.0,1,KKKK,12.0,,UNIQUE,0.0,100.0,True
건설기계.csv,건설기계,건설기계.csv,건설기계,1.0,1,KKKKK,11.0,,UNIQUE,0.0,100.0,1,KKKKK,11.0,,UNIQUE,0.0,100.0,True
건축물구조.csv,건축물구조,건축물구조.csv,건축물구조,1.0,1,KKKKKK,12.0,,UNIQUE,0.0,100.0,1,KKKKKK,12.0,,UNIQUE,0.0,100.0,True
계정과목.csv,계정과목,계정과목코드.csv,계정과목코드,0.8,0,KKKKK,51.0,,Text,0.0,100.0,1,nnnnnn,1.0,,UNIQUE,0.0,100.0,False
계정과목.csv,계정과목,계정과목코드.csv,계정과목명,0.8889,0,KKKKK,51.0,,Text,0.0,100.0,0,KKKKK,52.0,계정과목,Text,0.0,95.61,False
계정과목.csv,계정과목,계정코드관리.csv,상위계정과목명,0.7273,0,KKKKK,51.0,,Text,0.0,100.0,0,KKKK,2.0,,,0.0,1.52,False
계정과목.csv,계정과목,계정코드관리.csv,계정과목코드,0.8,0,KKKKK,51.0,,Text,0.0,100.0,0,nnnnnn,1.0,,,0.0,16.67,False
계정과목.csv,계정과목,계정코드관리.csv,계정과목명,0.8889,0,KKKKK,51.0,,Text,0.0,100.0,0,KKKKK,9.0,계정과목,,0.0,16.67,False
계정과목.csv,계정과목,계정코드관리.csv,하위계정과목명,0.7273,0,KKKKK,51.0,,Text,0.0,100.0,0,KKKKK,50.0,계정과목,Text,0.0,100.0,False
계정과목.csv,계정과목,관리회계BI_계정.csv,상위계정과목명,0.7273,0,KKKKK,51.0,,Text,0.0,100.0,0,KKKK,4.0,,,0.0,5.46,False
계정과목.csv,계정과목,관리회계BI_계정.csv,계정과목코드,0.8,0,KKKKK,51.0,,Text,0.0,100.0,0,nnnnnn,1.0,,,0.0,20.11,False
계정과목.csv,계정과목,관리회계BI_계정.csv,계정과목명,0.8889,0,KKKKK,51.0,,Text,0.0,100.0,0,KKKKK,9.0,계정과목,,0.0,18.97,False
계정과목.csv,계정과목,관리회계BI_계정.csv,하위계정과목명,0.7273,0,KKKKK,51.0,,Text,0.0,100.0,0,KKKKK,51.0,계정과목,Text,0.0,99.71,False
계정과목.csv,계정과목,계정과목.csv,계정과목,1.0,0,KKKKK,51.0,,Text,0.0,100.0,0,KKKKK,51.0,,Text,0.0,100.0,True
공사종류.csv,공사종류,공사종류.csv,공사종류,1.0,1,KKKK,6.0,,UNIQUE,0.0,100.0,1,KKKK,6.0,,UNIQUE,0.0,100.0,True
광물.csv,광물,광물.csv,광물,1.0,1,KK,8.0,,UNIQUE,0.0,100.0,1,KK,8.0,,UNIQUE,0.0,100.0,True
국가명.csv,국가명,국가명.csv,국가명,1.0,0,KKK,52.0,,Text,0.0,100.0,0,KKK,52.0,,Text,0.0,100.0,True
군구명.csv,군구명,군구명.csv,군구명,1.0,0,KKK,3.0,,KOR_NAME,0.0,100.0,0,KKK,3.0,,KOR_NAME,0.0,100.0,True
군구명.csv,군구명,시군구명.csv,시군구명,0.8571,0,KKK,3.0,,KOR_NAME,0.0,100.0,0,KKK,3.0,,KOR_NAME,0.0,100.0,False
금융회사명.csv,금융회사명,관리회계BI_조직.csv,회사명,0.75,1,KKKK,19.0,,UNIQUE,0.0,100.0,0,KK,1.0,,SINGLE VALUE,0.0,0.24,False
금융회사명.csv,금융회사명,조직코드관리.csv,회사명,0.75,1,KKKK,19.0,,UNIQUE,0.0,100.0,0,KK,1.0,,SINGLE VALUE,0.0,0.24,False
금융회사명.csv,금융회사명,금융회사명.csv,금융회사명,1.0,1,KKKK,19.0,,UNIQUE,0.0,100.0,1,KKKK,19.0,,UNIQUE,0.0,100.0,True
기관명.csv,기관명,기관명.csv,기관명,1.0,0,KKKKKKKK,211.0,,Text,0.0,100.0,0,KKKKKKKK,211.0,,Text,0.0,100.0,True
농림수산시설.csv,농림수산시설,농림수산시설.csv,농림수산시설,1.0,1,KKKK,5.0,,UNIQUE,0.0,100.0,1,KKKK,5.0,,UNIQUE,0.0,100.0,True
농림축산품종명.csv,농림축산품종명,농림축산품종명.csv,농림축산품종명,1.0,0,KKK,172.0,,Text,0.01,100.0,0,KKK,172.0,,Text,0.01,100.0,True
농약명9.csv,농약명9,농약명9.csv,농약명9,1.0,0,KKKKK KK,260.0,,Text,0.0,100.0,0,KKKKK KK,260.0,,Text,0.0,100.0,True
단위대문자.csv,단위_대문자,단위대문자.csv,단위_대문자,1.0,0,AA,43.0,,,0.0,92.69,0,AA,43.0,,,0.0,92.69,True
단위코드.csv,단위코드,단위코드.csv,단위코드,1.0,1,aa,70.0,,UNIQUE,0.0,100.0,1,aa,70.0,,UNIQUE,0.0,100.0,True
대출종류.csv,대출종류,대출종류.csv,대출종류,1.0,0,KKKKKK,4.0,,,0.0,100.0,0,KKKKKK,4.0,,,0.0,100.0,True
대학교.csv,대학교,대학교.csv,대학교,1.0,1,KKKKK,16.0,,UNIQUE,0.0,100.0,1,KKKKK,16.0,,UNIQUE,0.0,100.0,True
도로명.csv,도로명,도로명.csv,도로명,1.0,0,KKnK,93.0,,Text,0.0,100.0,0,KKnK,93.0,,Text,0.0,100.0,True
도로명.csv,도로명,도로명코드.csv,도로명코드,0.75,0,KKnK,93.0,,Text,0.0,100.0,1,nnnnnnnnnnnn,1.0,,UNIQUE,0.0,100.0,False
도로명코드.csv,도로명코드,도로명.csv,도로명,0.75,1,nnnnnnnnnnnn,1.0,,UNIQUE,0.0,100.0,0,KKnK,93.0,,Text,0.0,100.0,False
도로명코드.csv,도로명코드,도로명코드.csv,도로명코드,1.0,1,nnnnnnnnnnnn,1.0,,UNIQUE,0.0,100.0,1,nnnnnnnnnnnn,1.0,,UNIQUE,0.0,100.0,True
면허세.csv,면허세,면허세.csv,면허세,1.0,0,KKKKK,174.0,,Text,0.0,100.0,0,KKKKK,174.0,,Text,0.0,100.0,True
법인번호7.csv,법인번호7,CUSTOMER.csv,법인번호,0.8889,1,nnnnnnnnnnnnn,1.0,,UNIQUE,0.0,100.0,0,nnnnnnnnnnnnn,1.0,법인번호7,,87.03,11.72,False
법인번호7.csv,법인번호7,OneClick고객.csv,법인등록번호,0.7273,1,nnnnnnnnnnnnn,1.0,,UNIQUE,0.0,100.0,0,n.nnnnnAsnn,3.0,,,98.78,33.61,False
법인번호7.csv,법인번호7,고객마스터.csv,법인등록번호,0.7273,1,nnnnnnnnnnnnn,1.0,,UNIQUE,0.0,100.0,0,n.nnnnnAsnn,2.0,,,94.85,21.75,False
법인번호7.csv,법인번호7,관리회계_고객.csv,법인번호,0.8889,1,nnnnnnnnnnnnn,1.0,,UNIQUE,0.0,100.0,0,nnnnnnnnnnnnn,3.0,법인번호7,,73.56,10.7,False
법인번호7.csv,법인번호7,기업고객.csv,기업법인번호,0.7273,1,nnnnnnnnnnnnn,1.0,,UNIQUE,0.0,100.0,0,n.nnnnnAsnn,2.0,,,82.45,11.72,False
법인번호7.csv,법인번호7,법인정보.csv,법인번호,0.8889,1,nnnnnnnnnnnnn,1.0,,UNIQUE,0.0,100.0,1,nnnnnnnnnnnnn,4.0,법인번호7,UNIQUE,0.0,100.0,False
법인번호7.csv,법인번호7,사업자등록번호정보.csv,법인번호,0.8889,1,nnnnnnnnnnnnn,1.0,,UNIQUE,0.0,100.0,0,nnnnnnnnnnnnn,2.0,법인번호7,,72.02,93.42,False
법인번호7.csv,법인번호7,수입관리_고객.csv,법인번호,0.8889,1,nnnnnnnnnnnnn,1.0,,UNIQUE,0.0,100.0,0,n.nnnnnAsnn,4.0,,,84.0,13.31,False
법인번호7.csv,법인번호7,법인번호7.csv,법인번호7,1.0,1,nnnnnnnnnnnnn,1.0,,UNIQUE,0.0,100.0,1,nnnnnnnnnnnnn,1.0,,UNIQUE,0.0,100.0,True
법정동.csv,법정동,법정동.csv,법정동,1.0,1,KKK,14.0,,UNIQUE,0.0,100.0,1,KKK,14.0,,UNIQUE,0.0,100.0,True
법정동.csv,법정동,법정동코드.csv,법정동코드,0.75,1,KKK,14.0,,UNIQUE,0.0,100.0,1,nnnnnnnnnn,1.0,,UNIQUE,0.0,100.0,False
법정동코드.csv,법정동코드,법정동.csv,법정동,0.75,1,nnnnnnnnnn,1.0,,UNIQUE,0.0,100.0,1,KKK,14.0,,UNIQUE,0.0,100.0,False
법정동코드.csv,법정동코드,법정동코드.csv,법정동코드,1.0,1,nnnnnnnnnn,1.0,,UNIQUE,0.0,100.0,1,nnnnnnnnnn,1.0,,UNIQUE,0.0,100.0,True
법정동코드.csv,법정동코드,행정동코드.csv,행정동코드,0.8,1,nnnnnnnnnn,1.0,,UNIQUE,0.0,100.0,1,nnnnnnnnnn,1.0,,UNIQUE,0.0,100.0,False
법정리.csv,법정리,법정리.csv,법정리,1.0,1,KKK,17.0,,UNIQUE,0.0,100.0,1,KKK,17.0,,UNIQUE,0.0,100.0,True
병원명.csv,병원명,병원명.csv,병원명,1.0,0,KKKKKKK,127.0,,Text,0.0,100.0,0,KKKKKKK,127.0,,Text,0.0,100.0,True
보훈분류.csv,보훈분류,보훈분류.csv,보훈분류,1.0,0,KKKKKKK,24.0,,Text,0.0,100.0,0,KKKKKKK,24.0,,Text,0.0,100.0,True
사업자등록번호3.csv,유효사업자번호3,PRM계약.csv,사업자번호,0.7692,1,nnnnnnnnnn,1.0,,UNIQUE,0.0,100.0,0,nnnnnnnnnn,1.0,유효사업자번호3,,0.0,35.16,False
사업자등록번호3.csv,유효사업자번호3,간선사업자.csv,사업자번호,0.7692,1,nnnnnnnnnn,1.0,,UNIQUE,0.0,100.0,1,nnn-nn-nnnnn,2.0,,UNIQUE,0.0,100.0,False
사업자등록번호3.csv,유효사업자번호3,계약마스터.csv,사업자번호,0.7692,1,nnnnnnnnnn,1.0,,UNIQUE,0.0,100.0,0,nnnnnnnnnn,1.0,유효사업자번호3,,0.0,78.54,False
사업자등록번호3.csv,유효사업자번호3,수입관리점소.csv,사업자번호,0.7692,1,nnnnnnnnnn,1.0,,UNIQUE,0.0,100.0,0,nnnnnnnnnn,1.0,유효사업자번호3,,0.0,12.57,False
사업자등록번호3.csv,유효사업자번호3,사업자등록번호3.csv,유효사업자번호3,1.0,1,nnnnnnnnnn,1.0,,UNIQUE,0.0,100.0,1,nnnnnnnnnn,1.0,,UNIQUE,0.0,100.0,True
사업자등록번호5.csv,사업자등록번호5,CUSTOMER.csv,주민_사업자등록번호,0.7778,1,nnnnnnnnnn,1.0,,UNIQUE,0.0,100.0,0,nnnnnnnnnn,3.0,유효사업자번호3,,2.84,92.58,False
사업자등록번호5.csv,사업자등록번호5,OneClick고객.csv,사업자등록번호,0.9333,1,nnnnnnnnnn,1.0,,UNIQUE,0.0,100.0,0,nnn-nn-nnnnn,2.0,,,0.0,90.72,False
사업자등록번호5.csv,사업자등록번호5,ORGNIZATION.csv,사업자등록번호,0.9333,1,nnnnnnnnnn,1.0,,UNIQUE,0.0,100.0,0,nnnnnnnnnn,1.0,유효사업자번호3,,49.82,75.01,False
사업자등록번호5.csv,사업자등록번호5,PRM계약.csv,사업자번호,0.7692,1,nnnnnnnnnn,1.0,,UNIQUE,0.0,100.0,0,nnnnnnnnnn,1.0,유효사업자번호3,,0.0,35.16,False
사업자등록번호5.csv,사업자등록번호5,간선사업자.csv,사업자번호,0.7692,1,nnnnnnnnnn,1.0,,UNIQUE,0.0,100.0,1,nnn-nn-nnnnn,2.0,,UNIQUE,0.0,100.0,False
사업자등록번호5.csv,사업자등록번호5,개인고객.csv,사업자등록번호,0.9333,1,nnnnnnnnnn,1.0,,UNIQUE,0.0,100.0,1,nnnnnnnnnn,2.0,유효사업자번호3,UNIQUE,11.49,100.0,False
사업자등록번호5.csv,사업자등록번호5,계약마스터.csv,사업자번호,0.7692,1,nnnnnnnnnn,1.0,,UNIQUE,0.0,100.0,0,nnnnnnnnnn,1.0,유효사업자번호3,,0.0,78.54,False
사업자등록번호5.csv,사업자등록번호5,고객마스터.csv,사업자등록번호,0.9333,1,nnnnnnnnnn,1.0,,UNIQUE,0.0,100.0,0,nnn-nn-nnnnn,3.0,,,0.0,92.76,False
사업자등록번호5.csv,사업자등록번호5,관리회계_고객.csv,사업자등록번호,0.9333,1,nnnnnnnnnn,1.0,,UNIQUE,0.0,100.0,1,nnnnnnnnnn,10.0,유효사업자번호3,UNIQUE,0.0,100.0,False
사업자등록번호5.csv,사업자등록번호5,기업고객.csv,기업사업자등록번호,0.8235,1,nnnnnnnnnn,1.0,,UNIQUE,0.0,100.0,0,nnnnnnnnnn,3.0,유효사업자번호3,,0.01,90.95,False
사업자등록번호5.csv,사업자등록번호5,배송점.csv,사업자등록번호,0.9333,1,nnnnnnnnnn,1.0,,UNIQUE,0.0,100.0,0,nnnnnnnnnn,1.0,유효사업자번호3,,33.32,80.85,False
사업자등록번호5.csv,사업자등록번호5,사업자등록번호정보.csv,사업자등록번호,0.9333,1,nnnnnnnnnn,1.0,,UNIQUE,0.0,100.0,1,nnnnnnnnnn,11.0,유효사업자번호3,UNIQUE,0.0,100.0,False
사업자등록번호5.csv,사업자등록번호5,서브터미널.csv,사업자등록번호,0.9333,1,nnnnnnnnnn,1.0,,UNIQUE,0.0,100.0,0,nnnnnnnnnn,1.0,,,99.99,100.0,False
사업자등록번호5.csv,사업자등록번호5,수입관리점소.csv,사업자번호,0.7692,1,nnnnnnnnnn,1.0,,UNIQUE,0.0,100.0,0,nnnnnnnnnn,1.0,유효사업자번호3,,0.0,12.57,False
사업자등록번호5.csv,사업자등록번호5,영업소.csv,사업자등록번호,0.9333,1,nnnnnnnnnn,1.0,,UNIQUE,0.0,100.0,0,nnnnnnnnnn,1.0,유효사업자번호3,,0.0,52.05,False
사업자등록번호5.csv,사업자등록번호5,택배_고객.csv,주민_사업자등록번호,0.7778,1,nnnnnnnnnn,1.0,,UNIQUE,0.0,100.0,0,nnnnnnnnnn,2.0,유효사업자번호3,,0.58,89.94,False
사업자등록번호5.csv,사업자등록번호5,택배_고객.csv,사업자등록우편번호,0.8235,1,nnnnnnnnnn,1.0,,UNIQUE,0.0,100.0,0,nnnnnn,2.0,우편번호구3,,2.04,32.74,False
사업자등록번호5.csv,사업자등록번호5,택배_조직도.csv,사업자등록번호,0.9333,1,nnnnnnnnnn,1.0,,UNIQUE,0.0,100.0,0,nnnnnnnnnn,1.0,유효사업자번호3,,49.82,75.01,False
사업자등록번호5.csv,사업자등록번호5,사업자등록번호5.csv,사업자등록번호5,1.0,1,nnnnnnnnnn,1.0,,UNIQUE,0.0,100.0,1,nnnnnnnnnn,1.0,,UNIQUE,0.0,100.0,True
사업자등록번호5.csv,사업자등록번호5,사업자등록번호7.csv,사업자등록번호7,0.875,1,nnnnnnnnnn,1.0,,UNIQUE,0.0,100.0,1,nnn-nn-nnnnn,1.0,,UNIQUE,0.0,100.0,False
사업자등록번호7.csv,사업자등록번호7,CUSTOMER.csv,주민_사업자등록번호,0.7778,1,nnn-nn-nnnnn,1.0,,UNIQUE,0.0,100.0,0,nnnnnnnnnn,3.0,유효사업자번호3,,2.84,92.58,False
사업자등록번호7.csv,사업자등록번호7,OneClick고객.csv,사업자등록번호,0.9333,1,nnn-nn-nnnnn,1.0,,UNIQUE,0.0,100.0,0,nnn-nn-nnnnn,2.0,,,0.0,90.72,False
사업자등록번호7.csv,사업자등록번호7,ORGNIZATION.csv,사업자등록번호,0.9333,1,nnn-nn-nnnnn,1.0,,UNIQUE,0.0,100.0,0,nnnnnnnnnn,1.0,유효사업자번호3,,49.82,75.01,False
사업자등록번호7.csv,사업자등록번호7,PRM계약.csv,사업자번호,0.7692,1,nnn-nn-nnnnn,1.0,,UNIQUE,0.0,100.0,0,nnnnnnnnnn,1.0,유효사업자번호3,,0.0,35.16,False
사업자등록번호7.csv,사업자등록번호7,간선사업자.csv,사업자번호,0.7692,1,nnn-nn-nnnnn,1.0,,UNIQUE,0.0,100.0,1,nnn-nn-nnnnn,2.0,,UNIQUE,0.0,100.0,False
사업자등록번호7.csv,사업자등록번호7,개인고객.csv,사업자등록번호,0.9333,1,nnn-nn-nnnnn,1.0,,UNIQUE,0.0,100.0,1,nnnnnnnnnn,2.0,유효사업자번호3,UNIQUE,11.49,100.0,False
사업자등록번호7.csv,사업자등록번호7,계약마스터.csv,사업자번호,0.7692,1,nnn-nn-nnnnn,1.0,,UNIQUE,0.0,100.0,0,nnnnnnnnnn,1.0,유효사업자번호3,,0.0,78.54,False
사업자등록번호7.csv,사업자등록번호7,고객마스터.csv,사업자등록번호,0.9333,1,nnn-nn-nnnnn,1.0,,UNIQUE,0.0,100.0,0,nnn-nn-nnnnn,3.0,,,0.0,92.76,False
사업자등록번호7.csv,사업자등록번호7,관리회계_고객.csv,사업자등록번호,0.9333,1,nnn-nn-nnnnn,1.0,,UNIQUE,0.0,100.0,1,nnnnnnnnnn,10.0,유효사업자번호3,UNIQUE,0.0,100.0,False
사업자등록번호7.csv,사업자등록번호7,기업고객.csv,기업사업자등록번호,0.8235,1,nnn-nn-nnnnn,1.0,,UNIQUE,0.0,100.0,0,nnnnnnnnnn,3.0,유효사업자번호3,,0.01,90.95,False
사업자등록번호7.csv,사업자등록번호7,배송점.csv,사업자등록번호,0.9333,1,nnn-nn-nnnnn,1.0,,UNIQUE,0.0,100.0,0,nnnnnnnnnn,1.0,유효사업자번호3,,33.32,80.85,False
사업자등록번호7.csv,사업자등록번호7,사업자등록번호정보.csv,사업자등록번호,0.9333,1,nnn-nn-nnnnn,1.0,,UNIQUE,0.0,100.0,1,nnnnnnnnnn,11.0,유효사업자번호3,UNIQUE,0.0,100.0,False
사업자등록번호7.csv,사업자등록번호7,서브터미널.csv,사업자등록번호,0.9333,1,nnn-nn-nnnnn,1.0,,UNIQUE,0.0,100.0,0,nnnnnnnnnn,1.0,,,99.99,100.0,False
사업자등록번호7.csv,사업자등록번호7,수입관리점소.csv,사업자번호,0.7692,1,nnn-nn-nnnnn,1.0,,UNIQUE,0.0,100.0,0,nnnnnnnnnn,1.0,유효사업자번호3,,0.0,12.57,False
사업자등록번호7.csv,사업자등록번호7,영업소.csv,사업자등록번호,0.9333,1,nnn-nn-nnnnn,1.0,,UNIQUE,0.0,100.0,0,nnnnnnnnnn,1.0,유효사업자번호3,,0.0,52.05,False
사업자등록번호7.csv,사업자등록번호7,택배_고객.csv,주민_사업자등록번호,0.7778,1,nnn-nn-nnnnn,1.0,,UNIQUE,0.0,100.0,0,nnnnnnnnnn,2.0,유효사업자번호3,,0.58,89.94,False
사업자등록번호7.csv,사업자등록번호7,택배_고객.csv,사업자등록우편번호,0.8235,1,nnn-nn-nnnnn,1.0,,UNIQUE,0.0,100.0,0,nnnnnn,2.0,우편번호구3,,2.04,32.74,False
사업자등록번호7.csv,사업자등록번호7,택배_조직도.csv,사업자등록번호,0.9333,1,nnn-nn-nnnnn,1.0,,UNIQUE,0.0,100.0,0,nnnnnnnnnn,1.0,유효사업자번호3,,49.82,75.01,False
사업자등록번호7.csv,사업자등록번호7,사업자등록번호5.csv,사업자등록번호5,0.875,1,nnn-nn-nnnnn,1.0,,UNIQUE,0.0,100.0,1,nnnnnnnnnn,1.0,,UNIQUE,0.0,100.0,False
사업자등록번호7.csv,사업자등록번호7,사업자등록번호7.csv,사업자등록번호7,1.0,1,nnn-nn-nnnnn,1.0,,UNIQUE,0.0,100.0,1,nnn-nn-nnnnn,1.0,,UNIQUE,0.0,100.0,True
사업자명5.csv,사업자명5,PRM계약.csv,사업자명,0.8889,0,KKKK,211.0,,Text,0.0,100.0,0,KKKK,139.0,,Text,0.0,38.8,False
사업자명5.csv,사업자명5,관리회계BI_사업.csv,사업명,0.75,0,KKKK,211.0,,Text,0.0,100.0,0,KKKKKK,23.0,,Text,0.0,50.24,False
사업자명5.csv,사업자명5,관리회계_사업.csv,사업명,0.75,0,KKKK,211.0,,Text,0.0,100.0,0,KKKKKK,35.0,,Text,0.0,44.66,False
사업자명5.csv,사업자명5,사업코드관리.csv,사업명,0.75,0,KKKK,211.0,,Text,0.0,100.0,0,KKKKKK,31.0,,Text,0.0,52.02,False
사업자명5.csv,사업자명5,사업자명5.csv,사업자명5,1.0,0,KKKK,211.0,,Text,0.0,100.0,0,KKKK,211.0,,Text,0.0,100.0,True
사업자명5.csv,사업자명5,운송사업자5.csv,운송사업자5,0.7273,0,KKKK,211.0,,Text,0.0,100.0,0,KKKK,176.0,,Text,0.0,100.0,False
상병코드.csv,상병코드,상품분류.csv,상품코드,0.75,1,Annn,4.0,,UNIQUE,0.0,100.0,1,nn,8.0,,UNIQUE,0.0,100.0,False
상병코드.csv,상병코드,상품코드.csv,상품코드,0.75,1,Annn,4.0,,UNIQUE,0.0,100.0,1,nn,8.0,,UNIQUE,0.0,100.0,False
상병코드.csv,상병코드,상병코드.csv,상병코드,1.0,1,Annn,4.0,,UNIQUE,0.0,100.0,1,Annn,4.0,,UNIQUE,0.0,100.0,True
상호명5.csv,상호명5,PRM계약.csv,상호명,0.8571,0,KKKKK,64.0,,Text,0.0,100.0,0,KK(K),151.0,,Text,0.0,58.8,False
상호명5.csv,상호명5,상호명5.csv,상호명5,1.0,0,KKKKK,64.0,,Text,0.0,100.0,0,KKKKK,64.0,,Text,0.0,100.0,True
선박명5.csv,선박명5,선박명5.csv,선박명5,1.0,1,AAAAAA,886.0,,UNIQUE,0.0,100.0,1,AAAAAA,886.0,,UNIQUE,0.0,100.0,True
선박명5.csv,선박명5,선사명5.csv,선사명5,0.75,1,AAAAAA,886.0,,UNIQUE,0.0,100.0,0,KKKK(K),46.0,,Text,0.0,100.0,False
선박코드.csv,선박코드,선박.csv,선박코드,1.0,1,AnAAn,56.0,,UNIQUE,0.0,100.0,1,AnAAn,65.0,,UNIQUE,0.0,100.0,False
선박코드.csv,선박코드,선박.csv,선사코드,0.75,1,AnAAn,56.0,,UNIQUE,0.0,100.0,0,AAAnnnn,5.0,선사코드,,44.41,11.62,False
선박코드.csv,선박코드,선박.csv,선박종류코드,0.8,1,AnAAn,56.0,,UNIQUE,0.0,100.0,0,nn,1.0,,,9.68,0.1,False
선박코드.csv,선박코드,선석.csv,선석코드,0.75,1,AnAAn,56.0,,UNIQUE,0.0,100.0,0,AAA-nn,6.0,,,0.0,55.73,False
선박코드.csv,선박코드,선박코드.csv,선박코드,1.0,1,AnAAn,56.0,,UNIQUE,0.0,100.0,1,AnAAn,56.0,,UNIQUE,0.0,100.0,True
선박코드.csv,선박코드,선사코드.csv,선사코드,0.75,1,AnAAn,56.0,,UNIQUE,0.0,100.0,1,AAAnnnn,7.0,,UNIQUE,0.0,100.0,False
선사명5.csv,선사명5,선박명5.csv,선박명5,0.75,0,KKKK(K),46.0,,Text,0.0,100.0,1,AAAAAA,886.0,,UNIQUE,0.0,100.0,False
선사명5.csv,선사명5,선사명5.csv,선사명5,1.0,0,KKKK(K),46.0,,Text,0.0,100.0,0,KKKK(K),46.0,,Text,0.0,100.0,True
선사코드.csv,선사코드,관리회계BI_사업.csv,사업코드,0.75,1,AAAnnnn,7.0,,UNIQUE,0.0,100.0,0,nnn,1.0,,,0.0,50.24,False
선사코드.csv,선사코드,관리회계_사업.csv,사업코드,0.75,1,AAAnnnn,7.0,,UNIQUE,0.0,100.0,0,nnn,2.0,,,0.0,57.77,False
선사코드.csv,선사코드,미배송사유코드.csv,사유코드,0.75,1,AAAnnnn,7.0,,UNIQUE,0.0,100.0,0,nn,2.0,,,0.0,38.46,False
선사코드.csv,선사코드,사업코드관리.csv,사업코드,0.75,1,AAAnnnn,7.0,,UNIQUE,0.0,100.0,0,nnn,1.0,,,0.0,52.31,False
선사코드.csv,선사코드,선박.csv,선박코드,0.75,1,AAAnnnn,7.0,,UNIQUE,0.0,100.0,1,AnAAn,65.0,,UNIQUE,0.0,100.0,False
선사코드.csv,선사코드,선박.csv,선사코드,1.0,1,AAAnnnn,7.0,,UNIQUE,0.0,100.0,0,AAAnnnn,5.0,선사코드,,44.41,11.62,False
선사코드.csv,선사코드,선석.csv,선석코드,0.75,1,AAAnnnn,7.0,,UNIQUE,0.0,100.0,0,AAA-nn,6.0,,,0.0,55.73,False
선사코드.csv,선사코드,선박코드.csv,선박코드,0.75,1,AAAnnnn,7.0,,UNIQUE,0.0,100.0,1,AnAAn,56.0,,UNIQUE,0.0,100.0,False
선사코드.csv,선사코드,선사코드.csv,선사코드,1.0,1,AAAnnnn,7.0,,UNIQUE,0.0,100.0,1,AAAnnnn,7.0,,UNIQUE,0.0,100.0,True
수산업종.csv,수산업종,수산업종.csv,수산업종,1.0,1,KKKKKK,18.0,,UNIQUE,0.0,100.0,1,KKKKKK,18.0,,UNIQUE,0.0,100.0,True
시군구명.csv,시군구명,군구명.csv,군구명,0.8571,0,KKK,3.0,,KOR_NAME,0.0,100.0,0,KKK,3.0,,KOR_NAME,0.0,100.0,False
시군구명.csv,시군구명,시군구명.csv,시군구명,1.0,0,KKK,3.0,,KOR_NAME,0.0,100.0,0,KKK,3.0,,KOR_NAME,0.0,100.0,True
시도명.csv,시도명,test.csv,시도,0.8,1,KK,5.0,,UNIQUE,0.0,100.0,0,KK,4.0,시도명,,0.0,68.75,False
시도명.csv,시도명,시도명.csv,시도명,1.0,1,KK,5.0,,UNIQUE,0.0,100.0,1,KK,5.0,,UNIQUE,0.0,100.0,True
시설물.csv,시설물,시설물.csv,시설물,1.0,0,KKKK,243.0,,Text,0.0,100.0,0,KKKK,243.0,,Text,0.0,100.0,True
식약업체명5.csv,식약업체명5,식약업체명5.csv,식약업체명5,1.0,0,KKKK(K),43.0,,Text,0.0,100.0,0,KKKK(K),43.0,,Text,0.0,100.0,True
식약업체명5.csv,식약업체명5,의약품업체명5.csv,의약품업체명5,0.7692,0,KKKK(K),43.0,,Text,0.0,100.0,1,KKKKK,12.0,,UNIQUE,0.0,100.0,False
식약제품명5.csv,식약제품명5,식약제품명5.csv,식약제품명5,1.0,0,KKKKK,41.0,,Text,0.0,100.0,0,KKKKK,41.0,,Text,0.0,100.0,True
식약제품명5.csv,식약제품명5,의약품명5.csv,의약품명5,0.7273,0,KKKKK,41.0,,Text,0.0,100.0,0,KKKKK,33.0,,Text,0.0,100.0,False
식약주성분코드.csv,식약주성분코드,식약주성분코드.csv,식약주성분코드,1.0,1,nnnnnnAAA,2.0,,UNIQUE,0.0,100.0,1,nnnnnnAAA,2.0,,UNIQUE,0.0,100.0,True
업종.csv,업종,OneClick고객.csv,업종명,0.8,0,KK KKK,447.0,,Text,0.0,100.0,0,KK,900.0,,Text,0.02,37.86,False
업종.csv,업종,PRM계약.csv,업종,1.0,0,KK KKK,447.0,,Text,0.0,100.0,0,KKK,122.0,업종명2,Text,0.0,9.49,False
업종.csv,업종,고객마스터.csv,업종명,0.8,0,KK KKK,447.0,,Text,0.0,100.0,0,KK,464.0,,Text,6.03,24.72,False
업종.csv,업종,영업소.csv,업종,1.0,0,KK KKK,447.0,,Text,0.0,100.0,0,KK,23.0,,Text,0.0,26.71,False
업종.csv,업종,업종.csv,업종,1.0,0,KK KKK,447.0,,Text,0.0,100.0,0,KK KKK,447.0,,Text,0.0,100.0,True
업종명2.csv,업종명2,OneClick고객.csv,업종명,0.8571,1,KK,20.0,,UNIQUE,0.0,100.0,0,KK,900.0,,Text,0.02,37.86,False
업종명2.csv,업종명2,고객마스터.csv,업종명,0.8571,1,KK,20.0,,UNIQUE,0.0,100.0,0,KK,464.0,,Text,6.03,24.72,False
업종명2.csv,업종명2,업종명2.csv,업종명2,1.0,1,KK,20.0,,UNIQUE,0.0,100.0,1,KK,20.0,,UNIQUE,0.0,100.0,True
업종명2.csv,업종명2,업태명2.csv,업태명2,0.75,1,KK,20.0,,UNIQUE,0.0,100.0,1,KK,4.0,,UNIQUE,0.0,100.0,False
업태명2.csv,업태명2,업종명2.csv,업종명2,0.75,1,KK,4.0,,UNIQUE,0.0,100.0,1,KK,20.0,,UNIQUE,0.0,100.0,False
업태명2.csv,업태명2,업태명2.csv,업태명2,1.0,1,KK,4.0,,UNIQUE,0.0,100.0,1,KK,4.0,,UNIQUE,0.0,100.0,True
연월.csv,연월,연월.csv,연월,1.0,0,nnnnnn,1.0,,YEARMONTH,0.0,100.0,0,nnnnnn,1.0,,YEARMONTH,0.0,100.0,True
우편번호3.csv,우편번호3,CUSTOMER.csv,우편번호,0.8889,1,nnnnn,1.0,,UNIQUE,0.0,100.0,0,nnnnnn,3.0,우편번호3,,28.48,44.99,False
우편번호3.csv,우편번호3,OneClick고객.csv,사업우편번호,0.7273,1,nnnnn,1.0,,UNIQUE,0.0,100.0,0,nnnnn,2.0,우편번호3,,78.43,86.28,False
우편번호3.csv,우편번호3,ORGNIZATION.csv,우편번호,0.8889,1,nnnnn,1.0,,UNIQUE,0.0,100.0,0,nnnnnn,2.0,우편번호3,,9.25,44.44,False
우편번호3.csv,우편번호3,개인고객.csv,우편번호,0.8889,1,nnnnn,1.0,,UNIQUE,0.0,100.0,0,nnnnnn,3.0,,,99.87,100.0,False
우편번호3.csv,우편번호3,고객마스터.csv,우편번호,0.8889,1,nnnnn,1.0,,UNIQUE,0.0,100.0,0,nnnnn,2.0,우편번호3,,90.06,92.56,False
우편번호3.csv,우편번호3,기업고객.csv,기업우편번호,0.7273,1,nnnnn,1.0,,UNIQUE,0.0,100.0,0,nnnnnn,4.0,,,3.29,44.97,False
우편번호3.csv,우편번호3,배송점.csv,우편번호,0.8889,1,nnnnn,1.0,,UNIQUE,0.0,100.0,0,nnnnnn,2.0,우편번호3,,6.88,56.92,False
우편번호3.csv,우편번호3,서브터미널.csv,우편번호,0.8889,1,nnnnn,1.0,,UNIQUE,0.0,100.0,0,nnnnn,1.0,,,99.99,100.0,False
우편번호3.csv,우편번호3,영업소.csv,우편번호,0.8889,1,nnnnn,1.0,,UNIQUE,0.0,100.0,0,nnnnnn,1.0,우편번호구3,,0.0,50.68,False
우편번호3.csv,우편번호3,택배_조직도.csv,우편번호,0.8889,1,nnnnn,1.0,,UNIQUE,0.0,100.0,0,nnnnnn,2.0,우편번호3,,9.25,44.44,False
우편번호3.csv,우편번호3,우편번호3.csv,우편번호3,1.0,1,nnnnn,1.0,,UNIQUE,0.0,100.0,1,nnnnn,1.0,,UNIQUE,0.0,100.0,True
우편번호3.csv,우편번호3,우편번호구3.csv,우편번호구3,0.9091,1,nnnnn,1.0,,UNIQUE,0.0,100.0,1,nnnnnn,2.0,,UNIQUE,0.0,100.0,False
우편번호구3.csv,우편번호구3,CUSTOMER.csv,우편번호,0.8,1,nnnnnn,2.0,,UNIQUE,0.0,100.0,0,nnnnnn,3.0,우편번호3,,28.48,44.99,False
우편번호구3.csv,우편번호구3,ORGNIZATION.csv,우편번호,0.8,1,nnnnnn,2.0,,UNIQUE,0.0,100.0,0,nnnnnn,2.0,우편번호3,,9.25,44.44,False
우편번호구3.csv,우편번호구3,개인고객.csv,우편번호,0.8,1,nnnnnn,2.0,,UNIQUE,0.0,100.0,0,nnnnnn,3.0,,,99.87,100.0,False
우편번호구3.csv,우편번호구3,고객마스터.csv,우편번호,0.8,1,nnnnnn,2.0,,UNIQUE,0.0,100.0,0,nnnnn,2.0,우편번호3,,90.06,92.56,False
우편번호구3.csv,우편번호구3,배송점.csv,우편번호,0.8,1,nnnnnn,2.0,,UNIQUE,0.0,100.0,0,nnnnnn,2.0,우편번호3,,6.88,56.92,False
우편번호구3.csv,우편번호구3,서브터미널.csv,우편번호,0.8,1,nnnnnn,2.0,,UNIQUE,0.0,100.0,0,nnnnn,1.0,,,99.99,100.0,False
우편번호구3.csv,우편번호구3,영업소.csv,우편번호,0.8,1,nnnnnn,2.0,,UNIQUE,0.0,100.0,0,nnnnnn,1.0,우편번호구3,,0.0,50.68,False
우편번호구3.csv,우편번호구3,택배_조직도.csv,우편번호,0.8,1,nnnnnn,2.0,,UNIQUE,0.0,100.0,0,nnnnnn,2.0,우편번호3,,9.25,44.44,False
우편번호구3.csv,우편번호구3,우편번호3.csv,우편번호3,0.9091,1,nnnnnn,2.0,,UNIQUE,0.0,100.0,1,nnnnn,1.0,,UNIQUE,0.0,100.0,False
우편번호구3.csv,우편번호구3,우편번호구3.csv,우편번호구3,1.0,1,nnnnnn,2.0,,UNIQUE,0.0,100.0,1,nnnnnn,2.0,,UNIQUE,0.0,100.0,True
운송사업자5.csv,운송사업자5,사업자명5.csv,사업자명5,0.7273,0,KKKK,176.0,,Text,0.0,100.0,0,KKKK,211.0,,Text,0.0,100.0,False
운송사업자5.csv,운송사업자5,운송사업자5.csv,운송사업자5,1.0,0,KKKK,176.0,,Text,0.0,100.0,0,KKKK,176.0,,Text,0.0,100.0,True
원재료_영문명9.csv,원재료_영문명9,원재료_영문명9.csv,원재료_영문명9,1.0,1,Aaaaaaaa,2966.0,,UNIQUE,0.0,100.0,1,Aaaaaaaa,2966.0,,UNIQUE,0.0,100.0,True
원재료_영문명9.csv,원재료_영문명9,원재료_학명9.csv,원재료_학명9,0.8,1,Aaaaaaaa,2966.0,,UNIQUE,0.0,100.0,1,Aaaaaaaaa aaaaaaaaaa,804.0,,UNIQUE,0.0,100.0,False
원재료_영문명9.csv,원재료_영문명9,원재료명9.csv,원재료명9,0.7692,1,Aaaaaaaa,2966.0,,UNIQUE,0.0,100.0,0,KKKKK,1441.0,,Text,0.0,100.0,False
원재료_학명9.csv,원재료_학명9,원재료_영문명9.csv,원재료_영문명9,0.8,1,Aaaaaaaaa aaaaaaaaaa,804.0,,UNIQUE,0.0,100.0,1,Aaaaaaaa,2966.0,,UNIQUE,0.0,100.0,False
원재료_학명9.csv,원재료_학명9,원재료_학명9.csv,원재료_학명9,1.0,1,Aaaaaaaaa aaaaaaaaaa,804.0,,UNIQUE,0.0,100.0,1,Aaaaaaaaa aaaaaaaaaa,804.0,,UNIQUE,0.0,100.0,True
원재료_학명9.csv,원재료_학명9,원재료명9.csv,원재료명9,0.8333,1,Aaaaaaaaa aaaaaaaaaa,804.0,,UNIQUE,0.0,100.0,0,KKKKK,1441.0,,Text,0.0,100.0,False
원재료명9.csv,원재료명9,원재료_영문명9.csv,원재료_영문명9,0.7692,0,KKKKK,1441.0,,Text,0.0,100.0,1,Aaaaaaaa,2966.0,,UNIQUE,0.0,100.0,False
원재료명9.csv,원재료명9,원재료_학명9.csv,원재료_학명9,0.8333,0,KKKKK,1441.0,,Text,0.0,100.0,1,Aaaaaaaaa aaaaaaaaaa,804.0,,UNIQUE,0.0,100.0,False
원재료명9.csv,원재료명9,원재료명9.csv,원재료명9,1.0,0,KKKKK,1441.0,,Text,0.0,100.0,0,KKKKK,1441.0,,Text,0.0,100.0,True
원재료코드.csv,원재료코드,원재료코드.csv,원재료코드,1.0,1,Annnnnnnnnnnnn,7.0,,UNIQUE,0.0,100.0,1,Annnnnnnnnnnnn,7.0,,UNIQUE,0.0,100.0,True
유통판매업5.csv,유통판매업5,유통판매업5.csv,유통판매업5,1.0,0,KKKKK,46.0,,Text,0.0,100.0,0,KKKKK,46.0,,Text,0.0,100.0,True
읍면동.csv,읍면동,읍면동.csv,읍면동,1.0,1,KKK,7.0,,UNIQUE,0.0,100.0,1,KKK,7.0,,UNIQUE,0.0,100.0,True
의료기관분류.csv,의료기관분류,의료기관분류.csv,의료기관분류,1.0,1,KKKK,4.0,,UNIQUE,0.0,100.0,1,KKKK,4.0,,UNIQUE,0.0,100.0,True
의약품명5.csv,의약품명5,식약제품명5.csv,식약제품명5,0.7273,0,KKKKK,33.0,,Text,0.0,100.0,0,KKKKK,41.0,,Text,0.0,100.0,False
의약품명5.csv,의약품명5,의약품명5.csv,의약품명5,1.0,0,KKKKK,33.0,,Text,0.0,100.0,0,KKKKK,33.0,,Text,0.0,100.0,True
의약품명5.csv,의약품명5,의약품업체명5.csv,의약품업체명5,0.8333,0,KKKKK,33.0,,Text,0.0,100.0,1,KKKKK,12.0,,UNIQUE,0.0,100.0,False
의약품목기준코드.csv,의약품목기준코드,의약품목기준코드.csv,의약품목기준코드,1.0,1,nnnnnnnnn,2.0,,UNIQUE,0.0,100.0,1,nnnnnnnnn,2.0,,UNIQUE,0.0,100.0,True
의약품목기준코드.csv,의약품목기준코드,의약품표준코드.csv,의약품표준코드,0.8,1,nnnnnnnnn,2.0,,UNIQUE,0.0,100.0,1,n.nnnnnAsnn,3.0,,UNIQUE,0.0,100.0,False
의약품업체명5.csv,의약품업체명5,식약업체명5.csv,식약업체명5,0.7692,1,KKKKK,12.0,,UNIQUE,0.0,100.0,0,KKKK(K),43.0,,Text,0.0,100.0,False
의약품업체명5.csv,의약품업체명5,의약품명5.csv,의약품명5,0.8333,1,KKKKK,12.0,,UNIQUE,0.0,100.0,0,KKKKK,33.0,,Text,0.0,100.0,False
의약품업체명5.csv,의약품업체명5,의약품업체명5.csv,의약품업체명5,1.0,1,KKKKK,12.0,,UNIQUE,0.0,100.0,1,KKKKK,12.0,,UNIQUE,0.0,100.0,True
의약품표준코드.csv,의약품표준코드,의약품목기준코드.csv,의약품목기준코드,0.8,1,n.nnnnnAsnn,3.0,,UNIQUE,0.0,100.0,1,nnnnnnnnn,2.0,,UNIQUE,0.0,100.0,False
의약품표준코드.csv,의약품표준코드,의약품표준코드.csv,의약품표준코드,1.0,1,n.nnnnnAsnn,3.0,,UNIQUE,0.0,100.0,1,n.nnnnnAsnn,3.0,,UNIQUE,0.0,100.0,True
자격면허명.csv,자격면허명,자격면허명.csv,자격면허명,1.0,0,KKKKKKK,86.0,,Text,0.0,100.0,0,KKKKKKK,86.0,,Text,0.0,100.0,True
자동차정비업체5.csv,자동차정비업체5,자동차정비업체5.csv,자동차정비업체5,1.0,0,KKKKK,67.0,,Text,0.0,100.0,0,KKKKK,67.0,,Text,0.0,100.0,True
자산계정.csv,자산계정,자산계정.csv,자산계정,1.0,0,KKK,2.0,,,0.0,100.0,0,KKK,2.0,,,0.0,100.0,True
장애등급.csv,장애등급,장애등급.csv,장애등급,1.0,1,KKKKK KnK,5.0,,UNIQUE,0.0,100.0,1,KKKKK KnK,5.0,,UNIQUE,0.0,100.0,True
전표종류.csv,전표종류,전표종류.csv,전표종류,1.0,0,KKKKKK,100.0,,Text,0.0,100.0,0,KKKKKK,100.0,,Text,0.0,100.0,True
전화국가번호.csv,전화국가번호,test.csv,전화번호,0.8,1,nnn,10.0,,UNIQUE,0.0,100.0,0,nnnnnnnn,2.0,,TEL,0.0,81.25,False
전화국가번호.csv,전화국가번호,사용자.csv,전화번호,0.8,1,nnn,10.0,,UNIQUE,0.0,100.0,0,nnn-nnn-nnnn,21.0,,TEL,15.7,25.04,False
전화국가번호.csv,전화국가번호,수입관리점소.csv,전화번호,0.8,1,nnn,10.0,,UNIQUE,0.0,100.0,0,nn-nnn-nnnn,5.0,,TEL,0.0,49.72,False
전화국가번호.csv,전화국가번호,전화국가번호.csv,전화국가번호,1.0,1,nnn,10.0,,UNIQUE,0.0,100.0,1,nnn,10.0,,UNIQUE,0.0,100.0,True
전화지역번호.csv,전화지역번호,test.csv,전화번호,0.8,1,nnn,2.0,,UNIQUE,0.0,100.0,0,nnnnnnnn,2.0,,TEL,0.0,81.25,False
전화지역번호.csv,전화지역번호,사용자.csv,전화번호,0.8,1,nnn,2.0,,UNIQUE,0.0,100.0,0,nnn-nnn-nnnn,21.0,,TEL,15.7,25.04,False
전화지역번호.csv,전화지역번호,수입관리점소.csv,전화번호,0.8,1,nnn,2.0,,UNIQUE,0.0,100.0,0,nn-nnn-nnnn,5.0,,TEL,0.0,49.72,False
전화지역번호.csv,전화지역번호,전화지역번호.csv,전화지역번호,1.0,1,nnn,2.0,,UNIQUE,0.0,100.0,1,nnn,2.0,,UNIQUE,0.0,100.0,True
조직.csv,조직,ORGNIZATION.csv,조직명,0.8,1,KKKK,13.0,,UNIQUE,0.0,100.0,0,KK(K),270.0,,Text,0.0,94.97,False
조직.csv,조직,택배_조직도.csv,조직명,0.8,1,KKKK,13.0,,UNIQUE,0.0,100.0,0,KK(K),270.0,,Text,0.0,94.97,False
조직.csv,조직,조직.csv,조직,1.0,1,KKKK,13.0,,UNIQUE,0.0,100.0,1,KKKK,13.0,,UNIQUE,0.0,100.0,True
종교.csv,종교,종교.csv,종교,1.0,0,KKK,3.0,,,0.0,100.0,0,KKK,3.0,,,0.0,100.0,True
좌표계.csv,좌표계,좌표계.csv,좌표계,1.0,0,AAA,5.0,,,0.0,100.0,0,AAA,5.0,,,0.0,100.0,True
주거형태.csv,주거형태,주거형태.csv,주거형태,1.0,0,KK,1.0,,,0.0,100.0,0,KK,1.0,,,0.0,100.0,True
주민번호6자리.csv,주민번호6자리,주민번호6자리.csv,주민번호6자리,1.0,0,nnnnnn,1.0,,YYMMDD,0.0,100.0,0,nnnnnn,1.0,,YYMMDD,0.0,100.0,True
증권종목코드.csv,증권종목코드,증권종목코드.csv,증권종목코드,1.0,1,nnnnnn,1.0,,UNIQUE,0.0,100.0,1,nnnnnn,1.0,,UNIQUE,0.0,100.0,True
지목.csv,지목,지목.csv,지목,1.0,1,KK,5.0,,UNIQUE,0.0,100.0,1,KK,5.0,,UNIQUE,0.0,100.0,True
지방세목.csv,지방세목,지방세목.csv,지방세목,1.0,0,KKKKK(KK),21.0,,Text,0.0,80.8,0,KKKKK(KK),21.0,,Text,0.0,80.8,True
지방세분류.csv,지방세분류,지방세분류.csv,지방세분류,1.0,0,KKKKK,46.0,,Text,0.0,100.0,0,KKKKK,46.0,,Text,0.0,100.0,True
직군.csv,직군,직군.csv,직군,1.0,0,KKK,2.0,,,0.0,100.0,0,KKK,2.0,,,0.0,100.0,True
직무.csv,직무,직무.csv,직무,1.0,0,KKKK,99.0,,Text,0.0,100.0,0,KKKK,99.0,,Text,0.0,100.0,True
직업명.csv,직업명,직업명.csv,직업명,1.0,0,KKKKK,62.0,,Text,0.0,99.81,0,KKKKK,62.0,,Text,0.0,99.81,True
직업분류.csv,직업분류,직업분류.csv,직업분류,1.0,0,KKsKKK,26.0,,Text,0.0,100.0,0,KKsKKK,26.0,,Text,0.0,100.0,True
직책.csv,직책,직책.csv,직책,1.0,1,KK,4.0,,UNIQUE,0.0,100.0,1,KK,4.0,,UNIQUE,0.0,100.0,True
질병명5.csv,질병명5,질병명5.csv,질병명5,1.0,0,KKKKK,203.0,,Text,0.0,100.0,0,KKKKK,203.0,,Text,0.0,100.0,True
질병명5.csv,질병명5,질병영문명5.csv,질병영문명5,0.8,0,KKKKK,203.0,,Text,0.0,100.0,1,Aaaaa,77.0,,UNIQUE,0.0,100.0,False
질병분류코드.csv,질병분류코드,질병분류코드.csv,질병분류코드,1.0,1,Ann.n,6.0,,UNIQUE,0.0,100.0,1,Ann.n,6.0,,UNIQUE,0.0,100.0,True
질병영문명5.csv,질병영문명5,질병명5.csv,질병명5,0.8,1,Aaaaa,77.0,,UNIQUE,0.0,100.0,0,KKKKK,203.0,,Text,0.0,100.0,False
질병영문명5.csv,질병영문명5,질병영문명5.csv,질병영문명5,1.0,1,Aaaaa,77.0,,UNIQUE,0.0,100.0,1,Aaaaa,77.0,,UNIQUE,0.0,100.0,True
차종.csv,차종,차종.csv,차종,1.0,1,KKKKK,10.0,,UNIQUE,0.0,100.0,1,KKKKK,10.0,,UNIQUE,0.0,100.0,True
표준산업대분류.csv,표준산업대분류,표준산업대분류.csv,표준산업대분류,1.0,0,KK K KKK,18.0,,ADDRESS,0.0,100.0,0,KK K KKK,18.0,,ADDRESS,0.0,100.0,True
표준산업대분류.csv,표준산업대분류,표준산업분류.csv,표준산업분류,0.9231,0,KK K KKK,18.0,,ADDRESS,0.0,100.0,1,nnnnn,2.0,,UNIQUE,0.08,100.0,False
표준산업대분류.csv,표준산업대분류,표준산업세분류.csv,표준산업세분류,0.8571,0,KK K KKK,18.0,,ADDRESS,0.0,100.0,0,KK KKK,235.0,,Text,0.0,100.0,False
표준산업대분류.csv,표준산업대분류,표준산업세세분류.csv,표준산업세세분류,0.8,0,KK K KKK,18.0,,ADDRESS,0.0,100.0,0,KK KKK,399.0,,Text,0.0,100.0,False
표준산업대분류.csv,표준산업대분류,표준산업소분류.csv,표준산업소분류,0.8571,0,KK K KKK,18.0,,ADDRESS,0.0,100.0,0,KK KKK,122.0,,Text,0.0,100.0,False
표준산업분류.csv,표준산업분류,표준산업대분류.csv,표준산업대분류,0.9231,1,nnnnn,2.0,,UNIQUE,0.08,100.0,0,KK K KKK,18.0,,ADDRESS,0.0,100.0,False
표준산업분류.csv,표준산업분류,표준산업분류.csv,표준산업분류,1.0,1,nnnnn,2.0,,UNIQUE,0.08,100.0,1,nnnnn,2.0,,UNIQUE,0.08,100.0,True
표준산업분류.csv,표준산업분류,표준산업세분류.csv,표준산업세분류,0.9231,1,nnnnn,2.0,,UNIQUE,0.08,100.0,0,KK KKK,235.0,,Text,0.0,100.0,False
표준산업분류.csv,표준산업분류,표준산업세세분류.csv,표준산업세세분류,0.8571,1,nnnnn,2.0,,UNIQUE,0.08,100.0,0,KK KKK,399.0,,Text,0.0,100.0,False
표준산업분류.csv,표준산업분류,표준산업소분류.csv,표준산업소분류,0.9231,1,nnnnn,2.0,,UNIQUE,0.08,100.0,0,KK KKK,122.0,,Text,0.0,100.0,False
표준산업세분류.csv,표준산업세분류,표준산업대분류.csv,표준산업대분류,0.8571,0,KK KKK,235.0,,Text,0.0,100.0,0,KK K KKK,18.0,,ADDRESS,0.0,100.0,False
표준산업세분류.csv,표준산업세분류,표준산업분류.csv,표준산업분류,0.9231,0,KK KKK,235.0,,Text,0.0,100.0,1,nnnnn,2.0,,UNIQUE,0.08,100.0,False
표준산업세분류.csv,표준산업세분류,표준산업세분류.csv,표준산업세분류,1.0,0,KK KKK,235.0,,Text,0.0,100.0,0,KK KKK,235.0,,Text,0.0,100.0,True
표준산업세분류.csv,표준산업세분류,표준산업세세분류.csv,표준산업세세분류,0.9333,0,KK KKK,235.0,,Text,0.0,100.0,0,KK KKK,399.0,,Text,0.0,100.0,False
표준산업세분류.csv,표준산업세분류,표준산업소분류.csv,표준산업소분류,0.8571,0,KK KKK,235.0,,Text,0.0,100.0,0,KK KKK,122.0,,Text,0.0,100.0,False
표준산업세세분류.csv,표준산업세세분류,표준산업대분류.csv,표준산업대분류,0.8,0,KK KKK,399.0,,Text,0.0,100.0,0,KK K KKK,18.0,,ADDRESS,0.0,100.0,False
표준산업세세분류.csv,표준산업세세분류,표준산업분류.csv,표준산업분류,0.8571,0,KK KKK,399.0,,Text,0.0,100.0,1,nnnnn,2.0,,UNIQUE,0.08,100.0,False
표준산업세세분류.csv,표준산업세세분류,표준산업세분류.csv,표준산업세분류,0.9333,0,KK KKK,399.0,,Text,0.0,100.0,0,KK KKK,235.0,,Text,0.0,100.0,False
표준산업세세분류.csv,표준산업세세분류,표준산업세세분류.csv,표준산업세세분류,1.0,0,KK KKK,399.0,,Text,0.0,100.0,0,KK KKK,399.0,,Text,0.0,100.0,True
표준산업세세분류.csv,표준산업세세분류,표준산업소분류.csv,표준산업소분류,0.8,0,KK KKK,399.0,,Text,0.0,100.0,0,KK KKK,122.0,,Text,0.0,100.0,False
표준산업소분류.csv,표준산업소분류,표준산업대분류.csv,표준산업대분류,0.8571,0,KK KKK,122.0,,Text,0.0,100.0,0,KK K KKK,18.0,,ADDRESS,0.0,100.0,False
표준산업소분류.csv,표준산업소분류,표준산업분류.csv,표준산업분류,0.9231,0,KK KKK,122.0,,Text,0.0,100.0,1,nnnnn,2.0,,UNIQUE,0.08,100.0,False
표준산업소분류.csv,표준산업소분류,표준산업세분류.csv,표준산업세분류,0.8571,0,KK KKK,122.0,,Text,0.0,100.0,0,KK KKK,235.0,,Text,0.0,100.0,False
표준산업소분류.csv,표준산업소분류,표준산업세세분류.csv,표준산업세세분류,0.8,0,KK KKK,122.0,,Text,0.0,100.0,0,KK KKK,399.0,,Text,0.0,100.0,False
표준산업소분류.csv,표준산업소분류,표준산업소분류.csv,표준산업소분류,1.0,0,KK KKK,122.0,,Text,0.0,100.0,0,KK KKK,122.0,,Text,0.0,100.0,True
품목_영문명.csv,품목_영문명,품목_영문명.csv,품목_영문명,1.0,1,Aaaaaaaa,320.0,,UNIQUE,0.0,100.0,1,Aaaaaaaa,320.0,,UNIQUE,0.0,100.0,True
품목명.csv,품목명,품목명.csv,품목명,1.0,0,KKKK,466.0,,Text,0.0,100.0,0,KKKK,466.0,,Text,0.0,100.0,True
품목분류코드.csv,품목분류코드,품목분류코드.csv,품목분류코드,1.0,1,Annnnnnnnnnnnn,5.0,,UNIQUE,0.0,100.0,1,Annnnnnnnnnnnn,5.0,,UNIQUE,0.0,100.0,True
한국성씨.csv,한국성씨,한국성씨.csv,한국성씨,1.0,0,K,2.0,,,0.0,35.77,0,K,2.0,,,0.0,35.77,True
한국성씨.csv,한국성씨,한국성씨_한자.csv,한국성씨_한자,0.7273,0,K,2.0,,,0.0,35.77,0,s,4.0,,,0.0,98.08,False
한국성씨_한자.csv,한국성씨_한자,한국성씨.csv,한국성씨,0.7273,0,s,4.0,,,0.0,98.08,0,K,2.0,,,0.0,35.77,False
한국성씨_한자.csv,한국성씨_한자,한국성씨_한자.csv,한국성씨_한자,1.0,0,s,4.0,,,0.0,98.08,0,s,4.0,,,0.0,98.08,True
한글성명.csv,한글성명,한글성명.csv,한글성명,1.0,0,KKK,1.0,,KOR_NAME,0.0,100.0,0,KKK,1.0,,KOR_NAME,0.0,100.0,True
항공기제작사9.csv,항공기제작사9,항공기제작사9.csv,항공기제작사9,1.0,1,AAAAAAAA,27.0,,UNIQUE,0.0,100.0,1,AAAAAAAA,27.0,,UNIQUE,0.0,100.0,True
항공기종류.csv,항공기종류,항공기종류.csv,항공기종류,1.0,1,Annn-nnn,68.0,,UNIQUE,0.0,100.0,1,Annn-nnn,68.0,,UNIQUE,0.0,100.0,True
행정동.csv,행정동,행정동.csv,행정동,1.0,1,KKK,20.0,,UNIQUE,0.0,100.0,1,KKK,20.0,,UNIQUE,0.0,100.0,True
행정동.csv,행정동,행정동코드.csv,행정동코드,0.75,1,KKK,20.0,,UNIQUE,0.0,100.0,1,nnnnnnnnnn,1.0,,UNIQUE,0.0,100.0,False
행정동코드.csv,행정동코드,법정동코드.csv,법정동코드,0.8,1,nnnnnnnnnn,1.0,,UNIQUE,0.0,100.0,1,nnnnnnnnnn,1.0,,UNIQUE,0.0,100.0,False
행정동코드.csv,행정동코드,행정동.csv,행정동,0.75,1,nnnnnnnnnn,1.0,,UNIQUE,0.0,100.0,1,KKK,20.0,,UNIQUE,0.0,100.0,False
행정동코드.csv,행정동코드,행정동코드.csv,행정동코드,1.0,1,nnnnnnnnnn,1.0,,UNIQUE,0.0,100.0,1,nnnnnnnnnn,1.0,,UNIQUE,0.0,100.0,True
