FilePath,FileName,ColumnName,Top10,Top10_Cnt,Label,Cnt,Matched_List,Match_Rate,Target_Tolerance,Value_Label_Summary
C:/projects/myproject/QDQM/DS_Input/Internal/CONTRACT.csv,CONTRACT.csv,CONTRACT_NO,"[""6008970"", ""8012611"", ""4446777"", ""9117756"", ""140509"", ""8009345"", ""112394"", ""133188"", ""6003115"", ""123167""]",10,,,ZIP_CODE_OLD:4,40.0%,80.0%,ZIP_CODE_OLD:4
C:/projects/myproject/QDQM/DS_Input/Internal/CONTRACT.csv,CONTRACT.csv,CUSTOMER,"[""(주)농협물류"", ""주식회사 LF"", ""(주)하이프라자"", ""삼성전자판매 주식회사"", ""롯데쇼핑(주)롯데슈퍼사업본부"", ""(주)에이비씨마트코리아"", ""롯데쇼핑(주)롯데마트사업본부"", ""(주)지에스리테일"", ""롯데하이마트(주)"", ""한솔로지스틱스주식회사""]",10,COMPANY_NAME,5,COMPANY_NAME:5,50.0%,40.0%,COMPANY_NAME:5
C:/projects/myproject/QDQM/DS_Input/Internal/CONTRACT.csv,CONTRACT.csv,CUST_NO,"[""1000045549"", ""1000056556"", ""1000037425"", ""1000086587"", ""1000095585"", ""1000048902"", ""1000060786"", ""1000022237"", ""1000010170"", ""1000009480""]",10,,,BIZ_NO:2,20.0%,90.0%,BIZ_NO:2
C:/projects/myproject/QDQM/DS_Input/Internal/CONTRACT.csv,CONTRACT.csv,CONTRACT_DATE,"[""19990101"", ""20200826"", ""20081201"", ""20220301"", ""20080501"", ""20230901"", ""20130401"", ""19990501"", ""20130826"", ""20050901""]",10,YYYYMMDD,10,YYYYMMDD:10,100.0%,90.0%,YYYYMMDD:10
C:/projects/myproject/QDQM/DS_Input/Internal/CONTRACT.csv,CONTRACT.csv,CONTRACT_ORG_CD,"[""HJTOCHT"", ""BUEBR"", ""KSOOCHT"", ""BUGOCHT"", ""KUROCHT"", ""TAEOCHT"", ""GIEBR"", ""SEEBR"", ""PUNOCHT"", ""TJNOCHT""]",10,,,,0.0%,80.0%,
C:/projects/myproject/QDQM/DS_Input/Internal/CONTRACT.csv,CONTRACT.csv,SALES_EMP,"[""9999999"", ""9703945"", ""12891"", ""310741"", ""610234"", ""210836"", ""1910344"", ""9501903"", ""1111493"", ""811145""]",10,,,"ZIP_CODE_OLD:4, ZIP_CODE:1",40.0%,80.0%,"ZIP_CODE_OLD:4, ZIP_CODE:1"
C:/projects/myproject/QDQM/DS_Input/Internal/CONTRACT.csv,CONTRACT.csv,ZIP,"[""135080"", ""137070"", ""153023"", ""400103"", ""133120"", ""150010"", ""137130"", ""135010"", ""140012"", ""100450""]",10,ZIP_CODE_OLD,10,"ZIP_CODE_OLD:10, YEAR_MONTH:1",100.0%,80.0%,"ZIP_CODE_OLD:10, YEAR_MONTH:1"
C:/projects/myproject/QDQM/DS_Input/Internal/CONTRACT.csv,CONTRACT.csv,ADDR,"[""경기도 성남시 분당구 황새울로 340"", ""서울시 강남구 논현로 508(역삼동, GS타워)"", ""서울특별시 금천구 가산동"", ""인천광역시 계양구 마장로512번길 7 (효성동)"", ""인천광역시 부평구 부평북로 295"", ""서울특별시 금천구 가산디지털2로 83"", ""경기도 용인시 기흥구 고매동"", ""서울특별시 구로구 구로동"", ""인천광역시 중구 인항로 39"", ""인천광역시 중구 신흥동3가""]",10,ADDRESS,10,ADDRESS:10,100.0%,50.0%,ADDRESS:10
C:/projects/myproject/QDQM/DS_Input/Internal/CONTRACT.csv,CONTRACT.csv,RETURN_ZIP,"[""135-080"", ""137-070"", ""153-023"", ""400-103"", ""133-120"", ""137-130"", ""150-010"", ""135-010"", ""140-012"", ""130-100""]",10,ZIP_CODE_OLD,10,ZIP_CODE_OLD:10,100.0%,80.0%,ZIP_CODE_OLD:10
C:/projects/myproject/QDQM/DS_Input/Internal/CONTRACT.csv,CONTRACT.csv,RETURN_ADDR,"[""서울특별시 금천구 가산동"", ""경기도 용인시 기흥구 고매동"", ""서울특별시 구로구 구로동"", ""서울특별시 금천구 가산디지털2로 83"", ""인천광역시 부평구 부평북로 295"", ""인천광역시 중구 신흥동3가"", ""인천광역시 중구 인항로 39"", ""서울특별시 도봉구 창동"", ""서울특별시 관악구 신림동"", ""경기도 시흥시 정왕동""]",10,ADDRESS,10,ADDRESS:10,100.0%,50.0%,ADDRESS:10
C:/projects/myproject/QDQM/DS_Input/Internal/CONTRACT.csv,CONTRACT.csv,START_DATE,"[""1999-01-01"", ""2023-05-01"", ""2020-08-26"", ""2023-09-01"", ""2008-05-24"", ""2023-08-01"", ""2023-01-01"", ""2023-07-01"", ""2023-11-01"", ""2023-03-01""]",10,YYYYMMDD,10,"YYYYMMDD:10, TIME_STAMP:10",100.0%,90.0%,"YYYYMMDD:10, TIME_STAMP:10"
C:/projects/myproject/QDQM/DS_Input/Internal/CONTRACT.csv,CONTRACT.csv,END_DATE,"[""2021-10-12"", ""2024-04-30"", ""2024-08-31"", ""//"", ""1999-12-31"", ""2024-07-31"", ""2023-12-31"", ""2024-06-30"", ""2021-08-25"", ""2021-07-31""]",10,YYYYMMDD,9,"YYYYMMDD:9, TIME_STAMP:9",90.0%,90.0%,"YYYYMMDD:9, TIME_STAMP:9"
C:/projects/myproject/QDQM/DS_Input/Internal/CONTRACT.csv,CONTRACT.csv,ORG_CODE,"[""1100"", ""9820"", ""1840"", ""4000"", ""1350"", ""1520"", ""4230"", ""4402"", ""1250"", ""1050""]",10,,,,0.0%,80.0%,
C:/projects/myproject/QDQM/DS_Input/Internal/CONTRACT.csv,CONTRACT.csv,EMP_NO,"[""1058724"", ""3252303"", ""2155215"", ""3372154"", ""3079296"", ""2479120"", ""2253016"", ""2055432"", ""1156761"", ""2655634""]",10,,,,0.0%,80.0%,
C:/projects/myproject/QDQM/DS_Input/Internal/CONTRACT.csv,CONTRACT.csv,REQUEST_ORG,"[""SEKBR"", ""SELBX"", ""TAEBR"", ""BKKDD"", ""PDGBR"", ""MAPDD"", ""PUSKE"", ""JCNDD"", ""ILSOC"", ""QTWBR""]",10,,,,0.0%,80.0%,
C:/projects/myproject/QDQM/DS_Input/Internal/CONTRACT.csv,CONTRACT.csv,CORRECT_ORG,"[""BKKDD"", ""TAEBR"", ""SELBX"", ""SEKBR"", ""PUSKE"", ""PDGBR"", ""MAPDD"", ""JCNDD"", ""QTWBR"", ""EWBRA""]",10,,,,0.0%,80.0%,
C:/projects/myproject/QDQM/DS_Input/Internal/CONTRACT.csv,CONTRACT.csv,COST_ORG,"[""1183"", ""1178"", ""1197"", ""1113"", ""1156"", ""1158"", ""1410"", ""1139"", ""1134"", ""1365""]",10,,,,0.0%,80.0%,
C:/projects/myproject/QDQM/DS_Input/Internal/CONTRACT.csv,CONTRACT.csv,PAY_TYPE,"[""CREDIT"", ""CASH""]",2,,,,0.0%,80.0%,
C:/projects/myproject/QDQM/DS_Input/Internal/CONTRACT.csv,CONTRACT.csv,PRICE,"[""0"", ""2500"", ""3000"", ""2000"", ""4000"", ""1800"", ""2200"", ""3500"", ""2300"", ""2700""]",10,,,YEAR:5,50.0%,90.0%,YEAR:5
C:/projects/myproject/QDQM/DS_Input/Internal/CONTRACT.csv,CONTRACT.csv,COMMISION,"[""0"", ""500"", ""1500"", ""1000""]",4,,,,0.0%,80.0%,
C:/projects/myproject/QDQM/DS_Input/Internal/CONTRACT.csv,CONTRACT.csv,DEVELOP_ORG,"[""1100"", ""4000"", ""1350"", ""1210"", ""1520"", ""1000"", ""9887"", ""6170"", ""1300"", ""1580""]",10,,,,0.0%,80.0%,
C:/projects/myproject/QDQM/DS_Input/Internal/CONTRACT.csv,CONTRACT.csv,IMAGE,"[""N"", ""Y""]",2,,,,0.0%,80.0%,
C:/projects/myproject/QDQM/DS_Input/Internal/CONTRACT.csv,CONTRACT.csv,GOOD_YN,"[""N"", ""Y""]",2,,,,0.0%,80.0%,
C:/projects/myproject/QDQM/DS_Input/Internal/CONTRACT.csv,CONTRACT.csv,ENT_EMP,"[""2462191"", ""720031"", ""410454"", ""311430"", ""1520061"", ""1110572"", ""710673"", ""9200251"", ""610750"", ""1510821""]",10,,,ZIP_CODE_OLD:5,50.0%,80.0%,ZIP_CODE_OLD:5
C:/projects/myproject/QDQM/DS_Input/Internal/CONTRACT.csv,CONTRACT.csv,UPDATE_EMP,"[""3256411"", ""CntractApi""]",2,,,,0.0%,80.0%,
C:/projects/myproject/QDQM/DS_Input/Internal/CONTRACT.csv,CONTRACT.csv,ENT_DATE,"[""2014-12-28 0:43"", ""2015-08-10 5:45"", ""2015-07-16 22:33"", ""2015-07-16 21:50"", ""2015-07-16 21:07"", ""2015-07-16 20:24"", ""2015-07-16 19:40"", ""2015-07-16 18:57"", ""2015-07-16 18:14"", ""2015-07-16 17:31""]",10,TIME_STAMP,10,TIME_STAMP:10,100.0%,90.0%,TIME_STAMP:10
C:/projects/myproject/QDQM/DS_Input/Internal/CUSTOMER.csv,CUSTOMER.csv,고객번호,"[""3009202"", ""9119197"", ""0144351"", ""0113533"", ""3006883"", ""0110364"", ""0110973"", ""0124109"", ""1001434"", ""8006132""]",10,,,,0.0%,80.0%,
C:/projects/myproject/QDQM/DS_Input/Internal/CUSTOMER.csv,CUSTOMER.csv,사업구분,"[""D"", ""I""]",2,,,,0.0%,80.0%,
C:/projects/myproject/QDQM/DS_Input/Internal/CUSTOMER.csv,CUSTOMER.csv,고객명,"[""주식회사 LF"", ""롯데하이마트(주)"", ""(주)하이프라자"", ""롯데쇼핑(주)롯데슈퍼사업본부"", ""(주)GS리테일"", ""쌤소나이트코리아(주)"", ""롯데쇼핑(주)롯데마트사업본부"", ""(주)에이비씨마트코리아"", ""한솔로지스틱스주식회사"", ""쿠팡 주식회사""]",10,COMPANY_NAME,5,COMPANY_NAME:5,50.0%,40.0%,COMPANY_NAME:5
C:/projects/myproject/QDQM/DS_Input/Internal/CUSTOMER.csv,CUSTOMER.csv,영문고객명,"[""S"", ""KOREAN AIR"", ""GLOBAL CO.,LTD"", ""K"", ""A"", ""H"", ""AMTECH KOREA.,LTD"", ""SHINIL CO.,LTD"", ""HANIL CARPET"", ""GM TRADING""]",10,,,COMPANY_NAME:1,10.0%,40.0%,COMPANY_NAME:1
C:/projects/myproject/QDQM/DS_Input/Internal/CUSTOMER.csv,CUSTOMER.csv,국가코드,"[""KR"", ""PT""]",2,,,,0.0%,80.0%,
C:/projects/myproject/QDQM/DS_Input/Internal/CUSTOMER.csv,CUSTOMER.csv,주민_사업자등록번호,"[""2018187986"", ""2118787724"", ""1048116860"", ""1298122380"", ""1168118745"", ""2068511698"", ""6178117517"", ""2188121342"", ""1028141359"", ""2158513569""]",10,BIZ_NO,10,BIZ_NO:10,100.0%,90.0%,BIZ_NO:10
C:/projects/myproject/QDQM/DS_Input/Internal/CUSTOMER.csv,CUSTOMER.csv,우편번호,"[""03739"", ""135080"", ""06017"", ""153023"", ""135010"", ""135280"", ""135090"", ""137070"", ""152050"", ""150010""]",10,ZIP_CODE_OLD,8,"ZIP_CODE_OLD:8, ZIP_CODE:2",80.0%,80.0%,"ZIP_CODE_OLD:8, ZIP_CODE:2"
C:/projects/myproject/QDQM/DS_Input/Internal/CUSTOMER.csv,CUSTOMER.csv,주소,"[""."", ""0000 0000"", ""1"", ""509번지"", ""(마곡동)"", ""140"", ""1층"", ""10번지 GS강서타워"", ""118"", ""12층""]",10,,,,0.0%,80.0%,
C:/projects/myproject/QDQM/DS_Input/Internal/CUSTOMER.csv,CUSTOMER.csv,청구부서,"[""관리"", ""관리팀"", ""."", ""관리부"", ""총무"", ""영업부"", ""총무팀"", ""대표"", ""영업팀"", ""영업""]",10,,,NAME_KOR:5,50.0%,70.0%,NAME_KOR:5
C:/projects/myproject/QDQM/DS_Input/Internal/CUSTOMER.csv,CUSTOMER.csv,청구지우편번호,"[""135080"", ""135120"", ""153023"", ""135010"", ""137070"", ""135280"", ""152050"", ""150010"", ""135090"", ""137130""]",10,ZIP_CODE_OLD,10,ZIP_CODE_OLD:10,100.0%,80.0%,ZIP_CODE_OLD:10
C:/projects/myproject/QDQM/DS_Input/Internal/CUSTOMER.csv,CUSTOMER.csv,청구지주소,"[""."", ""언주로 174길 10"", ""1층"", ""1"", ""0000 0000"", ""945-1 홍우빌딩 12층"", ""-"", ""(을지로2가)21층"", ""140"", ""327""]",10,,,,0.0%,80.0%,
C:/projects/myproject/QDQM/DS_Input/Internal/CUSTOMER.csv,CUSTOMER.csv,판매일,"[""19990101"", ""20200826"", ""20081201"", ""19990501"", ""20130401"", ""20220301"", ""20220701"", ""20190501"", ""20230901"", ""20060401""]",10,YYYYMMDD,10,YYYYMMDD:10,100.0%,90.0%,YYYYMMDD:10
C:/projects/myproject/QDQM/DS_Input/Internal/CUSTOMER.csv,CUSTOMER.csv,판매점소,"[""GIEBR"", ""BUEBR"", ""SEEBR"", ""TAEBR"", ""SKPBR"", ""TJNBR"", ""KWJBR"", ""SCOBR"", ""HQRLM"", ""SESBR""]",10,,,,0.0%,80.0%,
C:/projects/myproject/QDQM/DS_Input/Internal/CUSTOMER.csv,CUSTOMER.csv,판매원사번,"[""9999999"", ""0012891"", ""0310741"", ""9703945"", ""9501903"", ""1910344"", ""0011804"", ""0911610"", ""1111493"", ""9410763""]",10,,,,0.0%,80.0%,
C:/projects/myproject/QDQM/DS_Input/Internal/CUSTOMER.csv,CUSTOMER.csv,담당부서,"[""관리"", ""관리팀"", ""관리부"", ""."", ""총무"", ""대표"", ""총무팀"", ""영업부"", ""관리부서"", ""영업팀""]",10,,,NAME_KOR:5,50.0%,70.0%,NAME_KOR:5
C:/projects/myproject/QDQM/DS_Input/Internal/CUSTOMER.csv,CUSTOMER.csv,집하지우편번호,"[""135080"", ""137070"", ""400103"", ""153023"", ""140012"", ""150010"", ""133120"", ""135010"", ""135090"", ""153803""]",10,ZIP_CODE_OLD,10,"ZIP_CODE_OLD:10, YEAR_MONTH:1",100.0%,80.0%,"ZIP_CODE_OLD:10, YEAR_MONTH:1"
C:/projects/myproject/QDQM/DS_Input/Internal/CUSTOMER.csv,CUSTOMER.csv,집하지대번지,"[""1"", ""7"", ""16"", ""."", ""451"", ""371"", ""2"", ""0"", ""15"", ""34""]",10,,,,0.0%,80.0%,
C:/projects/myproject/QDQM/DS_Input/Internal/CUSTOMER.csv,CUSTOMER.csv,집하지소번지,"[""1"", ""2"", ""3"", ""4"", ""5"", ""6"", ""8"", ""7"", ""10"", ""9""]",10,,,,0.0%,80.0%,
C:/projects/myproject/QDQM/DS_Input/Internal/CUSTOMER.csv,CUSTOMER.csv,집하지주소,"[""1층"", ""."", ""2층"", ""3층"", ""1"", ""/"", ""-"", ""101호"", ""(범어동)"", ""한진택배 작전대리점""]",10,,,,0.0%,80.0%,
C:/projects/myproject/QDQM/DS_Input/Internal/CUSTOMER.csv,CUSTOMER.csv,1ST_STREET,"[""first street"", ""1370 KOREAN AIR BLDG"", ""SEL"", ""SANPAE-DONG"", ""80-5 4KA JUNGANG-DONG"", ""KBAS BLDG., 672-4"", ""33, KUSAN-RI"", ""3-10 CHUNGCHUN-DONG"", ""3FL 49 APM BLDG 198-3 SHINDANGDONG"", ""683 WANORI E-RYU MYOUN""]",10,,,,0.0%,80.0%,
C:/projects/myproject/QDQM/DS_Input/Internal/CUSTOMER.csv,CUSTOMER.csv,계약기간종료일,"[""20231231"", ""20240430"", ""20240831"", ""20211012"", ""20210825"", ""20240731"", ""19991231"", ""20240331"", ""20240630"", ""20241031""]",10,YYYYMMDD,10,YYYYMMDD:10,100.0%,90.0%,YYYYMMDD:10
C:/projects/myproject/QDQM/DS_Input/Internal/CUSTOMER.csv,CUSTOMER.csv,청구점소,"[""TAEBR"", ""SEKBR"", ""BKKDD"", ""PDGBR"", ""SELBX"", ""MAPDD"", ""PUSKE"", ""QTWBR"", ""JCNDD"", ""ILSOC""]",10,,,,0.0%,80.0%,
C:/projects/myproject/QDQM/DS_Input/Internal/CUSTOMER.csv,CUSTOMER.csv,수금점소,"[""TAEBR"", ""BKKDD"", ""SEKBR"", ""SELBX"", ""PUSKE"", ""PDGBR"", ""EWBRA"", ""QTWBR"", ""JCNDD"", ""KBKOC""]",10,,,,0.0%,80.0%,
C:/projects/myproject/QDQM/DS_Input/Internal/CUSTOMER.csv,CUSTOMER.csv,최종수정일시,"[""30:03.0"", ""30:04.0"", ""30:02.0"", ""30:01.0"", ""30:05.0"", ""02:20.0"", ""00:05.0"", ""30:00.0"", ""27:03.0"", ""00:04.0""]",10,,,,0.0%,80.0%,
C:/projects/myproject/QDQM/DS_Input/Internal/CUSTOMER.csv,CUSTOMER.csv,최종변경자사번,"[""2462191"", ""0720031"", ""0410454"", ""0311430"", ""9999999"", ""1520061"", ""9200251"", ""1110572"", ""0710673"", ""2120241""]",10,,,,0.0%,80.0%,
C:/projects/myproject/QDQM/DS_Input/Internal/CUSTOMER.csv,CUSTOMER.csv,집하점소,"[""1100"", ""4000"", ""1840"", ""1520"", ""1350"", ""9820"", ""1700"", ""4230"", ""1050"", ""4402""]",10,,,,0.0%,80.0%,
C:/projects/myproject/QDQM/DS_Input/Internal/CUSTOMER.csv,CUSTOMER.csv,수입조직,"[""1197"", ""1178"", ""1113"", ""1183"", ""1158"", ""1156"", ""1410"", ""1170"", ""1139"", ""1365""]",10,,,,0.0%,80.0%,
C:/projects/myproject/QDQM/DS_Input/Internal/CUSTOMER.csv,CUSTOMER.csv,법인번호,"[""1.10111E+12"", ""1.10112E+12"", ""1.31111E+12"", ""1.20111E+12"", ""1.70111E+12"", ""1.80111E+12"", ""1.21111E+12"", ""1.60111E+12"", ""1.34511E+12"", ""2.84111E+12""]",10,,,,0.0%,80.0%,
C:/projects/myproject/QDQM/DS_Input/Internal/ORGNIZATION.csv,ORGNIZATION.csv,조직코드,"[""000"", ""6870"", ""6850"", ""6859"", ""6860"", ""6861"", ""6862"", ""6863"", ""6864"", ""6865""]",10,,,,0.0%,80.0%,
C:/projects/myproject/QDQM/DS_Input/Internal/ORGNIZATION.csv,ORGNIZATION.csv,상위조직코드,"[""439"", ""BAEKE"", ""195"", ""309"", ""509"", ""609"", ""100"", ""000"", ""KANOCHT"", ""709""]",10,,,,0.0%,80.0%,
C:/projects/myproject/QDQM/DS_Input/Internal/ORGNIZATION.csv,ORGNIZATION.csv,조직명,"[""본사"", ""울산지점"", ""풍납(대)"", ""인천"", ""분당GS전담"", ""인천공항지점"", ""택배사업본부"", ""광주지점"", ""광양지점"", ""평택지점""]",10,,,"COMPANY_NAME:1, SIDO:1",10.0%,40.0%,"COMPANY_NAME:1, SIDO:1"
C:/projects/myproject/QDQM/DS_Input/Internal/ORGNIZATION.csv,ORGNIZATION.csv,조직구분코드,"[""PICKDLV"", ""TML"", ""CENTER"", ""PICK_ONLY"", ""RGN"", ""CMS_SHOP"", ""BRCH"", ""HQ"", ""HD"", ""TRUCK""]",10,,,COMPANY_NAME:1,10.0%,40.0%,COMPANY_NAME:1
C:/projects/myproject/QDQM/DS_Input/Internal/ORGNIZATION.csv,ORGNIZATION.csv,조직관리유형코드,"[""NON_DIRECT"", ""DIRECT""]",2,,,,0.0%,80.0%,
C:/projects/myproject/QDQM/DS_Input/Internal/ORGNIZATION.csv,ORGNIZATION.csv,조직권역구분코드,"[""CP"", ""GN"", ""CC"", ""GB"", ""HN"", ""GW"", ""JJ"", ""WR""]",8,,,COMPANY_NAME:1,12.5%,40.0%,COMPANY_NAME:1
C:/projects/myproject/QDQM/DS_Input/Internal/ORGNIZATION.csv,ORGNIZATION.csv,조직계약시작일자,"[""19990101"", ""20090818"", ""20170401"", ""20180401"", ""20081201"", ""20220712"", ""20211105"", ""20190301"", ""20130227"", ""20181101""]",10,YYYYMMDD,10,YYYYMMDD:10,100.0%,90.0%,YYYYMMDD:10
C:/projects/myproject/QDQM/DS_Input/Internal/ORGNIZATION.csv,ORGNIZATION.csv,조직계약종료일자,"[""20190331"", ""20190430"", ""20190630"", ""20190531"", ""20180731"", ""20180630"", ""20190228"", ""20180331"", ""20181231"", ""20200229""]",10,YYYYMMDD,10,YYYYMMDD:10,100.0%,90.0%,YYYYMMDD:10
C:/projects/myproject/QDQM/DS_Input/Internal/ORGNIZATION.csv,ORGNIZATION.csv,조직폐쇄일자,"[""20200531"", ""20050525"", ""20160527"", ""20090216"", ""20131205"", ""20111031"", ""20201015"", ""20120101"", ""20180822"", ""20110801""]",10,YYYYMMDD,10,YYYYMMDD:10,100.0%,90.0%,YYYYMMDD:10
C:/projects/myproject/QDQM/DS_Input/Internal/ORGNIZATION.csv,ORGNIZATION.csv,영문조직명,"[""B2B ENG_NM"", ""B2B TML ENG_NM"", ""shinsegae"", ""."", ""S D Agent"", ""e-마트"", ""e-mart"", ""1"", ""CHEJU AGENT"", ""YJ VIP""]",10,,,,0.0%,80.0%,
C:/projects/myproject/QDQM/DS_Input/Internal/ORGNIZATION.csv,ORGNIZATION.csv,팩스번호,"[""0200000000"", ""000)000-0000"", ""02"", ""02-000-0000"", ""03100000000"", ""0310000000"", ""0535935525"", ""0629554610"", ""0552730332"", ""062-955-4610""]",10,,,TEL:4,40.0%,70.0%,TEL:4
C:/projects/myproject/QDQM/DS_Input/Internal/ORGNIZATION.csv,ORGNIZATION.csv,우편번호,"[""05842"", ""153023"", ""08588"", ""08356"", ""400103"", ""157290"", ""100770"", ""680818"", ""18385"", ""446901""]",10,,,"ZIP_CODE_OLD:6, ZIP_CODE:4, YEAR_MONTH:2",60.0%,80.0%,"ZIP_CODE_OLD:6, ZIP_CODE:4, YEAR_MONTH:2"
C:/projects/myproject/QDQM/DS_Input/Internal/ORGNIZATION.csv,ORGNIZATION.csv,기본주소,"[""서울 송파구  송파대로"", ""서울특별시 송파구 송파대로 55(장지동)"", ""서울특별시 송파구 송파대로"", ""서울특별시 구로구 경인로"", ""서울 강서 외발산"", ""서울 강북 수유2"", ""서울 금천 가산"", ""서울 금천구  가산디지털2로"", ""경기도 화성시 동탄지성로"", ""경상남도 양산시 물금읍 제방로""]",10,ADDRESS,7,ADDRESS:7,70.0%,50.0%,ADDRESS:7
C:/projects/myproject/QDQM/DS_Input/Internal/ORGNIZATION.csv,ORGNIZATION.csv,수입조직코드,"[""TSNBR"", ""SELBX"", ""KANOC"", ""BKKJG"", ""SEKBR"", ""MAPDD"", ""PDGBR"", ""SEEBR"", ""BUPOC"", ""JCNDD""]",10,,,,0.0%,80.0%,
C:/projects/myproject/QDQM/DS_Input/Internal/ORGNIZATION.csv,ORGNIZATION.csv,수입신규조직코드,"[""1201"", ""1183"", ""1366"", ""1422"", ""1178"", ""1156"", ""1158"", ""1134"", ""1368"", ""1139""]",10,,,,0.0%,80.0%,
C:/projects/myproject/QDQM/DS_Input/Internal/ORGNIZATION.csv,ORGNIZATION.csv,좌표구분코드,"[""KATECH"", ""WGS84""]",2,,,,0.0%,80.0%,
C:/projects/myproject/QDQM/DS_Input/Internal/ORGNIZATION.csv,ORGNIZATION.csv,X좌표,"[""127.12388"", ""301191"", ""297188"", ""320916"", ""127.32035"", ""521066"", ""320744"", ""279452"", ""316676"", ""128.45102""]",10,,,ZIP_CODE_OLD:7,70.0%,80.0%,ZIP_CODE_OLD:7
C:/projects/myproject/QDQM/DS_Input/Internal/ORGNIZATION.csv,ORGNIZATION.csv,Y좌표,"[""37.47417"", ""542028"", ""543854"", ""526904"", ""324095"", ""540456"", ""513731"", ""36.31834"", ""560364"", ""35.96147""]",10,,,"ZIP_CODE_OLD:7, YEAR_MONTH:1",70.0%,80.0%,"ZIP_CODE_OLD:7, YEAR_MONTH:1"
C:/projects/myproject/QDQM/DS_Input/Internal/ORGNIZATION.csv,ORGNIZATION.csv,사업자등록번호,"[""2098157074"", ""2018102823"", ""1268601625"", ""2068189674"", ""1198137886"", ""1048623819"", ""1078156667"", ""4558602672"", ""2248144239"", ""1268678973""]",10,BIZ_NO,10,BIZ_NO:10,100.0%,90.0%,BIZ_NO:10
C:/projects/myproject/QDQM/DS_Input/Internal/ORGNIZATION.csv,ORGNIZATION.csv,최수정일시,"[""00:00.0"", ""24:15.0"", ""29:13.0"", ""14:04.0"", ""44:44.0"", ""22:54.0"", ""28:38.0"", ""06:47.0"", ""16:06.0"", ""23:52.0""]",10,,,,0.0%,80.0%,
C:/projects/myproject/QDQM/DS_Input/Internal/ORGNIZATION.csv,ORGNIZATION.csv,최종수정자,"[""1112204"", ""0011211"", ""0610142"", ""9410833"", ""0610234"", ""0010990"", ""0611343"", ""1510740"", ""2000261"", ""9402433""]",10,,,,0.0%,80.0%,
C:/projects/myproject/QDQM/DS_Input/Internal/PII샘플데이터.csv,PII샘플데이터.csv,고객명,"[""홍조민"", ""황조어"", ""정손편"", ""권허채"", ""장고맹"", ""오유공"", ""유차원"", ""안심편"", ""황성육"", ""정곽나""]",10,NAME_KOR,10,NAME_KOR:10,100.0%,70.0%,NAME_KOR:10
C:/projects/myproject/QDQM/DS_Input/Internal/PII샘플데이터.csv,PII샘플데이터.csv,Gender,"[""1"", ""2""]",2,,,,0.0%,80.0%,
C:/projects/myproject/QDQM/DS_Input/Internal/PII샘플데이터.csv,PII샘플데이터.csv,나이,"[""42"", ""52"", ""32"", ""40"", ""83"", ""70"", ""53"", ""33"", ""71"", ""82""]",10,,,,0.0%,80.0%,
C:/projects/myproject/QDQM/DS_Input/Internal/PII샘플데이터.csv,PII샘플데이터.csv,고객주소,"[""강원 강릉시 교1동 1689∼191118"", ""강원도 강릉시 교동 ７０"", ""강원 동해시 북평동 27-5"", ""강원 동해시 부곡동75-7"", ""강원 동해시 발한동 580-53"", ""강원 동해시 발한동 216-37"", ""강원 동해시 망상동393-78"", ""강원 고성군 거진읍거진리 158-82"", ""강원 고성군 간성읍 하리 17-2"", ""강원 강릉시 주문진읍교항리 116-7""]",10,ADDRESS,10,ADDRESS:10,100.0%,50.0%,ADDRESS:10
C:/projects/myproject/QDQM/DS_Input/Internal/PII샘플데이터.csv,PII샘플데이터.csv,휴대전화번호,"[""010-3234-5678"", ""010-9876-5432"", ""1061570622"", ""010-4093-3201"", ""010.9328.8471"", ""010-5029-3845"", ""010-8829-1023"", ""1066710293"", ""010-3392-0184"", ""010-4502-9384""]",10,CELLPHONE,8,CELLPHONE:8,80.0%,70.0%,CELLPHONE:8
C:/projects/myproject/QDQM/DS_Input/Internal/PII샘플데이터.csv,PII샘플데이터.csv,Email,"[""user01@gmail.com"", ""qliker_dev@naver.com"", ""dummy_acc@test.com"", ""personal_mail@private.me"", ""feedback_web@portal.net"", ""recruit_2026@enterprise.com"", ""billing_info@service.com"", ""contact@startup.io"", ""student_99@university.ac.kr"", ""finance_dept@bank.res.kr""]",10,EMAIL,10,EMAIL:10,100.0%,70.0%,EMAIL:10
C:/projects/myproject/QDQM/DS_Input/Internal/PII샘플데이터.csv,PII샘플데이터.csv,Tel,"[""02-123-4567"", ""02-9876-5432"", ""055-882-1459"", ""054-115-7062"", ""061-409-3320"", ""063-619-0038"", ""043-503-2294"", ""033-448-1771"", ""031-772-9102"", ""044-110-2938""]",10,TEL,7,TEL:7,70.0%,70.0%,TEL:7
C:/projects/myproject/QDQM/DS_Input/Internal/PII샘플데이터.csv,PII샘플데이터.csv,여권번호 (Passport No.),"[""M12984732"", ""M44502918"", ""M503G2294"", ""M448L7712"", ""M291J3049"", ""M104H5521"", ""M932P8847"", ""M710Q1092"", ""M552Y3384"", ""M318X4720""]",10,PASSPORT,10,PASSPORT:10,100.0%,80.0%,PASSPORT:10
C:/projects/myproject/QDQM/DS_Input/Internal/PII샘플데이터.csv,PII샘플데이터.csv,유형,"[""구권"", ""신권""]",2,,,,0.0%,80.0%,
C:/projects/myproject/QDQM/DS_Input/Internal/PII샘플데이터.csv,PII샘플데이터.csv,지역,"[""서울"", ""경기"", ""전남"", ""경북"", ""부산"", ""강원"", ""충북"", ""충남"", ""전북"", ""경남""]",10,SIDO,10,"SIDO:10, COMPANY_NAME:6",100.0%,70.0%,"SIDO:10, COMPANY_NAME:6"
C:/projects/myproject/QDQM/DS_Input/Internal/PII샘플데이터.csv,PII샘플데이터.csv,외국인등록번호 (ALRN),"[""851029-5038471"", ""920314-6192837"", ""800318-5905513"", ""041220-8821459"", ""010115-7157062"", ""840227-6093320"", ""771021-5190038"", ""060928-8032294"", ""020514-7481771"", ""911102-6729102""]",10,RRN_FORMAT,10,"RRN_FORMAT:10, CORPORATE_NUMBER:2",100.0%,90.0%,"RRN_FORMAT:10, CORPORATE_NUMBER:2"
C:/projects/myproject/QDQM/DS_Input/Internal/PII샘플데이터.csv,PII샘플데이터.csv,성별/연대,"[""남성 (1900년대)"", ""남성 (2000년대)"", ""남성 (하이픈X)"", ""여성 (1900년대)"", ""여성 (2000년대)"", ""여성 (하이픈X)""]",6,,,,0.0%,80.0%,
C:/projects/myproject/QDQM/DS_Input/Internal/PII샘플데이터.csv,PII샘플데이터.csv,구분,"[""신체/건강"", ""사회적"", ""신념/종교""]",3,,,NAME_KOR:1,33.3%,70.0%,NAME_KOR:1
C:/projects/myproject/QDQM/DS_Input/Internal/PII샘플데이터.csv,PII샘플데이터.csv,기타샘플데이터,"[""혈액형: Rh+ AB형"", ""좌안 시력 0.5, 우안 시력 0.8"", ""사회봉사 명령 수행 (40시간)"", ""신장 178cm / 체중 75kg"", ""진보 진영 시민단체 활동"", ""기소유예 처분 결과 보고"", ""무교 (특정 종교 없음)"", ""이슬람교 (할랄 식단 준수)"", ""성소수자 인권단체 후원"", ""한국노총 공공연맹 소속""]",10,,,,0.0%,80.0%,
C:/projects/myproject/QDQM/DS_Input/Internal/PII샘플데이터.csv,PII샘플데이터.csv,카드번호 (Card No.),"[""4579-3301-8842-1092"", ""4012-5591-2034-8876"", ""4556-1120-3394-8810"", ""3782-110293-44810"", ""3530-1129-3384-5501"", ""5401-2293-4481-0029"", ""6011-0029-3384-7712"", ""9402-1130-4481-9920"", ""9410-2293-4481-0029"", ""3521-8830-4491-2203""]",10,CARD_NUMBER,10,CARD_NUMBER:10,100.0%,80.0%,CARD_NUMBER:10
C:/projects/myproject/QDQM/DS_Input/Internal/PII샘플데이터.csv,PII샘플데이터.csv,카드브랜드,"[""Visa"", ""Master"", ""Amex"", ""JCB"", ""BC/Local"", ""Discover""]",6,,,,0.0%,80.0%,
C:/projects/myproject/QDQM/DS_Input/Internal/PII샘플데이터.csv,PII샘플데이터.csv,계좌번호 (Account),"[""110-223-449182"", ""100-020-339481"", ""011-88-2293041"", ""562-11-029384"", ""1000-4491-0029"", ""3333-10-4481029"", ""301-4492-3384-11"", ""123-112039-445"", ""1002-881-229304"", ""043-99-1120394""]",10,BANK_ACCOUNT,7,BANK_ACCOUNT:7,70.0%,70.0%,BANK_ACCOUNT:7
C:/projects/myproject/QDQM/DS_Input/Internal/PII샘플데이터.csv,PII샘플데이터.csv,Bank,"[""신한"", ""국민"", ""농협/특수"", ""우리"", ""하나"", ""기업은행"", ""우리(기업)"", ""하나/외환"", ""기업"", ""단위농협""]",10,COMPANY_NAME,6,COMPANY_NAME:6,60.0%,40.0%,COMPANY_NAME:6
C:/projects/myproject/QDQM/DS_Input/Internal/PII샘플데이터.csv,PII샘플데이터.csv,의료/건강,"[""Rh+ A형"", ""Rh- O형"", ""심박수 변동 데이터 (ECG)"", ""투약 내역: 아스피린 100mg"", ""가족력: 심혈관 질환 있음"", ""유전자 변이 검사 결과: 양성"", ""우울증 선별 검사(PHQ-9)"", ""심리 상담 기록 (12회차)"", ""산재 처리 기록 (2024-05)"", ""장기요양 2등급 판정""]",10,,,,0.0%,80.0%,
C:/projects/myproject/QDQM/DS_Input/Internal/PII샘플데이터.csv,PII샘플데이터.csv,분류,"[""병력"", ""신체 특징"", ""생체 정보"", ""혈액형"", ""보험 정보"", ""정신 건강"", ""유전 정보""]",7,,,NAME_KOR:1,14.3%,70.0%,NAME_KOR:1
C:/projects/myproject/QDQM/DS_Input/Internal/PII샘플데이터.csv,PII샘플데이터.csv,IP 주소,"[""fe80::1ff:fe23:4567:890a"", ""1.1.1.1"", ""2001:0db8:85a3:0000:0000:8a2e:0370:7334"", ""211.234.56.781"", ""8.8.8.9"", ""127.0.0.10"", ""101.0.0.55"", ""172.16.254.10"", ""192.168.0.10"", ""192.168.0.1""]",10,,,,0.0%,80.0%,
C:/projects/myproject/QDQM/DS_Input/Internal/PII샘플데이터.csv,PII샘플데이터.csv,유형.1,"[""공인(KR)"", ""사설(C)"", ""사설(B)"", ""사설(A)"", ""루프백"", ""Google DNS"", ""IPv6"", ""IPv6 Link"", ""Cloudflare""]",9,,,NAME_KOR:1,11.1%,70.0%,NAME_KOR:1
C:/projects/myproject/QDQM/DS_Input/Internal/PII샘플데이터.csv,PII샘플데이터.csv,MAC 주소 (Sample),"[""DE-AD-BE-EF-CA-FE"", ""10:20:30:40:50:60"", ""00-50-56-C0-00-08"", ""001A.2B3C.4D5E"", ""3C52.82A1.B0C4"", ""1122334455"", ""f4:f5:e8:11:22:33"", ""00:1A:2B:3C:4D:5E"", ""A4:C3:F0:12:34:56"", ""08:00:27:7A:B2:C1""]",10,,,,0.0%,80.0%,
C:/projects/myproject/QDQM/DS_Input/Internal/PII샘플데이터.csv,PII샘플데이터.csv,표기법,"[""하이픈/콜론"", ""Cisco"", ""VirtualBox"", ""VMware"", ""Plain""]",5,,,,0.0%,80.0%,
C:/projects/myproject/QDQM/DS_Input/Internal/PII샘플데이터.csv,PII샘플데이터.csv,ADID_GAID,"[""1b2c3d4e-5f6a-4b7c-8d9e-0f1a2b3c4d5e"", ""9a8b7c6d-5e4f-4a3b-2c1d-0e9f8a7b6c5d"", ""2a3b4c5d-6e7f-48a9-b0c1-d2e3f4a5b6c7"", ""9f8e7d6c-5b4a-43e2-1d0c-9b8a7f6e5d4c"", ""6c5b4a39-2810-47f3-b2a1-039485762104"", ""f1e2d3c4-b5a6-47f8-e9d0-c1b2a3948576"", ""b2c3d4e5-f6a1-42b3-c4d5-e6f7a8b9c0d1"", ""5a6b7c8d-9e0f-41a2-b3c4-d5e6f7a8b9c0"", ""0f1e2d3c-4b5a-49f8-e7d6-c5b4a3928107"", ""3a4b5c6d-7e8f-49a0-b1c2-d3e4f5a6b7c8""]",10,,,,0.0%,80.0%,
C:/projects/myproject/QDQM/DS_Input/Internal/PII샘플데이터.csv,PII샘플데이터.csv,ADID_IDFA,"[""EA7B9C10-2D3E-44F5-A6B7-C8D9E0F1A2B3"", ""FEDCBA98-7654-4321-A987-654321FEDCBA"", ""22334455-6677-4889-9AA0-BBCCDEEFF112"", ""C5B4A392-8107-44F3-b2A1-039485762104"", ""D1A2B3C4-E5F6-4A5B-8C9D-010203040506"", ""A4E3F012-3456-4789-9102-837465192834"", ""6D2F3E4A-5B6C-47D8-9E0F-1A2B3C4D5E6F"", ""E4D3C2B1-A0F9-4E8D-7C6B-5A4f3E2D1C0B"", ""00112233-4455-4667-8899-AABBCCDDEEFF"", ""7CB91A2E-03F4-4A5B-9D8E-112233445566""]",10,,,,0.0%,80.0%,
C:/projects/myproject/QDQM/DS_Input/Internal/PII샘플데이터.csv,PII샘플데이터.csv,MOBILE,"[""010-3234-5678"", ""010-9876-5432"", ""01041570622"", ""010-4093-3201"", ""010.9328.8471"", ""010-6029-3845"", ""010-8829-1023"", ""01066710293"", ""010-3392-0184"", ""010-5502-9384""]",10,CELLPHONE,10,"CELLPHONE:10, BANK_ACCOUNT:2",100.0%,70.0%,"CELLPHONE:10, BANK_ACCOUNT:2"
C:/projects/myproject/QDQM/DS_Input/Internal/PII샘플데이터.csv,PII샘플데이터.csv,유선전화,"[""02-323-4567"", ""02-9876-5432"", ""055-882-1459"", ""054-315-7062"", ""061-409-3320"", ""063-619-0038"", ""043-503-2294"", ""033-448-1771"", ""031-772-9102"", ""044-310-2938""]",10,TEL,10,TEL:10,100.0%,70.0%,TEL:10
C:/projects/myproject/QDQM/DS_Input/Internal/PII샘플데이터.csv,PII샘플데이터.csv,NetworkID,"[""192.168.0.1"", ""172.16.254.1"", ""DB-SERVER-PROD-01"", ""qliker-macbook-pro"", ""T_Free_WiFi_Zone"", ""SK_WiFi_GIGA_5G_98A"", ""550e8400-e29b-41d4-a716"", ""f47ac10b-58cc-4372-a567"", ""450-05-123456789"", ""8982 1100 2345 6789 012F""]",10,,,,0.0%,80.0%,
C:/projects/myproject/QDQM/DS_Input/Internal/PII샘플데이터.csv,PII샘플데이터.csv,Driver_License,"[""11-26-123456-78"", ""12-26-987654-32"", ""광주-26-882145-90"", ""인천-26-115706-22"", ""대구-26-409332-00"", ""부산-26-619003-88"", ""서울-26-503229-44"", ""제주-26-448177-11"", ""경남-26-772910-22"", ""경북-26-110293-88""]",10,DRIVER_LICENSE,10,DRIVER_LICENSE:10,100.0%,90.0%,DRIVER_LICENSE:10
C:/projects/myproject/QDQM/DS_Input/Internal/PII샘플데이터.csv,PII샘플데이터.csv,Unnamed: 30,,0,,,,0.0%,80.0%,
C:/projects/myproject/QDQM/DS_Input/Internal/PII샘플데이터.csv,PII샘플데이터.csv,주민등록번호 (노출),"[""850312-1023456"", ""920725-2187654"", ""810707-1678901"", ""021212-4567890"", ""050303-3456789"", ""901010-2345678"", ""970824-1234567"", ""030517-8223344"", ""010123-7112233"", ""861201-6098765""]",10,RRN_FORMAT,10,"RRN_FORMAT:10, RRN:1",100.0%,90.0%,"RRN_FORMAT:10, RRN:1"
C:/projects/myproject/QDQM/DS_Input/Internal/PII샘플데이터.csv,PII샘플데이터.csv,주민등록번호(마스킹),"[""850312-1******"", ""920725-2******"", ""810707-1******"", ""021212-4******"", ""050303-3******"", ""901010-2******"", ""970824-1******"", ""030517-8******"", ""010123-7******"", ""861201-6******""]",10,RRN_MASKING,10,RRN_MASKING:10,100.0%,80.0%,RRN_MASKING:10
C:/projects/myproject/QDQM/DS_Input/Internal/PII샘플데이터.csv,PII샘플데이터.csv,대상 정보 (생년월일 / 성별 구분),"[""2002년생 여성 (내국인)"", ""1985년생 남성 (내국인)"", ""1994년생 여성 (내국인)"", ""1981년생 남성 (내국인)"", ""2005년생 남성 (내국인)"", ""1990년생 여성 (내국인)"", ""1997년생 남성 (내국인)"", ""2003년생 여성 (외국인 등록번호 형식)"", ""2001년생 남성 (외국인 등록번호 형식)"", ""1986년생 여성 (외국인 등록번호 형식)""]",10,,,,0.0%,80.0%,
C:/projects/myproject/QDQM/DS_Input/Internal/PRM계약.csv,PRM계약.csv,PRM계약번호,"[""TA202001295"", ""TA202200167"", ""TA202100537"", ""TA202101637"", ""TA202101744"", ""TA202101735"", ""TA202200103"", ""TA202200127"", ""TA202100151"", ""TA202100815""]",10,,,,0.0%,80.0%,
C:/projects/myproject/QDQM/DS_Input/Internal/PRM계약.csv,PRM계약.csv,사업자번호,"[""2018187986"", ""2098157074"", ""5148160243"", ""1268601625"", ""1268131269"", ""1018614946"", ""2068189674"", ""4808801315"", ""3148147354"", ""1068197118""]",10,BIZ_NO,10,BIZ_NO:10,100.0%,90.0%,BIZ_NO:10
C:/projects/myproject/QDQM/DS_Input/Internal/PRM계약.csv,PRM계약.csv,계약명,"[""간선위수탁"", ""BUEBRZ 간선계약"", ""간선 위수탁"", ""간선 통합업체"", ""한진위수탁"", ""양산택배지점 위수탁 계약"", ""SKNBRB 간선계약"", ""PUEBR 간선계약"", ""간선 직계약"", ""BUGOC 간선계약""]",10,,,,0.0%,80.0%,
C:/projects/myproject/QDQM/DS_Input/Internal/PRM계약.csv,PRM계약.csv,계약구분,"[""101"", ""103"", ""105"", ""100"", ""102"", ""104""]",6,,,,0.0%,80.0%,
C:/projects/myproject/QDQM/DS_Input/Internal/PRM계약.csv,PRM계약.csv,계약형태,"[""A"", ""B"", ""C""]",3,,,,0.0%,80.0%,
C:/projects/myproject/QDQM/DS_Input/Internal/PRM계약.csv,PRM계약.csv,사업자명,"[""농협물류"", ""디디로지스"", ""월드로지스1"", ""제이비"", ""내트럭"", ""에스씨케이1"", ""장원로지스"", ""한국통운"", ""화인물류"", ""현대글로비스""]",10,COMPANY_NAME,8,"COMPANY_NAME:8, NAME_KOR:2",80.0%,40.0%,"COMPANY_NAME:8, NAME_KOR:2"
C:/projects/myproject/QDQM/DS_Input/Internal/PRM계약.csv,PRM계약.csv,업태,"[""운수업"", ""서비스"", ""운수"", ""서비스업"", ""운보"", ""택배업"", ""운수업외"", ""화물"", ""택배"", ""운수업 외""]",10,,,"NAME_KOR:3, ACCOUNT_NAME:1",30.0%,70.0%,"NAME_KOR:3, ACCOUNT_NAME:1"
C:/projects/myproject/QDQM/DS_Input/Internal/PRM계약.csv,PRM계약.csv,업종,"[""택배업"", ""택배"", ""트레일러"", ""화물"", ""운수업"", ""서비스"", ""기타도급"", ""소화물전문운송업외"", ""화물운송대행"", ""화물운송""]",10,,,"NAME_KOR:3, ACCOUNT_NAME:1",30.0%,70.0%,"NAME_KOR:3, ACCOUNT_NAME:1"
C:/projects/myproject/QDQM/DS_Input/Internal/PRM계약.csv,PRM계약.csv,계약등록일,"[""20200101"", ""20201201"", ""20210101"", ""20190401"", ""20210206"", ""20190101"", ""20211102"", ""20201119"", ""20180701"", ""20210501""]",10,YYYYMMDD,10,YYYYMMDD:10,100.0%,90.0%,YYYYMMDD:10
C:/projects/myproject/QDQM/DS_Input/Internal/PRM계약.csv,PRM계약.csv,최초계약일,"[""20200101"", ""20201201"", ""20210101"", ""20220501"", ""20220101"", ""20210501"", ""20201101"", ""20210801"", ""20210601"", ""20190401""]",10,YYYYMMDD,10,YYYYMMDD:10,100.0%,90.0%,YYYYMMDD:10
C:/projects/myproject/QDQM/DS_Input/Internal/PRM계약.csv,PRM계약.csv,계약개시일,"[""20200101"", ""20201201"", ""20210101"", ""20200401"", ""20220501"", ""20220101"", ""20190701"", ""20200701"", ""20200501"", ""20200601""]",10,YYYYMMDD,10,YYYYMMDD:10,100.0%,90.0%,YYYYMMDD:10
C:/projects/myproject/QDQM/DS_Input/Internal/PRM계약.csv,PRM계약.csv,계약종료일,"[""20201231"", ""20211231"", ""20221231"", ""20231231"", ""20240430"", ""20230430"", ""20230331"", ""20230630"", ""20220430"", ""20230531""]",10,YYYYMMDD,10,YYYYMMDD:10,100.0%,90.0%,YYYYMMDD:10
C:/projects/myproject/QDQM/DS_Input/Internal/PRM계약.csv,PRM계약.csv,운영점소대,"[""SELDE"", ""DPS"", ""DPB"", ""DPJ"", ""DPY"", ""DPK"", ""DPH"", ""A02""]",8,,,,0.0%,80.0%,
C:/projects/myproject/QDQM/DS_Input/Internal/PRM계약.csv,PRM계약.csv,운영점소중,"[""SELEC"", ""BUEBR"", ""CHCSE"", ""GBKSE"", ""SENBR"", ""HONSE"", ""TJNBR"", ""TAEBR"", ""SEKBR"", ""JCNBRC""]",10,,,,0.0%,80.0%,
C:/projects/myproject/QDQM/DS_Input/Internal/PRM계약.csv,PRM계약.csv,운영점소,"[""TAEBRO"", ""SKNBRB"", ""TJBRO"", ""DDMOC"", ""KUROC"", ""HANBR"", ""BUGOC"", ""SKPBRF"", ""MPOBR"", ""KWJBRO""]",10,,,,0.0%,80.0%,
C:/projects/myproject/QDQM/DS_Input/Internal/PRM계약.csv,PRM계약.csv,최종변경일시,"[""02:24.2""]",1,,,,0.0%,80.0%,
C:/projects/myproject/QDQM/DS_Input/Internal/PRM계약.csv,PRM계약.csv,ETL일시,"[""02:24.2""]",1,,,,0.0%,80.0%,
C:/projects/myproject/QDQM/DS_Input/Internal/test.csv,test.csv,ID,"[""1"", ""2"", ""31"", ""30"", ""29"", ""28"", ""27"", ""26"", ""25"", ""24""]",10,,,,0.0%,80.0%,
C:/projects/myproject/QDQM/DS_Input/Internal/test.csv,test.csv,Name,"[""김유신"", ""박정희"", ""이순신"", ""강감찬"", ""이우석"", ""팍순신"", ""총정희"", ""헐우석"", ""김대중"", ""이승만""]",10,NAME_KOR,10,"NAME_KOR:10, COMPANY_NAME:1",100.0%,70.0%,"NAME_KOR:10, COMPANY_NAME:1"
C:/projects/myproject/QDQM/DS_Input/Internal/test.csv,test.csv,Sex,"[""남"", ""여""]",2,,,,0.0%,80.0%,
C:/projects/myproject/QDQM/DS_Input/Internal/test.csv,test.csv,SexE,"[""F"", ""M""]",2,,,,0.0%,80.0%,
C:/projects/myproject/QDQM/DS_Input/Internal/test.csv,test.csv,Age,"[""15"", ""22"", ""65"", ""42"", ""17""]",5,,,,0.0%,80.0%,
C:/projects/myproject/QDQM/DS_Input/Internal/test.csv,test.csv,Country,"[""KOR"", ""USA"", ""JPN"", ""CHN""]",4,COUNTRY_CODE,4,COUNTRY_CODE:4,100.0%,50.0%,COUNTRY_CODE:4
C:/projects/myproject/QDQM/DS_Input/Internal/test.csv,test.csv,Tel,"[""02-3245-1234"", ""125-2124"", ""378-2223"", ""2456-4521"", ""02-3245-1255"", ""338-2822"", ""02-3245-1237"", ""358-2828"", ""552-2826"", ""368-2827""]",10,TEL,9,TEL:9,90.0%,70.0%,TEL:9
C:/projects/myproject/QDQM/DS_Input/Internal/test.csv,test.csv,Addr,"[""경기도 남양주시 화도읍 24-1"", ""서울특별시 서초구 서초로 54-18"", ""경기도 남양주시 화도읍 24-16"", ""경기도 남양주시 화도읍 24-17"", ""경기도 남양주시 화도읍 24-19"", ""서울특별시 서초구 서초로 54-17"", ""서울시 용산구 후암로 28바길 46"", ""경북 안동시 마애리 1236"", ""경기도 남양주시 화도읍 24-155"", ""서울특별시 서초구 서초로 54-114""]",10,ADDRESS,10,ADDRESS:10,100.0%,50.0%,ADDRESS:10
C:/projects/myproject/QDQM/DS_Input/Internal/test.csv,test.csv,Cell Phone,"[""010-3134-2940"", ""010-3211-2341"", ""010-2345-3981"", ""1037512345"", ""010-0011-2341""]",5,,,CELLPHONE:3,60.0%,70.0%,CELLPHONE:3
C:/projects/myproject/QDQM/DS_Input/Internal/test.csv,test.csv,Desc,"[""나의 살던 고향은 "", ""우리는 민족 중흥의 역사적 사명을 띠고"", ""한글 설명이다. 잘 표현되어야 한다. "", ""아아아 그리워라 내 조국아 ""]",4,,,,0.0%,80.0%,
C:/projects/myproject/QDQM/DS_Input/Internal/test.csv,test.csv,Address,"[""서울특별시 서초 서초로 54-1"", ""서울시 후암로 28바길 4"", ""경기도 남양주 화도읍 3-1"", ""경기도 남양주 화도읍 233"", ""서울특별시 서초 서초로 512"", ""경기도 남양주시 화도읍 211"", ""경기도 남양주 화도읍 288"", ""서울특별시 서초 서초로 56"", ""경기도 남양주시 화도읍 27"", ""서울특별시 서초 서초로 7-1""]",10,ADDRESS,7,ADDRESS:7,70.0%,50.0%,ADDRESS:7
C:/projects/myproject/QDQM/DS_Input/Internal/test.csv,test.csv,Year,"[""2025"", ""1992"", ""1991"", ""202""]",4,,,YEAR:3,75.0%,90.0%,YEAR:3
C:/projects/myproject/QDQM/DS_Input/Internal/test.csv,test.csv,YearMonth,"[""202401"", ""202412"", ""202413""]",3,ZIP_CODE_OLD,3,"ZIP_CODE_OLD:3, YEAR_MONTH:2",100.0%,80.0%,"ZIP_CODE_OLD:3, YEAR_MONTH:2"
C:/projects/myproject/QDQM/DS_Input/Internal/test.csv,test.csv,Email,"[""qliker@kakao.co.kr"", ""jh@kakao.co.kr"", ""qliker@kakao.com"", ""qlikerkakao.com""]",4,,,EMAIL:3,75.0%,70.0%,EMAIL:3
C:/projects/myproject/QDQM/DS_Input/Internal/test.csv,test.csv,Name2,"[""김유신"", ""육영수"", ""박정희"", ""빵우석"", ""강감찬"", ""칵순신"", ""김대중"", ""이승만"", ""임영웅"", ""양지은""]",10,NAME_KOR,10,NAME_KOR:10,100.0%,70.0%,NAME_KOR:10
C:/projects/myproject/QDQM/DS_Input/Internal/test.csv,test.csv,전화번호,"[""32025024"", ""22386061"", ""45386061"", ""60443100"", ""5420122"", ""44243100"", ""27120101"", ""45720155"", ""6523102"", ""6433198""]",10,,,YYYYMMDD:1,10.0%,90.0%,YYYYMMDD:1
C:/projects/myproject/QDQM/DS_Input/Internal/test.csv,test.csv,YYYYMMDD,"[""20240230"", ""20250402"", ""20240213"", ""20250405"", ""19951021"", ""20240314"", ""19950809"", ""20250702"", ""19961009"", ""20240402""]",10,YYYYMMDD,9,YYYYMMDD:9,90.0%,90.0%,YYYYMMDD:9
C:/projects/myproject/QDQM/DS_Input/Internal/test.csv,test.csv,시도,"[""전라남도"", ""경상남도"", ""전라북도"", ""전남"", ""대전광역시"", ""경북"", ""강원도"", ""경기도"", ""충청남도"", ""울산""]",10,SIDO,10,"SIDO:10, COMPANY_NAME:9, NAME_KOR:2",100.0%,70.0%,"SIDO:10, COMPANY_NAME:9, NAME_KOR:2"
C:/projects/myproject/QDQM/DS_Input/Internal/test.csv,test.csv,YYMMDD,"[""240230"", ""250402"", ""240213"", ""250405"", ""951021"", ""240314"", ""950809"", ""250702"", ""961009"", ""240402""]",10,ZIP_CODE_OLD,10,"ZIP_CODE_OLD:10, YEAR_MONTH:6",100.0%,80.0%,"ZIP_CODE_OLD:10, YEAR_MONTH:6"
C:/projects/myproject/QDQM/DS_Input/Internal/test.csv,test.csv,업체명,"[""(주)제양항공해운"", ""(주)티에스물류"", ""(주)동아물류"", ""(주)부부운수"", ""(주)신영로직스"", ""(주)에스티"", ""(주)유진물류"", ""(주)천진로지스틱"", ""(주)청연상운"", ""(주)케엔에이치""]",10,COMPANY_NAME,10,COMPANY_NAME:10,100.0%,40.0%,COMPANY_NAME:10
C:/projects/myproject/QDQM/DS_Input/Internal/test.csv,test.csv,차량번호,"[""경기80아6647"", ""경기81바4000"", ""경기98자4117"", ""경기98자4115"", ""경기98자4109"", ""경기98자4105"", ""경기98자4104"", ""경기98자4103"", ""경기98자4102"", ""경기93자4207""]",10,CAR_NUMBER,10,CAR_NUMBER:10,100.0%,50.0%,CAR_NUMBER:10
C:/projects/myproject/QDQM/DS_Input/Internal/test.csv,test.csv,TimeStamp,"[""2026-02-05 13:16"", ""2026-02-05 13:23"", ""2026-02-05 13:10"", ""2026-02-05 13:11"", ""2026-02-05 13:12"", ""2026-02-05 13:13"", ""2026-02-05 13:14"", ""2026-02-05 13:15"", ""2026-02-05 13:09"", ""2026-02-05 13:17""]",10,TIME_STAMP,10,TIME_STAMP:10,100.0%,90.0%,TIME_STAMP:10
C:/projects/myproject/QDQM/DS_Input/Internal/test.csv,test.csv,주민등록번호,"[""2504223210314"", ""9511092210313"", ""9510131210313"", ""2402173210313"", ""2504153210313"", ""250402"", ""9510102210213"", ""2402134210212"", ""2503054210225"", ""240314""]",10,,,"RRN_FORMAT:8, BANK_ACCOUNT:8, ZIP_CODE_OLD:2, YEAR_MONTH:1",80.0%,90.0%,"RRN_FORMAT:8, BANK_ACCOUNT:8, ZIP_CODE_OLD:2, YEAR_MONTH:1"
C:/projects/myproject/QDQM/DS_Input/Internal/university_code_2.csv,university_code_2.csv,학교코드,"[""51025000"", ""53105000"", ""53013000"", ""53073000"", ""53067000"", ""51028000"", ""53020000"", ""51017000"", ""53156000"", ""51030000""]",10,,,,0.0%,80.0%,
C:/projects/myproject/QDQM/DS_Input/Internal/university_code_2.csv,university_code_2.csv,학교명,"[""경동대학교"", ""을지대학교"", ""가톨릭대학교"", ""대구가톨릭대학교"", ""경북대학교"", ""동국대학교"", ""경북대학교 일반대학원"", ""부산대학교 일반대학원"", ""부산대학교"", ""상명대학교""]",10,COMPANY_NAME,8,COMPANY_NAME:8,80.0%,40.0%,COMPANY_NAME:8
C:/projects/myproject/QDQM/DS_Input/Internal/university_code_2.csv,university_code_2.csv,학제,"[""특수대학원"", ""전문대학원"", ""대학교"", ""일반대학원"", ""전문대학"", ""기능대학"", ""산업대학"", ""사이버대학(대학)"", ""교육대학"", ""원격대학(대학)""]",10,,,NAME_KOR:1,10.0%,70.0%,NAME_KOR:1
C:/projects/myproject/QDQM/DS_Input/Internal/university_code_2.csv,university_code_2.csv,대학원구분,"[""부설대학원"", ""대학원대학""]",2,,,,0.0%,80.0%,
C:/projects/myproject/QDQM/DS_Input/Internal/university_code_2.csv,university_code_2.csv,학교상태,"[""기존"", ""폐교"", ""신설"", ""학교명 변경"", ""학교명변경"", ""학제 변경"", ""휴교""]",7,,,COMPANY_NAME:1,14.3%,40.0%,COMPANY_NAME:1
C:/projects/myproject/QDQM/DS_Input/Internal/university_code_2.csv,university_code_2.csv,본분교,"[""본교"", ""본교(제1캠퍼스)"", ""본교(제2캠퍼스)"", ""제2캠퍼스"", ""분교1"", ""본교(제3캠퍼스)"", ""분교(제1캠퍼스)"", ""제3캠퍼스"", ""본교(제4캠퍼스)"", ""제4캠퍼스""]",10,,,COMPANY_NAME:1,10.0%,40.0%,COMPANY_NAME:1
C:/projects/myproject/QDQM/DS_Input/Internal/university_code_2.csv,university_code_2.csv,시도,"[""서울"", ""경기"", ""경북"", ""부산"", ""충남"", ""대전"", ""경남"", ""강원"", ""전북"", ""충북""]",10,SIDO,10,"SIDO:10, COMPANY_NAME:6",100.0%,70.0%,"SIDO:10, COMPANY_NAME:6"
C:/projects/myproject/QDQM/DS_Input/Internal/university_code_2.csv,university_code_2.csv,시군구,"[""서울 성북구"", ""서울 서대문구"", ""경기 용인시"", ""경북 경산시"", ""서울 종로구"", ""충남 천안시"", ""서울 노원구"", ""서울 동작구"", ""대전 유성구"", ""서울 동대문구""]",10,,,COMPANY_NAME:1,10.0%,40.0%,COMPANY_NAME:1
C:/projects/myproject/QDQM/DS_Input/Internal/university_code_2.csv,university_code_2.csv,설립,"[""사립"", ""국립"", ""공립"", ""국립대법인"", ""특별법법인"", ""특별법국립"", ""기타""]",7,,,"COMPANY_NAME:1, ACCOUNT_NAME:1",14.3%,40.0%,"COMPANY_NAME:1, ACCOUNT_NAME:1"
C:/projects/myproject/QDQM/DS_Input/Internal/university_code_2.csv,university_code_2.csv,주야구분,"[""야간"", ""주간"", ""주야간"", ""원격"", ""계절제"", ""야간+계절제"", ""주야간+원격"", ""주간+계절제"", ""야간+원격"", ""주야간+계절제""]",10,,,NAME_KOR:2,20.0%,70.0%,NAME_KOR:2
C:/projects/myproject/QDQM/DS_Input/Internal/university_code_2.csv,university_code_2.csv,주소,"[""서울특별시 종로구 성균관로 25-2 (명륜3가, 성균관대학교)"", ""서울특별시 서대문구 연세로 50 (신촌동, 연세대학교)"", ""서울특별시 동작구 흑석로 84 (흑석동, 중앙대학교)"", ""전북특별자치도 전주시 덕진구 백제대로 567"", ""서울특별시 용산구 청파로47길 100 (청파동2가, 숙명여자대학교)"", ""서울특별시 성동구 왕십리로 222 (사근동, 한양대학교)"", ""경기도 수원시 영통구 월드컵로 206 (원천동, 아주대학교)"", ""서울특별시 성북구 정릉로 77 (정릉동, 국민대학교)"", ""서울특별시 광진구 능동로 120 (화양동, 건국대학교)"", ""경기도 화성시 봉담읍 와우안길 17 (와우리, 수원대학교)""]",10,ADDRESS,10,ADDRESS:10,100.0%,50.0%,ADDRESS:10
C:/projects/myproject/QDQM/DS_Input/Internal/university_code_2.csv,university_code_2.csv,우편번호,"[""04763"", ""120749"", ""34098"", ""32588"", ""34134"", ""02841"", ""03063"", ""133791"", ""52828"", ""61186""]",10,ZIP_CODE,8,"ZIP_CODE:8, ZIP_CODE_OLD:2",80.0%,80.0%,"ZIP_CODE:8, ZIP_CODE_OLD:2"
C:/projects/myproject/QDQM/DS_Input/Internal/university_code_2.csv,university_code_2.csv,전화번호,"[""02-760-0114"", ""1577-0020"", ""063-270-2114"", ""043-841-5000"", ""033-649-7114"", ""042-828-3114"", ""031-8020-3114"", ""031-670-5114"", ""1899-2010"", ""1577-7177""]",10,,,TEL:6,60.0%,70.0%,TEL:6
C:/projects/myproject/QDQM/DS_Input/Internal/university_code_2.csv,university_code_2.csv,팩스번호,"[""02-760-1141"", ""063-276-0429"", ""043-853-1236"", ""02-2277-1274"", ""042-631-2346"", ""063-220-2464"", ""031-765-1232"", ""042-825-1354"", ""02-320-1251"", ""031-332-2459""]",10,TEL,10,TEL:10,100.0%,70.0%,TEL:10
C:/projects/myproject/QDQM/DS_Input/Internal/university_code_2.csv,university_code_2.csv,홈페이지,"[""www.kbtus.ac.kr"", ""www.suwon.ac.kr"", ""www.mju.ac.kr"", ""www.gnu.ac.kr"", ""www.yongin.ac.kr"", ""www.sjs.ac.kr"", ""www.gwnu.ac.kr"", ""www.wsu.ac.kr"", ""www.dongduk.ac.kr"", ""www.skku.edu""]",10,,,,0.0%,80.0%,
C:/projects/myproject/QDQM/DS_Input/Internal/university_code_2.csv,university_code_2.csv,학교명(한자),"[""长老会神学大学校"", ""信韩大学校"", ""京东大学校"", ""大邱加图立大学"", ""大田神学大学校"", ""加图立大学校"", ""岭南大学"", ""大邱庆北科学技术院"", ""东国大学"", ""釜山大学校""]",10,,,,0.0%,80.0%,
C:/projects/myproject/QDQM/DS_Input/Internal/university_code_2.csv,university_code_2.csv,학교명(영문),"[""Graduate School Of Education"", ""Graduate School"", ""Graduate School Of Public Administration"", ""Graduate School Of Business Administration"", ""Graduate School Of Business"", ""School Of Medicine"", ""Kyungdong University"", ""Graduate School Of Public Health"", ""Graduate School Of Sports Science"", ""Graduate School Of Industry""]",10,,,,0.0%,80.0%,
C:/projects/myproject/QDQM/DS_Input/Internal/university_code_2.csv,university_code_2.csv,지번주소,"[""서울특별시 종로구 명륜3가 53-21"", ""서울특별시 성북구 안암동5가 1-2"", ""서울특별시 서대문구 신촌동 134"", ""서울특별시 동작구 흑석동 221"", ""서울특별시 서대문구 대현동 11-1"", ""서울특별시 중구 필동3가 26-1"", ""전북특별자치도 전주시 덕진구 금암동 663"", ""서울특별시 용산구 청파동2가 53-12"", ""대구광역시 북구 산격동 1370-1"", ""서울특별시 성동구 사근동 110""]",10,ADDRESS,10,ADDRESS:10,100.0%,50.0%,ADDRESS:10
C:/projects/myproject/QDQM/DS_Input/Internal/university_code_2.csv,university_code_2.csv,위도,"[""37.5872284083"", ""37.5864922167"", ""37.5047267238"", ""37.5638064400"", ""37.5644645200"", ""37.5589366400"", ""35.8411407037"", ""37.5454740836"", ""35.8890974885"", ""37.5525192524""]",10,,,,0.0%,80.0%,
C:/projects/myproject/QDQM/DS_Input/Internal/university_code_2.csv,university_code_2.csv,경도,"[""126.9931151163"", ""127.0309795766"", ""126.9538339076"", ""126.9429309000"", ""127.1315899700"", ""126.9987376000"", ""126.9502888000"", ""128.6143223363"", ""126.9650743763"", ""126.9249906195""]",10,,,,0.0%,80.0%,
C:/projects/myproject/QDQM/DS_Input/Internal/university_code_2.csv,university_code_2.csv,학교개교일,"[""2009-03-01"", ""2012-03-01"", ""2014-03-01"", ""1999-11-02"", ""2006-03-01"", ""2016-03-01"", ""2010-03-01"", ""1996-11-02"", ""2003-03-01"", ""2013-03-01""]",10,YYYYMMDD,10,"YYYYMMDD:10, TIME_STAMP:10",100.0%,90.0%,"YYYYMMDD:10, TIME_STAMP:10"
C:/projects/myproject/QDQM/DS_Input/Internal/university_code_2.csv,university_code_2.csv,총장명,"[""조정열"", ""최준규"", ""윤상택"", ""이호정"", ""김성권"", ""어성욱"", ""홍유진"", ""차준희"", ""김갑룡"", ""김인중""]",10,NAME_KOR,10,NAME_KOR:10,100.0%,70.0%,NAME_KOR:10
C:/projects/myproject/QDQM/DS_Input/Internal/Z코드변동성예제.csv,Z코드변동성예제.csv,코드,"[""BB21000"", ""BB11420"", ""A20000"", ""BB41910"", ""BB22000"", ""BB41210"", ""BB48310"", ""BB61000"", ""BB46410"", ""BB81710""]",10,,,,0.0%,80.0%,
C:/projects/myproject/QDQM/DS_Input/Internal/Z코드변동성예제.csv,Z코드변동성예제.csv,사업자,"[""드림익스프레스"", ""동부상회"", ""주식회사 대성글로벌"", ""썸쥬얼리"", ""株式会社キャスト"", ""싱싱축산"", ""디스커버리(화성봉담점)"", ""마인드카"", ""규리아트"", ""(주)퍼스트로지스틱스""]",10,,,COMPANY_NAME:1,10.0%,40.0%,COMPANY_NAME:1
C:/projects/myproject/QDQM/DS_Input/Internal/Z코드변동성예제.csv,Z코드변동성예제.csv,GEN_TIMESTAMP,"[""2026-02-04 17:04:52.839128"", ""2026-02-04 17:04:52.839269"", ""2026-02-04 17:04:52.839259"", ""2026-02-04 17:04:52.839260"", ""2026-02-04 17:04:52.839261"", ""2026-02-04 17:04:52.839262"", ""2026-02-04 17:04:52.839263"", ""2026-02-04 17:04:52.839264"", ""2026-02-04 17:04:52.839265"", ""2026-02-04 17:04:52.839266""]",10,TIME_STAMP,10,TIME_STAMP:10,100.0%,90.0%,TIME_STAMP:10
C:/projects/myproject/QDQM/DS_Input/Internal/계약마스터.csv,계약마스터.csv,계약적용월,"[""202310"", ""202305"", ""202302"", ""202307"", ""202306"", ""202303"", ""202301"", ""202308"", ""202304"", ""202309""]",10,YEAR_MONTH,10,"YEAR_MONTH:10, ZIP_CODE_OLD:10",100.0%,90.0%,"YEAR_MONTH:10, ZIP_CODE_OLD:10"
C:/projects/myproject/QDQM/DS_Input/Internal/계약마스터.csv,계약마스터.csv,계약관리번호,"[""2203HDD0715"", ""2205HDD1962"", ""2203HDD0406"", ""2304HDD01498"", ""2308HDD01701"", ""2204HDD3332"", ""2306HDD00825"", ""2206HDD1313"", ""2212HDD02081"", ""2212HDD03742""]",10,,,,0.0%,80.0%,
C:/projects/myproject/QDQM/DS_Input/Internal/계약마스터.csv,계약마스터.csv,계약번호,"[""1235522"", ""1242946"", ""7013097"", ""2022253"", ""0144442"", ""0143359"", ""1236778"", ""0135072"", ""2014302"", ""1238059""]",10,,,,0.0%,80.0%,
C:/projects/myproject/QDQM/DS_Input/Internal/계약마스터.csv,계약마스터.csv,소사업코드,"[""422"", ""153"", ""107"", ""402"", ""165"", ""303"", ""304"", ""166"", ""168"", ""119""]",10,,,,0.0%,80.0%,
C:/projects/myproject/QDQM/DS_Input/Internal/계약마스터.csv,계약마스터.csv,팀코드,"[""TAEKE"", ""GURKE"", ""GUNKE"", ""GNOKE"", ""PUSKE"", ""PUNKE"", ""HNMKE"", ""KWJKE"", ""KBKKE"", ""MAPKE""]",10,,,,0.0%,80.0%,
C:/projects/myproject/QDQM/DS_Input/Internal/계약마스터.csv,계약마스터.csv,계약구분,"[""R"", ""N"", ""B""]",3,,,,0.0%,80.0%,
C:/projects/myproject/QDQM/DS_Input/Internal/계약마스터.csv,계약마스터.csv,소사업명,"[""B2C공통"", ""B2C집하"", ""컨테이너운송(용차)"", ""컨테이너운송공통"", ""B2B"", ""기타일반화물운송공통"", ""기타일반화물하역공통"", ""해상포워딩수출"", ""항공포워딩수출"", ""기타일반화물하역(자가)""]",10,,,,0.0%,80.0%,
C:/projects/myproject/QDQM/DS_Input/Internal/계약마스터.csv,계약마스터.csv,팀명,"[""대구택배지점"", ""구로택배지점"", ""군포택배지점"", ""강서택배지점"", ""부산택배지점"", ""분당택배지점"", ""하남택배지점"", ""광주택배지점"", ""강북택배지점"", ""마포택배지점""]",10,,,,0.0%,80.0%,
C:/projects/myproject/QDQM/DS_Input/Internal/계약마스터.csv,계약마스터.csv,사업자번호,"[""2018187986"", ""4738500904"", ""1268209255"", ""1208800767"", ""1078153660"", ""1148172141"", ""4108707666"", ""1028111097"", ""4100652482"", ""6071525844""]",10,BIZ_NO,10,BIZ_NO:10,100.0%,90.0%,BIZ_NO:10
C:/projects/myproject/QDQM/DS_Input/Internal/계약마스터.csv,계약마스터.csv,고객명,"[""(주)농협물류"", ""농협경제지주"", ""임산물유통센터"", ""쿠팡(주)"", ""(주)중소기업유통센터"", ""다온"", ""(주)위니아에이드"", ""지점"", ""해강물산(주)"", ""수산업협동조합중앙회""]",10,COMPANY_NAME,7,COMPANY_NAME:7,70.0%,40.0%,COMPANY_NAME:7
C:/projects/myproject/QDQM/DS_Input/Internal/계약마스터.csv,계약마스터.csv,계약개시일,"[""20230101"", ""20230401"", ""20220901"", ""20230501"", ""20230901"", ""20230601"", ""20220401"", ""20231101"", ""20220601"", ""20220801""]",10,YYYYMMDD,10,YYYYMMDD:10,100.0%,90.0%,YYYYMMDD:10
C:/projects/myproject/QDQM/DS_Input/Internal/계약마스터.csv,계약마스터.csv,계약종료일,"[""20231231"", ""20240331"", ""20240430"", ""20230831"", ""20240831"", ""20230430"", ""20240531"", ""20230331"", ""20240630"", ""20230731""]",10,YYYYMMDD,10,YYYYMMDD:10,100.0%,90.0%,YYYYMMDD:10
C:/projects/myproject/QDQM/DS_Input/Internal/계약마스터.csv,계약마스터.csv,물량단위,"[""BOX"", ""TON"", ""FEU"", ""TEU"", ""대"", ""평"", ""ℓ"", ""CBM"", ""건"", ""KGS""]",10,,,COUNTRY_CODE:1,10.0%,50.0%,COUNTRY_CODE:1
C:/projects/myproject/QDQM/DS_Input/Internal/계약마스터.csv,계약마스터.csv,예상물량년,"[""6000"", ""1200"", ""24000"", ""12000"", ""3600"", ""2400"", ""60000"", ""120000"", ""36000"", ""1800""]",10,,,"ZIP_CODE:4, YEAR:1, ZIP_CODE_OLD:1",40.0%,80.0%,"ZIP_CODE:4, YEAR:1, ZIP_CODE_OLD:1"
C:/projects/myproject/QDQM/DS_Input/Internal/계약마스터.csv,계약마스터.csv,최초생성자ID,"[""cnt""]",1,,,,0.0%,80.0%,
C:/projects/myproject/QDQM/DS_Input/Internal/계약마스터.csv,계약마스터.csv,최초생성일시,"[""00:21.9"", ""00:21.4"", ""00:21.3"", ""00:22.0"", ""00:21.2"", ""00:22.2"", ""00:21.8"", ""00:22.1"", ""00:20.9"", ""00:22.3""]",10,,,,0.0%,80.0%,
C:/projects/myproject/QDQM/DS_Input/Internal/계약마스터.csv,계약마스터.csv,ESB_STATUS,"[""N""]",1,,,,0.0%,80.0%,
C:/projects/myproject/QDQM/DS_Input/Internal/계약마스터.csv,계약마스터.csv,최종변경일시,"[""34:57.0""]",1,,,,0.0%,80.0%,
C:/projects/myproject/QDQM/DS_Input/Internal/계약마스터.csv,계약마스터.csv,ETL일시,"[""35:22.2""]",1,,,,0.0%,80.0%,
C:/projects/myproject/QDQM/DS_Input/Internal/계정과목코드.csv,계정과목코드.csv,계정과목코드,"[""525144"", ""518111"", ""516100"", ""514831"", ""514121"", ""512200"", ""421142"", ""511993"", ""511921"", ""422121""]",10,ZIP_CODE_OLD,10,"ZIP_CODE_OLD:10, YEAR_MONTH:1",100.0%,80.0%,"ZIP_CODE_OLD:10, YEAR_MONTH:1"
C:/projects/myproject/QDQM/DS_Input/Internal/계정과목코드.csv,계정과목코드.csv,계정과목명,"[""사용권자산감가상각비"", ""도로사용료"", ""기타영업외수익"", ""기타영업외비용"", ""영업수익"", ""선박항비"", ""판매촉진비"", ""용선임"", ""판매수수료"", ""대손상각비""]",10,ACCOUNT_NAME,10,"ACCOUNT_NAME:10, NAME_KOR:1",100.0%,50.0%,"ACCOUNT_NAME:10, NAME_KOR:1"
C:/projects/myproject/QDQM/DS_Input/Internal/계정과목코드.csv,계정과목코드.csv,상위계정과목코드,"[""510000"", ""511900"", ""525100"", ""500000"", ""511600"", ""423100"", ""518100"", ""421100"", ""512600"", ""515400""]",10,ZIP_CODE_OLD,10,ZIP_CODE_OLD:10,100.0%,80.0%,ZIP_CODE_OLD:10
C:/projects/myproject/QDQM/DS_Input/Internal/계정과목코드.csv,계정과목코드.csv,계정유형코드,"[""투자활동"", ""인건비"", ""HJ_C601"", ""계산계정01"", ""계산계정03"", ""계산계정11"", ""계산계정16"", ""계산계정13"", ""계산계정10"", ""계산계정19""]",10,,,NAME_KOR:1,10.0%,70.0%,NAME_KOR:1
C:/projects/myproject/QDQM/DS_Input/Internal/계정과목코드.csv,계정과목코드.csv,계정속성값1,"[""원가""]",1,,,,0.0%,80.0%,
C:/projects/myproject/QDQM/DS_Input/Internal/계정과목코드.csv,계정과목코드.csv,계정속성값2,"[""+410000,-751000"", ""+422100,+423100,+425100"", ""+410000,-751000,-753000"", ""+5100,+5200,+5300,+5500"", ""+5100,+5200,+5300"", ""#NAME?"", ""+410000,-602000"", ""+754000,+757000"", ""+755100,+756100,-755200,-756200"", ""+5400,+5500,+5600""]",10,,,COMPANY_NAME:1,10.0%,40.0%,COMPANY_NAME:1
C:/projects/myproject/QDQM/DS_Input/Internal/계정과목코드.csv,계정과목코드.csv,최초생성자ID,"[""epark""]",1,,,,0.0%,80.0%,
C:/projects/myproject/QDQM/DS_Input/Internal/계정과목코드.csv,계정과목코드.csv,최초생성일시,"[""04:02.8"", ""04:03.0"", ""04:02.9"", ""04:02.7"", ""04:03.1""]",5,,,,0.0%,80.0%,
C:/projects/myproject/QDQM/DS_Input/Internal/계정과목코드.csv,계정과목코드.csv,최종갱신자ID,"[""epark""]",1,,,,0.0%,80.0%,
C:/projects/myproject/QDQM/DS_Input/Internal/계정과목코드.csv,계정과목코드.csv,최종변경일시,"[""04:02.8"", ""04:03.0"", ""04:02.9"", ""04:02.7"", ""04:03.1""]",5,,,,0.0%,80.0%,
C:/projects/myproject/QDQM/DS_Input/Internal/계정과목코드.csv,계정과목코드.csv,ETL일시,"[""08:04.1""]",1,,,,0.0%,80.0%,
C:/projects/myproject/QDQM/DS_Input/Internal/계정코드관리.csv,계정코드관리.csv,수익비용구분코드,"[""500000"", ""400000""]",2,ZIP_CODE_OLD,2,ZIP_CODE_OLD:2,100.0%,80.0%,ZIP_CODE_OLD:2
C:/projects/myproject/QDQM/DS_Input/Internal/계정코드관리.csv,계정코드관리.csv,수익비용구분명,"[""비용"", ""수익""]",2,ACCOUNT_NAME,2,ACCOUNT_NAME:2,100.0%,50.0%,ACCOUNT_NAME:2
C:/projects/myproject/QDQM/DS_Input/Internal/계정코드관리.csv,계정코드관리.csv,상위계정과목코드,"[""510000"", ""520000"", ""420000"", ""410000"", ""570000""]",5,ZIP_CODE_OLD,5,ZIP_CODE_OLD:5,100.0%,80.0%,ZIP_CODE_OLD:5
C:/projects/myproject/QDQM/DS_Input/Internal/계정코드관리.csv,계정코드관리.csv,상위계정과목명,"[""영업비용"", ""영업외비용"", ""영업외수익"", ""영업수익"", ""법인세비용""]",5,,,ACCOUNT_NAME:4,80.0%,50.0%,ACCOUNT_NAME:4
C:/projects/myproject/QDQM/DS_Input/Internal/계정코드관리.csv,계정코드관리.csv,계정과목코드,"[""511900"", ""525100"", ""511600"", ""423100"", ""518100"", ""512600"", ""516500"", ""515400"", ""514200"", ""521200""]",10,ZIP_CODE_OLD,10,ZIP_CODE_OLD:10,100.0%,80.0%,ZIP_CODE_OLD:10
C:/projects/myproject/QDQM/DS_Input/Internal/계정코드관리.csv,계정코드관리.csv,계정과목명,"[""외주용역비"", ""자산처분및평가손실"", ""복리후생비"", ""자산처분및평가이익"", ""기타영업비용"", ""지급운임"", ""제세공과금"", ""지급수수료"", ""보험료"", ""기타금융비용""]",10,ACCOUNT_NAME,10,"ACCOUNT_NAME:10, NAME_KOR:1",100.0%,50.0%,"ACCOUNT_NAME:10, NAME_KOR:1"
C:/projects/myproject/QDQM/DS_Input/Internal/계정코드관리.csv,계정코드관리.csv,하위계정과목코드,"[""512891"", ""511731"", ""514311"", ""512641"", ""528151"", ""525143"", ""521214"", ""518122"", ""521121"", ""511151""]",10,ZIP_CODE_OLD,10,"ZIP_CODE_OLD:10, YEAR_MONTH:1",100.0%,80.0%,"ZIP_CODE_OLD:10, YEAR_MONTH:1"
C:/projects/myproject/QDQM/DS_Input/Internal/계정코드관리.csv,계정코드관리.csv,하위계정과목명,"[""기타작업비"", ""일용잡급"", ""사용권자산감가상각비"", ""선박운임"", ""지급수수료(영업외)"", ""공동기업투자손상차손"", ""리스이자비용"", ""택배집배점 경조금"", ""이자비용(단기차입금)"", ""상여금""]",10,ACCOUNT_NAME,9,"ACCOUNT_NAME:9, NAME_KOR:1",90.0%,50.0%,"ACCOUNT_NAME:9, NAME_KOR:1"
C:/projects/myproject/QDQM/DS_Input/Internal/계정코드관리.csv,계정코드관리.csv,정렬순서,"[""1460"", ""790"", ""1690"", ""1380"", ""3230"", ""3160"", ""2870"", ""2670"", ""2800"", ""480""]",10,,,YEAR:3,30.0%,90.0%,YEAR:3
C:/projects/myproject/QDQM/DS_Input/Internal/계정코드관리.csv,계정코드관리.csv,최초생성자ID,"[""epark""]",1,,,,0.0%,80.0%,
C:/projects/myproject/QDQM/DS_Input/Internal/계정코드관리.csv,계정코드관리.csv,최초생성일시,"[""2023-12-12 21:42:24.676000"", ""2023-12-12 21:42:24.651000"", ""2023-12-12 21:42:24.757000"", ""2023-12-12 21:42:24.741000"", ""2023-12-12 21:42:24.443000"", ""2023-12-12 21:42:24.747000"", ""2023-12-12 21:42:24.575000"", ""2023-12-12 21:42:24.533000"", ""2023-12-12 21:42:24.636000"", ""2023-12-12 21:42:24.475000""]",10,TIME_STAMP,10,TIME_STAMP:10,100.0%,90.0%,TIME_STAMP:10
C:/projects/myproject/QDQM/DS_Input/Internal/계정코드관리.csv,계정코드관리.csv,last_update_dtm,"[""2023-12-26 01:05:21.036000""]",1,TIME_STAMP,1,TIME_STAMP:1,100.0%,90.0%,TIME_STAMP:1
C:/projects/myproject/QDQM/DS_Input/Internal/계정코드관리.csv,계정코드관리.csv,etl_dtm,"[""2023-12-26 01:05:21.036000""]",1,TIME_STAMP,1,TIME_STAMP:1,100.0%,90.0%,TIME_STAMP:1
C:/projects/myproject/QDQM/DS_Input/Internal/고객마스터.csv,고객마스터.csv,고객번호,"[""1000124672"", ""1000207291"", ""1000381110"", ""1000597470"", ""1000350507"", ""1000287656"", ""1000110166"", ""1000547547"", ""1000417233"", ""1000054550""]",10,,,BIZ_NO:2,20.0%,90.0%,BIZ_NO:2
C:/projects/myproject/QDQM/DS_Input/Internal/고객마스터.csv,고객마스터.csv,고객명,"[""드림익스프레스"", ""한진위수탁"", ""한진택배"", ""동양건설(주)"", ""성진상사"", ""대양엔지니어링"", ""대경산업"", ""신진종합건설(주)"", ""(주)신성"", ""(주)삼정""]",10,COMPANY_NAME,7,COMPANY_NAME:7,70.0%,40.0%,COMPANY_NAME:7
C:/projects/myproject/QDQM/DS_Input/Internal/고객마스터.csv,고객마스터.csv,고객구분코드,"[""GENERAL""]",1,,,,0.0%,80.0%,
C:/projects/myproject/QDQM/DS_Input/Internal/고객마스터.csv,고객마스터.csv,사업자등록번호,"[""--"", ""HAN-JI-88997"", ""615-10-24424"", ""502-11-77700"", ""107-04-78452"", ""204-86-25081"", ""226-81-25072"", ""428-81-02087"", ""506-81-32445"", ""127-08-75331""]",10,,,BIZ_NO:8,80.0%,90.0%,BIZ_NO:8
C:/projects/myproject/QDQM/DS_Input/Internal/고객마스터.csv,고객마스터.csv,법인등록번호,"[""1.10111E+12"", ""1.10112E+12"", ""1.20111E+12"", ""1.80111E+12"", ""1.21111E+12"", ""2.85011E+12"", ""2.84111E+12"", ""1.70111E+12"", ""1.31111E+12"", ""1.60111E+12""]",10,,,,0.0%,80.0%,
C:/projects/myproject/QDQM/DS_Input/Internal/고객마스터.csv,고객마스터.csv,업태,"[""도소매"", ""서비스"", ""제조"", ""도매"", ""소매"", ""소매업"", ""제조업"", ""운수업"", ""운수"", ""도소매업""]",10,,,NAME_KOR:5,50.0%,70.0%,NAME_KOR:5
C:/projects/myproject/QDQM/DS_Input/Internal/고객마스터.csv,고객마스터.csv,업종명,"[""그외 미분류 제조업(10~33)"", ""전자상거래"", ""기타"", ""기타 기계 및 장비 도매업"", ""전자상거래업"", ""토목시설물 건설업"", ""상품 종합 도매업"", ""시스템·응용 소프트웨어 개발 및 공급업"", ""무역"", ""일반 음식점업""]",10,,,"COMPANY_NAME:2, ACCOUNT_NAME:1",20.0%,40.0%,"COMPANY_NAME:2, ACCOUNT_NAME:1"
C:/projects/myproject/QDQM/DS_Input/Internal/고객마스터.csv,고객마스터.csv,주소,"[""경기 용인시 처인구 백암면 근창리 백봉리"", ""부산시 중구 중앙대로 88(중앙동4가,정석빌딩)"", ""부산 기장군 기장읍 서부리 398"", ""서울특별시 금천구 가산디지털2로 83"", ""서울특별시 성동구 뚝섬로1길 31"", ""인천광역시 연수구 송도미래로 30"", ""대전광역시 중구 계백로1566번길 81(유천동)"", ""경기도 고양시 일산서구 강선로 188, 1103-1401(일산동)"", ""대구 남구 골안길 60-1"", ""서울특별시 중구 세종대로 124, 9층""]",10,ADDRESS,10,ADDRESS:10,100.0%,50.0%,ADDRESS:10
C:/projects/myproject/QDQM/DS_Input/Internal/고객마스터.csv,고객마스터.csv,우편번호,"[""449865"", ""48939"", ""12345"", ""08588"", ""130100"", ""442070"", ""472830"", ""14056"", ""10401"", ""34984""]",10,,,"ZIP_CODE:6, ZIP_CODE_OLD:4",60.0%,80.0%,"ZIP_CODE:6, ZIP_CODE_OLD:4"
C:/projects/myproject/QDQM/DS_Input/Internal/고객마스터.csv,고객마스터.csv,거래중지여부,"[""Y"", ""N""]",2,,,,0.0%,80.0%,
C:/projects/myproject/QDQM/DS_Input/Internal/고객마스터.csv,고객마스터.csv,거래중지사유,"[""정상"", ""폐업"", ""기타"", ""계약서미작성"", ""계약일종료"", ""담보미확보"", ""단기연체(60일미만)-1차"", ""단기연체(60일미만)-2차"", ""신용거래한도초과""]",9,,,"COMPANY_NAME:1, ACCOUNT_NAME:1",11.1%,40.0%,"COMPANY_NAME:1, ACCOUNT_NAME:1"
C:/projects/myproject/QDQM/DS_Input/Internal/고객마스터.csv,고객마스터.csv,SFDC고객ID,"[""0012000000YeX73AAF"", ""0012000000Yez9LAAR"", ""0012000000YfmhIAAR"", ""001D000001NfkmdIAB"", ""0012000000YfeerAAB"", ""0012000000YfOAbAAN"", ""0012000000O96X1AAJ"", ""001D000000lfzDvIAI"", ""0012000000Yfw9aAAB"", ""0012000000ALn9VAAT""]",10,,,,0.0%,80.0%,
C:/projects/myproject/QDQM/DS_Input/Internal/고객마스터.csv,고객마스터.csv,등록일시,"[""37:41.0"", ""10:00.0"", ""03:22.0"", ""29:35.0"", ""14:50.0"", ""02:40.0"", ""11:19.0"", ""03:24.0"", ""28:28.0"", ""43:31.0""]",10,,,,0.0%,80.0%,
C:/projects/myproject/QDQM/DS_Input/Internal/고객마스터.csv,고객마스터.csv,최종사원업데이트일시,"[""34:44.0"", ""32:30.0"", ""35:06.0"", ""32:39.0"", ""31:53.0"", ""30:34.0"", ""34:21.0"", ""33:03.0"", ""30:47.0"", ""31:02.0""]",10,,,,0.0%,80.0%,
C:/projects/myproject/QDQM/DS_Input/Internal/고객유형.csv,고객유형.csv,고객유형코드,"[""ESM"", ""HJE"", ""NFS"", ""NHS"", ""SFS""]",5,,,,0.0%,80.0%,
C:/projects/myproject/QDQM/DS_Input/Internal/고객유형.csv,고객유형.csv,고객유형명,"[""ES MAN"", ""한진임직원"", ""nFOCUS"", ""농협"", ""sFOCUS""]",5,,,COMPANY_NAME:1,20.0%,40.0%,COMPANY_NAME:1
C:/projects/myproject/QDQM/DS_Input/Internal/고객유형.csv,고객유형.csv,사용여부,"[""Y""]",1,,,,0.0%,80.0%,
C:/projects/myproject/QDQM/DS_Input/Internal/고객유형.csv,고객유형.csv,등록일시,"[""2021-12-08 12:39:38.000000"", ""2021-12-08 12:39:07.000000"", ""2021-12-08 12:37:21.000000"", ""2021-12-17 10:19:18.000000"", ""2021-12-08 12:38:18.000000""]",5,TIME_STAMP,5,TIME_STAMP:5,100.0%,90.0%,TIME_STAMP:5
C:/projects/myproject/QDQM/DS_Input/Internal/고객유형.csv,고객유형.csv,등록사용자ID,"[""9117160""]",1,,,,0.0%,80.0%,
C:/projects/myproject/QDQM/DS_Input/Internal/고객유형.csv,고객유형.csv,변경사용자ID,"[""9117160""]",1,,,,0.0%,80.0%,
C:/projects/myproject/QDQM/DS_Input/Internal/고객유형.csv,고객유형.csv,최종변경일시,"[""2021-12-08 12:39:38.000000"", ""2021-12-08 12:39:07.000000"", ""2021-12-08 12:37:21.000000"", ""2021-12-17 10:19:28.000000"", ""2021-12-08 12:38:18.000000""]",5,TIME_STAMP,5,TIME_STAMP:5,100.0%,90.0%,TIME_STAMP:5
C:/projects/myproject/QDQM/DS_Input/Internal/고객유형.csv,고객유형.csv,ETL일시,"[""2023-12-23 01:15:49.311000""]",1,TIME_STAMP,1,TIME_STAMP:1,100.0%,90.0%,TIME_STAMP:1
C:/projects/myproject/QDQM/DS_Input/Internal/관리회계_계정그룹.csv,관리회계_계정그룹.csv,배부계정GROUP코드,"[""AG_5130"", ""AG_4200"", ""AG_5200""]",3,,,,0.0%,80.0%,
C:/projects/myproject/QDQM/DS_Input/Internal/관리회계_계정그룹.csv,관리회계_계정그룹.csv,배부계정GROUP명,"[""전산비"", ""영업외수익"", ""영업외비용""]",3,ACCOUNT_NAME,3,"ACCOUNT_NAME:3, NAME_KOR:1",100.0%,50.0%,"ACCOUNT_NAME:3, NAME_KOR:1"
C:/projects/myproject/QDQM/DS_Input/Internal/관리회계_계정그룹.csv,관리회계_계정그룹.csv,정렬순서,"[""10"", ""30"", ""20""]",3,,,,0.0%,80.0%,
C:/projects/myproject/QDQM/DS_Input/Internal/관리회계_계정그룹.csv,관리회계_계정그룹.csv,사용여부,"[""Y""]",1,,,,0.0%,80.0%,
C:/projects/myproject/QDQM/DS_Input/Internal/관리회계_계정그룹.csv,관리회계_계정그룹.csv,최초생성자ID,"[""kimin"", ""hanjin""]",2,,,,0.0%,80.0%,
C:/projects/myproject/QDQM/DS_Input/Internal/관리회계_계정그룹.csv,관리회계_계정그룹.csv,최초생성일시,"[""2020-12-08 18:29:16.574000"", ""2021-02-09 17:40:55.402000"", ""2021-02-09 17:58:42.825000""]",3,TIME_STAMP,3,TIME_STAMP:3,100.0%,90.0%,TIME_STAMP:3
C:/projects/myproject/QDQM/DS_Input/Internal/관리회계_계정그룹.csv,관리회계_계정그룹.csv,최종갱신자ID,"[""kimin"", ""hanjin""]",2,,,,0.0%,80.0%,
C:/projects/myproject/QDQM/DS_Input/Internal/관리회계_계정그룹.csv,관리회계_계정그룹.csv,최종변경일시,"[""2020-12-30 12:33:11.366000"", ""2021-02-09 17:40:55.402000"", ""2021-02-09 17:58:42.825000""]",3,TIME_STAMP,3,TIME_STAMP:3,100.0%,90.0%,TIME_STAMP:3
C:/projects/myproject/QDQM/DS_Input/Internal/관리회계_계정그룹.csv,관리회계_계정그룹.csv,ETL일시,"[""2023-12-23 01:04:37.105000""]",1,TIME_STAMP,1,TIME_STAMP:1,100.0%,90.0%,TIME_STAMP:1
C:/projects/myproject/QDQM/DS_Input/Internal/관리회계_계정그룹상세.csv,관리회계_계정그룹상세.csv,배부계정GROUP코드,"[""AG_5200"", ""AG_4200"", ""AG_5130""]",3,,,,0.0%,80.0%,
C:/projects/myproject/QDQM/DS_Input/Internal/관리회계_계정그룹상세.csv,관리회계_계정그룹상세.csv,계정코드,"[""528111"", ""521131"", ""423122"", ""525144"", ""522111"", ""525112"", ""528121"", ""577112"", ""525131"", ""521222""]",10,ZIP_CODE_OLD,10,"ZIP_CODE_OLD:10, YEAR_MONTH:4",100.0%,80.0%,"ZIP_CODE_OLD:10, YEAR_MONTH:4"
C:/projects/myproject/QDQM/DS_Input/Internal/관리회계_계정그룹상세.csv,관리회계_계정그룹상세.csv,정렬순서,"[""470"", ""100"", ""730"", ""400"", ""420"", ""240"", ""480"", ""540"", ""330"", ""190""]",10,,,,0.0%,80.0%,
C:/projects/myproject/QDQM/DS_Input/Internal/관리회계_계정그룹상세.csv,관리회계_계정그룹상세.csv,사용여부,"[""Y""]",1,,,,0.0%,80.0%,
C:/projects/myproject/QDQM/DS_Input/Internal/관리회계_계정그룹상세.csv,관리회계_계정그룹상세.csv,최초생성자ID,"[""kimin"", ""epark""]",2,,,,0.0%,80.0%,
C:/projects/myproject/QDQM/DS_Input/Internal/관리회계_계정그룹상세.csv,관리회계_계정그룹상세.csv,최초생성일시,"[""2021-02-09 17:59:22.358000"", ""2021-02-09 17:59:22.204000"", ""2021-02-09 17:59:22.445000"", ""2021-02-09 17:59:22.332000"", ""2021-02-09 17:59:22.339000"", ""2021-02-09 17:59:22.262000"", ""2021-02-09 17:59:22.362000"", ""2021-02-09 17:59:22.381000"", ""2021-02-09 17:59:22.300000"", ""2021-02-09 17:59:22.240000""]",10,TIME_STAMP,10,TIME_STAMP:10,100.0%,90.0%,TIME_STAMP:10
C:/projects/myproject/QDQM/DS_Input/Internal/관리회계_계정그룹상세.csv,관리회계_계정그룹상세.csv,최종갱신자ID,"[""kimin"", ""epark""]",2,,,,0.0%,80.0%,
C:/projects/myproject/QDQM/DS_Input/Internal/관리회계_계정그룹상세.csv,관리회계_계정그룹상세.csv,최종변경일시,"[""2021-02-09 17:59:22.358000"", ""2021-02-09 17:59:22.204000"", ""2021-02-09 17:59:22.445000"", ""2021-02-09 17:59:22.332000"", ""2021-02-09 17:59:22.339000"", ""2021-02-09 17:59:22.262000"", ""2021-02-09 17:59:22.362000"", ""2021-02-09 17:59:22.381000"", ""2021-02-09 17:59:22.300000"", ""2021-02-09 17:59:22.240000""]",10,TIME_STAMP,10,TIME_STAMP:10,100.0%,90.0%,TIME_STAMP:10
C:/projects/myproject/QDQM/DS_Input/Internal/관리회계_계정그룹상세.csv,관리회계_계정그룹상세.csv,ETL일시,"[""2023-12-23 01:07:21.443000""]",1,TIME_STAMP,1,TIME_STAMP:1,100.0%,90.0%,TIME_STAMP:1
C:/projects/myproject/QDQM/DS_Input/Internal/관리회계_고객.csv,관리회계_고객.csv,사업자등록번호,"[""5022931335"", ""1378124531"", ""3371602143"", ""5032427163"", ""5025000554"", ""6168606894"", ""7684000169"", ""1218618077"", ""4338600562"", ""3591900807""]",10,BIZ_NO,10,BIZ_NO:10,100.0%,90.0%,BIZ_NO:10
C:/projects/myproject/QDQM/DS_Input/Internal/관리회계_고객.csv,관리회계_고객.csv,고객명,"[""카페유나"", ""상아목재"", ""오든빈티지"", ""드림익스프레스이보근"", ""그랑크뤼커피"", ""어업회사법인제주수협유통"", ""구미우정관코오롱패션아울렛"", ""유앤아이오에스피"", ""캠플러스"", ""강태웅""]",10,,,"COMPANY_NAME:2, NAME_KOR:1",20.0%,40.0%,"COMPANY_NAME:2, NAME_KOR:1"
C:/projects/myproject/QDQM/DS_Input/Internal/관리회계_고객.csv,관리회계_고객.csv,법인번호,"[""1101110000000"", ""1101120000000"", ""1801110000000"", ""1201110000000"", ""1701110000000"", ""1311110000000"", ""1601110000000"", ""1341110000000"", ""1345110000000"", ""1342110000000""]",10,,,"RRN_FORMAT:7, CORPORATE_NUMBER:3, BANK_ACCOUNT:3, RRN:1",70.0%,90.0%,"RRN_FORMAT:7, CORPORATE_NUMBER:3, BANK_ACCOUNT:3, RRN:1"
C:/projects/myproject/QDQM/DS_Input/Internal/관리회계_고객.csv,관리회계_고객.csv,고객구분코드,"[""1""]",1,,,,0.0%,80.0%,
C:/projects/myproject/QDQM/DS_Input/Internal/관리회계_고객.csv,관리회계_고객.csv,최초생성자ID,"[""ADMIN"", ""bumskim"", ""test"", ""kimin"", ""gbchoi"", ""kyehkim"", ""epark"", ""hanjin""]",8,,,,0.0%,80.0%,
C:/projects/myproject/QDQM/DS_Input/Internal/관리회계_고객.csv,관리회계_고객.csv,최초생성일시,"[""40:03.8"", ""40:03.9"", ""40:04.0"", ""00:28.9"", ""40:03.7"", ""00:28.8"", ""00:28.7"", ""59:49.5"", ""45:14.0"", ""11:43.7""]",10,,,,0.0%,80.0%,
C:/projects/myproject/QDQM/DS_Input/Internal/관리회계_고객.csv,관리회계_고객.csv,최종갱신자ID,"[""ADMIN"", ""bumskim"", ""test"", ""kimin"", ""gbchoi"", ""kyehkim"", ""epark"", ""hanjin""]",8,,,,0.0%,80.0%,
C:/projects/myproject/QDQM/DS_Input/Internal/관리회계_고객.csv,관리회계_고객.csv,최종변경일시,"[""40:03.8"", ""40:03.9"", ""40:04.0"", ""00:28.9"", ""00:28.8"", ""00:28.7"", ""40:03.7"", ""59:49.5"", ""45:14.0"", ""11:43.7""]",10,,,,0.0%,80.0%,
C:/projects/myproject/QDQM/DS_Input/Internal/관리회계_고객.csv,관리회계_고객.csv,ETL일시,"[""03:22.3""]",1,,,,0.0%,80.0%,
C:/projects/myproject/QDQM/DS_Input/Internal/관리회계_사업.csv,관리회계_사업.csv,사업유형코드,"[""TYPE1"", ""TYPE2""]",2,,,,0.0%,80.0%,
C:/projects/myproject/QDQM/DS_Input/Internal/관리회계_사업.csv,관리회계_사업.csv,사업코드,"[""901"", ""159"", ""418"", ""179"", ""701"", ""403"", ""180"", ""181"", ""196"", ""165""]",10,,,,0.0%,80.0%,
C:/projects/myproject/QDQM/DS_Input/Internal/관리회계_사업.csv,관리회계_사업.csv,유효시작일자V,"[""20000101"", ""20210217""]",2,YYYYMMDD,2,YYYYMMDD:2,100.0%,90.0%,YYYYMMDD:2
C:/projects/myproject/QDQM/DS_Input/Internal/관리회계_사업.csv,관리회계_사업.csv,사업명,"[""기타일반화물운송(자차)"", ""기타일반화물운송(용차)"", ""컨테이너운송(자차)"", ""컨테이너운송(용차)"", ""PCTC"", ""PICT"", ""인천물류센터"", ""적/대봉호"", ""항만법인경영지원"", ""안산창고""]",10,,,,0.0%,80.0%,
C:/projects/myproject/QDQM/DS_Input/Internal/관리회계_사업.csv,관리회계_사업.csv,상위사업코드,"[""424"", ""422"", ""507"", ""503"", ""506"", ""701"", ""509"", ""430"", ""606"", ""418""]",10,,,,0.0%,80.0%,
C:/projects/myproject/QDQM/DS_Input/Internal/관리회계_사업.csv,관리회계_사업.csv,사업LEVEL코드,"[""3"", ""2"", ""1"", ""0""]",4,,,,0.0%,80.0%,
C:/projects/myproject/QDQM/DS_Input/Internal/관리회계_사업.csv,관리회계_사업.csv,유효종료일자V,"[""99991231""]",1,YYYYMMDD,1,YYYYMMDD:1,100.0%,90.0%,YYYYMMDD:1
C:/projects/myproject/QDQM/DS_Input/Internal/관리회계_사업.csv,관리회계_사업.csv,정렬순서,"[""2390"", ""630"", ""1790"", ""620"", ""3180"", ""3830"", ""3260"", ""2730"", ""2570"", ""2970""]",10,,,YEAR:4,40.0%,90.0%,YEAR:4
C:/projects/myproject/QDQM/DS_Input/Internal/관리회계_사업.csv,관리회계_사업.csv,최초생성자ID,"[""epark""]",1,,,,0.0%,80.0%,
C:/projects/myproject/QDQM/DS_Input/Internal/관리회계_사업.csv,관리회계_사업.csv,최초생성일시,"[""18:22.4"", ""18:22.6"", ""18:22.5"", ""18:22.3""]",4,,,,0.0%,80.0%,
C:/projects/myproject/QDQM/DS_Input/Internal/관리회계_사업.csv,관리회계_사업.csv,최종갱신자ID,"[""epark""]",1,,,,0.0%,80.0%,
C:/projects/myproject/QDQM/DS_Input/Internal/관리회계_사업.csv,관리회계_사업.csv,최종변경일시,"[""18:22.4"", ""18:22.6"", ""18:22.5"", ""18:22.3""]",4,,,,0.0%,80.0%,
C:/projects/myproject/QDQM/DS_Input/Internal/관리회계_사업.csv,관리회계_사업.csv,ETL일시,"[""03:53.3""]",1,,,,0.0%,80.0%,
C:/projects/myproject/QDQM/DS_Input/Internal/관리회계_조직그룹.csv,관리회계_조직그룹.csv,귀속부서조직GROUP코드,"[""OG_SELALLQ"", ""OG_PUSSL"", ""OG_HQ"", ""OG_SELOY"", ""OG_HJ_1050"", ""OG_EXPRESS"", ""OG_SELHQ"", ""OG_SELIP"", ""OG_SELXW"", ""OG_SELDE""]",10,,,,0.0%,80.0%,
C:/projects/myproject/QDQM/DS_Input/Internal/관리회계_조직그룹.csv,관리회계_조직그룹.csv,귀속부서조직GROUP명,"[""본사직접비"", ""부산지점"", ""NO_ORG 가능 점소"", ""산업안전실(안전보안비용)"", ""안전비용 배부용 조직_SUB_ORG"", ""B2C 점소 매출기준"", ""일반관리비"", ""인력관리실,노사협력실"", ""사무직인원수"", ""B2C본사직접비""]",10,,,,0.0%,80.0%,
C:/projects/myproject/QDQM/DS_Input/Internal/관리회계_조직그룹.csv,관리회계_조직그룹.csv,정렬순서,"[""30"", ""100"", ""70"", ""80"", ""90"", ""50"", ""10"", ""20"", ""60"", ""40""]",10,,,,0.0%,80.0%,
C:/projects/myproject/QDQM/DS_Input/Internal/관리회계_조직그룹.csv,관리회계_조직그룹.csv,사용여부,"[""Y"", ""N""]",2,,,,0.0%,80.0%,
C:/projects/myproject/QDQM/DS_Input/Internal/관리회계_조직그룹.csv,관리회계_조직그룹.csv,최초생성자ID,"[""epark""]",1,,,,0.0%,80.0%,
C:/projects/myproject/QDQM/DS_Input/Internal/관리회계_조직그룹.csv,관리회계_조직그룹.csv,최초생성일시,"[""2023-10-11 15:35:02.233000"", ""2023-10-11 15:35:02.241000"", ""2023-10-11 15:35:02.237000"", ""2023-10-11 15:35:02.238000"", ""2023-10-11 15:35:02.239000"", ""2023-10-11 15:35:02.235000"", ""2023-10-11 15:35:02.231000"", ""2023-10-11 15:35:02.232000"", ""2023-10-11 15:35:02.236000"", ""2023-10-11 15:35:02.234000""]",10,TIME_STAMP,10,TIME_STAMP:10,100.0%,90.0%,TIME_STAMP:10
C:/projects/myproject/QDQM/DS_Input/Internal/관리회계_조직그룹.csv,관리회계_조직그룹.csv,최종갱신자ID,"[""epark""]",1,,,,0.0%,80.0%,
C:/projects/myproject/QDQM/DS_Input/Internal/관리회계_조직그룹.csv,관리회계_조직그룹.csv,최종변경일시,"[""2023-10-11 15:35:02.233000"", ""2023-10-11 15:35:02.241000"", ""2023-10-11 15:35:02.237000"", ""2023-10-11 15:35:02.238000"", ""2023-10-11 15:35:02.239000"", ""2023-10-11 15:35:02.235000"", ""2023-10-11 15:35:02.231000"", ""2023-10-11 15:35:02.232000"", ""2023-10-11 15:35:02.236000"", ""2023-10-11 15:35:02.234000""]",10,TIME_STAMP,10,TIME_STAMP:10,100.0%,90.0%,TIME_STAMP:10
C:/projects/myproject/QDQM/DS_Input/Internal/관리회계_조직그룹.csv,관리회계_조직그룹.csv,ETL일시,"[""2023-12-23 01:05:26.379000""]",1,TIME_STAMP,1,TIME_STAMP:1,100.0%,90.0%,TIME_STAMP:1
C:/projects/myproject/QDQM/DS_Input/Internal/관리회계_조직그룹상세.csv,관리회계_조직그룹상세.csv,귀속부서조직GROUP코드,"[""OG_HQ"", ""OG_SELDE"", ""OG_SELHQ"", ""OG_EXPRESS"", ""OG_SELXW"", ""OG_SELIP"", ""OG_HJ_1050"", ""OG_SELOY"", ""OG_PUSSL""]",9,,,,0.0%,80.0%,
C:/projects/myproject/QDQM/DS_Input/Internal/관리회계_조직그룹상세.csv,관리회계_조직그룹상세.csv,귀속부서조직코드,"[""SELEOOS"", ""SELEPO"", ""SELEKK"", ""SELEXS"", ""SELEIA"", ""SELEPM"", ""SELEOND"", ""SELEKKG"", ""SELDE"", ""SELEPY""]",10,,,,0.0%,80.0%,
C:/projects/myproject/QDQM/DS_Input/Internal/관리회계_조직그룹상세.csv,관리회계_조직그룹상세.csv,정렬순서,"[""1910"", ""2970"", ""2590"", ""1220"", ""510"", ""2950"", ""3250"", ""1620"", ""2000"", ""430""]",10,,,YEAR:5,50.0%,90.0%,YEAR:5
C:/projects/myproject/QDQM/DS_Input/Internal/관리회계_조직그룹상세.csv,관리회계_조직그룹상세.csv,사용여부,"[""Y"", ""N""]",2,,,,0.0%,80.0%,
C:/projects/myproject/QDQM/DS_Input/Internal/관리회계_조직그룹상세.csv,관리회계_조직그룹상세.csv,최초생성자ID,"[""epark""]",1,,,,0.0%,80.0%,
C:/projects/myproject/QDQM/DS_Input/Internal/관리회계_조직그룹상세.csv,관리회계_조직그룹상세.csv,최초생성일시,"[""2023-11-27 17:26:02.569000"", ""2023-11-27 17:26:02.434000"", ""2023-11-27 17:26:02.546000"", ""2023-11-27 17:26:02.428000"", ""2023-11-27 17:26:02.377000"", ""2023-11-27 17:26:02.399000"", ""2023-11-27 17:26:02.420000"", ""2023-11-27 17:26:02.631000"", ""2023-11-27 17:26:02.590000"", ""2023-11-27 17:26:02.510000""]",10,TIME_STAMP,10,TIME_STAMP:10,100.0%,90.0%,TIME_STAMP:10
C:/projects/myproject/QDQM/DS_Input/Internal/관리회계_조직그룹상세.csv,관리회계_조직그룹상세.csv,최종갱신자ID,"[""epark""]",1,,,,0.0%,80.0%,
C:/projects/myproject/QDQM/DS_Input/Internal/관리회계_조직그룹상세.csv,관리회계_조직그룹상세.csv,최종변경일시,"[""2023-11-27 17:26:02.569000"", ""2023-11-27 17:26:02.434000"", ""2023-11-27 17:26:02.546000"", ""2023-11-27 17:26:02.428000"", ""2023-11-27 17:26:02.377000"", ""2023-11-27 17:26:02.399000"", ""2023-11-27 17:26:02.420000"", ""2023-11-27 17:26:02.631000"", ""2023-11-27 17:26:02.590000"", ""2023-11-27 17:26:02.510000""]",10,TIME_STAMP,10,TIME_STAMP:10,100.0%,90.0%,TIME_STAMP:10
C:/projects/myproject/QDQM/DS_Input/Internal/관리회계_조직그룹상세.csv,관리회계_조직그룹상세.csv,ETL일시,"[""2023-12-23 01:07:18.846000""]",1,TIME_STAMP,1,TIME_STAMP:1,100.0%,90.0%,TIME_STAMP:1
C:/projects/myproject/QDQM/DS_Input/Internal/관리회계계정.csv,관리회계계정.csv,관리회계계정코드,"[""525144"", ""518111"", ""516100"", ""514831"", ""514121"", ""512200"", ""421142"", ""511993"", ""511921"", ""422121""]",10,ZIP_CODE_OLD,10,"ZIP_CODE_OLD:10, YEAR_MONTH:1",100.0%,80.0%,"ZIP_CODE_OLD:10, YEAR_MONTH:1"
C:/projects/myproject/QDQM/DS_Input/Internal/관리회계계정.csv,관리회계계정.csv,계정명,"[""사용권자산감가상각비"", ""도로사용료"", ""기타영업외수익"", ""기타영업외비용"", ""영업수익"", ""선박항비"", ""판매촉진비"", ""용선임"", ""판매수수료"", ""대손상각비""]",10,ACCOUNT_NAME,10,"ACCOUNT_NAME:10, NAME_KOR:1",100.0%,50.0%,"ACCOUNT_NAME:10, NAME_KOR:1"
C:/projects/myproject/QDQM/DS_Input/Internal/관리회계계정.csv,관리회계계정.csv,관리회계상위계정코드,"[""510000"", ""511900"", ""525100"", ""500000"", ""511600"", ""423100"", ""518100"", ""421100"", ""512600"", ""515400""]",10,ZIP_CODE_OLD,10,ZIP_CODE_OLD:10,100.0%,80.0%,ZIP_CODE_OLD:10
C:/projects/myproject/QDQM/DS_Input/Internal/관리회계계정.csv,관리회계계정.csv,관리회계계정유형코드,"[""투자활동"", ""인건비"", ""HJ_C601"", ""계산계정01"", ""계산계정03"", ""계산계정11"", ""계산계정16"", ""계산계정13"", ""계산계정10"", ""계산계정19""]",10,,,NAME_KOR:1,10.0%,70.0%,NAME_KOR:1
C:/projects/myproject/QDQM/DS_Input/Internal/관리회계계정.csv,관리회계계정.csv,관리회계계정속성값1,"[""원가""]",1,,,,0.0%,80.0%,
C:/projects/myproject/QDQM/DS_Input/Internal/관리회계계정.csv,관리회계계정.csv,관리회계계정속성값2,"[""+410000,-751000"", ""+422100,+423100,+425100"", ""+410000,-751000,-753000"", ""+5100,+5200,+5300,+5500"", ""+5100,+5200,+5300"", ""#NAME?"", ""+410000,-602000"", ""+754000,+757000"", ""+755100,+756100,-755200,-756200"", ""+5400,+5500,+5600""]",10,,,COMPANY_NAME:1,10.0%,40.0%,COMPANY_NAME:1
C:/projects/myproject/QDQM/DS_Input/Internal/관리회계계정.csv,관리회계계정.csv,정렬순서,"[""3770"", ""3300"", ""470"", ""2600"", ""2210"", ""220"", ""800"", ""1670"", ""1490"", ""830""]",10,,,YEAR:2,20.0%,90.0%,YEAR:2
C:/projects/myproject/QDQM/DS_Input/Internal/관리회계계정.csv,관리회계계정.csv,최초생성자ID,"[""epark""]",1,,,,0.0%,80.0%,
C:/projects/myproject/QDQM/DS_Input/Internal/관리회계계정.csv,관리회계계정.csv,최초생성일시,"[""04:02.8"", ""04:03.0"", ""04:02.9"", ""04:02.7"", ""04:03.1""]",5,,,,0.0%,80.0%,
C:/projects/myproject/QDQM/DS_Input/Internal/관리회계계정.csv,관리회계계정.csv,최종갱신자ID,"[""epark""]",1,,,,0.0%,80.0%,
C:/projects/myproject/QDQM/DS_Input/Internal/관리회계계정.csv,관리회계계정.csv,최종변경일시,"[""04:02.8"", ""04:03.0"", ""04:02.9"", ""04:02.7"", ""04:03.1""]",5,,,,0.0%,80.0%,
C:/projects/myproject/QDQM/DS_Input/Internal/관리회계계정.csv,관리회계계정.csv,ETL일시,"[""08:04.1""]",1,,,,0.0%,80.0%,
C:/projects/myproject/QDQM/DS_Input/Internal/관리회계계정.csv,관리회계계정.csv,create_time,"[""18:27.0"", ""24:32.8"", ""40:23.2"", ""38:48.1"", ""37:13.1"", ""35:38.1"", ""34:03.0"", ""32:28.0"", ""30:52.9"", ""29:17.9""]",10,,,,0.0%,80.0%,
C:/projects/myproject/QDQM/DS_Input/Internal/기업고객.csv,기업고객.csv,기업고객번호,"[""3009202"", ""7006544"", ""7004143"", ""7008981"", ""128112"", ""6005967"", ""6007331"", ""112154"", ""2010865"", ""3007196""]",10,,,ZIP_CODE_OLD:2,20.0%,80.0%,ZIP_CODE_OLD:2
C:/projects/myproject/QDQM/DS_Input/Internal/기업고객.csv,기업고객.csv,개인기업고객구분,"[""C""]",1,,,,0.0%,80.0%,
C:/projects/myproject/QDQM/DS_Input/Internal/기업고객.csv,기업고객.csv,사업구분,"[""D"", ""I""]",2,,,,0.0%,80.0%,
C:/projects/myproject/QDQM/DS_Input/Internal/기업고객.csv,기업고객.csv,기업고객명,"[""주식회사 LF"", ""롯데하이마트(주)"", ""(주)하이프라자"", ""롯데쇼핑(주)롯데슈퍼사업본부"", ""(주)GS리테일"", ""쌤소나이트코리아(주)"", ""롯데쇼핑(주)롯데마트사업본부"", ""한솔로지스틱스주식회사"", ""(주)에이비씨마트코리아"", ""쿠팡 주식회사""]",10,COMPANY_NAME,5,COMPANY_NAME:5,50.0%,40.0%,COMPANY_NAME:5
C:/projects/myproject/QDQM/DS_Input/Internal/기업고객.csv,기업고객.csv,영문고객명,"[""S"", ""KOREAN AIR"", ""GLOBAL CO.,LTD"", ""K"", ""A"", ""H"", ""AMTECH KOREA.,LTD"", ""SHINIL CO.,LTD"", ""HANIL CARPET"", ""GM TRADING""]",10,,,COMPANY_NAME:1,10.0%,40.0%,COMPANY_NAME:1
C:/projects/myproject/QDQM/DS_Input/Internal/기업고객.csv,기업고객.csv,국가코드,"[""KR"", ""PT""]",2,,,,0.0%,80.0%,
C:/projects/myproject/QDQM/DS_Input/Internal/기업고객.csv,기업고객.csv,기업사업자등록번호,"[""2018187986"", ""2118787724"", ""1048116860"", ""1298122380"", ""1168118745"", ""2068511698"", ""6178117517"", ""2188121342"", ""1028141359"", ""2158513569""]",10,BIZ_NO,10,BIZ_NO:10,100.0%,90.0%,BIZ_NO:10
C:/projects/myproject/QDQM/DS_Input/Internal/기업고객.csv,기업고객.csv,기업우편번호,"[""3739"", ""135080"", ""6017"", ""153023"", ""135010"", ""135280"", ""135090"", ""137070"", ""152050"", ""150010""]",10,ZIP_CODE_OLD,8,ZIP_CODE_OLD:8,80.0%,80.0%,ZIP_CODE_OLD:8
C:/projects/myproject/QDQM/DS_Input/Internal/기업고객.csv,기업고객.csv,주소,"[""."", ""0000 0000"", ""1"", ""509번지"", ""(마곡동)"", ""140"", ""1층"", ""10번지 GS강서타워"", ""118"", ""12층""]",10,,,,0.0%,80.0%,
C:/projects/myproject/QDQM/DS_Input/Internal/기업고객.csv,기업고객.csv,청구부서,"[""관리"", ""관리팀"", ""."", ""관리부"", ""총무"", ""영업부"", ""총무팀"", ""대표"", ""영업팀"", ""영업""]",10,,,NAME_KOR:5,50.0%,70.0%,NAME_KOR:5
C:/projects/myproject/QDQM/DS_Input/Internal/기업고객.csv,기업고객.csv,청구지우편번호,"[""135080"", ""135120"", ""153023"", ""135010"", ""137070"", ""135280"", ""152050"", ""150010"", ""135090"", ""137130""]",10,ZIP_CODE_OLD,10,ZIP_CODE_OLD:10,100.0%,80.0%,ZIP_CODE_OLD:10
C:/projects/myproject/QDQM/DS_Input/Internal/기업고객.csv,기업고객.csv,청구지주소,"[""."", ""언주로 174길 10"", ""1"", ""1층"", ""0000 0000"", ""945-1 홍우빌딩 12층"", ""(을지로2가)21층"", ""327"", ""-"", ""140""]",10,,,,0.0%,80.0%,
C:/projects/myproject/QDQM/DS_Input/Internal/기업고객.csv,기업고객.csv,판매일,"[""19990101"", ""20200826"", ""20081201"", ""20130401"", ""19990501"", ""20220701"", ""20220301"", ""20190501"", ""20050901"", ""20060401""]",10,YYYYMMDD,10,YYYYMMDD:10,100.0%,90.0%,YYYYMMDD:10
C:/projects/myproject/QDQM/DS_Input/Internal/기업고객.csv,기업고객.csv,판매점소,"[""GIEBR"", ""BUEBR"", ""SEEBR"", ""TAEBR"", ""SKPBR"", ""TJNBR"", ""KWJBR"", ""SCOBR"", ""HQRLM"", ""SESBR""]",10,,,,0.0%,80.0%,
C:/projects/myproject/QDQM/DS_Input/Internal/기업고객.csv,기업고객.csv,판매원사번,"[""9999999"", ""12891"", ""310741"", ""9703945"", ""9501903"", ""1910344"", ""11804"", ""911610"", ""1111493"", ""9410763""]",10,,,"ZIP_CODE:2, ZIP_CODE_OLD:2, YEAR_MONTH:1",20.0%,80.0%,"ZIP_CODE:2, ZIP_CODE_OLD:2, YEAR_MONTH:1"
C:/projects/myproject/QDQM/DS_Input/Internal/기업고객.csv,기업고객.csv,담당부서,"[""관리"", ""관리팀"", ""관리부"", ""."", ""총무"", ""대표"", ""총무팀"", ""영업부"", ""관리부서"", ""영업팀""]",10,,,NAME_KOR:5,50.0%,70.0%,NAME_KOR:5
C:/projects/myproject/QDQM/DS_Input/Internal/기업고객.csv,기업고객.csv,집하지우편번호,"[""135080"", ""137070"", ""400103"", ""153023"", ""140012"", ""150010"", ""133120"", ""135010"", ""135090"", ""153803""]",10,ZIP_CODE_OLD,10,"ZIP_CODE_OLD:10, YEAR_MONTH:1",100.0%,80.0%,"ZIP_CODE_OLD:10, YEAR_MONTH:1"
C:/projects/myproject/QDQM/DS_Input/Internal/기업고객.csv,기업고객.csv,집하지주소,"[""1층"", ""."", ""2층"", ""3층"", ""1"", ""/"", ""-"", ""한진택배 신부평대리점"", ""한진택배 작전대리점"", ""(범어동)""]",10,,,,0.0%,80.0%,
C:/projects/myproject/QDQM/DS_Input/Internal/기업고객.csv,기업고객.csv,1ST_STREET,"[""first street"", ""1370 KOREAN AIR BLDG"", ""SEL"", ""SANPAE-DONG"", ""80-5 4KA JUNGANG-DONG"", ""KBAS BLDG., 672-4"", ""33, KUSAN-RI"", ""3-10 CHUNGCHUN-DONG"", ""3FL 49 APM BLDG 198-3 SHINDANGDONG"", ""683 WANORI E-RYU MYOUN""]",10,,,,0.0%,80.0%,
C:/projects/myproject/QDQM/DS_Input/Internal/기업고객.csv,기업고객.csv,계약기간종료일,"[""20231231"", ""20211012"", ""20210825"", ""20240430"", ""19991231"", ""20240831"", ""20240331"", ""20210731"", ""20240731"", ""20001231""]",10,YYYYMMDD,10,YYYYMMDD:10,100.0%,90.0%,YYYYMMDD:10
C:/projects/myproject/QDQM/DS_Input/Internal/기업고객.csv,기업고객.csv,청구점소,"[""TAEBR"", ""SEKBR"", ""BKKDD"", ""PDGBR"", ""SELBX"", ""MAPDD"", ""PUSKE"", ""JCNDD"", ""QTWBR"", ""ILSOC""]",10,,,,0.0%,80.0%,
C:/projects/myproject/QDQM/DS_Input/Internal/기업고객.csv,기업고객.csv,수금점소,"[""TAEBR"", ""BKKDD"", ""SEKBR"", ""SELBX"", ""PUSKE"", ""PDGBR"", ""EWBRA"", ""QTWBR"", ""JCNDD"", ""KBKOC""]",10,,,,0.0%,80.0%,
C:/projects/myproject/QDQM/DS_Input/Internal/기업고객.csv,기업고객.csv,최종수정일시,"[""30:03.0"", ""30:04.0"", ""30:02.0"", ""30:01.0"", ""30:05.0"", ""02:20.0"", ""00:05.0"", ""30:00.0"", ""27:03.0"", ""00:04.0""]",10,,,,0.0%,80.0%,
C:/projects/myproject/QDQM/DS_Input/Internal/기업고객.csv,기업고객.csv,최종변경자사번,"[""2462191"", ""720031"", ""410454"", ""311430"", ""9999999"", ""1520061"", ""9200251"", ""1110572"", ""710673"", ""610750""]",10,,,ZIP_CODE_OLD:5,50.0%,80.0%,ZIP_CODE_OLD:5
C:/projects/myproject/QDQM/DS_Input/Internal/기업고객.csv,기업고객.csv,집하점소,"[""1100"", ""4000"", ""1840"", ""1520"", ""1350"", ""9820"", ""1700"", ""4230"", ""1050"", ""4402""]",10,,,,0.0%,80.0%,
C:/projects/myproject/QDQM/DS_Input/Internal/기업고객.csv,기업고객.csv,수입조직,"[""1197"", ""1178"", ""1113"", ""1183"", ""1158"", ""1156"", ""1410"", ""1139"", ""1170"", ""1365""]",10,,,,0.0%,80.0%,
C:/projects/myproject/QDQM/DS_Input/Internal/기업고객.csv,기업고객.csv,기업법인번호,"[""1.10111E+12"", ""1.10112E+12"", ""1.31111E+12"", ""1.20111E+12"", ""1.70111E+12"", ""1.80111E+12"", ""1.21111E+12"", ""1.60111E+12"", ""1.34511E+12"", ""2.84111E+12""]",10,,,,0.0%,80.0%,
C:/projects/myproject/QDQM/DS_Input/Internal/기업고객.csv,기업고객.csv,최종변경일시,"[""12:08.1""]",1,,,,0.0%,80.0%,
C:/projects/myproject/QDQM/DS_Input/Internal/기업고객.csv,기업고객.csv,ETL일시,"[""12:08.1""]",1,,,,0.0%,80.0%,
C:/projects/myproject/QDQM/DS_Input/Internal/미배송사유코드.csv,미배송사유코드.csv,사유코드,"[""2"", ""3"", ""5"", ""4"", ""7"", ""6"", ""9"", ""1"", ""8"", ""12""]",10,,,,0.0%,80.0%,
C:/projects/myproject/QDQM/DS_Input/Internal/미배송사유코드.csv,미배송사유코드.csv,작업코드,"[""92"", ""08"", ""03"", ""84"", ""81"", ""85"", ""91"", ""98"", ""99"", ""IR""]",10,,,,0.0%,80.0%,
C:/projects/myproject/QDQM/DS_Input/Internal/미배송사유코드.csv,미배송사유코드.csv,사유명,"[""수하인 이사"", ""취급불가화물"", ""취급불가 화물"", ""반품지시 부정확"", ""고객 부재"", ""부분분실"", ""송하인 발송취소"", ""반품지시부정확"", ""기 집하"", ""고객 분실""]",10,,,,0.0%,80.0%,
C:/projects/myproject/QDQM/DS_Input/Internal/미배송사유코드.csv,미배송사유코드.csv,사유명(영문),"[""A"", ""Restricted Item"", ""Consignee Request"", ""Damaged Shipment"", ""Need More Document"", ""Consignee Not Home"", ""Lost Shipment"", ""Incorrect Order"", ""Alienated shipment"", ""Partial Loss Shipment""]",10,,,,0.0%,80.0%,
C:/projects/myproject/QDQM/DS_Input/Internal/미배송사유코드.csv,미배송사유코드.csv,최종변경일시,"[""2023-12-26 01:04:37.901000""]",1,TIME_STAMP,1,TIME_STAMP:1,100.0%,90.0%,TIME_STAMP:1
C:/projects/myproject/QDQM/DS_Input/Internal/미배송사유코드.csv,미배송사유코드.csv,ETL일시,"[""2023-12-26 01:04:37.901000""]",1,TIME_STAMP,1,TIME_STAMP:1,100.0%,90.0%,TIME_STAMP:1
C:/projects/myproject/QDQM/DS_Input/Internal/배송점.csv,배송점.csv,배송점코드,"[""0012"", ""6247"", ""6225"", ""6230"", ""6235"", ""6236"", ""6240"", ""6241"", ""6243"", ""6260""]",10,,,,0.0%,80.0%,
C:/projects/myproject/QDQM/DS_Input/Internal/배송점.csv,배송점.csv,상위조직코드,"[""439"", ""195"", ""309"", ""609"", ""509"", ""709"", ""130"", ""100"", ""150"", ""209""]",10,,,,0.0%,80.0%,
C:/projects/myproject/QDQM/DS_Input/Internal/배송점.csv,배송점.csv,배송점명,"[""풍납(대)"", ""분당GS전담"", ""옥정(집)"", ""중랑GS전담"", ""강동GS전담"", ""화성장안[정기]"", ""폐기"", ""서초GS전담"", ""교보전담집하점"", ""SDI VIP""]",10,,,,0.0%,80.0%,
C:/projects/myproject/QDQM/DS_Input/Internal/배송점.csv,배송점.csv,조직구분코드,"[""PICKDLV"", ""PICK_ONLY""]",2,,,,0.0%,80.0%,
C:/projects/myproject/QDQM/DS_Input/Internal/배송점.csv,배송점.csv,조직관리유형코드,"[""NON_DIRECT"", ""DIRECT""]",2,,,,0.0%,80.0%,
C:/projects/myproject/QDQM/DS_Input/Internal/배송점.csv,배송점.csv,조직권역구분코드,"[""CP"", ""GN"", ""CC"", ""GB"", ""HN"", ""GW"", ""JJ""]",7,,,COMPANY_NAME:1,14.3%,40.0%,COMPANY_NAME:1
C:/projects/myproject/QDQM/DS_Input/Internal/배송점.csv,배송점.csv,조직계약시작일자,"[""20180401"", ""20170401"", ""20180701"", ""20110728"", ""20190301"", ""20181101"", ""20180601"", ""20170501"", ""20180101"", ""20150401""]",10,YYYYMMDD,10,YYYYMMDD:10,100.0%,90.0%,YYYYMMDD:10
C:/projects/myproject/QDQM/DS_Input/Internal/배송점.csv,배송점.csv,조직계약종료일자,"[""20190331"", ""20190430"", ""20190630"", ""20190531"", ""20180731"", ""20180630"", ""20190228"", ""20180331"", ""20181231"", ""20211031""]",10,YYYYMMDD,10,YYYYMMDD:10,100.0%,90.0%,YYYYMMDD:10
C:/projects/myproject/QDQM/DS_Input/Internal/배송점.csv,배송점.csv,조직폐쇄일자,"[""20200531"", ""20050525"", ""20160527"", ""20131205"", ""20090216"", ""20111031"", ""20201015"", ""20120101"", ""20110801"", ""20160504""]",10,YYYYMMDD,10,YYYYMMDD:10,100.0%,90.0%,YYYYMMDD:10
C:/projects/myproject/QDQM/DS_Input/Internal/배송점.csv,배송점.csv,영문조직명,"[""B2B ENG_NM"", ""."", ""S D Agent"", ""GP DDTO"", ""SAMYANG AGENT"", ""OGUM AGENT"", ""YJ VIP"", ""NOWON AGENT"", ""KT AGENT"", ""KA DTLK""]",10,,,,0.0%,80.0%,
C:/projects/myproject/QDQM/DS_Input/Internal/배송점.csv,배송점.csv,팩스번호,"[""000)000-0000"", ""02"", ""0200000000"", ""02-000-0000"", ""0310000000"", ""03100000000"", ""020000000"", ""062-955-4610"", ""031"", ""0""]",10,,,TEL:1,10.0%,70.0%,TEL:1
C:/projects/myproject/QDQM/DS_Input/Internal/배송점.csv,배송점.csv,우편번호,"[""05842"", ""400103"", ""08588"", ""08356"", ""446901"", ""157290"", ""153023"", ""630030"", ""680818"", ""429120""]",10,,,"ZIP_CODE_OLD:7, ZIP_CODE:3, YEAR_MONTH:2",70.0%,80.0%,"ZIP_CODE_OLD:7, ZIP_CODE:3, YEAR_MONTH:2"
C:/projects/myproject/QDQM/DS_Input/Internal/배송점.csv,배송점.csv,기본주소,"[""서울 송파구  송파대로"", ""서울특별시 송파구 송파대로"", ""서울특별시 구로구 경인로"", ""서울 강북 수유2"", ""서울 강서 외발산"", ""서울 금천구  가산디지털2로"", ""경기도 용인시 수지구  수지로"", ""경기도 화성시 동탄지성로"", ""인천 중 신흥동3"", ""서울특별시 금천구 가산디지털2로""]",10,ADDRESS,7,ADDRESS:7,70.0%,50.0%,ADDRESS:7
C:/projects/myproject/QDQM/DS_Input/Internal/배송점.csv,배송점.csv,상세주소,"[""55 (장지동)"", ""1층"", ""55"", ""."", ""576-3"", ""313"", ""지하1층"", ""614-1"", ""ㅏ"", ""421 (동천동)""]",10,,,,0.0%,80.0%,
C:/projects/myproject/QDQM/DS_Input/Internal/배송점.csv,배송점.csv,사업자등록번호,"[""2098157074"", ""1268601625"", ""1198137886"", ""1048623819"", ""2048639057"", ""2018102823"", ""1278140849"", ""2048619463"", ""2148796687"", ""3038179195""]",10,BIZ_NO,10,BIZ_NO:10,100.0%,90.0%,BIZ_NO:10
C:/projects/myproject/QDQM/DS_Input/Internal/배송점.csv,배송점.csv,최수정일시,"[""00:00.0"", ""08:54.0"", ""19:48.0"", ""21:07.0"", ""22:54.0"", ""58:23.0"", ""06:47.0"", ""12:11.0"", ""06:23.0"", ""25:07.0""]",10,,,,0.0%,80.0%,
C:/projects/myproject/QDQM/DS_Input/Internal/배송점.csv,배송점.csv,최종수정자,"[""1112204"", ""0011211"", ""0010990"", ""0610234"", ""9410833"", ""1510740"", ""0611343"", ""0610142"", ""1510762"", ""9402433""]",10,,,,0.0%,80.0%,
C:/projects/myproject/QDQM/DS_Input/Internal/법인정보.csv,법인정보.csv,법인번호,"[""1101115492890"", ""1211110416256"", ""1101111556765"", ""1652510011066"", ""1511110033129"", ""1642110039526"", ""1101115831775"", ""1648110020721"", ""1101117975977"", ""2046110031541""]",10,CORPORATE_NUMBER,10,"CORPORATE_NUMBER:10, BANK_ACCOUNT:10, RRN_FORMAT:6, RRN:1",100.0%,60.0%,"CORPORATE_NUMBER:10, BANK_ACCOUNT:10, RRN_FORMAT:6, RRN:1"
C:/projects/myproject/QDQM/DS_Input/Internal/법인정보.csv,법인정보.csv,법인명,"[""엠케이"", ""대진"", ""에스에스물류"", ""에스에이치로지스"", ""도도"", ""에스에이치물류"", ""에스앤씨로직스"", ""제이엠푸드"", ""유진"", ""원진""]",10,COMPANY_NAME,10,"COMPANY_NAME:10, NAME_KOR:1",100.0%,40.0%,"COMPANY_NAME:10, NAME_KOR:1"
C:/projects/myproject/QDQM/DS_Input/Internal/법인정보.csv,법인정보.csv,최초생성자ID,"[""ADMIN"", ""bumskim"", ""kimin"", ""test"", ""gbchoi"", ""epark"", ""kyehkim"", ""hanjin""]",8,,,,0.0%,80.0%,
C:/projects/myproject/QDQM/DS_Input/Internal/법인정보.csv,법인정보.csv,최초생성일시,"[""2020-12-03 10:54:00.000000"", ""2021-01-20 17:00:29.049000"", ""2021-01-20 17:00:29.048000"", ""2021-01-20 17:00:29.068000"", ""2021-04-12 08:59:49.697000"", ""2021-01-20 17:00:29.046000"", ""2021-01-20 17:00:29.059000"", ""2022-01-19 16:35:20.099000"", ""2021-01-20 17:00:29.061000"", ""2022-05-18 08:20:06.977000""]",10,TIME_STAMP,10,TIME_STAMP:10,100.0%,90.0%,TIME_STAMP:10
C:/projects/myproject/QDQM/DS_Input/Internal/법인정보.csv,법인정보.csv,최종갱신자ID,"[""ADMIN"", ""hanjinrpa"", ""test"", ""kimin"", ""hanjin"", ""bumskim"", ""kyehkim""]",7,,,,0.0%,80.0%,
C:/projects/myproject/QDQM/DS_Input/Internal/법인정보.csv,법인정보.csv,최종변경일시,"[""2020-12-03 10:54:00.000000"", ""2021-01-20 17:00:29.049000"", ""2021-01-20 17:00:29.068000"", ""2021-01-20 17:00:29.048000"", ""2021-01-20 17:00:29.046000"", ""2021-01-20 17:00:29.059000"", ""2021-04-12 08:59:49.697000"", ""2021-01-20 17:00:29.061000"", ""2021-01-20 17:00:29.052000"", ""2021-01-20 17:00:29.070000""]",10,TIME_STAMP,10,TIME_STAMP:10,100.0%,90.0%,TIME_STAMP:10
C:/projects/myproject/QDQM/DS_Input/Internal/법인정보.csv,법인정보.csv,ETL일시,"[""2023-12-23 01:07:28.047000""]",1,TIME_STAMP,1,TIME_STAMP:1,100.0%,90.0%,TIME_STAMP:1
C:/projects/myproject/QDQM/DS_Input/Internal/사업구분.csv,사업구분.csv,사업구분코드,"[""QBD"", ""AKA"", ""BBI"", ""BBH"", ""BBG"", ""BBF"", ""BBE"", ""BBD"", ""BBC"", ""BBB""]",10,,,,0.0%,80.0%,
C:/projects/myproject/QDQM/DS_Input/Internal/사업구분.csv,사업구분.csv,사업입체구분,"[""1"", ""3"", ""2""]",3,,,,0.0%,80.0%,
C:/projects/myproject/QDQM/DS_Input/Internal/사업구분.csv,사업구분.csv,계정코드,"[""0"", ""411711"", ""133191"", ""411781"", ""512411"", ""412111"", ""512461"", ""412471"", ""412491"", ""411921""]",10,ZIP_CODE_OLD,9,"ZIP_CODE_OLD:9, YEAR_MONTH:3",90.0%,80.0%,"ZIP_CODE_OLD:9, YEAR_MONTH:3"
C:/projects/myproject/QDQM/DS_Input/Internal/사업구분.csv,사업구분.csv,사업구분한글명,"[""창고업 일반창고운영"", ""주선업 항공포워딩사업"", ""자동차세"", ""컨터미널운영"", ""IT 서비스"", ""항만하역 일반화물하역"", ""택배차량 일시예수금"", ""항만하역 자동차하역"", ""우정국입체금"", ""환경개선부담금""]",10,,,,0.0%,80.0%,
C:/projects/myproject/QDQM/DS_Input/Internal/사업구분.csv,사업구분.csv,사업구분영문명,"[""OVERSEAS STEVEDORING"", ""CONTAINER YARD OPERATION"", ""SEA-RE"", ""EXPRESS CARGO TRANSPORTATION-AIR"", ""IRON GOODS CY OPERATION"", ""WAREHOUSE OPERATION"", ""C F S OPERATION"", ""PASSENGER TRANSPORTATION"", ""IRON CARGO COASTAL SHIPPING"", ""SUSPENSE PAYMENT POSTOFFICE CONSIGNEE""]",10,,,,0.0%,80.0%,
C:/projects/myproject/QDQM/DS_Input/Internal/사업구분.csv,사업구분.csv,한글CHARGE명,"[""물류대행료"", ""운송료"", ""렌터카"", ""특송료"", ""보관료"", ""항만하역 창고사업"", ""IT 서비스"", ""우정국입체금"", ""비매출사업"", ""선박관리""]",10,,,NAME_KOR:4,40.0%,70.0%,NAME_KOR:4
C:/projects/myproject/QDQM/DS_Input/Internal/사업구분.csv,사업구분.csv,영문CHARCE명,"[""SEA-RE"", ""OVERSEAS CHG"", ""EXPRESS CHG"", ""ON-TIME ROUTE CHG"", ""WISUTAK TAX"", ""FORWARDING & CONSOLIDATING CHG"", ""GROSS SEA"", ""3PL CHG"", ""GAS STATION SERVICE"", ""SHIP MANAGEMENT""]",10,,,,0.0%,80.0%,
C:/projects/myproject/QDQM/DS_Input/Internal/사업구분.csv,사업구분.csv,등록일자,"[""20011201"", ""20030901"", ""20201221"", ""20141223"", ""20060113"", ""20201228"", ""20201227"", ""20170102"", ""20030811"", ""20050930""]",10,YYYYMMDD,10,YYYYMMDD:10,100.0%,90.0%,YYYYMMDD:10
C:/projects/myproject/QDQM/DS_Input/Internal/사업구분.csv,사업구분.csv,수정일자,"[""20070214"", ""20120608"", ""20210113"", ""20070307"", ""20180103"", ""20210204"", ""20210308"", ""20220608"", ""20200804"", ""20150102""]",10,YYYYMMDD,10,YYYYMMDD:10,100.0%,90.0%,YYYYMMDD:10
C:/projects/myproject/QDQM/DS_Input/Internal/사업구분.csv,사업구분.csv,폐기일자,"[""20011202"", ""20210113"", ""20070111"", ""20070109"", ""20060113"", ""20040114"", ""20030905"", ""20070607"", ""20120905"", ""20040315""]",10,YYYYMMDD,10,YYYYMMDD:10,100.0%,90.0%,YYYYMMDD:10
C:/projects/myproject/QDQM/DS_Input/Internal/사업구분.csv,사업구분.csv,폐기여부,"[""N"", ""Y""]",2,,,,0.0%,80.0%,
C:/projects/myproject/QDQM/DS_Input/Internal/사업구분.csv,사업구분.csv,처리자사번,"[""9620306"", ""9510034"", ""0611015"", ""1410124"", ""9508203"", ""0620174"", ""1012465"", ""0711830"", ""1820044"", ""0310435""]",10,,,,0.0%,80.0%,
C:/projects/myproject/QDQM/DS_Input/Internal/사업구분.csv,사업구분.csv,부대청구대상여부,"[""N"", ""Y""]",2,,,,0.0%,80.0%,
C:/projects/myproject/QDQM/DS_Input/Internal/사업구분.csv,사업구분.csv,기타미수금여부,"[""N"", ""Y""]",2,,,,0.0%,80.0%,
C:/projects/myproject/QDQM/DS_Input/Internal/사업구분.csv,사업구분.csv,면세청구대상여부,"[""N"", ""Y""]",2,,,,0.0%,80.0%,
C:/projects/myproject/QDQM/DS_Input/Internal/사업구분.csv,사업구분.csv,ERP_COA_ACCOUNT,"[""411111"", ""411117"", ""411116"", ""411114"", ""118129"", ""411113"", ""411112"", ""411115"", ""516511"", ""516561""]",10,ZIP_CODE_OLD,10,"ZIP_CODE_OLD:10, YEAR_MONTH:3",100.0%,80.0%,"ZIP_CODE_OLD:10, YEAR_MONTH:3"
C:/projects/myproject/QDQM/DS_Input/Internal/사업구분.csv,사업구분.csv,ERP_COA_DIVS,"[""000"", ""901"", ""153"", ""101"", ""164"", ""118"", ""138"", ""113"", ""178"", ""117""]",10,,,,0.0%,80.0%,
C:/projects/myproject/QDQM/DS_Input/Internal/사업구분.csv,사업구분.csv,최종변경일시,"[""2023-12-26 03:28:52.972000""]",1,TIME_STAMP,1,TIME_STAMP:1,100.0%,90.0%,TIME_STAMP:1
C:/projects/myproject/QDQM/DS_Input/Internal/사업구분.csv,사업구분.csv,ETL일시,"[""2023-12-26 03:28:52.972000""]",1,TIME_STAMP,1,TIME_STAMP:1,100.0%,90.0%,TIME_STAMP:1
C:/projects/myproject/QDQM/DS_Input/Internal/사업코드관리.csv,사업코드관리.csv,사업유형코드,"[""TYPE 2"", ""TYPE 1""]",2,,,,0.0%,80.0%,
C:/projects/myproject/QDQM/DS_Input/Internal/사업코드관리.csv,사업코드관리.csv,전사업코드,"[""901""]",1,,,,0.0%,80.0%,
C:/projects/myproject/QDQM/DS_Input/Internal/사업코드관리.csv,사업코드관리.csv,전사업명,"[""전사업공통비""]",1,,,,0.0%,80.0%,
C:/projects/myproject/QDQM/DS_Input/Internal/사업코드관리.csv,사업코드관리.csv,대사업코드,"[""701"", ""703"", ""702"", ""704"", ""901""]",5,,,,0.0%,80.0%,
C:/projects/myproject/QDQM/DS_Input/Internal/사업코드관리.csv,사업코드관리.csv,대사업명,"[""물류사업본부"", ""글로벌사업본부"", ""택배사업본부"", ""본사직할"", ""전사업공통비""]",5,,,,0.0%,80.0%,
C:/projects/myproject/QDQM/DS_Input/Internal/사업코드관리.csv,사업코드관리.csv,중사업코드,"[""606"", ""501"", ""601"", ""609"", ""605"", ""607"", ""507"", ""603"", ""608"", ""504""]",10,,,,0.0%,80.0%,
C:/projects/myproject/QDQM/DS_Input/Internal/사업코드관리.csv,사업코드관리.csv,중사업명,"[""택배사업"", ""P&D공통"", ""육운사업"", ""해외사업"", ""E&S사업"", ""포워딩사업"", ""해운사업공통"", ""해운사업"", ""이커머스사업"", ""W&D공통""]",10,,,ACCOUNT_NAME:1,10.0%,50.0%,ACCOUNT_NAME:1
C:/projects/myproject/QDQM/DS_Input/Internal/사업코드관리.csv,사업코드관리.csv,소사업코드,"[""440"", ""422"", ""424"", ""503"", ""435"", ""509"", ""430"", ""502"", ""506"", ""436""]",10,,,,0.0%,80.0%,
C:/projects/myproject/QDQM/DS_Input/Internal/사업코드관리.csv,사업코드관리.csv,소사업명,"[""사선공통"", ""B2C공통"", ""택배창고공통"", ""P&D하역공통"", ""유류사업공통"", ""P&D육운공통"", ""국제특송공통"", ""터미널육운공통"", ""W&D창고공통"", ""해외3PL공통""]",10,,,,0.0%,80.0%,
C:/projects/myproject/QDQM/DS_Input/Internal/사업코드관리.csv,사업코드관리.csv,business_level5_cd,"[""422"", ""414"", ""409"", ""416"", ""417"", ""401"", ""412"", ""305"", ""415"", ""306""]",10,,,,0.0%,80.0%,
C:/projects/myproject/QDQM/DS_Input/Internal/사업코드관리.csv,사업코드관리.csv,business_level5_name,"[""B2C공통"", ""철제품선공통"", ""일반화물하역공통"", ""용선공통"", ""자가창고공통"", ""일반화물운송공통"", ""건화물선공통"", ""터미널간선공통"", ""집배송공통"", ""중량물선공통""]",10,,,,0.0%,80.0%,
C:/projects/myproject/QDQM/DS_Input/Internal/사업코드관리.csv,사업코드관리.csv,business_level6_cd,"[""303"", ""304"", ""407"", ""408"", ""174"", ""423"", ""157"", ""195"", ""188"", ""189""]",10,,,,0.0%,80.0%,
C:/projects/myproject/QDQM/DS_Input/Internal/사업코드관리.csv,사업코드관리.csv,business_level6_name,"[""일반화물운송"", ""렌터카사업"", ""일반화물하역"", ""외부정비공통"", ""철제품하치장"", ""특송수입"", ""택배비네트워크사업공통"", ""택배비네트워크"", ""항공특송수입"", ""역직구유통몰사업""]",10,,,,0.0%,80.0%,
C:/projects/myproject/QDQM/DS_Input/Internal/사업코드관리.csv,사업코드관리.csv,사업코드,"[""303"", ""104"", ""129"", ""174"", ""423"", ""157"", ""195"", ""188"", ""189"", ""196""]",10,,,,0.0%,80.0%,
C:/projects/myproject/QDQM/DS_Input/Internal/사업코드관리.csv,사업코드관리.csv,사업명,"[""렌터카사업"", ""철제품하치장"", ""적/대봉호"", ""특송수입"", ""택배비네트워크사업공통"", ""택배비네트워크"", ""항공특송수입"", ""역직구유통몰사업"", ""IT서비스구축"", ""해상특송수입""]",10,,,,0.0%,80.0%,
C:/projects/myproject/QDQM/DS_Input/Internal/사업코드관리.csv,사업코드관리.csv,정렬순서,"[""1770"", ""2240"", ""790"", ""1160"", ""910"", ""2220"", ""1060"", ""2550"", ""840"", ""1140""]",10,,,YEAR:3,30.0%,90.0%,YEAR:3
C:/projects/myproject/QDQM/DS_Input/Internal/사업코드관리.csv,사업코드관리.csv,최초생성자ID,"[""epark""]",1,,,,0.0%,80.0%,
C:/projects/myproject/QDQM/DS_Input/Internal/사업코드관리.csv,사업코드관리.csv,최초생성일시,"[""2023-12-19 14:11:48.109000"", ""2023-12-19 14:11:48.744000"", ""2023-12-19 14:11:47.044000"", ""2023-12-19 14:11:47.353000"", ""2023-12-19 14:11:47.119000"", ""2023-12-19 14:11:48.738000"", ""2023-12-19 14:11:47.237000"", ""2023-12-19 14:11:48.932000"", ""2023-12-19 14:11:47.069000"", ""2023-12-19 14:11:47.346000""]",10,TIME_STAMP,10,TIME_STAMP:10,100.0%,90.0%,TIME_STAMP:10
C:/projects/myproject/QDQM/DS_Input/Internal/사업코드관리.csv,사업코드관리.csv,last_update_dtm,"[""2023-12-26 01:07:37.831000""]",1,TIME_STAMP,1,TIME_STAMP:1,100.0%,90.0%,TIME_STAMP:1
C:/projects/myproject/QDQM/DS_Input/Internal/사업코드관리.csv,사업코드관리.csv,etl_dtm,"[""2023-12-26 01:07:37.831000""]",1,TIME_STAMP,1,TIME_STAMP:1,100.0%,90.0%,TIME_STAMP:1
C:/projects/myproject/QDQM/DS_Input/Internal/사용자.csv,사용자.csv,사원번호,"[""1100061"", ""8105694"", ""8203090"", ""8202482"", ""8201815"", ""8201001"", ""8200920"", ""8200474"", ""9000596"", ""8200452""]",10,,,,0.0%,80.0%,
C:/projects/myproject/QDQM/DS_Input/Internal/사용자.csv,사용자.csv,점소코드,"[""1163"", ""1343"", ""1137"", ""1146"", ""1153"", ""1183"", ""1339"", ""1335"", ""1197"", ""1182""]",10,,,,0.0%,80.0%,
C:/projects/myproject/QDQM/DS_Input/Internal/사용자.csv,사용자.csv,권한코드,"[""9"", ""5"", ""1"", ""S"", ""A""]",5,,,,0.0%,80.0%,
C:/projects/myproject/QDQM/DS_Input/Internal/사용자.csv,사용자.csv,비밀번호,"[""eb4651d530ebc2d03928d1a77b7351d6203bdb77664496798e41494dc396115e"", ""551C4C968C503B291CDD4A0DAA15EC31"", ""F8DA93DCE6C7C5456EE15BBB2CD2A86E"", ""E4390EB627E0EF7A50AA60230C7C1F12"", ""AF0EFEDAF0640F01117228BE565A6BC3"", ""c0039b5f7885c362dbb7928875ad8d9ab283af0d0444417466115ae9ae593574"", ""F52D8A8C0CC61EAC815C571A17408B62"", ""66AA98A50596DD612061A4F33E04774C"", ""EF4DAFDA494AD517E9823AE7D102A4C8"", ""9597e422e8c496d2616e09cff48c6fbc48858b7ae17a5c9aa5a11024d5dabe54""]",10,,,,0.0%,80.0%,
C:/projects/myproject/QDQM/DS_Input/Internal/사용자.csv,사용자.csv,한글성명,,0,,,,0.0%,80.0%,
C:/projects/myproject/QDQM/DS_Input/Internal/사용자.csv,사용자.csv,팀명,"[""하역팀"", ""판매팀"", ""운영팀　　　　　　　"", ""감만TML팀"", ""육운팀"", ""정비팀"", ""육운부　　　　　　　"", ""판매팀　　　　　　　"", ""운영부　　　　　　　"", ""택배운영팀　　　　　""]",10,NAME_KOR,8,NAME_KOR:8,80.0%,70.0%,NAME_KOR:8
C:/projects/myproject/QDQM/DS_Input/Internal/사용자.csv,사용자.csv,직급,"[""임시"", ""사원"", ""물류기사"", ""대리"", ""과장"", ""팀원"", ""3급"", ""차장"", ""2급"", ""물류주임""]",10,,,COMPANY_NAME:1,10.0%,40.0%,COMPANY_NAME:1
C:/projects/myproject/QDQM/DS_Input/Internal/사용자.csv,사용자.csv,직책,"[""1"", ""2"", ""3"", ""4"", ""5"", ""6""]",6,,,,0.0%,80.0%,
C:/projects/myproject/QDQM/DS_Input/Internal/사용자.csv,사용자.csv,FAX번호,"[""--"", ""02-756-0339"", ""02-752-2480"", ""02-779-1785"", ""02-722-6842"", ""032-885-4991"", ""02-778-1463"", ""051-784-8032"", ""02-738-2156"", ""02-774-7914""]",10,TEL,9,TEL:9,90.0%,70.0%,TEL:9
C:/projects/myproject/QDQM/DS_Input/Internal/사용자.csv,사용자.csv,EMAIL,"[""111@HANMAIL.NET"", ""jcibrba@hanjin.com"", ""seobraa@hanjin.com"", ""tsnbroa@hanjin.com"", ""JCNHQBA@HANJIN.CO.KR"", ""shhan@hanjin.com"", ""pdgbrsa"", ""yangcm@hanjin.com"", ""kimyu@hanjin.com"", ""jungwlee@hanjin.com""]",10,EMAIL,9,EMAIL:9,90.0%,70.0%,EMAIL:9
C:/projects/myproject/QDQM/DS_Input/Internal/사용자.csv,사용자.csv,등록일자,"[""20011201"", ""20070112"", ""20070201"", ""20150108"", ""20020401"", ""20230125"", ""20020407"", ""20190401"", ""20220329"", ""20190711""]",10,YYYYMMDD,10,YYYYMMDD:10,100.0%,90.0%,YYYYMMDD:10
C:/projects/myproject/QDQM/DS_Input/Internal/사용자.csv,사용자.csv,입사일자,"[""20011201"", ""19960801"", ""20070128"", ""19951204"", ""19911028"", ""19931220"", ""19940421"", ""19920107"", ""19950710"", ""19940718""]",10,YYYYMMDD,10,YYYYMMDD:10,100.0%,90.0%,YYYYMMDD:10
C:/projects/myproject/QDQM/DS_Input/Internal/사용자.csv,사용자.csv,사직일자,"[""20120430"", ""20011202"", ""20001202"", ""20070103"", ""20100819"", ""20070131"", ""20101231"", ""19980531"", ""20170216"", ""19980630""]",10,YYYYMMDD,10,YYYYMMDD:10,100.0%,90.0%,YYYYMMDD:10
C:/projects/myproject/QDQM/DS_Input/Internal/사용자.csv,사용자.csv,수금요원여부,"[""N"", ""Y""]",2,,,,0.0%,80.0%,
C:/projects/myproject/QDQM/DS_Input/Internal/사용자.csv,사용자.csv,수정일자,"[""20070103"", ""20070104"", ""20050114"", ""20070223"", ""20110103"", ""20130122"", ""20201231"", ""20170216"", ""20070108"", ""20190318""]",10,YYYYMMDD,10,YYYYMMDD:10,100.0%,90.0%,YYYYMMDD:10
C:/projects/myproject/QDQM/DS_Input/Internal/사용자.csv,사용자.csv,폐기일자,"[""20011202"", ""20120430"", ""20150409"", ""20070112"", ""20070103"", ""20070104"", ""20050114"", ""20070223"", ""20110103"", ""20130122""]",10,YYYYMMDD,10,YYYYMMDD:10,100.0%,90.0%,YYYYMMDD:10
C:/projects/myproject/QDQM/DS_Input/Internal/사용자.csv,사용자.csv,폐기여부,"[""Y"", ""N""]",2,,,,0.0%,80.0%,
C:/projects/myproject/QDQM/DS_Input/Internal/사용자.csv,사용자.csv,처리자사번,"[""9508203"", ""9305391"", ""0310435"", ""0000000"", ""0620233"", ""1410124"", ""2310792"", ""1910285"", ""0620023"", ""1020110""]",10,,,,0.0%,80.0%,
C:/projects/myproject/QDQM/DS_Input/Internal/사용자.csv,사용자.csv,수입금담당자여부,"[""N"", ""Y""]",2,,,,0.0%,80.0%,
C:/projects/myproject/QDQM/DS_Input/Internal/사용자.csv,사용자.csv,수납직원여부,"[""Y""]",1,,,,0.0%,80.0%,
C:/projects/myproject/QDQM/DS_Input/Internal/사용자.csv,사용자.csv,직책2,"[""Z"", ""A"", ""B"", ""G"", ""H"", ""F"", ""D"", ""E"", ""C"", ""I""]",10,,,,0.0%,80.0%,
C:/projects/myproject/QDQM/DS_Input/Internal/사용자.csv,사용자.csv,한웨이 ID,"[""0410852"", ""0720241"", ""0310306"", ""0420125"", ""0520085"", ""0610993"", ""0410756"", ""0510645"", ""9406795"", ""0610971""]",10,,,,0.0%,80.0%,
C:/projects/myproject/QDQM/DS_Input/Internal/사용자.csv,사용자.csv,비밀번호이력1,"[""1168d1fb4b81f4e9ce499c121add2a5b031d59e965a2b41d83529f061391181f"", ""eb4651d530ebc2d03928d1a77b7351d6203bdb77664496798e41494dc396115e"", ""0f0c73911606a384a2f48c1e3a1ff1d6450b81e015e5b4830bb3d73c21fad992"", ""3110eb057f15f61a8dd2581094223b90093c8a876ce2f14e68083959be480796"", ""E4390EB627E0EF7A50AA60230C7C1F12"", ""36506c4b6af9f25d313164969cccfef23ada056d14f93d206312e99bb5173c80"", ""B82A472E92988D49A592755FDF942C34"", ""244039997ad29194898715abedba5075058cfedbe795e3210c68c12771d66aa4"", ""551C4C968C503B291CDD4A0DAA15EC31"", ""68163BFAE8078F95D189D472F737F5BF""]",10,,,,0.0%,80.0%,
C:/projects/myproject/QDQM/DS_Input/Internal/사용자.csv,사용자.csv,비밀번호이력2,"[""996790C0CE10163205C377620F0FDEC1"", ""eb4651d530ebc2d03928d1a77b7351d6203bdb77664496798e41494dc396115e"", ""0f0c73911606a384a2f48c1e3a1ff1d6450b81e015e5b4830bb3d73c21fad992"", ""b0cb24f80a6affbb938fd4b6247225ef22c426227b90b7fb2a64582ce7d58b02"", ""92176b62d98e16a6bca4662a28a3e2ba1fe647b585c4db99a164818272450934"", ""864abfe3e965af044fe4922a0842ec266029f59b9a9c2e527a7d26d245eee963"", ""9352a4f6852f8967a462ba558829575b71ac2eac66d706ca042f1c90bd41c28d"", ""bc9db8feef5cae170a6af716136001bb73faa595168bdbbae82f7a06adb75b9b"", ""330cfaa057f3eca2a95183569ea2f692c69c1a5cb2a1614e4f78513f300bdd58"", ""F52D8A8C0CC61EAC815C571A17408B62""]",10,,,,0.0%,80.0%,
C:/projects/myproject/QDQM/DS_Input/Internal/사용자.csv,사용자.csv,비밀번호변경일,"[""20100828"", ""20231204"", ""20231218"", ""20110103"", ""20231201"", ""20231127"", ""20231124"", ""20231205"", ""20231222"", ""20231128""]",10,YYYYMMDD,10,YYYYMMDD:10,100.0%,90.0%,YYYYMMDD:10
C:/projects/myproject/QDQM/DS_Input/Internal/사용자.csv,사용자.csv,미빌번호오류횟수,"[""0"", ""1"", ""5"", ""2"", ""6"", ""3"", ""4"", ""7"", ""9"", ""8""]",10,,,,0.0%,80.0%,
C:/projects/myproject/QDQM/DS_Input/Internal/사용자.csv,사용자.csv,계정근거,"[""인사발령 제 2014 - 312호"", ""인력개발팀-시스템 계정신청서(ID Apply)*-202301000005"", ""인사발령 제 2016-51호"", ""2.02203E+11"", ""인사발령 제 2015-283호"", ""인사발령 제 2014-303호"", ""인사발령 제 2016-975호"", ""인사발령 제 2019-071호"", ""인사발령 제 94호"", ""인사발령 제 2014-111호""]",10,,,,0.0%,80.0%,
C:/projects/myproject/QDQM/DS_Input/Internal/사용자.csv,사용자.csv,비매출세금계산서발급제한일,"[""20231231"", ""20230630"", ""20231130"", ""20210831"", ""20190228"", ""20220331"", ""20230531"", ""20220430"", ""20210410"", ""20220615""]",10,YYYYMMDD,10,YYYYMMDD:10,100.0%,90.0%,YYYYMMDD:10
C:/projects/myproject/QDQM/DS_Input/Internal/사용자.csv,사용자.csv,어음입금표발행제한일,"[""20170609"", ""20120817"", ""20140102"", ""20120926"", ""20121122"", ""20130509"", ""20140318"", ""20190902"", ""20190929""]",9,YYYYMMDD,9,YYYYMMDD:9,100.0%,90.0%,YYYYMMDD:9
C:/projects/myproject/QDQM/DS_Input/Internal/사용자.csv,사용자.csv,설명,,0,,,,0.0%,80.0%,
C:/projects/myproject/QDQM/DS_Input/Internal/사용자.csv,사용자.csv,접근권한 IP,"[""172.16.11.234"", ""172.16.11.139"", ""172.16.10.189"", ""172.16.11.160"", ""172.16.11.219"", ""10.29.218.77"", ""10.28.18.32,172.16.11.87"", ""10.28.18.154,172.16.11.87"", ""172.16.11.92,172.16.11.201"", ""172.16.11.129,172.16.11.110""]",10,,,,0.0%,80.0%,
C:/projects/myproject/QDQM/DS_Input/Internal/사용자.csv,사용자.csv,사용자계정잠금여부,"[""Y"", ""N""]",2,,,,0.0%,80.0%,
C:/projects/myproject/QDQM/DS_Input/Internal/사용자.csv,사용자.csv,사용자계정잠금일자,"[""20180209"", ""20230126"", ""20190712"", ""20200201"", ""20220105"", ""20190314"", ""20210405"", ""20220131"", ""20220926"", ""20210323""]",10,YYYYMMDD,10,YYYYMMDD:10,100.0%,90.0%,YYYYMMDD:10
C:/projects/myproject/QDQM/DS_Input/Internal/사용자.csv,사용자.csv,HR시스템소속변경일자,"[""20210401"", ""20210101"", ""20210503"", ""20230701"", ""20230106"", ""20200617"", ""20220221"", ""20231016"", ""20220607"", ""20230414""]",10,YYYYMMDD,10,YYYYMMDD:10,100.0%,90.0%,YYYYMMDD:10
C:/projects/myproject/QDQM/DS_Input/Internal/사용자.csv,사용자.csv,HR시스템소속코드,"[""KANSLP"", ""DIREC"", ""KPOSDP"", ""KPOSDR"", ""BORKL"", ""SELGFO"", ""PUSSLT"", ""JCNSLI"", ""SELGFS"", ""PUSSLS""]",10,,,,0.0%,80.0%,
C:/projects/myproject/QDQM/DS_Input/Internal/사용자.csv,사용자.csv,비밀번호이력3,"[""eb4651d530ebc2d03928d1a77b7351d6203bdb77664496798e41494dc396115e"", ""798cb55e3e3c50d94ec740a0954c2e9a2c0c692c104b164af3409688ee2effe3"", ""fc8b2d02195b8c7a641ce930318648eedeb0c2ba01e2b4ee8905a7113432e4dc"", ""0ec0cde4b066a267db0d974a264bbd612bda91c8034ccdf28b65988bbec6fca7"", ""26fa75694c93bc1084727bd98c4ae5a7bc70b763670bbea05ecc02b01151dbfa"", ""f42b13cf87692cded0c170f53de66961cf6d9e652ecd04f1afd1bde3a6a5c353"", ""3110eb057f15f61a8dd2581094223b90093c8a876ce2f14e68083959be480796"", ""5413e4a9848f2eef4d334b1e0f078b7d5824f83e4d2ff794300f2f1835a9450e"", ""6f1739d167f5c6f45027329f97f08c65cf7dc48c5809535d6a5e9a7f039f45d4"", ""0dcc051c463767849cdd51ce8d160109ebe81b4a8474e9e3fd3185d7633f5c45""]",10,,,,0.0%,80.0%,
C:/projects/myproject/QDQM/DS_Input/Internal/사용자.csv,사용자.csv,비밀번호이력4,"[""eb4651d530ebc2d03928d1a77b7351d6203bdb77664496798e41494dc396115e"", ""6f1739d167f5c6f45027329f97f08c65cf7dc48c5809535d6a5e9a7f039f45d4"", ""864abfe3e965af044fe4922a0842ec266029f59b9a9c2e527a7d26d245eee963"", ""eff5ca95fa97a2f5a76046ab862c136d03b194c5d4d9e796a85d18c416827754"", ""92176b62d98e16a6bca4662a28a3e2ba1fe647b585c4db99a164818272450934"", ""1f0c32ea81858ee02f7dc93847c29a4b72a2f001f52871cbf14c617c8b24ee45"", ""8c80449179b14af518022360bd3c7592bd39647166a5c85b52942c89b4039df2"", ""0ec0cde4b066a267db0d974a264bbd612bda91c8034ccdf28b65988bbec6fca7"", ""263d451b18590173a4d2b33b2f482232641991ff9588b25b242ed044bc60da91"", ""b62330d27439e055776e6b66a8624f321dd83778bf10abe00506e5131431695a""]",10,,,,0.0%,80.0%,
C:/projects/myproject/QDQM/DS_Input/Internal/사용자.csv,사용자.csv,최종변경일시,"[""25:57.9""]",1,,,,0.0%,80.0%,
C:/projects/myproject/QDQM/DS_Input/Internal/사용자.csv,사용자.csv,ETL일시,"[""25:57.9""]",1,,,,0.0%,80.0%,
C:/projects/myproject/QDQM/DS_Input/Internal/사원기본.csv,사원기본.csv,사원번호,"[""0687363"", ""1669603"", ""3093263"", ""0252696"", ""7588232"", ""3177731"", ""2978684"", ""0551854"", ""3161745"", ""2260591""]",10,,,,0.0%,80.0%,
C:/projects/myproject/QDQM/DS_Input/Internal/사원기본.csv,사원기본.csv,정규비정규,"[""1"", ""0"", ""2""]",3,,,,0.0%,80.0%,
C:/projects/myproject/QDQM/DS_Input/Internal/사원기본.csv,사원기본.csv,소속조직코드,"[""1010"", ""4490"", ""1350"", ""1250"", ""1300"", ""4650"", ""0000"", ""1560"", ""0351"", ""1520""]",10,,,,0.0%,80.0%,
C:/projects/myproject/QDQM/DS_Input/Internal/사원기본.csv,사원기본.csv,직종코드,"[""24"", ""94"", ""25"", ""20"", ""99"", ""14"", ""15"", ""77"", ""23"", ""51""]",10,,,,0.0%,80.0%,
C:/projects/myproject/QDQM/DS_Input/Internal/사원기본.csv,사원기본.csv,국내집배구역,"[""101000"", ""130000"", ""135000"", ""449001"", ""449000"", ""465003"", ""152000"", ""982000"", ""156003"", ""245000""]",10,ZIP_CODE_OLD,10,"ZIP_CODE_OLD:10, YEAR_MONTH:2",100.0%,80.0%,"ZIP_CODE_OLD:10, YEAR_MONTH:2"
C:/projects/myproject/QDQM/DS_Input/Internal/사원기본.csv,사원기본.csv,국제집배구역,,0,,,,0.0%,80.0%,
C:/projects/myproject/QDQM/DS_Input/Internal/사원기본.csv,사원기본.csv,사직일자,"[""20181220"", ""20200801"", ""20200730"", ""20090216"", ""20131202"", ""20140819"", ""20100726"", ""20031010"", ""20201223"", ""20091030""]",10,YYYYMMDD,10,YYYYMMDD:10,100.0%,90.0%,YYYYMMDD:10
C:/projects/myproject/QDQM/DS_Input/Internal/사원기본.csv,사원기본.csv,소속회사,"[""한진"", ""장풍"", ""부일"", ""575001"", ""570001"", ""556001"", ""KTS"", ""817"", ""500401"", ""590001""]",10,,,"YEAR_MONTH:5, ZIP_CODE_OLD:5, COMPANY_NAME:3",50.0%,90.0%,"YEAR_MONTH:5, ZIP_CODE_OLD:5, COMPANY_NAME:3"
C:/projects/myproject/QDQM/DS_Input/Internal/사원기본.csv,사원기본.csv,시근일자,"[""20100907"", ""20030101"", ""20081201"", ""20000101"", ""20010101"", ""20111201"", ""20061201"", ""20110502"", ""20070101"", ""20050701""]",10,YYYYMMDD,10,YYYYMMDD:10,100.0%,90.0%,YYYYMMDD:10
C:/projects/myproject/QDQM/DS_Input/Internal/사원기본.csv,사원기본.csv,최종변경일시,"[""03:57.1""]",1,,,,0.0%,80.0%,
C:/projects/myproject/QDQM/DS_Input/Internal/사원기본.csv,사원기본.csv,ETL일시,"[""03:57.1""]",1,,,,0.0%,80.0%,
C:/projects/myproject/QDQM/DS_Input/Internal/사원기본.csv,사원기본.csv,연도,"[""2023"", ""2022"", ""2013"", ""2021"", ""2020"", ""2011"", ""2010"", ""2019"", ""2012"", ""2007""]",10,YEAR,10,YEAR:10,100.0%,90.0%,YEAR:10
C:/projects/myproject/QDQM/DS_Input/Internal/사원마스터.csv,사원마스터.csv,사원번호,"[""0344525"", ""0569004"", ""1680954"", ""1676216"", ""2665342"", ""1192726"", ""0696570"", ""9800162"", ""6566556"", ""9410494""]",10,,,,0.0%,80.0%,
C:/projects/myproject/QDQM/DS_Input/Internal/사원마스터.csv,사원마스터.csv,정규비정규,"[""1"", ""0"", ""2""]",3,,,,0.0%,80.0%,
C:/projects/myproject/QDQM/DS_Input/Internal/사원마스터.csv,사원마스터.csv,조직코드,"[""1010"", ""4490"", ""1350"", ""1300"", ""1250"", ""0000"", ""0351"", ""1520"", ""4650"", ""4400""]",10,,,,0.0%,80.0%,
C:/projects/myproject/QDQM/DS_Input/Internal/사원마스터.csv,사원마스터.csv,직종코드,"[""24"", ""25"", ""94"", ""20"", ""99"", ""14"", ""15"", ""77"", ""51"", ""81""]",10,,,,0.0%,80.0%,
C:/projects/myproject/QDQM/DS_Input/Internal/사원마스터.csv,사원마스터.csv,국내집배구역,"[""101000"", ""130000"", ""449001"", ""135000"", ""904000"", ""500000"", ""465003"", ""449000"", ""118000"", ""152000""]",10,ZIP_CODE_OLD,10,"ZIP_CODE_OLD:10, YEAR_MONTH:2",100.0%,80.0%,"ZIP_CODE_OLD:10, YEAR_MONTH:2"
C:/projects/myproject/QDQM/DS_Input/Internal/사원마스터.csv,사원마스터.csv,사직일자,"[""20181220"", ""20200801"", ""20200730"", ""20090216"", ""20140819"", ""20131202"", ""20100726"", ""20031010"", ""20201223"", ""20131206""]",10,YYYYMMDD,10,YYYYMMDD:10,100.0%,90.0%,YYYYMMDD:10
C:/projects/myproject/QDQM/DS_Input/Internal/사원마스터.csv,사원마스터.csv,소속회사,"[""한진"", ""장풍"", ""부일"", ""857001"", ""570001"", ""두방"", ""500401"", ""10"", ""17"", ""1200""]",10,,,"YEAR_MONTH:3, COMPANY_NAME:3, ZIP_CODE_OLD:3",30.0%,90.0%,"YEAR_MONTH:3, COMPANY_NAME:3, ZIP_CODE_OLD:3"
C:/projects/myproject/QDQM/DS_Input/Internal/사원마스터.csv,사원마스터.csv,근무시작일자,"[""20100907"", ""20081201"", ""20000101"", ""20070101"", ""20061201"", ""20010101"", ""20050701"", ""20040701"", ""20071001"", ""20071101""]",10,YYYYMMDD,10,YYYYMMDD:10,100.0%,90.0%,YYYYMMDD:10
C:/projects/myproject/QDQM/DS_Input/Internal/사원마스터.csv,사원마스터.csv,마감시간,"[""1400"", ""1200"", ""2100""]",3,,,YEAR:1,33.3%,90.0%,YEAR:1
C:/projects/myproject/QDQM/DS_Input/Internal/사원마스터.csv,사원마스터.csv,마감시각여부,"[""Y"", ""N""]",2,,,,0.0%,80.0%,
C:/projects/myproject/QDQM/DS_Input/Internal/사원마스터.csv,사원마스터.csv,주소,"[""서울 동대문구  답십리로40길"", ""서울 강서 외발산"", ""고양 덕양 주교"", ""서울 동대문구 전농동"", ""서울 송파 장지"", ""서울 송파구  송파대로"", ""화성  반월"", ""서울 동대문"", ""서울 중구  남대문로"", ""서울 금천 가산""]",10,,,"ADDRESS:4, COMPANY_NAME:1",40.0%,50.0%,"ADDRESS:4, COMPANY_NAME:1"
C:/projects/myproject/QDQM/DS_Input/Internal/사원마스터.csv,사원마스터.csv,인사시스템사번,"[""0710684"", ""911506"", ""9001834"", ""9410494"", ""1110535"", ""0710673"", ""2018380"", ""9510303"", ""912401"", ""9511585""]",10,,,"YEAR_MONTH:2, ZIP_CODE_OLD:2",20.0%,90.0%,"YEAR_MONTH:2, ZIP_CODE_OLD:2"
C:/projects/myproject/QDQM/DS_Input/Internal/사원마스터.csv,사원마스터.csv,운전면허종류,"[""20"", ""10"", ""40"", ""30""]",4,,,,0.0%,80.0%,
C:/projects/myproject/QDQM/DS_Input/Internal/사원마스터.csv,사원마스터.csv,화물운송종사자자격취득일,"[""20121216"", ""20180527"", ""20130526"", ""20190623"", ""20180624"", ""20180819"", ""20180423"", ""20190818"", ""20180408"", ""20191222""]",10,YYYYMMDD,10,YYYYMMDD:10,100.0%,90.0%,YYYYMMDD:10
C:/projects/myproject/QDQM/DS_Input/Internal/사원마스터.csv,사원마스터.csv,차량번호,"[""서울83사2042"", ""82지0501"", ""83두2509"", ""90거8066"", ""대전80배1749"", ""81우9736"", ""80서0548"", ""충북83배3084"", ""울산90배2325"", ""85부3501""]",10,CAR_NUMBER,10,CAR_NUMBER:10,100.0%,50.0%,CAR_NUMBER:10
C:/projects/myproject/QDQM/DS_Input/Internal/사원마스터.csv,사원마스터.csv,최종변경일시,"[""03:57.1""]",1,,,,0.0%,80.0%,
C:/projects/myproject/QDQM/DS_Input/Internal/사원마스터.csv,사원마스터.csv,ETL일시,"[""03:57.1""]",1,,,,0.0%,80.0%,
C:/projects/myproject/QDQM/DS_Input/Internal/상품분류.csv,상품분류.csv,상품코드,"[""02L"", ""S39"", ""S32"", ""S33"", ""S34"", ""S35"", ""S36"", ""S37"", ""S38"", ""S41""]",10,,,,0.0%,80.0%,
C:/projects/myproject/QDQM/DS_Input/Internal/상품분류.csv,상품분류.csv,사업구분,"[""D"", ""I"", ""S"", ""R""]",4,,,,0.0%,80.0%,
C:/projects/myproject/QDQM/DS_Input/Internal/상품분류.csv,상품분류.csv,상품명,"[""당일택배"", ""플러스택배"", ""당일배송"", ""여권택배"", ""공항택배"", ""쌀택배편"", ""와인택배"", ""VIG(귀중품)택배"", ""스마트폰모바일웹응대"", ""로지아이택배""]",10,,,,0.0%,80.0%,
C:/projects/myproject/QDQM/DS_Input/Internal/상품분류.csv,상품분류.csv,설명,"[""1. 제주도, 단체골프여행, 해외골프 고객 대상으로 골프백을 집에서부터 전국 골프장(해외골프의 경우는 인천공항)까지 배달하는 서비스"", ""긴급한 서류 또는 소화물을.."", ""퀵 배송서비스(일반 집하, 퀵 배송)"", ""당일택배"", ""서울지점에서 실시한 오토바이택배\r\nQ채널의 전국 영업망 확대를 통한 당일 오토바이 서시스 실시\r\n"", ""특정 수요층을 대상으로 한 GOLF 배달서비스"", ""동절기 스키인구 증가에 따라.."", ""VISA신청시 신청자가  당사 비치봉투에 넣어 신청했을때 .."", ""부패및 변질의 우려가 있는 화물에 대하여 신선도를 유지하기 위하여..."", ""우체국과 결쟁력 제고로 매출증대와 신수요의 창출로 대고객서비스의 다양화와 경쟁업체 우위점유차원의 서비스""]",10,,,,0.0%,80.0%,
C:/projects/myproject/QDQM/DS_Input/Internal/상품분류.csv,상품분류.csv,판매중지일,"[""20170502"", ""19990601"", ""20140201"", ""20070129"", ""20060901"", ""20031230"", ""20100225"", ""20041201"", ""20071231"", ""20090915""]",10,YYYYMMDD,10,YYYYMMDD:10,100.0%,90.0%,YYYYMMDD:10
C:/projects/myproject/QDQM/DS_Input/Internal/상품분류.csv,상품분류.csv,화물종류,"[""N"", ""D""]",2,,,,0.0%,80.0%,
C:/projects/myproject/QDQM/DS_Input/Internal/상품분류.csv,상품분류.csv,접수시주의사항,"[""http://nhanex.hanjin.co.kr:7777/_html/golf_20070112.htm"", ""http://nhanex.hanjin.co.kr:7777/_html/S35.htm"", ""http://nhanex.hanjin.co.kr:7777/_html/S22.htm"", ""http://nhanex.hanjin.co.kr:7777/_html/S23.htm"", ""http://nhanex.hanjin.co.kr:7777/_html/S24.htm"", ""http://nhanex.hanjin.co.kr:7777/_html/S25.htm"", ""http://nhanex.hanjin.co.kr:7777/_html/S26.htm"", ""http://nhanex.hanjin.co.kr:7777/_html/S27.htm"", ""http://nhanex.hanjin.co.kr:7777/_html/S28.htm"", ""http://nhanex.hanjin.co.kr:7777/_html/S29.htm""]",10,,,,0.0%,80.0%,
C:/projects/myproject/QDQM/DS_Input/Internal/상품분류.csv,상품분류.csv,수정자 사번,,0,,,,0.0%,80.0%,
C:/projects/myproject/QDQM/DS_Input/Internal/상품분류.csv,상품분류.csv,서비스지역 및 요율,"[""┌──────────┬──────────┐\r\n│    편도 이용시     │    왕복 이용시     │\r\n├──────────┼──────────┤\r\n│      13,000원      │      23,000원      │\r\n├──────────┴──────────┤\r\n│■ 골프백 판매(이용)                      │\r\n├──────────┬──────────┤\r\n│● 1회용     5,000원│● 일반형   20,000원│\r\n├──────────┼──────────┤\r\n│● 고급형   35,000원│● 임대형       무료│\r\n└──────────┴──────────┘\r\n  * 임대형은 왕복 이용시에만 사용 가능\r\n  * 운송료는 전국 동일 가격(제주포함) 적용\r\n  * 예약은 골프경기 4일전까지"", ""┌───────────────────────────────┐\r\n│■ 항공특급서비스                                             │\r\n├─────┬─────┬───────┬───────────┤\r\n│          │          │              │       택배운임       │\r\n│서비스구분│서비스시간│   화물규격   ├───┬───┬───┤\r\n│          │          │              │ 1권역│ 2권역│ 3권역│\r\n├─────┼─────┼───────┼───┼───┼───┤\r\n│공항↔공항│   3시간  │      -       │15,000│  -   │  -   │\r\n├─────┼─────┼───────┼───┼───┼───┤\r\n│공항↔DOOR│   4시간  │대형(30kg이하)│25,000│35,000│45,000│\r\n├─────┼─────┼───────┼───┼───┼───┤\r\n│DOOR↔DOOR│   5시간  │대형(30kg이하)│35,000│45,000│55,000│\r\n├─────┼─────┼───────┼───┼───┼───┤\r\n│          │          │소형(10kg이하)│20,000│27,000│35,000│\r\n│          │          │───────┼───┼───┼───┤\r\n│DOOR↔DOOR│  12시간  │중형(20kg이하)│25,000│32,000│40,000│\r\n│          │          │───────┼───┼───┼───┤\r\n│          │          │대형(30kg이하)│30,000│37,000│45,000│\r\n├─────┴─────┴───────┴───┴───┴───┤\r\n│※ 서비스 대상지역 : 대한항공 운항 주요도시,                  │\r\n│                     공항내 택배 카운터 운영                  │\r\n├───────────────────────────────┤\r\n│               ● 권역안내(수도권 및 제주권) ●               │\r\n├───┬──────┬──────────────┬─────┤\r\n│ 권역 │서비스 범위 │        서울/수도권         │  제주권  │\r\n├───┼──────┼──────────────┼─────┤\r\n│      │            │강서,양천,영등포,구로,마포, │          │\r\n│ 1권역│집배송 가능 │금천,광명,관악,동작,서대문, │ 제주시내 │\r\n│      │            │용산,중구,종로,서초         │          │\r\n├───┼──────┼──────────────┼─────┤\r\n│      │            │과천,고양,강남,송파,강동    │          │\r\n│ 2권역│집배송 가능 │성동,광진,중랑,동대문,성북, │    -     │\r\n│      │            │강북,노원,도봉,부천,부평    │          │\r\n├───┼──────┼──────────────┼─────┤\r\n│ 3권역│배송만 가능 │       군포시,안양시        │서귀포시내│\r\n├───┴──────┴──────────────┴─────┤\r\n│                                  ■ 요율표 적용일:2002. 1. 1 │\r\n└───────────────────────────────┘"", ""○ 서비스 요금\r\n  - 계약에 의해 협의 후 요금 책정(건당 1,000원 수준)"", ""○ 별도요금 없음\r\n   ※ 행사시마다 할인율 상이"", ""1.이용공항: 인천국제공항 (3층 한진택배 카운터)\r\n            \r\n2.서비스지역: 서울시,인천시,경기도 주요 도시\r\n\r\n ───────────────────────────────── ────┐\r\n│■ 기본운임(입, 출국시 적용)                                              │\r\n├───────┬─────┬─────┬─────┬─────┬─────┤\r\n│     구분     │   초소형 │   소형   │   중형   │    대형  │  특대형  │\r\n├───────┼─────┼─────┼─────┼───────────┤\r\n│     중량     │ 1kg 이하 │10kg 이하 │ 20kg 이하│ 30kg 이하│ 40kg 이하│\r\n ──────────────────────────────────-───┤\r\n│   동일권역   │          │          │          │          │          │\r\n│ 인천국제공항 │  5,000원 │  6,000원 │  7,000원 │  8,000원 │ 15,000원 │\r\n│  ↔ 인천시   │          │          │          │          │          │\r\n├───────┼─────┼─────┼─────┼─────┼─────┤\r\n│    타권역    │          │          │          │          │          │   \r\n│   인천공항   │  7,000원 │  8,000원 │  9,000원 │ 10,000원 │ 20,000원 │\r\n│↔ 인천외 지역│          │          │          │          │          │\r\n├───────┼─────┼─────┼─────┼─────┼─────┤\r\n│   제주권역   │          │          │          │          │          │\r\n│ 인천국제공항 │  9,000원 │ 10,000원 │ 12,000원 │ 15,000원 │ 25,000원 │\r\n│  ↔ 제주도   │          │          │          │          │          │\r\n├───────┴─────┴─────┴─────┴─────┴─────┤\r\n│■ 당일배송(입국시 적용)                          │\r\n├─────────┬───────────────┤\r\n│    서비스지역    │       대형(30kg 이하)        │\r\n├─────────┼───────────────┤\r\n│     인천지역     │           20,000원           │\r\n├─────────┼───────────────┤\r\n│  서울/부천지역   │           30,000원           │\r\n├─────────┼───────────────┤\r\n│    수도권지역    │           40,000원           │\r\n├─────────┴───────────────┤\r\n│·접수마감시간:오후2시                            │\r\n│  (이후 접수화물은 익일배송)                      │\r\n│·출국 경우 출발2일전까지 예약                    │\r\n└─────────────────────────┘"", ""○ 요금 : 기숙사 사생회와 별도 협의"", ""○ 서비스 지역 : 서울시\r\n    - 전국에서 판매하여 배송처가 서울인 경우\r\n\r\n○ 택배운임\r\n    - 개인고객 : 택배 표준운임에 +1,000원\r\n    - 신용고객 : 現 계약운임에 +1,000원\r\n"", ""○ 요금 : 정요율"", ""┌────┬─────┬─────┬─────┬─────┐                         \n│구    분│  초소형  │   소형   │   중형   │   대형   │                         \n├────┼─────┼─────┼─────┼─────┤                         \n│중    량│ 1kg 이하 │ 10kg 이하│ 20kg 이하│ 30kg 이하│                         \n├────┼─────┼─────┼─────┼─────┤                         \n│규    격│60cm 이하 │120cm 이하│140cm 이하│160cm 이하│                         \n├────┼─────┼─────┼─────┼─────┤                         \n│동일권역│  5,000원 │  6,000원 │  7,000원 │  8,000원 │                         \n├────┼─────┼─────┼─────┼─────┤                         \n│타 권 역│  6,000원 │  7,000원 │  8,000원 │  9,000원 │                         \n├────┼─────┼─────┼─────┼─────┤                         \n│제 주 권│  8,000원 │  9,000원 │ 10,000원 │ 11,000원 │                         \n├────┴─────┴─────┴─────┴─────┤                         \n│   섬지역 실비 발생시 받는고객이 지급하셔야 합니다.     │                         \n├────────┬───────────────────┤                         \n│                │            파손위험품 50%            │                         \n│                ├───────┬───────────┤                         \n│                │              │ 50 ~ 100만원   50%   │                         \n│                │              ├───────────┤                         \n│      할증      │              │100 ~ 200만원   80%   │                         \n│                │              ├───────────┤                         \n│                │   고가품     │200 ~ 300만원  100%   │                         \n│                │              ├───────────┤                         \n│                │              │300 ~ 500만원  200%   │                         \n│                │              ├───────────┤                         \n│                │              │500만원 초과 접수금지 │                         \n├────────┼───────┴─┬─────────┤                         \n│                │  2 ~ 3 BOX  10%  │ 4 ~ 5 BOX  15%   │                         \n│      할인      ├─────────┼─────────┤                         \n│                │  6 BOX 이상  20% │                  │                         \n└────────┴─────────┴─────────┘                         \n  * 규격은 화물의 세변(가로, 세로, 높이) 합 적용                                 \n  * 최장변의 규격제한은 160cm 적용                                               \n  * 섬지역은 기상이변 등 현지사정에 의해 불가피하게 배송이                             \n    지연될 수 있슴.(식품류 접수시 유의)"", ""○ 요금 : 일반 익일 택배요금 적용""]",10,,,,0.0%,80.0%,
C:/projects/myproject/QDQM/DS_Input/Internal/상품분류.csv,상품분류.csv,최종변경일시,"[""17:42.9""]",1,,,,0.0%,80.0%,
C:/projects/myproject/QDQM/DS_Input/Internal/상품분류.csv,상품분류.csv,ETL일시,"[""17:42.9""]",1,,,,0.0%,80.0%,
C:/projects/myproject/QDQM/DS_Input/Internal/상품코드.csv,상품코드.csv,상품코드,"[""02L"", ""S39"", ""S32"", ""S33"", ""S34"", ""S35"", ""S36"", ""S37"", ""S38"", ""S41""]",10,,,,0.0%,80.0%,
C:/projects/myproject/QDQM/DS_Input/Internal/상품코드.csv,상품코드.csv,사업구분,"[""D"", ""I"", ""S"", ""R""]",4,,,,0.0%,80.0%,
C:/projects/myproject/QDQM/DS_Input/Internal/상품코드.csv,상품코드.csv,상품명,"[""당일택배"", ""플러스택배"", ""당일배송"", ""여권택배"", ""공항택배"", ""쌀택배편"", ""와인택배"", ""VIG(귀중품)택배"", ""스마트폰모바일웹응대"", ""로지아이택배""]",10,,,,0.0%,80.0%,
C:/projects/myproject/QDQM/DS_Input/Internal/상품코드.csv,상품코드.csv,설명,"[""1. 제주도, 단체골프여행, 해외골프 고객 대상으로 골프백을 집에서부터 전국 골프장(해외골프의 경우는 인천공항)까지 배달하는 서비스"", ""긴급한 서류 또는 소화물을.."", ""퀵 배송서비스(일반 집하, 퀵 배송)"", ""당일택배"", ""서울지점에서 실시한 오토바이택배\r\nQ채널의 전국 영업망 확대를 통한 당일 오토바이 서시스 실시\r\n"", ""특정 수요층을 대상으로 한 GOLF 배달서비스"", ""동절기 스키인구 증가에 따라.."", ""VISA신청시 신청자가  당사 비치봉투에 넣어 신청했을때 .."", ""부패및 변질의 우려가 있는 화물에 대하여 신선도를 유지하기 위하여..."", ""우체국과 결쟁력 제고로 매출증대와 신수요의 창출로 대고객서비스의 다양화와 경쟁업체 우위점유차원의 서비스""]",10,,,,0.0%,80.0%,
C:/projects/myproject/QDQM/DS_Input/Internal/상품코드.csv,상품코드.csv,판매중지일,"[""20170502"", ""19990601"", ""20140201"", ""20070129"", ""20060901"", ""20031230"", ""20100225"", ""20041201"", ""20071231"", ""20090915""]",10,YYYYMMDD,10,YYYYMMDD:10,100.0%,90.0%,YYYYMMDD:10
C:/projects/myproject/QDQM/DS_Input/Internal/상품코드.csv,상품코드.csv,서비스금액,"[""0""]",1,,,,0.0%,80.0%,
C:/projects/myproject/QDQM/DS_Input/Internal/상품코드.csv,상품코드.csv,화물종류,"[""N"", ""D""]",2,,,,0.0%,80.0%,
C:/projects/myproject/QDQM/DS_Input/Internal/상품코드.csv,상품코드.csv,배송이상지역,,0,,,,0.0%,80.0%,
C:/projects/myproject/QDQM/DS_Input/Internal/상품코드.csv,상품코드.csv,접수시주의사항,"[""http://nhanex.hanjin.co.kr:7777/_html/golf_20070112.htm"", ""http://nhanex.hanjin.co.kr:7777/_html/S35.htm"", ""http://nhanex.hanjin.co.kr:7777/_html/S22.htm"", ""http://nhanex.hanjin.co.kr:7777/_html/S23.htm"", ""http://nhanex.hanjin.co.kr:7777/_html/S24.htm"", ""http://nhanex.hanjin.co.kr:7777/_html/S25.htm"", ""http://nhanex.hanjin.co.kr:7777/_html/S26.htm"", ""http://nhanex.hanjin.co.kr:7777/_html/S27.htm"", ""http://nhanex.hanjin.co.kr:7777/_html/S28.htm"", ""http://nhanex.hanjin.co.kr:7777/_html/S29.htm""]",10,,,,0.0%,80.0%,
C:/projects/myproject/QDQM/DS_Input/Internal/상품코드.csv,상품코드.csv,당일익일구분,"[""1"", ""I"", ""O"", ""C"", ""2"", ""3""]",6,,,,0.0%,80.0%,
C:/projects/myproject/QDQM/DS_Input/Internal/상품코드.csv,상품코드.csv,최종수정일,,0,,,,0.0%,80.0%,
C:/projects/myproject/QDQM/DS_Input/Internal/상품코드.csv,상품코드.csv,수정자 터미널코드,,0,,,,0.0%,80.0%,
C:/projects/myproject/QDQM/DS_Input/Internal/상품코드.csv,상품코드.csv,수정자 사번,,0,,,,0.0%,80.0%,
C:/projects/myproject/QDQM/DS_Input/Internal/상품코드.csv,상품코드.csv,서비스지역 및 요율,"[""┌──────────┬──────────┐\r\n│    편도 이용시     │    왕복 이용시     │\r\n├──────────┼──────────┤\r\n│      13,000원      │      23,000원      │\r\n├──────────┴──────────┤\r\n│■ 골프백 판매(이용)                      │\r\n├──────────┬──────────┤\r\n│● 1회용     5,000원│● 일반형   20,000원│\r\n├──────────┼──────────┤\r\n│● 고급형   35,000원│● 임대형       무료│\r\n└──────────┴──────────┘\r\n  * 임대형은 왕복 이용시에만 사용 가능\r\n  * 운송료는 전국 동일 가격(제주포함) 적용\r\n  * 예약은 골프경기 4일전까지"", ""┌───────────────────────────────┐\r\n│■ 항공특급서비스                                             │\r\n├─────┬─────┬───────┬───────────┤\r\n│          │          │              │       택배운임       │\r\n│서비스구분│서비스시간│   화물규격   ├───┬───┬───┤\r\n│          │          │              │ 1권역│ 2권역│ 3권역│\r\n├─────┼─────┼───────┼───┼───┼───┤\r\n│공항↔공항│   3시간  │      -       │15,000│  -   │  -   │\r\n├─────┼─────┼───────┼───┼───┼───┤\r\n│공항↔DOOR│   4시간  │대형(30kg이하)│25,000│35,000│45,000│\r\n├─────┼─────┼───────┼───┼───┼───┤\r\n│DOOR↔DOOR│   5시간  │대형(30kg이하)│35,000│45,000│55,000│\r\n├─────┼─────┼───────┼───┼───┼───┤\r\n│          │          │소형(10kg이하)│20,000│27,000│35,000│\r\n│          │          │───────┼───┼───┼───┤\r\n│DOOR↔DOOR│  12시간  │중형(20kg이하)│25,000│32,000│40,000│\r\n│          │          │───────┼───┼───┼───┤\r\n│          │          │대형(30kg이하)│30,000│37,000│45,000│\r\n├─────┴─────┴───────┴───┴───┴───┤\r\n│※ 서비스 대상지역 : 대한항공 운항 주요도시,                  │\r\n│                     공항내 택배 카운터 운영                  │\r\n├───────────────────────────────┤\r\n│               ● 권역안내(수도권 및 제주권) ●               │\r\n├───┬──────┬──────────────┬─────┤\r\n│ 권역 │서비스 범위 │        서울/수도권         │  제주권  │\r\n├───┼──────┼──────────────┼─────┤\r\n│      │            │강서,양천,영등포,구로,마포, │          │\r\n│ 1권역│집배송 가능 │금천,광명,관악,동작,서대문, │ 제주시내 │\r\n│      │            │용산,중구,종로,서초         │          │\r\n├───┼──────┼──────────────┼─────┤\r\n│      │            │과천,고양,강남,송파,강동    │          │\r\n│ 2권역│집배송 가능 │성동,광진,중랑,동대문,성북, │    -     │\r\n│      │            │강북,노원,도봉,부천,부평    │          │\r\n├───┼──────┼──────────────┼─────┤\r\n│ 3권역│배송만 가능 │       군포시,안양시        │서귀포시내│\r\n├───┴──────┴──────────────┴─────┤\r\n│                                  ■ 요율표 적용일:2002. 1. 1 │\r\n└───────────────────────────────┘"", ""○ 서비스 요금\r\n  - 계약에 의해 협의 후 요금 책정(건당 1,000원 수준)"", ""○ 별도요금 없음\r\n   ※ 행사시마다 할인율 상이"", ""1.이용공항: 인천국제공항 (3층 한진택배 카운터)\r\n            \r\n2.서비스지역: 서울시,인천시,경기도 주요 도시\r\n\r\n ───────────────────────────────── ────┐\r\n│■ 기본운임(입, 출국시 적용)                                              │\r\n├───────┬─────┬─────┬─────┬─────┬─────┤\r\n│     구분     │   초소형 │   소형   │   중형   │    대형  │  특대형  │\r\n├───────┼─────┼─────┼─────┼───────────┤\r\n│     중량     │ 1kg 이하 │10kg 이하 │ 20kg 이하│ 30kg 이하│ 40kg 이하│\r\n ──────────────────────────────────-───┤\r\n│   동일권역   │          │          │          │          │          │\r\n│ 인천국제공항 │  5,000원 │  6,000원 │  7,000원 │  8,000원 │ 15,000원 │\r\n│  ↔ 인천시   │          │          │          │          │          │\r\n├───────┼─────┼─────┼─────┼─────┼─────┤\r\n│    타권역    │          │          │          │          │          │   \r\n│   인천공항   │  7,000원 │  8,000원 │  9,000원 │ 10,000원 │ 20,000원 │\r\n│↔ 인천외 지역│          │          │          │          │          │\r\n├───────┼─────┼─────┼─────┼─────┼─────┤\r\n│   제주권역   │          │          │          │          │          │\r\n│ 인천국제공항 │  9,000원 │ 10,000원 │ 12,000원 │ 15,000원 │ 25,000원 │\r\n│  ↔ 제주도   │          │          │          │          │          │\r\n├───────┴─────┴─────┴─────┴─────┴─────┤\r\n│■ 당일배송(입국시 적용)                          │\r\n├─────────┬───────────────┤\r\n│    서비스지역    │       대형(30kg 이하)        │\r\n├─────────┼───────────────┤\r\n│     인천지역     │           20,000원           │\r\n├─────────┼───────────────┤\r\n│  서울/부천지역   │           30,000원           │\r\n├─────────┼───────────────┤\r\n│    수도권지역    │           40,000원           │\r\n├─────────┴───────────────┤\r\n│·접수마감시간:오후2시                            │\r\n│  (이후 접수화물은 익일배송)                      │\r\n│·출국 경우 출발2일전까지 예약                    │\r\n└─────────────────────────┘"", ""○ 요금 : 기숙사 사생회와 별도 협의"", ""○ 서비스 지역 : 서울시\r\n    - 전국에서 판매하여 배송처가 서울인 경우\r\n\r\n○ 택배운임\r\n    - 개인고객 : 택배 표준운임에 +1,000원\r\n    - 신용고객 : 現 계약운임에 +1,000원\r\n"", ""○ 요금 : 정요율"", ""┌────┬─────┬─────┬─────┬─────┐                         \n│구    분│  초소형  │   소형   │   중형   │   대형   │                         \n├────┼─────┼─────┼─────┼─────┤                         \n│중    량│ 1kg 이하 │ 10kg 이하│ 20kg 이하│ 30kg 이하│                         \n├────┼─────┼─────┼─────┼─────┤                         \n│규    격│60cm 이하 │120cm 이하│140cm 이하│160cm 이하│                         \n├────┼─────┼─────┼─────┼─────┤                         \n│동일권역│  5,000원 │  6,000원 │  7,000원 │  8,000원 │                         \n├────┼─────┼─────┼─────┼─────┤                         \n│타 권 역│  6,000원 │  7,000원 │  8,000원 │  9,000원 │                         \n├────┼─────┼─────┼─────┼─────┤                         \n│제 주 권│  8,000원 │  9,000원 │ 10,000원 │ 11,000원 │                         \n├────┴─────┴─────┴─────┴─────┤                         \n│   섬지역 실비 발생시 받는고객이 지급하셔야 합니다.     │                         \n├────────┬───────────────────┤                         \n│                │            파손위험품 50%            │                         \n│                ├───────┬───────────┤                         \n│                │              │ 50 ~ 100만원   50%   │                         \n│                │              ├───────────┤                         \n│      할증      │              │100 ~ 200만원   80%   │                         \n│                │              ├───────────┤                         \n│                │   고가품     │200 ~ 300만원  100%   │                         \n│                │              ├───────────┤                         \n│                │              │300 ~ 500만원  200%   │                         \n│                │              ├───────────┤                         \n│                │              │500만원 초과 접수금지 │                         \n├────────┼───────┴─┬─────────┤                         \n│                │  2 ~ 3 BOX  10%  │ 4 ~ 5 BOX  15%   │                         \n│      할인      ├─────────┼─────────┤                         \n│                │  6 BOX 이상  20% │                  │                         \n└────────┴─────────┴─────────┘                         \n  * 규격은 화물의 세변(가로, 세로, 높이) 합 적용                                 \n  * 최장변의 규격제한은 160cm 적용                                               \n  * 섬지역은 기상이변 등 현지사정에 의해 불가피하게 배송이                             \n    지연될 수 있슴.(식품류 접수시 유의)"", ""○ 요금 : 일반 익일 택배요금 적용""]",10,,,,0.0%,80.0%,
C:/projects/myproject/QDQM/DS_Input/Internal/상품코드.csv,상품코드.csv,최종변경일시,"[""17:42.9""]",1,,,,0.0%,80.0%,
C:/projects/myproject/QDQM/DS_Input/Internal/상품코드.csv,상품코드.csv,ETL일시,"[""17:42.9""]",1,,,,0.0%,80.0%,
C:/projects/myproject/QDQM/DS_Input/Internal/선박.csv,선박.csv,선박코드,"[""3ELU6"", ""3E5967"", ""CQEG5"", ""VRTO5"", ""VRPB9"", ""041198"", ""9VNL8"", ""A8ZD2"", ""V7HL4"", ""OYQA2""]",10,,,ZIP_CODE_OLD:1,10.0%,80.0%,ZIP_CODE_OLD:1
C:/projects/myproject/QDQM/DS_Input/Internal/선박.csv,선박.csv,선박명_한글,"[""HONG XIANG"", ""GUO SHUN 12"", ""IRIS"", ""VELA"", ""OCEAN STAR"", ""YIN LONG"", ""GUO SHUN"", ""CHUN WEI"", ""ALEXANDRA"", ""EMMA""]",10,,,COMPANY_NAME:1,10.0%,40.0%,COMPANY_NAME:1
C:/projects/myproject/QDQM/DS_Input/Internal/선박.csv,선박.csv,선박명_영문,"[""HONG XIANG"", ""GUO SHUN 12"", ""IRIS"", ""JIN AO"", ""EMMA"", ""WOOLIM DRAGON"", ""OCEAN STAR"", ""KOTA CARUM"", ""CHUN WEI"", ""EVER FORTUNE""]",10,,,COMPANY_NAME:1,10.0%,40.0%,COMPANY_NAME:1
C:/projects/myproject/QDQM/DS_Input/Internal/선박.csv,선박.csv,선사코드,"[""PHC0009"", ""KMC0155"", ""OST0011"", ""ICC2013"", ""PHC0002"", ""YSC0013"", ""USC0002"", ""ICC1006"", ""KMC0748"", ""OST0179""]",10,,,,0.0%,80.0%,
C:/projects/myproject/QDQM/DS_Input/Internal/선박.csv,선박.csv,선박종류코드,"[""21"", ""41"", ""51"", ""99"", ""22"", ""11"", ""23"", ""24"", ""31""]",9,,,,0.0%,80.0%,
C:/projects/myproject/QDQM/DS_Input/Internal/선박.csv,선박.csv,총길이,"[""200"", ""290"", ""300"", ""220"", ""90"", ""320"", ""180"", ""250"", ""225"", ""150""]",10,,,,0.0%,80.0%,
C:/projects/myproject/QDQM/DS_Input/Internal/선박.csv,선박.csv,총중량,"[""0"", ""32987"", ""33044"", ""9611"", ""35812"", ""39906"", ""22863"", ""17019"", ""1997"", ""4407""]",10,,,"ZIP_CODE:6, YEAR:1",60.0%,80.0%,"ZIP_CODE:6, YEAR:1"
C:/projects/myproject/QDQM/DS_Input/Internal/선박.csv,선박.csv,외내항구분,"[""1"", ""2""]",2,,,,0.0%,80.0%,
C:/projects/myproject/QDQM/DS_Input/Internal/선박.csv,선박.csv,사용여부,"[""Y"", ""N""]",2,,,,0.0%,80.0%,
C:/projects/myproject/QDQM/DS_Input/Internal/선박.csv,선박.csv,비고,"[""port에 없음""]",1,,,,0.0%,80.0%,
C:/projects/myproject/QDQM/DS_Input/Internal/선박.csv,선박.csv,처리일시,"[""2.01412E+13"", ""2.01411E+13"", ""2.01501E+13"", ""2.01505E+13"", ""2.01504E+13"", ""2.01503E+13"", ""2.01502E+13"", ""2.01507E+13"", ""2.01408E+13"", ""2.01508E+13""]",10,,,,0.0%,80.0%,
C:/projects/myproject/QDQM/DS_Input/Internal/선박.csv,선박.csv,최종변경일시,"[""01:47.4""]",1,,,,0.0%,80.0%,
C:/projects/myproject/QDQM/DS_Input/Internal/선박.csv,선박.csv,ETL일시,"[""01:47.4""]",1,,,,0.0%,80.0%,
C:/projects/myproject/QDQM/DS_Input/Internal/선석.csv,선석.csv,항구코드,"[""INC"", ""USN"", ""POH"", ""MOP"", ""DOH"", ""CHW"", ""GWY"", ""PUS"", ""JEJ"", ""BOR""]",10,,,,0.0%,80.0%,
C:/projects/myproject/QDQM/DS_Input/Internal/선석.csv,선석.csv,국가코드,"[""KR""]",1,,,,0.0%,80.0%,
C:/projects/myproject/QDQM/DS_Input/Internal/선석.csv,선석.csv,선석코드,"[""MB6-01"", ""MB3-01"", ""MB2-03"", ""MB2-02"", ""MB2-01"", ""MB1-01"", ""MBY-01"", ""MB5-01"", ""MB3-02"", ""MB1-04""]",10,,,,0.0%,80.0%,
C:/projects/myproject/QDQM/DS_Input/Internal/선석.csv,선석.csv,선석명,"[""목포선석"", ""동해선석"", ""1부두 14선석"", ""제5부두(TOC)"", ""제5부두(공용)"", ""1부두 13선석"", ""1부두 12선석"", ""2부두 21선석"", ""2부두 22선석"", ""2부두 23선석""]",10,,,,0.0%,80.0%,
C:/projects/myproject/QDQM/DS_Input/Internal/선석.csv,선석.csv,정산용선석명,"[""S - 1"", ""M - 1"", ""J - 1"", ""T - 1"", ""D - 1"", ""P - 1"", ""C - 1"", ""N - 1"", ""4 - 1"", ""3 - 1""]",10,,,,0.0%,80.0%,
C:/projects/myproject/QDQM/DS_Input/Internal/선석.csv,선석.csv,수심,"[""0~7.5"", ""0~0"", ""111.1~111.1"", ""11-11"", ""~"", ""1~1"", ""12~12"", ""5-5"", ""0~7"", ""0~15""]",10,,,,0.0%,80.0%,
C:/projects/myproject/QDQM/DS_Input/Internal/선석.csv,선석.csv,선석길이,"[""200"", ""0"", ""100"", ""120"", ""300"", ""130"", ""111"", ""350"", ""1"", ""280""]",10,,,,0.0%,80.0%,
C:/projects/myproject/QDQM/DS_Input/Internal/선석.csv,선석.csv,접안능력,,0,,,,0.0%,80.0%,
C:/projects/myproject/QDQM/DS_Input/Internal/선석.csv,선석.csv,업체코드,"[""C-INC099"", ""C-GWY099"", ""C-CHW001"", ""C-POH001"", ""C-PUS001"", ""C-INC002"", ""C-GWY001"", ""C-INC006"", ""C-BOR001"", ""C-PUS003""]",10,,,,0.0%,80.0%,
C:/projects/myproject/QDQM/DS_Input/Internal/선석.csv,선석.csv,항구상세코드,"[""P-USN001"", ""P-MOP001"", ""P-CHW001"", ""P-POH001"", ""P-GWY002"", ""P-DOH002"", ""P-INC001"", ""P-DOH001"", ""P-JEJ001"", ""P-PUS002""]",10,,,,0.0%,80.0%,
C:/projects/myproject/QDQM/DS_Input/Internal/선석.csv,선석.csv,조직코드,"[""312211"", ""311111"", ""212211"", ""411111"", ""211111"", ""111111"", ""213311"", ""111113"", ""311112"", ""511111""]",10,ZIP_CODE_OLD,10,"ZIP_CODE_OLD:10, YEAR_MONTH:8",100.0%,80.0%,"ZIP_CODE_OLD:10, YEAR_MONTH:8"
C:/projects/myproject/QDQM/DS_Input/Internal/선석.csv,선석.csv,한진소유여부,"[""N"", ""Y""]",2,,,,0.0%,80.0%,
C:/projects/myproject/QDQM/DS_Input/Internal/선석.csv,선석.csv,조회순번,"[""999"", ""12"", ""2"", ""3"", ""4"", ""1"", ""5"", ""6"", ""7"", ""8""]",10,,,,0.0%,80.0%,
C:/projects/myproject/QDQM/DS_Input/Internal/선석.csv,선석.csv,사용여부,"[""Y"", ""N""]",2,,,,0.0%,80.0%,
C:/projects/myproject/QDQM/DS_Input/Internal/선석.csv,선석.csv,비고,"[""요청으로 인한 사용중지"", ""싸이로팀사용안함"", ""C-JEJ004""]",3,,,,0.0%,80.0%,
C:/projects/myproject/QDQM/DS_Input/Internal/선석.csv,선석.csv,처리일시,,0,,,,0.0%,80.0%,
C:/projects/myproject/QDQM/DS_Input/Internal/선석.csv,선석.csv,본선구분,"[""V""]",1,,,,0.0%,80.0%,
C:/projects/myproject/QDQM/DS_Input/Internal/선석.csv,선석.csv,최종변경일시,"[""2023-12-26 03:02:42.412000""]",1,TIME_STAMP,1,TIME_STAMP:1,100.0%,90.0%,TIME_STAMP:1
C:/projects/myproject/QDQM/DS_Input/Internal/선석.csv,선석.csv,ETL일시,"[""2023-12-26 03:02:42.412000""]",1,TIME_STAMP,1,TIME_STAMP:1,100.0%,90.0%,TIME_STAMP:1
C:/projects/myproject/QDQM/DS_Input/Internal/신용등급.csv,신용등급.csv,신용등급코드,"[""A"", ""B"", ""C"", ""D"", ""E"", ""Y""]",6,,,,0.0%,80.0%,
C:/projects/myproject/QDQM/DS_Input/Internal/신용등급.csv,신용등급.csv,신용등급명,"[""최우수"", ""우수"", ""보통"", ""미달"", ""불량징후"", ""신규등록""]",6,,,"COMPANY_NAME:1, NAME_KOR:1",16.7%,40.0%,"COMPANY_NAME:1, NAME_KOR:1"
C:/projects/myproject/QDQM/DS_Input/Internal/신용등급.csv,신용등급.csv,FROM점수,"[""90"", ""80"", ""70"", ""60"", ""0""]",5,,,,0.0%,80.0%,
C:/projects/myproject/QDQM/DS_Input/Internal/신용등급.csv,신용등급.csv,TO점수,"[""100"", ""89"", ""79"", ""69"", ""59""]",5,,,,0.0%,80.0%,
C:/projects/myproject/QDQM/DS_Input/Internal/신용등급.csv,신용등급.csv,dt_reg,"[""20011201""]",1,YYYYMMDD,1,YYYYMMDD:1,100.0%,90.0%,YYYYMMDD:1
C:/projects/myproject/QDQM/DS_Input/Internal/신용등급.csv,신용등급.csv,dt_adjt,,0,,,,0.0%,80.0%,
C:/projects/myproject/QDQM/DS_Input/Internal/신용등급.csv,신용등급.csv,폐기일자,,0,,,,0.0%,80.0%,
C:/projects/myproject/QDQM/DS_Input/Internal/신용등급.csv,신용등급.csv,yn_abd,"[""N""]",1,,,,0.0%,80.0%,
C:/projects/myproject/QDQM/DS_Input/Internal/신용등급.csv,신용등급.csv,처리자사번,"[""9508203""]",1,,,,0.0%,80.0%,
C:/projects/myproject/QDQM/DS_Input/Internal/신용등급.csv,신용등급.csv,last_update_dtm,"[""2023-12-26 03:35:26.532000""]",1,TIME_STAMP,1,TIME_STAMP:1,100.0%,90.0%,TIME_STAMP:1
C:/projects/myproject/QDQM/DS_Input/Internal/신용등급.csv,신용등급.csv,etl_dtm,"[""2023-12-26 03:35:26.532000""]",1,TIME_STAMP,1,TIME_STAMP:1,100.0%,90.0%,TIME_STAMP:1
C:/projects/myproject/QDQM/DS_Input/Internal/영업소.csv,영업소.csv,영업소코드,"[""100"", ""531"", ""463"", ""464"", ""465"", ""466"", ""467"", ""468"", ""469"", ""470""]",10,,,,0.0%,80.0%,
C:/projects/myproject/QDQM/DS_Input/Internal/영업소.csv,영업소.csv,영업소명,"[""김해"", ""J4"", ""의정부"", ""세종"", ""S8"", ""S3"", ""S4"", ""S5"", ""S6"", ""S7""]",10,,,"COMPANY_NAME:3, SIDO:1, NAME_KOR:1",30.0%,40.0%,"COMPANY_NAME:3, SIDO:1, NAME_KOR:1"
C:/projects/myproject/QDQM/DS_Input/Internal/영업소.csv,영업소.csv,영업소약명,"[""마장"", ""의정부"", ""강서"", ""인천"", ""강남"", ""강북"", ""세종"", ""제주"", ""김해"", ""J4""]",10,COMPANY_NAME,8,"COMPANY_NAME:8, SIDO:3, NAME_KOR:1",80.0%,40.0%,"COMPANY_NAME:8, SIDO:3, NAME_KOR:1"
C:/projects/myproject/QDQM/DS_Input/Internal/영업소.csv,영업소.csv,건평,"[""100"", ""0"", ""400"", ""200"", ""300"", ""900"", ""157"", ""500"", ""50""]",9,,,,0.0%,80.0%,
C:/projects/myproject/QDQM/DS_Input/Internal/영업소.csv,영업소.csv,우편번호,"[""449866"", ""000000"", ""465010"", ""449865"", ""467822"", ""456825"", ""465080"", ""449862"", ""449010"", ""445910""]",10,ZIP_CODE_OLD,10,"ZIP_CODE_OLD:10, YEAR_MONTH:3",100.0%,80.0%,"ZIP_CODE_OLD:10, YEAR_MONTH:3"
C:/projects/myproject/QDQM/DS_Input/Internal/영업소.csv,영업소.csv,주소,"[""경기 용인시 처인구 백암면 백봉리 HANDEX 용인물류센터  DC동"", ""경기 용인시 처인구 백암면 백봉리 HANDEX 용인물류센터"", ""경기 용인시 처인구 백암면 백봉리 HANDEX 용인물류센터  837-4"", ""경기 용인시 처인구 백암면 백봉리 HANDEX 용인물류센터  837-4호"", ""부산광역시 북구 구포동   사상로558번가길 46"", ""경상북도 경산시 옥곡동   경산로 21, 부영조은마을 107동 206호"", ""경기도 광주시 도척면   국사봉로 133번길 33-23"", ""경기도 하남시 덕풍동   765, 아파트형공장"", ""경기도 부천시 오정구 작동   200"", ""경기도 하남시 덕풍동   765, 아파트형공장 ITECO""]",10,ADDRESS,9,ADDRESS:9,90.0%,50.0%,ADDRESS:9
C:/projects/myproject/QDQM/DS_Input/Internal/영업소.csv,영업소.csv,영업소등급,"[""3"", ""1"", ""2"", ""4""]",4,,,,0.0%,80.0%,
C:/projects/myproject/QDQM/DS_Input/Internal/영업소.csv,영업소.csv,업무개시일,"[""20020811"", ""20201204"", ""20220801"", ""20220701"", ""20130601"", ""20180801"", ""20210401"", ""20201012"", ""20210120"", ""20221101""]",10,YYYYMMDD,10,YYYYMMDD:10,100.0%,90.0%,YYYYMMDD:10
C:/projects/myproject/QDQM/DS_Input/Internal/영업소.csv,영업소.csv,업무중지일,"[""99991231"", ""20151231"", ""20090228""]",3,YYYYMMDD,3,YYYYMMDD:3,100.0%,90.0%,YYYYMMDD:3
C:/projects/myproject/QDQM/DS_Input/Internal/영업소.csv,영업소.csv,업무종료일,"[""99991231"", ""20151231"", ""20090228""]",3,YYYYMMDD,3,YYYYMMDD:3,100.0%,90.0%,YYYYMMDD:3
C:/projects/myproject/QDQM/DS_Input/Internal/영업소.csv,영업소.csv,설립일자,"[""20020811"", ""20201204"", ""20030804"", ""20151001"", ""20181017"", ""20041206"", ""20130528"", ""20151020"", ""20210401"", ""20220628""]",10,YYYYMMDD,10,YYYYMMDD:10,100.0%,90.0%,YYYYMMDD:10
C:/projects/myproject/QDQM/DS_Input/Internal/영업소.csv,영업소.csv,사업자등록번호,"[""1268601625"", ""1198137886"", ""1278140849"", ""6211496858"", ""2018102823"", ""2308112241"", ""6063746208"", ""1268523826"", ""8878100954"", ""7550300907""]",10,BIZ_NO,10,BIZ_NO:10,100.0%,90.0%,BIZ_NO:10
C:/projects/myproject/QDQM/DS_Input/Internal/영업소.csv,영업소.csv,업태,"[""000"", ""서비스"", ""운수업"", ""운수"", ""서비스업"", ""운수관련서비스"", ""운보"", ""운송"", ""운송/서비스"", ""일반화물 자동차운송업""]",10,,,NAME_KOR:2,20.0%,70.0%,NAME_KOR:2
C:/projects/myproject/QDQM/DS_Input/Internal/영업소.csv,영업소.csv,업종,"[""000"", ""화물"", ""화물운송대행"", ""화물육상운송"", ""배송"", ""화물운송"", ""택배"", ""택배업"", ""기타도급"", ""화물운보""]",10,,,"NAME_KOR:1, ACCOUNT_NAME:1",10.0%,70.0%,"NAME_KOR:1, ACCOUNT_NAME:1"
C:/projects/myproject/QDQM/DS_Input/Internal/영업소.csv,영업소.csv,계약영업소코드,"[""100"", ""110"", ""101"", ""400"", ""220"", ""510"", ""501"", ""550"", ""540"", ""530""]",10,,,,0.0%,80.0%,
C:/projects/myproject/QDQM/DS_Input/Internal/영업소.csv,영업소.csv,계약구분,"[""2"", ""1"", ""3"", ""0""]",4,,,,0.0%,80.0%,
C:/projects/myproject/QDQM/DS_Input/Internal/영업소.csv,영업소.csv,보증금,"[""0"", ""15000000"", ""5000000"", ""600"", ""20000000"", ""1""]",6,,,,0.0%,80.0%,
C:/projects/myproject/QDQM/DS_Input/Internal/영업소.csv,영업소.csv,유효기간,"[""99991231"", ""20040501""]",2,YYYYMMDD,2,YYYYMMDD:2,100.0%,90.0%,YYYYMMDD:2
C:/projects/myproject/QDQM/DS_Input/Internal/영업소.csv,영업소.csv,보험증권번호,"[""1"", ""0"", ""00000000000000000000"", ""000000"", ""00000000000"", ""123456789"", ""000000000"", ""000000000000000"", ""00000000000000000"", ""0000000000""]",10,,,"BIZ_NO:1, ZIP_CODE_OLD:1",10.0%,90.0%,"BIZ_NO:1, ZIP_CODE_OLD:1"
C:/projects/myproject/QDQM/DS_Input/Internal/영업소.csv,영업소.csv,직영가맹여부,"[""2"", ""1""]",2,,,,0.0%,80.0%,
C:/projects/myproject/QDQM/DS_Input/Internal/영업소.csv,영업소.csv,상위영업소코드,"[""999"", ""200"", ""100"", ""800"", ""500"", ""300"", ""400"", ""120"", ""600"", ""110""]",10,,,,0.0%,80.0%,
C:/projects/myproject/QDQM/DS_Input/Internal/영업소.csv,영업소.csv,집하센터코드,"[""100"", ""107"", ""133"", ""105""]",4,,,,0.0%,80.0%,
C:/projects/myproject/QDQM/DS_Input/Internal/영업소.csv,영업소.csv,지역구분,"[""21"", ""10"", ""12"", ""30"", ""50"", ""40"", ""60"", ""80"", ""70"", ""20""]",10,,,,0.0%,80.0%,
C:/projects/myproject/QDQM/DS_Input/Internal/영업소.csv,영업소.csv,분류터미널구분,"[""1"", ""2""]",2,,,,0.0%,80.0%,
C:/projects/myproject/QDQM/DS_Input/Internal/영업소.csv,영업소.csv,구동분류기구분값,"[""L"", ""R""]",2,,,,0.0%,80.0%,
C:/projects/myproject/QDQM/DS_Input/Internal/영업소.csv,영업소.csv,반품송장권역ZONE,"[""2"", ""1"", ""6"", ""3"", ""4"", ""5"", ""7""]",7,,,,0.0%,80.0%,
C:/projects/myproject/QDQM/DS_Input/Internal/영업소.csv,영업소.csv,최종변경일시,"[""03:50.9""]",1,,,,0.0%,80.0%,
C:/projects/myproject/QDQM/DS_Input/Internal/영업소.csv,영업소.csv,ETL일시,"[""03:50.9""]",1,,,,0.0%,80.0%,
C:/projects/myproject/QDQM/DS_Input/Internal/조직_수입관리.csv,조직_수입관리.csv,OIO_ORG_COD,"[""SELUB"", ""PUWBR"", ""QKMBS"", ""QMSBS"", ""QTWBR"", ""QTWBS"", ""QTWCS"", ""QWJXD"", ""SCNBR"", ""SCOBR""]",10,,,,0.0%,80.0%,
C:/projects/myproject/QDQM/DS_Input/Internal/조직_수입관리.csv,조직_수입관리.csv,OIO_ORG_NAM,"[""네덱스"", ""서부산택배지점"", ""(폐)구미버스영업소"", ""(폐)마산버스영업소"", ""대전택배지점"", ""(폐)대전버스영업소"", ""(폐)대전통신판매"", ""원주택배지점"", ""순천택배지점"", ""서초택배지점""]",10,,,NAME_KOR:1,10.0%,70.0%,NAME_KOR:1
C:/projects/myproject/QDQM/DS_Input/Internal/조직_수입관리.csv,조직_수입관리.csv,OIO_INC_ORG,,0,,,,0.0%,80.0%,
C:/projects/myproject/QDQM/DS_Input/Internal/조직_수입관리.csv,조직_수입관리.csv,OIO_ORG_NCD,"[""1166"", ""1131"", ""1410"", ""1370"", ""1159"", ""1359"", ""1183"", ""1176"", ""1177"", ""1178""]",10,,,,0.0%,80.0%,
C:/projects/myproject/QDQM/DS_Input/Internal/조직_수입관리.csv,조직_수입관리.csv,OIO_PIN_COD,"[""SESBRHT"", ""TJNBRHT"", ""CHNBRHT"", ""KWJBRHT"", ""SCOBRHT"", ""CGWBRHT"", ""HQRLSBHT"", ""QWJBRHT"", ""TAEBRHT"", ""KWJDSHT""]",10,,,,0.0%,80.0%,
C:/projects/myproject/QDQM/DS_Input/Internal/조직_수입관리.csv,조직_수입관리.csv,OIO_RGT_ENO,,0,,,,0.0%,80.0%,
C:/projects/myproject/QDQM/DS_Input/Internal/조직_수입관리.csv,조직_수입관리.csv,OIO_RGT_MDH,,0,,,,0.0%,80.0%,
C:/projects/myproject/QDQM/DS_Input/Internal/조직_수입관리.csv,조직_수입관리.csv,OIO_CHG_ENO,"[""1510740""]",1,,,,0.0%,80.0%,
C:/projects/myproject/QDQM/DS_Input/Internal/조직_수입관리.csv,조직_수입관리.csv,OIO_CHG_MDH,"[""2021-12-23 00:00:00.000000"", ""2022-02-21 00:00:00.000000""]",2,TIME_STAMP,2,TIME_STAMP:2,100.0%,90.0%,TIME_STAMP:2
C:/projects/myproject/QDQM/DS_Input/Internal/조직_수입관리.csv,조직_수입관리.csv,OIO_END_YMD,"[""20211223""]",1,YYYYMMDD,1,YYYYMMDD:1,100.0%,90.0%,YYYYMMDD:1
C:/projects/myproject/QDQM/DS_Input/Internal/조직_수입관리.csv,조직_수입관리.csv,최종변경일시,"[""2023-12-26 01:04:45.355000""]",1,TIME_STAMP,1,TIME_STAMP:1,100.0%,90.0%,TIME_STAMP:1
C:/projects/myproject/QDQM/DS_Input/Internal/조직_수입관리.csv,조직_수입관리.csv,ETL일시,"[""2023-12-26 01:04:45.355000""]",1,TIME_STAMP,1,TIME_STAMP:1,100.0%,90.0%,TIME_STAMP:1
C:/projects/myproject/QDQM/DS_Input/Internal/조직터미널마스터.csv,조직터미널마스터.csv,터미널조직코드,"[""000"", ""780"", ""772"", ""773"", ""774"", ""776"", ""777"", ""778"", ""781"", ""812""]",10,,,,0.0%,80.0%,
C:/projects/myproject/QDQM/DS_Input/Internal/조직터미널마스터.csv,조직터미널마스터.csv,터미널구분코드,"[""SUB"", ""SUB_SORT"", ""B2B_SUB"", ""CUST_WH"", ""ETC"", ""HUB"", ""SUB_REUSE"", ""B2B_HUB""]",8,,,,0.0%,80.0%,
C:/projects/myproject/QDQM/DS_Input/Internal/조직터미널마스터.csv,조직터미널마스터.csv,실제터미널조직코드,"[""112"", ""100"", ""500"", ""430"", ""600"", ""701"", ""660"", ""440"", ""450"", ""510""]",10,,,,0.0%,80.0%,
C:/projects/myproject/QDQM/DS_Input/Internal/조직터미널마스터.csv,조직터미널마스터.csv,대표집배조직코드,,0,,,,0.0%,80.0%,
C:/projects/myproject/QDQM/DS_Input/Internal/조직터미널마스터.csv,조직터미널마스터.csv,unitiz_goal,"[""0"", ""10"", ""50"", ""40"", ""100"", ""30"", ""45"", ""65"", ""25"", ""80""]",10,,,,0.0%,80.0%,
C:/projects/myproject/QDQM/DS_Input/Internal/조직터미널마스터.csv,조직터미널마스터.csv,종료목표작업시분,"[""0700"", ""0600"", ""0530"", ""0540"", ""0520"", ""0800""]",6,,,,0.0%,80.0%,
C:/projects/myproject/QDQM/DS_Input/Internal/조직터미널마스터.csv,조직터미널마스터.csv,첨부파일ID,,0,,,,0.0%,80.0%,
C:/projects/myproject/QDQM/DS_Input/Internal/조직터미널마스터.csv,조직터미널마스터.csv,터미널영문코드,"[""MH"", ""FG"", ""KG"", ""PD"", ""JA"", ""SA"", ""JC"", ""US"", ""BU"", ""UN""]",10,,,COMPANY_NAME:1,10.0%,40.0%,COMPANY_NAME:1
C:/projects/myproject/QDQM/DS_Input/Internal/조직터미널마스터.csv,조직터미널마스터.csv,loading_place_addr,,0,,,,0.0%,80.0%,
C:/projects/myproject/QDQM/DS_Input/Internal/조직터미널마스터.csv,조직터미널마스터.csv,load_chute_cnt,"[""0"", ""1"", ""2"", ""4"", ""6"", ""3"", ""100"", ""5"", ""8"", ""17""]",10,,,,0.0%,80.0%,
C:/projects/myproject/QDQM/DS_Input/Internal/조직터미널마스터.csv,조직터미널마스터.csv,unload_chute_cnt,"[""0"", ""1"", ""2"", ""4"", ""3"", ""5"", ""6"", ""36"", ""7"", ""10""]",10,,,,0.0%,80.0%,
C:/projects/myproject/QDQM/DS_Input/Internal/조직터미널마스터.csv,조직터미널마스터.csv,wheel_sorter_install_yn,"[""N"", ""Y""]",2,,,,0.0%,80.0%,
C:/projects/myproject/QDQM/DS_Input/Internal/조직터미널마스터.csv,조직터미널마스터.csv,usage_cat_cd,"[""LEASE"", ""SELF"", ""PICKDLV""]",3,,,,0.0%,80.0%,
C:/projects/myproject/QDQM/DS_Input/Internal/조직터미널마스터.csv,조직터미널마스터.csv,등록일시,"[""2023-09-15 14:53:00.000000"", ""2023-10-31 14:59:33.000000"", ""2023-11-21 15:25:00.000000"", ""2023-11-03 14:33:15.000000"", ""2023-11-03 14:30:50.000000"", ""2023-10-31 14:46:46.000000"", ""2023-10-31 14:50:52.000000"", ""2023-10-31 14:54:57.000000"", ""2023-10-31 13:11:47.000000"", ""2023-11-21 15:28:16.000000""]",10,TIME_STAMP,10,TIME_STAMP:10,100.0%,90.0%,TIME_STAMP:10
C:/projects/myproject/QDQM/DS_Input/Internal/조직터미널마스터.csv,조직터미널마스터.csv,등록사원번호,"[""1811014"", ""2110415"", ""1112204"", ""1112193""]",4,,,,0.0%,80.0%,
C:/projects/myproject/QDQM/DS_Input/Internal/조직터미널마스터.csv,조직터미널마스터.csv,최종사원업데이트일시,"[""2023-09-27 14:11:44.000000"", ""2023-11-13 16:36:03.000000"", ""2023-07-12 15:40:12.000000"", ""2023-09-20 08:59:36.000000"", ""2023-11-13 16:39:17.000000"", ""2023-11-03 16:01:07.000000"", ""2023-11-27 07:05:09.000000"", ""2023-10-13 14:28:38.000000"", ""2023-11-17 15:09:32.000000"", ""2023-10-17 09:25:38.000000""]",10,TIME_STAMP,10,TIME_STAMP:10,100.0%,90.0%,TIME_STAMP:10
C:/projects/myproject/QDQM/DS_Input/Internal/조직터미널마스터.csv,조직터미널마스터.csv,최종업데이트사원번호,"[""1910031"", ""1112204"", ""1111902"", ""9410833"", ""0710220"", ""2211823"", ""1911114"", ""0013801"", ""0012692"", ""2481441""]",10,,,,0.0%,80.0%,
C:/projects/myproject/QDQM/DS_Input/Internal/조직터미널마스터.csv,조직터미널마스터.csv,생성일시,"[""2023-04-13 14:53:05.000000"", ""2023-09-15 14:53:00.000000"", ""2022-12-09 10:05:15.000000"", ""2023-11-21 15:25:00.000000"", ""2023-11-03 14:33:15.000000"", ""2023-11-03 14:30:50.000000"", ""2023-10-31 14:46:46.000000"", ""2023-10-31 14:50:52.000000"", ""2023-10-31 14:54:57.000000"", ""2023-10-31 13:11:47.000000""]",10,TIME_STAMP,10,TIME_STAMP:10,100.0%,90.0%,TIME_STAMP:10
C:/projects/myproject/QDQM/DS_Input/Internal/조직터미널마스터.csv,조직터미널마스터.csv,생성시스템ID,"[""mtr"", ""1811014"", ""2110415"", ""1112204"", ""1112193""]",5,,,,0.0%,80.0%,
C:/projects/myproject/QDQM/DS_Input/Internal/조직터미널마스터.csv,조직터미널마스터.csv,최종업데이트시스템ID,"[""KAFKA""]",1,,,,0.0%,80.0%,
C:/projects/myproject/QDQM/DS_Input/Internal/조직터미널마스터.csv,조직터미널마스터.csv,최종업데이트일시,"[""2023-09-27 14:11:49.000000"", ""2023-11-13 16:36:05.000000"", ""2023-07-12 15:40:18.000000"", ""2023-09-20 08:59:37.000000"", ""2023-11-13 16:39:18.000000"", ""2023-11-03 16:01:08.000000"", ""2023-10-13 14:28:39.000000"", ""2023-11-27 07:05:09.000000"", ""2023-10-17 09:25:39.000000"", ""2023-11-17 15:09:32.000000""]",10,TIME_STAMP,10,TIME_STAMP:10,100.0%,90.0%,TIME_STAMP:10
C:/projects/myproject/QDQM/DS_Input/Internal/조직터미널마스터.csv,조직터미널마스터.csv,ETL일시,"[""2023-12-23 03:04:26.913000""]",1,TIME_STAMP,1,TIME_STAMP:1,100.0%,90.0%,TIME_STAMP:1
C:/projects/myproject/QDQM/DS_Input/Internal/지점코드.csv,지점코드.csv,OIO_ORG_COD,"[""SELUB"", ""PUWBR"", ""QKMBS"", ""QMSBS"", ""QTWBR"", ""QTWBS"", ""QTWCS"", ""QWJXD"", ""SCNBR"", ""SCOBR""]",10,,,,0.0%,80.0%,
C:/projects/myproject/QDQM/DS_Input/Internal/지점코드.csv,지점코드.csv,OIO_ORG_NAM,"[""네덱스"", ""서부산택배지점"", ""(폐)구미버스영업소"", ""(폐)마산버스영업소"", ""대전택배지점"", ""(폐)대전버스영업소"", ""(폐)대전통신판매"", ""원주택배지점"", ""순천택배지점"", ""서초택배지점""]",10,,,NAME_KOR:1,10.0%,70.0%,NAME_KOR:1
C:/projects/myproject/QDQM/DS_Input/Internal/지점코드.csv,지점코드.csv,OIO_INC_ORG,,0,,,,0.0%,80.0%,
C:/projects/myproject/QDQM/DS_Input/Internal/지점코드.csv,지점코드.csv,OIO_ORG_NCD,"[""1166"", ""1131"", ""1410"", ""1370"", ""1159"", ""1359"", ""1183"", ""1176"", ""1177"", ""1178""]",10,,,,0.0%,80.0%,
C:/projects/myproject/QDQM/DS_Input/Internal/지점코드.csv,지점코드.csv,OIO_PIN_COD,"[""SESBRHT"", ""TJNBRHT"", ""CHNBRHT"", ""KWJBRHT"", ""SCOBRHT"", ""CGWBRHT"", ""HQRLSBHT"", ""QWJBRHT"", ""TAEBRHT"", ""KWJDSHT""]",10,,,,0.0%,80.0%,
C:/projects/myproject/QDQM/DS_Input/Internal/지점코드.csv,지점코드.csv,최종변경일시,"[""04:45.4""]",1,,,,0.0%,80.0%,
C:/projects/myproject/QDQM/DS_Input/Internal/지점코드.csv,지점코드.csv,ETL일시,"[""04:45.4""]",1,,,,0.0%,80.0%,
C:/projects/myproject/QDQM/DS_Input/Internal/택배_고객.csv,택배_고객.csv,고객번호,"[""7003364"", ""0115006"", ""3001426"", ""5004443"", ""4444917"", ""4444529"", ""4445744"", ""0103136"", ""3001203"", ""9004548""]",10,,,,0.0%,80.0%,
C:/projects/myproject/QDQM/DS_Input/Internal/택배_고객.csv,택배_고객.csv,개인기업고객구분,"[""C""]",1,,,,0.0%,80.0%,
C:/projects/myproject/QDQM/DS_Input/Internal/택배_고객.csv,택배_고객.csv,사업구분,"[""D"", ""I""]",2,,,,0.0%,80.0%,
C:/projects/myproject/QDQM/DS_Input/Internal/택배_고객.csv,택배_고객.csv,한글고객명,"[""(주)GS리테일"", ""롯데쇼핑(주)롯데슈퍼사업본부"", ""(주)하이프라자"", ""롯데하이마트(주)"", ""롯데쇼핑(주)롯데마트사업본부"", ""리빙프라자"", ""한솔로지스틱스주식회사"", ""SK네트웍스(주)서울지사"", ""(주)굿스플로"", ""삼성전자판매 주식회사""]",10,COMPANY_NAME,4,COMPANY_NAME:4,40.0%,40.0%,COMPANY_NAME:4
C:/projects/myproject/QDQM/DS_Input/Internal/택배_고객.csv,택배_고객.csv,영문고객명,"[""S"", ""D"", ""M"", ""I"", ""KOREAN AIR"", ""B"", ""."", ""HANTECH LTD"", ""H"", ""A""]",10,,,COMPANY_NAME:1,10.0%,40.0%,COMPANY_NAME:1
C:/projects/myproject/QDQM/DS_Input/Internal/택배_고객.csv,택배_고객.csv,국가코드,"[""KR"", ""NL"", ""GM""]",3,,,COMPANY_NAME:1,33.3%,40.0%,COMPANY_NAME:1
C:/projects/myproject/QDQM/DS_Input/Internal/택배_고객.csv,택배_고객.csv,주민_사업자등록번호,"[""1168118745"", ""6178117517"", ""2068511698"", ""1298122380"", ""1048116860"", ""2158513569"", ""1028141359"", ""1248158485"", ""2208160765"", ""1048508558""]",10,BIZ_NO,10,BIZ_NO:10,100.0%,90.0%,BIZ_NO:10
C:/projects/myproject/QDQM/DS_Input/Internal/택배_고객.csv,택배_고객.csv,사업자등록우편번호,"[""135080"", ""137070"", ""135010"", ""135090"", ""135280"", ""153023"", ""152050"", ""150096"", ""150010"", ""140012""]",10,ZIP_CODE_OLD,10,ZIP_CODE_OLD:10,100.0%,80.0%,ZIP_CODE_OLD:10
C:/projects/myproject/QDQM/DS_Input/Internal/택배_고객.csv,택배_고객.csv,고객 청구부서,"[""관리"", ""관리팀"", ""."", ""관리부"", ""총무"", ""영업부"", ""총무팀"", ""영업팀"", ""대표"", ""영업""]",10,,,NAME_KOR:5,50.0%,70.0%,NAME_KOR:5
C:/projects/myproject/QDQM/DS_Input/Internal/택배_고객.csv,택배_고객.csv,고객 청구지우편번호,"[""135080"", ""137070"", ""135010"", ""135090"", ""150096"", ""150010"", ""152050"", ""153023"", ""140012"", ""137130""]",10,ZIP_CODE_OLD,10,ZIP_CODE_OLD:10,100.0%,80.0%,ZIP_CODE_OLD:10
C:/projects/myproject/QDQM/DS_Input/Internal/택배_고객.csv,택배_고객.csv,판매일,"[""19990101"", ""20081201"", ""20130401"", ""20080515"", ""20130819"", ""20090901"", ""20080501"", ""19990501"", ""20141101"", ""20091129""]",10,YYYYMMDD,10,YYYYMMDD:10,100.0%,90.0%,YYYYMMDD:10
C:/projects/myproject/QDQM/DS_Input/Internal/택배_고객.csv,택배_고객.csv,판매점소,"[""GIEBR"", ""SKPBR"", ""SEEBR"", ""BUEBR"", ""SCOBR"", ""TAEBR"", ""SESBR"", ""TJNBR"", ""KWJBR"", ""EWBRA""]",10,,,,0.0%,80.0%,
C:/projects/myproject/QDQM/DS_Input/Internal/택배_고객.csv,택배_고객.csv,판매원사번,"[""0310741"", ""9703945"", ""9501903"", ""0210836"", ""9508796"", ""0012891"", ""0610234"", ""0410395"", ""9507956"", ""0010441""]",10,,,,0.0%,80.0%,
C:/projects/myproject/QDQM/DS_Input/Internal/택배_고객.csv,택배_고객.csv,담당부서,"[""관리"", ""관리팀"", ""관리부"", ""."", ""총무"", ""영업부"", ""총무팀"", ""대표"", ""영업팀"", ""영업""]",10,,,NAME_KOR:5,50.0%,70.0%,NAME_KOR:5
C:/projects/myproject/QDQM/DS_Input/Internal/택배_고객.csv,택배_고객.csv,집하지우편번호,"[""135080"", ""153023"", ""137070"", ""135010"", ""140012"", ""135090"", ""400103"", ""152050"", ""150010"", ""137130""]",10,ZIP_CODE_OLD,10,"ZIP_CODE_OLD:10, YEAR_MONTH:1",100.0%,80.0%,"ZIP_CODE_OLD:10, YEAR_MONTH:1"
C:/projects/myproject/QDQM/DS_Input/Internal/택배_고객.csv,택배_고객.csv,수입조직,"[""1156"", ""1178"", ""1197"", ""1183"", ""1113"", ""1158"", ""1139"", ""1177"", ""1195"", ""1150""]",10,,,,0.0%,80.0%,
C:/projects/myproject/QDQM/DS_Input/Internal/택배_고객.csv,택배_고객.csv,화주구분,"[""1"", ""2""]",2,,,,0.0%,80.0%,
C:/projects/myproject/QDQM/DS_Input/Internal/택배_고객.csv,택배_고객.csv,일정DC율,,0,,,,0.0%,80.0%,
C:/projects/myproject/QDQM/DS_Input/Internal/택배_고객.csv,택배_고객.csv,업종구분,"[""99"", ""02"", ""11"", ""01"", ""08"", ""07"", ""30"", ""06"", ""05"", ""12""]",10,,,,0.0%,80.0%,
C:/projects/myproject/QDQM/DS_Input/Internal/택배_고객.csv,택배_고객.csv,업종상세내역,"[""의류"", ""잡화"", ""화장품"", ""서적"", ""."", ""생활용품"", ""전자제품"", ""인쇄물"", ""신발"", ""식품""]",10,,,NAME_KOR:2,20.0%,70.0%,NAME_KOR:2
C:/projects/myproject/QDQM/DS_Input/Internal/택배_고객.csv,택배_고객.csv,계약단가,"[""2500"", ""3000"", ""2000"", ""0"", ""4000"", ""2200"", ""3500"", ""1800"", ""2300"", ""2600""]",10,,,YEAR:5,50.0%,90.0%,YEAR:5
C:/projects/myproject/QDQM/DS_Input/Internal/택배_고객.csv,택배_고객.csv,월예상물량,"[""500"", ""100"", ""300"", ""1000"", ""200"", ""400"", ""2000"", ""3000"", ""5000"", ""0""]",10,,,YEAR:1,10.0%,90.0%,YEAR:1
C:/projects/myproject/QDQM/DS_Input/Internal/택배_고객.csv,택배_고객.csv,최종변경일시,"[""12:08.1""]",1,,,,0.0%,80.0%,
C:/projects/myproject/QDQM/DS_Input/Internal/택배_고객.csv,택배_고객.csv,ETL일시,"[""12:08.1""]",1,,,,0.0%,80.0%,
C:/projects/myproject/QDQM/DS_Input/Internal/택배_조직도.csv,택배_조직도.csv,조직코드,"[""000"", ""6870"", ""6850"", ""6859"", ""6860"", ""6861"", ""6862"", ""6863"", ""6864"", ""6865""]",10,,,,0.0%,80.0%,
C:/projects/myproject/QDQM/DS_Input/Internal/택배_조직도.csv,택배_조직도.csv,상위조직코드,"[""439"", ""BAEKE"", ""195"", ""309"", ""509"", ""609"", ""100"", ""000"", ""KANOCHT"", ""709""]",10,,,,0.0%,80.0%,
C:/projects/myproject/QDQM/DS_Input/Internal/택배_조직도.csv,택배_조직도.csv,조직명,"[""본사"", ""울산지점"", ""풍납(대)"", ""인천"", ""분당GS전담"", ""인천공항지점"", ""택배사업본부"", ""광주지점"", ""광양지점"", ""평택지점""]",10,,,"COMPANY_NAME:1, SIDO:1",10.0%,40.0%,"COMPANY_NAME:1, SIDO:1"
C:/projects/myproject/QDQM/DS_Input/Internal/택배_조직도.csv,택배_조직도.csv,조직구분코드,"[""PICKDLV"", ""TML"", ""CENTER"", ""PICK_ONLY"", ""RGN"", ""CMS_SHOP"", ""BRCH"", ""HQ"", ""HD"", ""TRUCK""]",10,,,COMPANY_NAME:1,10.0%,40.0%,COMPANY_NAME:1
C:/projects/myproject/QDQM/DS_Input/Internal/택배_조직도.csv,택배_조직도.csv,조직관리유형코드,"[""NON_DIRECT"", ""DIRECT""]",2,,,,0.0%,80.0%,
C:/projects/myproject/QDQM/DS_Input/Internal/택배_조직도.csv,택배_조직도.csv,조직권역구분코드,"[""CP"", ""GN"", ""CC"", ""GB"", ""HN"", ""GW"", ""JJ"", ""WR""]",8,,,COMPANY_NAME:1,12.5%,40.0%,COMPANY_NAME:1
C:/projects/myproject/QDQM/DS_Input/Internal/택배_조직도.csv,택배_조직도.csv,조직권역구분상세코드,"[""LI"", ""IL""]",2,,,,0.0%,80.0%,
C:/projects/myproject/QDQM/DS_Input/Internal/택배_조직도.csv,택배_조직도.csv,조직계약시작일자,"[""19990101"", ""20090818"", ""20170401"", ""20180401"", ""20081201"", ""20220712"", ""20211105"", ""20190301"", ""20130227"", ""20181101""]",10,YYYYMMDD,10,YYYYMMDD:10,100.0%,90.0%,YYYYMMDD:10
C:/projects/myproject/QDQM/DS_Input/Internal/택배_조직도.csv,택배_조직도.csv,조직계약종료일자,"[""20190331"", ""20190430"", ""20190630"", ""20190531"", ""20180731"", ""20180630"", ""20190228"", ""20180331"", ""20181231"", ""20200229""]",10,YYYYMMDD,10,YYYYMMDD:10,100.0%,90.0%,YYYYMMDD:10
C:/projects/myproject/QDQM/DS_Input/Internal/택배_조직도.csv,택배_조직도.csv,조직폐쇄일자,"[""20200531"", ""20050525"", ""20160527"", ""20090216"", ""20131205"", ""20111031"", ""20201015"", ""20120101"", ""20180822"", ""20110801""]",10,YYYYMMDD,10,YYYYMMDD:10,100.0%,90.0%,YYYYMMDD:10
C:/projects/myproject/QDQM/DS_Input/Internal/택배_조직도.csv,택배_조직도.csv,영문조직명,"[""B2B ENG_NM"", ""B2B TML ENG_NM"", ""shinsegae"", ""."", ""S D Agent"", ""e-마트"", ""e-mart"", ""1"", ""CHEJU AGENT"", ""YJ VIP""]",10,,,,0.0%,80.0%,
C:/projects/myproject/QDQM/DS_Input/Internal/택배_조직도.csv,택배_조직도.csv,팩스번호,"[""0200000000"", ""000)000-0000"", ""02"", ""02-000-0000"", ""03100000000"", ""0310000000"", ""0535935525"", ""0629554610"", ""0552730332"", ""062-955-4610""]",10,,,TEL:4,40.0%,70.0%,TEL:4
C:/projects/myproject/QDQM/DS_Input/Internal/택배_조직도.csv,택배_조직도.csv,우편번호,"[""05842"", ""153023"", ""08588"", ""08356"", ""400103"", ""157290"", ""100770"", ""680818"", ""18385"", ""446901""]",10,,,"ZIP_CODE_OLD:6, ZIP_CODE:4, YEAR_MONTH:2",60.0%,80.0%,"ZIP_CODE_OLD:6, ZIP_CODE:4, YEAR_MONTH:2"
C:/projects/myproject/QDQM/DS_Input/Internal/택배_조직도.csv,택배_조직도.csv,기본주소,"[""서울 송파구  송파대로"", ""서울특별시 송파구 송파대로 55(장지동)"", ""서울특별시 송파구 송파대로"", ""서울특별시 구로구 경인로"", ""서울 강서 외발산"", ""서울 강북 수유2"", ""서울 금천 가산"", ""서울 금천구  가산디지털2로"", ""경기도 화성시 동탄지성로"", ""경상남도 양산시 물금읍 제방로""]",10,ADDRESS,7,ADDRESS:7,70.0%,50.0%,ADDRESS:7
C:/projects/myproject/QDQM/DS_Input/Internal/택배_조직도.csv,택배_조직도.csv,상세주소,"[""55 (장지동)"", ""."", ""구로택배센터"", ""1층"", ""55"", ""576-3"", ""273-80"", ""707-2"", ""313"", ""지하1층""]",10,,,,0.0%,80.0%,
C:/projects/myproject/QDQM/DS_Input/Internal/택배_조직도.csv,택배_조직도.csv,수입조직코드,"[""TSNBR"", ""SELBX"", ""KANOC"", ""BKKJG"", ""SEKBR"", ""MAPDD"", ""PDGBR"", ""SEEBR"", ""BUPOC"", ""JCNDD""]",10,,,,0.0%,80.0%,
C:/projects/myproject/QDQM/DS_Input/Internal/택배_조직도.csv,택배_조직도.csv,수입신규조직코드,"[""1201"", ""1183"", ""1366"", ""1422"", ""1178"", ""1156"", ""1158"", ""1134"", ""1368"", ""1139""]",10,,,,0.0%,80.0%,
C:/projects/myproject/QDQM/DS_Input/Internal/택배_조직도.csv,택배_조직도.csv,좌표구분코드,"[""KATECH"", ""WGS84""]",2,,,,0.0%,80.0%,
C:/projects/myproject/QDQM/DS_Input/Internal/택배_조직도.csv,택배_조직도.csv,X좌표,"[""127.12388"", ""301191"", ""297188"", ""320916"", ""127.32035"", ""521066"", ""320744"", ""279452"", ""316676"", ""128.45102""]",10,,,ZIP_CODE_OLD:7,70.0%,80.0%,ZIP_CODE_OLD:7
C:/projects/myproject/QDQM/DS_Input/Internal/택배_조직도.csv,택배_조직도.csv,Y좌표,"[""37.47417"", ""542028"", ""543854"", ""526904"", ""324095"", ""540456"", ""513731"", ""36.31834"", ""560364"", ""35.96147""]",10,,,"ZIP_CODE_OLD:7, YEAR_MONTH:1",70.0%,80.0%,"ZIP_CODE_OLD:7, YEAR_MONTH:1"
C:/projects/myproject/QDQM/DS_Input/Internal/택배_조직도.csv,택배_조직도.csv,사업자등록번호,"[""2098157074"", ""2018102823"", ""1268601625"", ""2068189674"", ""1198137886"", ""1048623819"", ""1078156667"", ""4558602672"", ""2248144239"", ""1268678973""]",10,BIZ_NO,10,BIZ_NO:10,100.0%,90.0%,BIZ_NO:10
C:/projects/myproject/QDQM/DS_Input/Internal/택배_조직도.csv,택배_조직도.csv,정렬순서,"[""1"", ""2"", ""3"", ""5"", ""4"", ""6"", ""8"", ""7"", ""9"", ""11""]",10,,,,0.0%,80.0%,
C:/projects/myproject/QDQM/DS_Input/Internal/택배_조직도.csv,택배_조직도.csv,ERP코드,"[""TAEKE"", ""QDYKE"", ""KPOKE"", ""SONKE"", ""KBKKE"", ""GNOKE"", ""KUMKE"", ""GURKE"", ""KWJKE"", ""MAPKE""]",10,,,,0.0%,80.0%,
C:/projects/myproject/QDQM/DS_Input/Internal/택배_조직도.csv,택배_조직도.csv,예약접수마감시분,"[""1400"", ""1200"", ""1800"", ""1500"", ""1600"", ""0600"", ""1700"", ""2000"", ""1430"", ""1100""]",10,,,YEAR:1,10.0%,90.0%,YEAR:1
C:/projects/myproject/QDQM/DS_Input/Internal/택배_조직도.csv,택배_조직도.csv,조직중구분코드,"[""Z"", ""A"", ""B"", ""C"", ""D"", ""SX"", ""S"", ""SS"", ""2A"", ""G""]",10,,,,0.0%,80.0%,
C:/projects/myproject/QDQM/DS_Input/Internal/택배_조직도.csv,택배_조직도.csv,조직상태,"[""OPEN"", ""CLOSE""]",2,,,,0.0%,80.0%,
C:/projects/myproject/QDQM/DS_Input/Internal/택배_조직도.csv,택배_조직도.csv,사업장관리번호,,0,,,,0.0%,80.0%,
C:/projects/myproject/QDQM/DS_Input/Internal/택배_조직도.csv,택배_조직도.csv,적용시작일자,,0,,,,0.0%,80.0%,
C:/projects/myproject/QDQM/DS_Input/Internal/택배_조직도.csv,택배_조직도.csv,적용종료일자,,0,,,,0.0%,80.0%,
C:/projects/myproject/QDQM/DS_Input/Internal/택배_조직도.csv,택배_조직도.csv,사용여부,,0,,,,0.0%,80.0%,
C:/projects/myproject/QDQM/DS_Input/Internal/택배_조직도.csv,택배_조직도.csv,수수료대상여부,,0,,,,0.0%,80.0%,
C:/projects/myproject/QDQM/DS_Input/Internal/택배_조직도.csv,택배_조직도.csv,등록일시,"[""2023-08-07 17:35:40.000000"", ""2022-11-21 15:42:32.000000"", ""2023-10-31 14:22:26.000000"", ""2023-10-31 14:56:20.000000"", ""2023-10-31 14:54:57.000000"", ""2023-11-02 17:33:24.000000"", ""2023-10-31 15:07:03.000000"", ""2023-10-31 14:41:55.000000"", ""2023-10-31 14:40:00.000000"", ""2023-10-31 14:36:15.000000""]",10,TIME_STAMP,10,TIME_STAMP:10,100.0%,90.0%,TIME_STAMP:10
C:/projects/myproject/QDQM/DS_Input/Internal/택배_조직도.csv,택배_조직도.csv,등록사원번호,"[""1811014"", ""1112193"", ""1910031"", ""1112204"", ""2110415"", ""2111200"", ""0610142"", ""1660923""]",8,,,,0.0%,80.0%,
C:/projects/myproject/QDQM/DS_Input/Internal/택배_조직도.csv,택배_조직도.csv,사원최종업데이트일시,"[""2020-06-04 00:00:00.000000"", ""2011-01-28 00:00:00.000000"", ""2016-05-27 00:00:00.000000"", ""2012-12-12 00:00:00.000000"", ""2009-09-24 00:00:00.000000"", ""2023-06-16 16:24:15.000000"", ""2012-12-13 00:00:00.000000"", ""2018-09-12 00:00:00.000000"", ""2020-10-15 00:00:00.000000"", ""2005-01-13 00:00:00.000000""]",10,TIME_STAMP,10,TIME_STAMP:10,100.0%,90.0%,TIME_STAMP:10
C:/projects/myproject/QDQM/DS_Input/Internal/택배_조직도.csv,택배_조직도.csv,최종업데이트사원번호,"[""1112204"", ""0011211"", ""0610142"", ""9410833"", ""0610234"", ""0010990"", ""0611343"", ""1510740"", ""2000261"", ""9402433""]",10,,,,0.0%,80.0%,
C:/projects/myproject/QDQM/DS_Input/Internal/택배_조직도.csv,택배_조직도.csv,오전배송가능여부,"[""N"", ""Y""]",2,,,,0.0%,80.0%,
C:/projects/myproject/QDQM/DS_Input/Internal/택배_조직도.csv,택배_조직도.csv,create_dtm,"[""2022-10-25 18:47:38.000000"", ""2023-04-13 14:51:54.000000"", ""2023-08-07 17:35:40.000000"", ""2023-10-31 14:56:20.000000"", ""2023-10-31 14:54:57.000000"", ""2023-11-02 17:33:24.000000"", ""2023-10-31 15:07:03.000000"", ""2023-10-31 14:41:55.000000"", ""2023-10-31 14:40:00.000000"", ""2023-10-31 14:36:15.000000""]",10,TIME_STAMP,10,TIME_STAMP:10,100.0%,90.0%,TIME_STAMP:10
C:/projects/myproject/QDQM/DS_Input/Internal/택배_조직도.csv,택배_조직도.csv,등록사용자ID,"[""MIG"", ""mtr"", ""1811014"", ""1112193"", ""1910031"", ""1112204"", ""2110415"", ""2111200"", ""0610142"", ""1660923""]",10,,,,0.0%,80.0%,
C:/projects/myproject/QDQM/DS_Input/Internal/택배_조직도.csv,택배_조직도.csv,최종변경사용자ID,"[""SYS"", ""0610142"", ""9410833"", ""1910031"", ""mtr"", ""1112204"", ""1811014"", ""2110415"", ""2110522"", ""1610114""]",10,,,,0.0%,80.0%,
C:/projects/myproject/QDQM/DS_Input/Internal/택배_조직도.csv,택배_조직도.csv,last_update_dtm,"[""2023-10-26 08:55:19.000000"", ""2023-11-27 07:05:09.000000"", ""2023-11-17 15:09:32.000000"", ""2023-11-10 18:10:02.000000"", ""2023-12-22 13:12:29.000000"", ""2023-12-22 13:12:33.000000"", ""2023-12-22 13:12:18.000000"", ""2023-12-22 13:25:40.000000"", ""2023-12-22 13:18:44.000000"", ""2023-12-22 13:14:51.000000""]",10,TIME_STAMP,10,TIME_STAMP:10,100.0%,90.0%,TIME_STAMP:10
C:/projects/myproject/QDQM/DS_Input/Internal/택배_조직도.csv,택배_조직도.csv,etl_dtm,"[""2023-12-23 03:30:28.256000""]",1,TIME_STAMP,1,TIME_STAMP:1,100.0%,90.0%,TIME_STAMP:1
