FileName,ColumnName,Grade,QualitySummary,ActionPlan
COMPANY.csv,CompanyID,B (양호),모든 값이 고유한 식별자(PK) 성격의 데이터입니다. 데이터 형식이 99.33종으로 분산되어 표준화가 필요합니다.,- 데이터 입력 마스크를 도입하여 일관된 포맷을 유지하십시오.
COMPANY.csv,CompanyType,B (양호),데이터 형식이 100.0종으로 분산되어 표준화가 필요합니다.,- 데이터 입력 마스크를 도입하여 일관된 포맷을 유지하십시오.
COMPANY.csv,Company_Name,B (양호),"패턴이 0.0개 이내로 매우 정형화되어 있습니다. 주의사항: 한글깨짐, 비표준문자, 특수문자 항목이 검출되었습니다.",- 인코딩(UTF-8/EUC-KR) 변환 오류를 수정하여 한글 깨짐을 복구하십시오.
COMPANY.csv,Company_Name_Abbreviation,B (양호),"패턴이 0.0개 이내로 매우 정형화되어 있습니다. 주의사항: 비표준문자, 특수문자 항목이 검출되었습니다.",현 상태 유지 및 정기 모니터링
COMPANY.csv,Business_Registration_Number,D (불량),총 1235개의 유효 값을 가진 코드성 데이터입니다. 데이터 형식이 99.86종으로 분산되어 표준화가 필요합니다.,"- 필수 코드 컬럼의 Null 값을 제거하고 입력 로직을 점검하십시오.
- 데이터 입력 마스크를 도입하여 일관된 포맷을 유지하십시오."
COMPANY.csv,Business_Type,B (양호),패턴이 0.0개 이내로 매우 정형화되어 있습니다.,현 상태 유지 및 정기 모니터링
COMPANY.csv,Business_Item,B (양호),패턴이 0.0개 이내로 매우 정형화되어 있습니다.,현 상태 유지 및 정기 모니터링
COMPANY.csv,ZIP_Code,D (불량),총 686개의 유효 값을 가진 코드성 데이터입니다. 데이터 형식이 99.73종으로 분산되어 표준화가 필요합니다. 주의사항: 비표준문자 항목이 검출되었습니다.,- 데이터 입력 마스크를 도입하여 일관된 포맷을 유지하십시오.
COMPANY.csv,Address,C (주의),"패턴이 0.0개 이내로 매우 정형화되어 있습니다. 주의사항: 한글깨짐, 비표준문자, 특수문자 항목이 검출되었습니다.",- 인코딩(UTF-8/EUC-KR) 변환 오류를 수정하여 한글 깨짐을 복구하십시오.
COMPANY.csv,Insert_Emp_ID,D (불량),총 62개의 유효 값을 가진 코드성 데이터입니다. 데이터 형식이 97.41종으로 분산되어 표준화가 필요합니다. 주의사항: 비표준문자 항목이 검출되었습니다.,- 데이터 입력 마스크를 도입하여 일관된 포맷을 유지하십시오.
COMPANY.csv,Update_Emp_ID,D (불량),총 52개의 유효 값을 가진 코드성 데이터입니다. 데이터 형식이 95.32종으로 분산되어 표준화가 필요합니다. 주의사항: 비표준문자 항목이 검출되었습니다.,"- 필수 코드 컬럼의 Null 값을 제거하고 입력 로직을 점검하십시오.
- 데이터 입력 마스크를 도입하여 일관된 포맷을 유지하십시오."
COMPANY.csv,Management_Type,C (주의),데이터 형식이 100.0종으로 분산되어 표준화가 필요합니다.,- 데이터 입력 마스크를 도입하여 일관된 포맷을 유지하십시오.
COMPANY.csv,Management_Date,D (불량),총 155개의 유효 값을 가진 코드성 데이터입니다. 데이터 형식이 100.0종으로 분산되어 표준화가 필요합니다.,"- 필수 코드 컬럼의 Null 값을 제거하고 입력 로직을 점검하십시오.
- 데이터 입력 마스크를 도입하여 일관된 포맷을 유지하십시오."
COMPANY.csv,Start_Date,D (불량),총 775개의 유효 값을 가진 코드성 데이터입니다. 데이터 형식이 99.72종으로 분산되어 표준화가 필요합니다.,"- 필수 코드 컬럼의 Null 값을 제거하고 입력 로직을 점검하십시오.
- 데이터 입력 마스크를 도입하여 일관된 포맷을 유지하십시오."
COMPANY.csv,End_Date,B (양호),총 390개의 유효 값을 가진 코드성 데이터입니다. 데이터 형식이 100.0종으로 분산되어 표준화가 필요합니다.,- 데이터 입력 마스크를 도입하여 일관된 포맷을 유지하십시오.
COMPANY.csv,Defect Grade(C60),B (양호),데이터 형식이 100.0종으로 분산되어 표준화가 필요합니다.,- 데이터 입력 마스크를 도입하여 일관된 포맷을 유지하십시오.
COMPANY.csv,Transaction_Suspension,D (불량),"데이터 형식이 96.69종으로 분산되어 표준화가 필요합니다. 주의사항: 비표준문자, 특수문자 항목이 검출되었습니다.",- 데이터 입력 마스크를 도입하여 일관된 포맷을 유지하십시오.
COMPANY.csv,Transaction_extension,D (불량),총 9개의 유효 값을 가진 코드성 데이터입니다. 데이터 형식이 97.82종으로 분산되어 표준화가 필요합니다.,"- 필수 코드 컬럼의 Null 값을 제거하고 입력 로직을 점검하십시오.
- 데이터 입력 마스크를 도입하여 일관된 포맷을 유지하십시오."
COMPANY.csv,Transaction_Cancellation,D (불량),총 3개의 유효 값을 가진 코드성 데이터입니다. 데이터 형식이 99.47종으로 분산되어 표준화가 필요합니다. 주의사항: 비표준문자 항목이 검출되었습니다.,"- 필수 코드 컬럼의 Null 값을 제거하고 입력 로직을 점검하십시오.
- 데이터 입력 마스크를 도입하여 일관된 포맷을 유지하십시오."
COMPANY.csv,Road_Name_Code,D (불량),총 28개의 유효 값을 가진 코드성 데이터입니다. 데이터 형식이 100.0종으로 분산되어 표준화가 필요합니다.,"- 필수 코드 컬럼의 Null 값을 제거하고 입력 로직을 점검하십시오.
- 데이터 입력 마스크를 도입하여 일관된 포맷을 유지하십시오."
COMPANY.csv,최종변경일시,B (양호),모든 값이 고유한 식별자(PK) 성격의 데이터입니다. 데이터 형식이 100.0종으로 분산되어 표준화가 필요합니다.,- 데이터 입력 마스크를 도입하여 일관된 포맷을 유지하십시오.
COMPANY.csv,TimeStamp,B (양호),모든 값이 고유한 식별자(PK) 성격의 데이터입니다. 데이터 형식이 100.0종으로 분산되어 표준화가 필요합니다.,- 데이터 입력 마스크를 도입하여 일관된 포맷을 유지하십시오.
CONTRACT.csv,CONTRACT_NO,D (불량),모든 값이 고유한 식별자(PK) 성격의 데이터입니다. 데이터 형식이 98.76종으로 분산되어 표준화가 필요합니다. 주의사항: 한글깨짐 항목이 검출되었습니다.,"- 인코딩(UTF-8/EUC-KR) 변환 오류를 수정하여 한글 깨짐을 복구하십시오.
- 데이터 입력 마스크를 도입하여 일관된 포맷을 유지하십시오."
CONTRACT.csv,CUSTOMER,C (주의),"패턴이 0.0개 이내로 매우 정형화되어 있습니다. 주의사항: 비표준문자, 특수문자 항목이 검출되었습니다.",현 상태 유지 및 정기 모니터링
CONTRACT.csv,CUST_NO,D (불량),총 9217개의 유효 값을 가진 코드성 데이터입니다. 데이터 형식이 99.83종으로 분산되어 표준화가 필요합니다.,"- 필수 코드 컬럼의 Null 값을 제거하고 입력 로직을 점검하십시오.
- 데이터 입력 마스크를 도입하여 일관된 포맷을 유지하십시오."
CONTRACT.csv,CONTRACT_DATE,D (불량),총 4066개의 유효 값을 가진 코드성 데이터입니다. 데이터 형식이 100.0종으로 분산되어 표준화가 필요합니다.,"- 필수 코드 컬럼의 Null 값을 제거하고 입력 로직을 점검하십시오.
- 데이터 입력 마스크를 도입하여 일관된 포맷을 유지하십시오."
CONTRACT.csv,CONTRACT_ORG_CD,D (불량),총 91개의 유효 값을 가진 코드성 데이터입니다. 데이터 형식이 96.79종으로 분산되어 표준화가 필요합니다.,"- 필수 코드 컬럼의 Null 값을 제거하고 입력 로직을 점검하십시오.
- 데이터 입력 마스크를 도입하여 일관된 포맷을 유지하십시오."
CONTRACT.csv,SALES_EMP,D (불량),총 994개의 유효 값을 가진 코드성 데이터입니다. 데이터 형식이 99.97종으로 분산되어 표준화가 필요합니다.,"- 필수 코드 컬럼의 Null 값을 제거하고 입력 로직을 점검하십시오.
- 데이터 입력 마스크를 도입하여 일관된 포맷을 유지하십시오."
CONTRACT.csv,SALES_TYPE,D (불량),총 4개의 유효 값을 가진 코드성 데이터입니다. 데이터 형식이 97.71종으로 분산되어 표준화가 필요합니다.,"- 필수 코드 컬럼의 Null 값을 제거하고 입력 로직을 점검하십시오.
- 데이터 입력 마스크를 도입하여 일관된 포맷을 유지하십시오."
CONTRACT.csv,ZIP,D (불량),총 6383개의 유효 값을 가진 코드성 데이터입니다. 데이터 형식이 100.0종으로 분산되어 표준화가 필요합니다.,"- 필수 코드 컬럼의 Null 값을 제거하고 입력 로직을 점검하십시오.
- 데이터 입력 마스크를 도입하여 일관된 포맷을 유지하십시오."
CONTRACT.csv,ADDR,C (주의),"패턴이 0.0개 이내로 매우 정형화되어 있습니다. 주의사항: 한글깨짐, 비표준문자, 특수문자 항목이 검출되었습니다.",- 인코딩(UTF-8/EUC-KR) 변환 오류를 수정하여 한글 깨짐을 복구하십시오.
CONTRACT.csv,ADDR_DETAIL,C (주의),"패턴이 0.0개 이내로 매우 정형화되어 있습니다. 주의사항: 한글깨짐, 비표준문자, 특수문자 항목이 검출되었습니다.",- 인코딩(UTF-8/EUC-KR) 변환 오류를 수정하여 한글 깨짐을 복구하십시오.
CONTRACT.csv,RETURN_ZIP,D (불량),총 6384개의 유효 값을 가진 코드성 데이터입니다. 데이터 형식이 100.01종으로 분산되어 표준화가 필요합니다.,"- 필수 코드 컬럼의 Null 값을 제거하고 입력 로직을 점검하십시오.
- 데이터 입력 마스크를 도입하여 일관된 포맷을 유지하십시오."
CONTRACT.csv,RETURN_ADDR,C (주의),"패턴이 0.0개 이내로 매우 정형화되어 있습니다. 주의사항: 한글깨짐, 비표준문자, 특수문자 항목이 검출되었습니다.",- 인코딩(UTF-8/EUC-KR) 변환 오류를 수정하여 한글 깨짐을 복구하십시오.
CONTRACT.csv,RETURN_ADDR_DETAIL,C (주의),"패턴이 0.0개 이내로 매우 정형화되어 있습니다. 주의사항: 한글깨짐, 비표준문자, 특수문자 항목이 검출되었습니다.",- 인코딩(UTF-8/EUC-KR) 변환 오류를 수정하여 한글 깨짐을 복구하십시오.
CONTRACT.csv,START_DATE,B (양호),총 4036개의 유효 값을 가진 코드성 데이터입니다. 데이터 형식이 99.86종으로 분산되어 표준화가 필요합니다.,- 데이터 입력 마스크를 도입하여 일관된 포맷을 유지하십시오.
CONTRACT.csv,END_DATE,B (양호),총 3794개의 유효 값을 가진 코드성 데이터입니다. 데이터 형식이 100.0종으로 분산되어 표준화가 필요합니다.,- 데이터 입력 마스크를 도입하여 일관된 포맷을 유지하십시오.
CONTRACT.csv,SUSPENSION_YN,B (양호),데이터 형식이 100.0종으로 분산되어 표준화가 필요합니다.,- 데이터 입력 마스크를 도입하여 일관된 포맷을 유지하십시오.
CONTRACT.csv,SUSPENSION_DESC,B (양호),패턴이 0.0개 이내로 매우 정형화되어 있습니다.,현 상태 유지 및 정기 모니터링
CONTRACT.csv,SUSPENSION_DATE,D (불량),총 155개의 유효 값을 가진 코드성 데이터입니다. 데이터 형식이 100.0종으로 분산되어 표준화가 필요합니다.,"- 필수 코드 컬럼의 Null 값을 제거하고 입력 로직을 점검하십시오.
- 데이터 입력 마스크를 도입하여 일관된 포맷을 유지하십시오."
CONTRACT.csv,ORG_CODE,D (불량),총 1166개의 유효 값을 가진 코드성 데이터입니다. 데이터 형식이 97.01종으로 분산되어 표준화가 필요합니다.,"- 필수 코드 컬럼의 Null 값을 제거하고 입력 로직을 점검하십시오.
- 데이터 입력 마스크를 도입하여 일관된 포맷을 유지하십시오."
CONTRACT.csv,EMP_NO,D (불량),총 1216개의 유효 값을 가진 코드성 데이터입니다. 데이터 형식이 96.27종으로 분산되어 표준화가 필요합니다.,"- 필수 코드 컬럼의 Null 값을 제거하고 입력 로직을 점검하십시오.
- 데이터 입력 마스크를 도입하여 일관된 포맷을 유지하십시오."
CONTRACT.csv,REQUEST_ORG,D (불량),총 110개의 유효 값을 가진 코드성 데이터입니다. 데이터 형식이 99.06종으로 분산되어 표준화가 필요합니다.,"- 필수 코드 컬럼의 Null 값을 제거하고 입력 로직을 점검하십시오.
- 데이터 입력 마스크를 도입하여 일관된 포맷을 유지하십시오."
CONTRACT.csv,CORRECT_ORG,D (불량),총 110개의 유효 값을 가진 코드성 데이터입니다. 데이터 형식이 97.72종으로 분산되어 표준화가 필요합니다.,"- 필수 코드 컬럼의 Null 값을 제거하고 입력 로직을 점검하십시오.
- 데이터 입력 마스크를 도입하여 일관된 포맷을 유지하십시오."
CONTRACT.csv,COST_ORG,D (불량),총 97개의 유효 값을 가진 코드성 데이터입니다. 데이터 형식이 100.0종으로 분산되어 표준화가 필요합니다.,"- 필수 코드 컬럼의 Null 값을 제거하고 입력 로직을 점검하십시오.
- 데이터 입력 마스크를 도입하여 일관된 포맷을 유지하십시오."
CONTRACT.csv,PAY_TYPE,D (불량),총 2개의 유효 값을 가진 코드성 데이터입니다. 데이터 형식이 100.0종으로 분산되어 표준화가 필요합니다.,"- 필수 코드 컬럼의 Null 값을 제거하고 입력 로직을 점검하십시오.
- 데이터 입력 마스크를 도입하여 일관된 포맷을 유지하십시오."
CONTRACT.csv,PRICE,D (불량),총 205개의 유효 값을 가진 코드성 데이터입니다. 데이터 형식이 99.1종으로 분산되어 표준화가 필요합니다.,"- 필수 코드 컬럼의 Null 값을 제거하고 입력 로직을 점검하십시오.
- 데이터 입력 마스크를 도입하여 일관된 포맷을 유지하십시오."
CONTRACT.csv,COMMISION,D (불량),총 4개의 유효 값을 가진 코드성 데이터입니다. 데이터 형식이 99.96종으로 분산되어 표준화가 필요합니다.,"- 필수 코드 컬럼의 Null 값을 제거하고 입력 로직을 점검하십시오.
- 데이터 입력 마스크를 도입하여 일관된 포맷을 유지하십시오."
CONTRACT.csv,DEVELOP_ORG,D (불량),총 433개의 유효 값을 가진 코드성 데이터입니다. 데이터 형식이 97.58종으로 분산되어 표준화가 필요합니다.,"- 필수 코드 컬럼의 Null 값을 제거하고 입력 로직을 점검하십시오.
- 데이터 입력 마스크를 도입하여 일관된 포맷을 유지하십시오."
CONTRACT.csv,IMAGE,B (양호),데이터 형식이 100.0종으로 분산되어 표준화가 필요합니다.,- 데이터 입력 마스크를 도입하여 일관된 포맷을 유지하십시오.
CONTRACT.csv,GOOD_YN,B (양호),데이터 형식이 100.0종으로 분산되어 표준화가 필요합니다.,- 데이터 입력 마스크를 도입하여 일관된 포맷을 유지하십시오.
CONTRACT.csv,ENT_EMP,D (불량),총 401개의 유효 값을 가진 코드성 데이터입니다. 데이터 형식이 97.57종으로 분산되어 표준화가 필요합니다.,"- 필수 코드 컬럼의 Null 값을 제거하고 입력 로직을 점검하십시오.
- 데이터 입력 마스크를 도입하여 일관된 포맷을 유지하십시오."
CONTRACT.csv,UPDATE_EMP,D (불량),총 67개의 유효 값을 가진 코드성 데이터입니다. 데이터 형식이 98.26종으로 분산되어 표준화가 필요합니다.,"- 필수 코드 컬럼의 Null 값을 제거하고 입력 로직을 점검하십시오.
- 데이터 입력 마스크를 도입하여 일관된 포맷을 유지하십시오."
CONTRACT.csv,ENT_DATE,B (양호),모든 값이 고유한 식별자(PK) 성격의 데이터입니다. 데이터 형식이 95.44종으로 분산되어 표준화가 필요합니다.,- 데이터 입력 마스크를 도입하여 일관된 포맷을 유지하십시오.
CONTRACT.csv,TimeStamp,B (양호),모든 값이 고유한 식별자(PK) 성격의 데이터입니다. 데이터 형식이 100.0종으로 분산되어 표준화가 필요합니다.,- 데이터 입력 마스크를 도입하여 일관된 포맷을 유지하십시오.
CUSTOMER.csv,고객번호,B (양호),모든 값이 고유한 식별자(PK) 성격의 데이터입니다. 데이터 형식이 100.0종으로 분산되어 표준화가 필요합니다.,- 데이터 입력 마스크를 도입하여 일관된 포맷을 유지하십시오.
CUSTOMER.csv,개인기업고객구분,C (주의),데이터 형식이 100.0종으로 분산되어 표준화가 필요합니다.,- 데이터 입력 마스크를 도입하여 일관된 포맷을 유지하십시오.
CUSTOMER.csv,사업구분,C (주의),데이터 형식이 100.0종으로 분산되어 표준화가 필요합니다.,- 데이터 입력 마스크를 도입하여 일관된 포맷을 유지하십시오.
CUSTOMER.csv,고객명,C (주의),"패턴이 0.0개 이내로 매우 정형화되어 있습니다. 주의사항: 한글깨짐, 비표준문자, 특수문자 항목이 검출되었습니다.",- 인코딩(UTF-8/EUC-KR) 변환 오류를 수정하여 한글 깨짐을 복구하십시오.
CUSTOMER.csv,영문고객명,B (양호),패턴이 0.0개 이내로 매우 정형화되어 있습니다.,현 상태 유지 및 정기 모니터링
CUSTOMER.csv,국가코드,D (불량),총 7개의 유효 값을 가진 코드성 데이터입니다. 데이터 형식이 100.0종으로 분산되어 표준화가 필요합니다.,"- 필수 코드 컬럼의 Null 값을 제거하고 입력 로직을 점검하십시오.
- 데이터 입력 마스크를 도입하여 일관된 포맷을 유지하십시오."
CUSTOMER.csv,주민_사업자등록번호,D (불량),총 8995개의 유효 값을 가진 코드성 데이터입니다. 데이터 형식이 99.97종으로 분산되어 표준화가 필요합니다.,"- 필수 코드 컬럼의 Null 값을 제거하고 입력 로직을 점검하십시오.
- 데이터 입력 마스크를 도입하여 일관된 포맷을 유지하십시오."
CUSTOMER.csv,우편번호,D (불량),총 3218개의 유효 값을 가진 코드성 데이터입니다. 데이터 형식이 99.99종으로 분산되어 표준화가 필요합니다.,"- 필수 코드 컬럼의 Null 값을 제거하고 입력 로직을 점검하십시오.
- 데이터 입력 마스크를 도입하여 일관된 포맷을 유지하십시오."
CUSTOMER.csv,주소,C (주의),"패턴이 0.0개 이내로 매우 정형화되어 있습니다. 주의사항: 한글깨짐, 비표준문자, 특수문자 항목이 검출되었습니다.",- 인코딩(UTF-8/EUC-KR) 변환 오류를 수정하여 한글 깨짐을 복구하십시오.
CUSTOMER.csv,청구부서,D (불량),"데이터 형식이 95.71999999999998종으로 분산되어 표준화가 필요합니다. 주의사항: 한글깨짐, 비표준문자, 특수문자 항목이 검출되었습니다.","- 인코딩(UTF-8/EUC-KR) 변환 오류를 수정하여 한글 깨짐을 복구하십시오.
- 데이터 입력 마스크를 도입하여 일관된 포맷을 유지하십시오."
CUSTOMER.csv,청구지우편번호,D (불량),총 3614개의 유효 값을 가진 코드성 데이터입니다. 데이터 형식이 96.7종으로 분산되어 표준화가 필요합니다.,"- 필수 코드 컬럼의 Null 값을 제거하고 입력 로직을 점검하십시오.
- 데이터 입력 마스크를 도입하여 일관된 포맷을 유지하십시오."
CUSTOMER.csv,청구지주소,C (주의),"패턴이 0.0개 이내로 매우 정형화되어 있습니다. 주의사항: 한글깨짐, 비표준문자, 특수문자 항목이 검출되었습니다.",- 인코딩(UTF-8/EUC-KR) 변환 오류를 수정하여 한글 깨짐을 복구하십시오.
CUSTOMER.csv,판매일,D (불량),총 4082개의 유효 값을 가진 코드성 데이터입니다. 데이터 형식이 100.0종으로 분산되어 표준화가 필요합니다.,"- 필수 코드 컬럼의 Null 값을 제거하고 입력 로직을 점검하십시오.
- 데이터 입력 마스크를 도입하여 일관된 포맷을 유지하십시오."
CUSTOMER.csv,판매점소,D (불량),총 95개의 유효 값을 가진 코드성 데이터입니다. 데이터 형식이 96.14종으로 분산되어 표준화가 필요합니다.,"- 필수 코드 컬럼의 Null 값을 제거하고 입력 로직을 점검하십시오.
- 데이터 입력 마스크를 도입하여 일관된 포맷을 유지하십시오."
CUSTOMER.csv,판매원사번,D (불량),총 1003개의 유효 값을 가진 코드성 데이터입니다. 데이터 형식이 99.97종으로 분산되어 표준화가 필요합니다.,"- 필수 코드 컬럼의 Null 값을 제거하고 입력 로직을 점검하십시오.
- 데이터 입력 마스크를 도입하여 일관된 포맷을 유지하십시오."
CUSTOMER.csv,담당부서,D (불량),"데이터 형식이 95.44종으로 분산되어 표준화가 필요합니다. 주의사항: 한글깨짐, 특수문자 항목이 검출되었습니다.","- 인코딩(UTF-8/EUC-KR) 변환 오류를 수정하여 한글 깨짐을 복구하십시오.
- 데이터 입력 마스크를 도입하여 일관된 포맷을 유지하십시오."
CUSTOMER.csv,집하지우편번호,D (불량),총 6338개의 유효 값을 가진 코드성 데이터입니다. 데이터 형식이 100.0종으로 분산되어 표준화가 필요합니다.,"- 필수 코드 컬럼의 Null 값을 제거하고 입력 로직을 점검하십시오.
- 데이터 입력 마스크를 도입하여 일관된 포맷을 유지하십시오."
CUSTOMER.csv,집하지대번지,C (주의),데이터 형식이 95.36종으로 분산되어 표준화가 필요합니다.,- 데이터 입력 마스크를 도입하여 일관된 포맷을 유지하십시오.
CUSTOMER.csv,집하지소번지,C (주의),데이터 형식이 97.24종으로 분산되어 표준화가 필요합니다.,- 데이터 입력 마스크를 도입하여 일관된 포맷을 유지하십시오.
CUSTOMER.csv,집하지주소,C (주의),"패턴이 0.0개 이내로 매우 정형화되어 있습니다. 주의사항: 한글깨짐, 비표준문자, 특수문자 항목이 검출되었습니다.",- 인코딩(UTF-8/EUC-KR) 변환 오류를 수정하여 한글 깨짐을 복구하십시오.
CUSTOMER.csv,1ST_STREET,B (양호),패턴이 0.0개 이내로 매우 정형화되어 있습니다.,현 상태 유지 및 정기 모니터링
CUSTOMER.csv,계약기간종료일,D (불량),총 3730개의 유효 값을 가진 코드성 데이터입니다. 데이터 형식이 100.0종으로 분산되어 표준화가 필요합니다.,"- 필수 코드 컬럼의 Null 값을 제거하고 입력 로직을 점검하십시오.
- 데이터 입력 마스크를 도입하여 일관된 포맷을 유지하십시오."
CUSTOMER.csv,청구점소,D (불량),총 111개의 유효 값을 가진 코드성 데이터입니다. 데이터 형식이 99.14종으로 분산되어 표준화가 필요합니다.,"- 필수 코드 컬럼의 Null 값을 제거하고 입력 로직을 점검하십시오.
- 데이터 입력 마스크를 도입하여 일관된 포맷을 유지하십시오."
CUSTOMER.csv,수금점소,D (불량),총 117개의 유효 값을 가진 코드성 데이터입니다. 데이터 형식이 98.31종으로 분산되어 표준화가 필요합니다.,"- 필수 코드 컬럼의 Null 값을 제거하고 입력 로직을 점검하십시오.
- 데이터 입력 마스크를 도입하여 일관된 포맷을 유지하십시오."
CUSTOMER.csv,최종수정일시,D (불량),총 2062개의 유효 값을 가진 코드성 데이터입니다. 데이터 형식이 100.0종으로 분산되어 표준화가 필요합니다.,"- 필수 코드 컬럼의 Null 값을 제거하고 입력 로직을 점검하십시오.
- 데이터 입력 마스크를 도입하여 일관된 포맷을 유지하십시오."
CUSTOMER.csv,최종변경자사번,D (불량),총 593개의 유효 값을 가진 코드성 데이터입니다. 데이터 형식이 97.7종으로 분산되어 표준화가 필요합니다.,"- 필수 코드 컬럼의 Null 값을 제거하고 입력 로직을 점검하십시오.
- 데이터 입력 마스크를 도입하여 일관된 포맷을 유지하십시오."
CUSTOMER.csv,집하점소,D (불량),총 1170개의 유효 값을 가진 코드성 데이터입니다. 데이터 형식이 99.95종으로 분산되어 표준화가 필요합니다.,"- 필수 코드 컬럼의 Null 값을 제거하고 입력 로직을 점검하십시오.
- 데이터 입력 마스크를 도입하여 일관된 포맷을 유지하십시오."
CUSTOMER.csv,수입조직,D (불량),총 98개의 유효 값을 가진 코드성 데이터입니다. 데이터 형식이 100.0종으로 분산되어 표준화가 필요합니다.,"- 필수 코드 컬럼의 Null 값을 제거하고 입력 로직을 점검하십시오.
- 데이터 입력 마스크를 도입하여 일관된 포맷을 유지하십시오."
CUSTOMER.csv,법인번호,D (불량),총 152개의 유효 값을 가진 코드성 데이터입니다. 데이터 형식이 99.46종으로 분산되어 표준화가 필요합니다.,"- 필수 코드 컬럼의 Null 값을 제거하고 입력 로직을 점검하십시오.
- 데이터 입력 마스크를 도입하여 일관된 포맷을 유지하십시오."
CUSTOMER.csv,최종변경일시,B (양호),데이터 형식이 100.0종으로 분산되어 표준화가 필요합니다.,- 데이터 입력 마스크를 도입하여 일관된 포맷을 유지하십시오.
CUSTOMER.csv,TimeStamp,B (양호),모든 값이 고유한 식별자(PK) 성격의 데이터입니다. 데이터 형식이 100.0종으로 분산되어 표준화가 필요합니다.,- 데이터 입력 마스크를 도입하여 일관된 포맷을 유지하십시오.
OneClick고객.csv,고객명,B (양호),"패턴이 0.0개 이내로 매우 정형화되어 있습니다. 주의사항: 비표준문자, 특수문자 항목이 검출되었습니다.",현 상태 유지 및 정기 모니터링
OneClick고객.csv,고객구분코드,B (양호),총 1개의 유효 값을 가진 코드성 데이터입니다. 데이터 형식이 100.0종으로 분산되어 표준화가 필요합니다.,- 데이터 입력 마스크를 도입하여 일관된 포맷을 유지하십시오.
OneClick고객.csv,사업자등록번호,B (양호),총 42577개의 유효 값을 가진 코드성 데이터입니다. 데이터 형식이 100.0종으로 분산되어 표준화가 필요합니다.,- 데이터 입력 마스크를 도입하여 일관된 포맷을 유지하십시오.
OneClick고객.csv,법인등록번호,D (불량),총 109개의 유효 값을 가진 코드성 데이터입니다. 데이터 형식이 100.0종으로 분산되어 표준화가 필요합니다.,"- 필수 코드 컬럼의 Null 값을 제거하고 입력 로직을 점검하십시오.
- 데이터 입력 마스크를 도입하여 일관된 포맷을 유지하십시오."
OneClick고객.csv,업태,C (주의),"패턴이 0.0개 이내로 매우 정형화되어 있습니다. 주의사항: 한글깨짐, 비표준문자, 특수문자 항목이 검출되었습니다.",- 인코딩(UTF-8/EUC-KR) 변환 오류를 수정하여 한글 깨짐을 복구하십시오.
OneClick고객.csv,업종명,C (주의),"패턴이 0.0개 이내로 매우 정형화되어 있습니다. 주의사항: 한글깨짐, 비표준문자, 특수문자 항목이 검출되었습니다.",- 인코딩(UTF-8/EUC-KR) 변환 오류를 수정하여 한글 깨짐을 복구하십시오.
OneClick고객.csv,사업기본주소,C (주의),"패턴이 0.0개 이내로 매우 정형화되어 있습니다. 주의사항: 한글깨짐, 비표준문자, 특수문자 항목이 검출되었습니다.",- 인코딩(UTF-8/EUC-KR) 변환 오류를 수정하여 한글 깨짐을 복구하십시오.
OneClick고객.csv,사업상세주소,C (주의),"패턴이 0.0개 이내로 매우 정형화되어 있습니다. 주의사항: 비표준문자, 특수문자 항목이 검출되었습니다.",현 상태 유지 및 정기 모니터링
OneClick고객.csv,사업우편번호,D (불량),총 6620개의 유효 값을 가진 코드성 데이터입니다. 데이터 형식이 97.74종으로 분산되어 표준화가 필요합니다.,"- 필수 코드 컬럼의 Null 값을 제거하고 입력 로직을 점검하십시오.
- 데이터 입력 마스크를 도입하여 일관된 포맷을 유지하십시오."
OneClick고객.csv,SFDC고객ID,C (주의),모든 값이 고유한 식별자(PK) 성격의 데이터입니다. 패턴이 0.0개 이내로 매우 정형화되어 있습니다.,- 필수 코드 컬럼의 Null 값을 제거하고 입력 로직을 점검하십시오.
OneClick고객.csv,최종업데이트사원번호,D (불량),총 394개의 유효 값을 가진 코드성 데이터입니다. 데이터 형식이 98.96종으로 분산되어 표준화가 필요합니다.,"- 필수 코드 컬럼의 Null 값을 제거하고 입력 로직을 점검하십시오.
- 데이터 입력 마스크를 도입하여 일관된 포맷을 유지하십시오."
OneClick고객.csv,생성일시,B (양호),데이터 형식이 100.0종으로 분산되어 표준화가 필요합니다.,- 데이터 입력 마스크를 도입하여 일관된 포맷을 유지하십시오.
OneClick고객.csv,TimeStamp,B (양호),모든 값이 고유한 식별자(PK) 성격의 데이터입니다. 데이터 형식이 100.0종으로 분산되어 표준화가 필요합니다.,- 데이터 입력 마스크를 도입하여 일관된 포맷을 유지하십시오.
ORGNIZATION.csv,조직코드,B (양호),모든 값이 고유한 식별자(PK) 성격의 데이터입니다. 데이터 형식이 95.88종으로 분산되어 표준화가 필요합니다.,- 데이터 입력 마스크를 도입하여 일관된 포맷을 유지하십시오.
ORGNIZATION.csv,상위조직코드,D (불량),총 626개의 유효 값을 가진 코드성 데이터입니다. 데이터 형식이 98.69종으로 분산되어 표준화가 필요합니다.,"- 필수 코드 컬럼의 Null 값을 제거하고 입력 로직을 점검하십시오.
- 데이터 입력 마스크를 도입하여 일관된 포맷을 유지하십시오."
ORGNIZATION.csv,조직명,B (양호),"패턴이 0.0개 이내로 매우 정형화되어 있습니다. 주의사항: 한글깨짐, 특수문자 항목이 검출되었습니다.",- 인코딩(UTF-8/EUC-KR) 변환 오류를 수정하여 한글 깨짐을 복구하십시오.
ORGNIZATION.csv,조직구분코드,B (양호),총 15개의 유효 값을 가진 코드성 데이터입니다. 데이터 형식이 95.86종으로 분산되어 표준화가 필요합니다.,- 데이터 입력 마스크를 도입하여 일관된 포맷을 유지하십시오.
ORGNIZATION.csv,조직관리유형코드,D (불량),총 2개의 유효 값을 가진 코드성 데이터입니다. 데이터 형식이 100.0종으로 분산되어 표준화가 필요합니다.,"- 필수 코드 컬럼의 Null 값을 제거하고 입력 로직을 점검하십시오.
- 데이터 입력 마스크를 도입하여 일관된 포맷을 유지하십시오."
ORGNIZATION.csv,조직권역구분코드,D (불량),총 8개의 유효 값을 가진 코드성 데이터입니다. 데이터 형식이 100.0종으로 분산되어 표준화가 필요합니다.,"- 필수 코드 컬럼의 Null 값을 제거하고 입력 로직을 점검하십시오.
- 데이터 입력 마스크를 도입하여 일관된 포맷을 유지하십시오."
ORGNIZATION.csv,조직계약시작일자,D (불량),총 567개의 유효 값을 가진 코드성 데이터입니다. 데이터 형식이 99.75종으로 분산되어 표준화가 필요합니다.,"- 필수 코드 컬럼의 Null 값을 제거하고 입력 로직을 점검하십시오.
- 데이터 입력 마스크를 도입하여 일관된 포맷을 유지하십시오."
ORGNIZATION.csv,조직계약종료일자,D (불량),총 110개의 유효 값을 가진 코드성 데이터입니다. 데이터 형식이 100.0종으로 분산되어 표준화가 필요합니다.,"- 필수 코드 컬럼의 Null 값을 제거하고 입력 로직을 점검하십시오.
- 데이터 입력 마스크를 도입하여 일관된 포맷을 유지하십시오."
ORGNIZATION.csv,조직폐쇄일자,D (불량),총 201개의 유효 값을 가진 코드성 데이터입니다. 데이터 형식이 100.0종으로 분산되어 표준화가 필요합니다.,"- 필수 코드 컬럼의 Null 값을 제거하고 입력 로직을 점검하십시오.
- 데이터 입력 마스크를 도입하여 일관된 포맷을 유지하십시오."
ORGNIZATION.csv,영문조직명,B (양호),패턴이 0.0개 이내로 매우 정형화되어 있습니다.,현 상태 유지 및 정기 모니터링
ORGNIZATION.csv,팩스번호,D (불량),총 680개의 유효 값을 가진 코드성 데이터입니다. 데이터 형식이 95.82999999999998종으로 분산되어 표준화가 필요합니다.,"- 필수 코드 컬럼의 Null 값을 제거하고 입력 로직을 점검하십시오.
- 데이터 입력 마스크를 도입하여 일관된 포맷을 유지하십시오."
ORGNIZATION.csv,우편번호,D (불량),총 1547개의 유효 값을 가진 코드성 데이터입니다. 데이터 형식이 100.0종으로 분산되어 표준화가 필요합니다.,"- 필수 코드 컬럼의 Null 값을 제거하고 입력 로직을 점검하십시오.
- 데이터 입력 마스크를 도입하여 일관된 포맷을 유지하십시오."
ORGNIZATION.csv,기본주소,C (주의),"패턴이 0.0개 이내로 매우 정형화되어 있습니다. 주의사항: 비표준문자, 특수문자 항목이 검출되었습니다.",현 상태 유지 및 정기 모니터링
ORGNIZATION.csv,상세주소,C (주의),"패턴이 0.0개 이내로 매우 정형화되어 있습니다. 주의사항: 한글깨짐, 비표준문자, 특수문자 항목이 검출되었습니다.",- 인코딩(UTF-8/EUC-KR) 변환 오류를 수정하여 한글 깨짐을 복구하십시오.
ORGNIZATION.csv,수입조직코드,D (불량),총 84개의 유효 값을 가진 코드성 데이터입니다. 데이터 형식이 100.0종으로 분산되어 표준화가 필요합니다.,"- 필수 코드 컬럼의 Null 값을 제거하고 입력 로직을 점검하십시오.
- 데이터 입력 마스크를 도입하여 일관된 포맷을 유지하십시오."
ORGNIZATION.csv,수입신규조직코드,D (불량),총 84개의 유효 값을 가진 코드성 데이터입니다. 데이터 형식이 100.0종으로 분산되어 표준화가 필요합니다.,"- 필수 코드 컬럼의 Null 값을 제거하고 입력 로직을 점검하십시오.
- 데이터 입력 마스크를 도입하여 일관된 포맷을 유지하십시오."
ORGNIZATION.csv,좌표구분코드,D (불량),총 2개의 유효 값을 가진 코드성 데이터입니다. 데이터 형식이 100.0종으로 분산되어 표준화가 필요합니다.,"- 필수 코드 컬럼의 Null 값을 제거하고 입력 로직을 점검하십시오.
- 데이터 입력 마스크를 도입하여 일관된 포맷을 유지하십시오."
ORGNIZATION.csv,X좌표,D (불량),총 758개의 유효 값을 가진 코드성 데이터입니다. 데이터 형식이 95.62종으로 분산되어 표준화가 필요합니다.,"- 필수 코드 컬럼의 Null 값을 제거하고 입력 로직을 점검하십시오.
- 데이터 입력 마스크를 도입하여 일관된 포맷을 유지하십시오."
ORGNIZATION.csv,Y좌표,D (불량),총 754개의 유효 값을 가진 코드성 데이터입니다. 데이터 형식이 95.62종으로 분산되어 표준화가 필요합니다.,"- 필수 코드 컬럼의 Null 값을 제거하고 입력 로직을 점검하십시오.
- 데이터 입력 마스크를 도입하여 일관된 포맷을 유지하십시오."
ORGNIZATION.csv,사업자등록번호,D (불량),총 1444개의 유효 값을 가진 코드성 데이터입니다. 데이터 형식이 100.0종으로 분산되어 표준화가 필요합니다.,"- 필수 코드 컬럼의 Null 값을 제거하고 입력 로직을 점검하십시오.
- 데이터 입력 마스크를 도입하여 일관된 포맷을 유지하십시오."
ORGNIZATION.csv,최수정일시,D (불량),총 914개의 유효 값을 가진 코드성 데이터입니다. 데이터 형식이 100.0종으로 분산되어 표준화가 필요합니다.,"- 필수 코드 컬럼의 Null 값을 제거하고 입력 로직을 점검하십시오.
- 데이터 입력 마스크를 도입하여 일관된 포맷을 유지하십시오."
ORGNIZATION.csv,최종수정자,D (불량),총 311개의 유효 값을 가진 코드성 데이터입니다. 데이터 형식이 100.01종으로 분산되어 표준화가 필요합니다.,"- 필수 코드 컬럼의 Null 값을 제거하고 입력 로직을 점검하십시오.
- 데이터 입력 마스크를 도입하여 일관된 포맷을 유지하십시오."
ORGNIZATION.csv,입력일시,B (양호),데이터 형식이 100.0종으로 분산되어 표준화가 필요합니다.,- 데이터 입력 마스크를 도입하여 일관된 포맷을 유지하십시오.
ORGNIZATION.csv,TimeStamp,B (양호),모든 값이 고유한 식별자(PK) 성격의 데이터입니다. 데이터 형식이 100.0종으로 분산되어 표준화가 필요합니다.,- 데이터 입력 마스크를 도입하여 일관된 포맷을 유지하십시오.
PRM계약.csv,PRM계약번호,B (양호),모든 값이 고유한 식별자(PK) 성격의 데이터입니다. 데이터 형식이 100.0종으로 분산되어 표준화가 필요합니다.,- 데이터 입력 마스크를 도입하여 일관된 포맷을 유지하십시오.
PRM계약.csv,사업자번호,B (양호),총 1345개의 유효 값을 가진 코드성 데이터입니다. 데이터 형식이 100.0종으로 분산되어 표준화가 필요합니다.,- 데이터 입력 마스크를 도입하여 일관된 포맷을 유지하십시오.
PRM계약.csv,계약명,B (양호),"패턴이 0.0개 이내로 매우 정형화되어 있습니다. 주의사항: 비표준문자, 특수문자 항목이 검출되었습니다.",현 상태 유지 및 정기 모니터링
PRM계약.csv,계약구분,B (양호),총 6개의 유효 값을 가진 코드성 데이터입니다. 데이터 형식이 100.0종으로 분산되어 표준화가 필요합니다.,- 데이터 입력 마스크를 도입하여 일관된 포맷을 유지하십시오.
PRM계약.csv,계약형태,B (양호),데이터 형식이 100.0종으로 분산되어 표준화가 필요합니다.,- 데이터 입력 마스크를 도입하여 일관된 포맷을 유지하십시오.
PRM계약.csv,사업자명,A (우수),패턴이 0.0개 이내로 매우 정형화되어 있습니다.,현 상태 유지 및 정기 모니터링
PRM계약.csv,상호명,A (우수),패턴이 0.0개 이내로 매우 정형화되어 있습니다.,현 상태 유지 및 정기 모니터링
PRM계약.csv,업태,A (우수),패턴이 0.0개 이내로 매우 정형화되어 있습니다.,현 상태 유지 및 정기 모니터링
PRM계약.csv,업종,A (우수),패턴이 0.0개 이내로 매우 정형화되어 있습니다.,현 상태 유지 및 정기 모니터링
PRM계약.csv,계약등록일,B (양호),총 557개의 유효 값을 가진 코드성 데이터입니다. 데이터 형식이 100.0종으로 분산되어 표준화가 필요합니다.,- 데이터 입력 마스크를 도입하여 일관된 포맷을 유지하십시오.
PRM계약.csv,최초계약일,B (양호),총 286개의 유효 값을 가진 코드성 데이터입니다. 데이터 형식이 100.0종으로 분산되어 표준화가 필요합니다.,- 데이터 입력 마스크를 도입하여 일관된 포맷을 유지하십시오.
PRM계약.csv,계약개시일,B (양호),총 115개의 유효 값을 가진 코드성 데이터입니다. 데이터 형식이 100.0종으로 분산되어 표준화가 필요합니다.,- 데이터 입력 마스크를 도입하여 일관된 포맷을 유지하십시오.
PRM계약.csv,계약종료일,B (양호),총 94개의 유효 값을 가진 코드성 데이터입니다. 데이터 형식이 100.0종으로 분산되어 표준화가 필요합니다.,- 데이터 입력 마스크를 도입하여 일관된 포맷을 유지하십시오.
PRM계약.csv,운영점소대,B (양호),총 8개의 유효 값을 가진 코드성 데이터입니다. 데이터 형식이 99.95종으로 분산되어 표준화가 필요합니다.,- 데이터 입력 마스크를 도입하여 일관된 포맷을 유지하십시오.
PRM계약.csv,운영점소중,B (양호),총 21개의 유효 값을 가진 코드성 데이터입니다. 데이터 형식이 95.84종으로 분산되어 표준화가 필요합니다.,- 데이터 입력 마스크를 도입하여 일관된 포맷을 유지하십시오.
PRM계약.csv,운영점소,B (양호),총 79개의 유효 값을 가진 코드성 데이터입니다. 데이터 형식이 96.05종으로 분산되어 표준화가 필요합니다.,- 데이터 입력 마스크를 도입하여 일관된 포맷을 유지하십시오.
PRM계약.csv,최종변경일시,B (양호),총 1개의 유효 값을 가진 코드성 데이터입니다. 데이터 형식이 100.0종으로 분산되어 표준화가 필요합니다.,- 데이터 입력 마스크를 도입하여 일관된 포맷을 유지하십시오.
PRM계약.csv,ETL일시,B (양호),총 1개의 유효 값을 가진 코드성 데이터입니다. 데이터 형식이 100.0종으로 분산되어 표준화가 필요합니다.,- 데이터 입력 마스크를 도입하여 일관된 포맷을 유지하십시오.
PRM계약.csv,TimeStamp,B (양호),모든 값이 고유한 식별자(PK) 성격의 데이터입니다. 데이터 형식이 100.0종으로 분산되어 표준화가 필요합니다.,- 데이터 입력 마스크를 도입하여 일관된 포맷을 유지하십시오.
test.csv,ID,B (양호),모든 값이 고유한 식별자(PK) 성격의 데이터입니다. 데이터 형식이 100.0종으로 분산되어 표준화가 필요합니다.,- 데이터 입력 마스크를 도입하여 일관된 포맷을 유지하십시오.
test.csv,Name,B (양호),총 16개의 유효 값을 가진 코드성 데이터입니다. 데이터 형식이 96.88종으로 분산되어 표준화가 필요합니다.,- 데이터 입력 마스크를 도입하여 일관된 포맷을 유지하십시오.
test.csv,Sex,B (양호),데이터 형식이 100.0종으로 분산되어 표준화가 필요합니다.,- 데이터 입력 마스크를 도입하여 일관된 포맷을 유지하십시오.
test.csv,SexE,B (양호),데이터 형식이 100.0종으로 분산되어 표준화가 필요합니다.,- 데이터 입력 마스크를 도입하여 일관된 포맷을 유지하십시오.
test.csv,Age,B (양호),총 5개의 유효 값을 가진 코드성 데이터입니다. 데이터 형식이 100.0종으로 분산되어 표준화가 필요합니다.,- 데이터 입력 마스크를 도입하여 일관된 포맷을 유지하십시오.
test.csv,Country,B (양호),총 4개의 유효 값을 가진 코드성 데이터입니다. 데이터 형식이 100.0종으로 분산되어 표준화가 필요합니다.,- 데이터 입력 마스크를 도입하여 일관된 포맷을 유지하십시오.
test.csv,Tel,B (양호),총 22개의 유효 값을 가진 코드성 데이터입니다. 데이터 형식이 100.0종으로 분산되어 표준화가 필요합니다.,- 데이터 입력 마스크를 도입하여 일관된 포맷을 유지하십시오.
test.csv,Addr,B (양호),데이터 형식이 100.0종으로 분산되어 표준화가 필요합니다.,- 데이터 입력 마스크를 도입하여 일관된 포맷을 유지하십시오.
test.csv,Cell Phone,B (양호),총 5개의 유효 값을 가진 코드성 데이터입니다. 데이터 형식이 100.0종으로 분산되어 표준화가 필요합니다.,- 데이터 입력 마스크를 도입하여 일관된 포맷을 유지하십시오.
test.csv,Desc,B (양호),데이터 형식이 100.0종으로 분산되어 표준화가 필요합니다.,- 데이터 입력 마스크를 도입하여 일관된 포맷을 유지하십시오.
test.csv,Address,B (양호),데이터 형식이 100.0종으로 분산되어 표준화가 필요합니다.,- 데이터 입력 마스크를 도입하여 일관된 포맷을 유지하십시오.
test.csv,Year,B (양호),총 4개의 유효 값을 가진 코드성 데이터입니다. 데이터 형식이 96.88종으로 분산되어 표준화가 필요합니다.,- 데이터 입력 마스크를 도입하여 일관된 포맷을 유지하십시오.
test.csv,YearMonth,B (양호),총 3개의 유효 값을 가진 코드성 데이터입니다. 데이터 형식이 100.0종으로 분산되어 표준화가 필요합니다.,- 데이터 입력 마스크를 도입하여 일관된 포맷을 유지하십시오.
test.csv,Email,B (양호),총 4개의 유효 값을 가진 코드성 데이터입니다. 데이터 형식이 100.01종으로 분산되어 표준화가 필요합니다.,- 데이터 입력 마스크를 도입하여 일관된 포맷을 유지하십시오.
test.csv,Name2,B (양호),총 14개의 유효 값을 가진 코드성 데이터입니다. 데이터 형식이 96.88종으로 분산되어 표준화가 필요합니다.,- 데이터 입력 마스크를 도입하여 일관된 포맷을 유지하십시오.
test.csv,전화번호,B (양호),총 26개의 유효 값을 가진 코드성 데이터입니다. 데이터 형식이 100.0종으로 분산되어 표준화가 필요합니다.,- 데이터 입력 마스크를 도입하여 일관된 포맷을 유지하십시오.
test.csv,YYYYMMDD,B (양호),총 8개의 유효 값을 가진 코드성 데이터입니다. 데이터 형식이 100.0종으로 분산되어 표준화가 필요합니다.,- 데이터 입력 마스크를 도입하여 일관된 포맷을 유지하십시오.
test.csv,시도,B (양호),총 22개의 유효 값을 가진 코드성 데이터입니다. 데이터 형식이 100.0종으로 분산되어 표준화가 필요합니다.,- 데이터 입력 마스크를 도입하여 일관된 포맷을 유지하십시오.
test.csv,YYMMDD,B (양호),총 9개의 유효 값을 가진 코드성 데이터입니다. 데이터 형식이 100.0종으로 분산되어 표준화가 필요합니다.,- 데이터 입력 마스크를 도입하여 일관된 포맷을 유지하십시오.
test.csv,업체명,B (양호),데이터 형식이 96.86종으로 분산되어 표준화가 필요합니다.,- 데이터 입력 마스크를 도입하여 일관된 포맷을 유지하십시오.
test.csv,차량번호,B (양호),총 18개의 유효 값을 가진 코드성 데이터입니다. 데이터 형식이 100.0종으로 분산되어 표준화가 필요합니다.,- 데이터 입력 마스크를 도입하여 일관된 포맷을 유지하십시오.
test.csv,TimeStamp,B (양호),모든 값이 고유한 식별자(PK) 성격의 데이터입니다. 데이터 형식이 100.0종으로 분산되어 표준화가 필요합니다.,- 데이터 입력 마스크를 도입하여 일관된 포맷을 유지하십시오.
test1.csv,CompanyCode,B (양호),데이터 형식이 100.0종으로 분산되어 표준화가 필요합니다.,- 데이터 입력 마스크를 도입하여 일관된 포맷을 유지하십시오.
test1.csv,ID,B (양호),데이터 형식이 100.0종으로 분산되어 표준화가 필요합니다.,- 데이터 입력 마스크를 도입하여 일관된 포맷을 유지하십시오.
test1.csv,Name,B (양호),데이터 형식이 100.0종으로 분산되어 표준화가 필요합니다.,- 데이터 입력 마스크를 도입하여 일관된 포맷을 유지하십시오.
test1.csv,Dept,B (양호),데이터 형식이 100.0종으로 분산되어 표준화가 필요합니다.,- 데이터 입력 마스크를 도입하여 일관된 포맷을 유지하십시오.
test1.csv,City,B (양호),데이터 형식이 100.0종으로 분산되어 표준화가 필요합니다.,- 데이터 입력 마스크를 도입하여 일관된 포맷을 유지하십시오.
test1.csv,Qty,B (양호),데이터 형식이 100.0종으로 분산되어 표준화가 필요합니다.,- 데이터 입력 마스크를 도입하여 일관된 포맷을 유지하십시오.
test1.csv,Amt,B (양호),데이터 형식이 100.0종으로 분산되어 표준화가 필요합니다.,- 데이터 입력 마스크를 도입하여 일관된 포맷을 유지하십시오.
test1_sum.csv,CompanyCode,B (양호),데이터 형식이 100.0종으로 분산되어 표준화가 필요합니다.,- 데이터 입력 마스크를 도입하여 일관된 포맷을 유지하십시오.
test1_sum.csv,Dept,B (양호),데이터 형식이 100.0종으로 분산되어 표준화가 필요합니다.,- 데이터 입력 마스크를 도입하여 일관된 포맷을 유지하십시오.
test1_sum.csv,Qty_Sum,B (양호),데이터 형식이 100.0종으로 분산되어 표준화가 필요합니다.,- 데이터 입력 마스크를 도입하여 일관된 포맷을 유지하십시오.
test1_sum2.csv,CompanyCode,B (양호),데이터 형식이 100.0종으로 분산되어 표준화가 필요합니다.,- 데이터 입력 마스크를 도입하여 일관된 포맷을 유지하십시오.
test1_sum2.csv,City,B (양호),데이터 형식이 100.0종으로 분산되어 표준화가 필요합니다.,- 데이터 입력 마스크를 도입하여 일관된 포맷을 유지하십시오.
test1_sum2.csv,Amount_Sum,B (양호),데이터 형식이 100.0종으로 분산되어 표준화가 필요합니다.,- 데이터 입력 마스크를 도입하여 일관된 포맷을 유지하십시오.
test2.csv,CompanyCode,B (양호),데이터 형식이 100.0종으로 분산되어 표준화가 필요합니다.,- 데이터 입력 마스크를 도입하여 일관된 포맷을 유지하십시오.
test2.csv,Dept,B (양호),데이터 형식이 100.0종으로 분산되어 표준화가 필요합니다.,- 데이터 입력 마스크를 도입하여 일관된 포맷을 유지하십시오.
test2.csv,DeptName,B (양호),모든 값이 고유한 식별자(PK) 성격의 데이터입니다. 데이터 형식이 100.0종으로 분산되어 표준화가 필요합니다.,- 데이터 입력 마스크를 도입하여 일관된 포맷을 유지하십시오.
test2.csv,TimeStamp,B (양호),모든 값이 고유한 식별자(PK) 성격의 데이터입니다. 데이터 형식이 100.0종으로 분산되어 표준화가 필요합니다.,- 데이터 입력 마스크를 도입하여 일관된 포맷을 유지하십시오.
test3.csv,City,B (양호),모든 값이 고유한 식별자(PK) 성격의 데이터입니다. 데이터 형식이 100.0종으로 분산되어 표준화가 필요합니다.,- 데이터 입력 마스크를 도입하여 일관된 포맷을 유지하십시오.
test3.csv,CityName,B (양호),모든 값이 고유한 식별자(PK) 성격의 데이터입니다. 데이터 형식이 100.0종으로 분산되어 표준화가 필요합니다.,- 데이터 입력 마스크를 도입하여 일관된 포맷을 유지하십시오.
test3.csv,TimeStamp,B (양호),모든 값이 고유한 식별자(PK) 성격의 데이터입니다. 데이터 형식이 100.0종으로 분산되어 표준화가 필요합니다.,- 데이터 입력 마스크를 도입하여 일관된 포맷을 유지하십시오.
Z검증용데이터.csv,ID,B (양호),모든 값이 고유한 식별자(PK) 성격의 데이터입니다. 데이터 형식이 98.82종으로 분산되어 표준화가 필요합니다.,- 데이터 입력 마스크를 도입하여 일관된 포맷을 유지하십시오.
Z검증용데이터.csv,CP,C (주의),데이터 형식이 100.0종으로 분산되어 표준화가 필요합니다.,- 데이터 입력 마스크를 도입하여 일관된 포맷을 유지하십시오.
Z검증용데이터.csv,Business,C (주의),데이터 형식이 100.0종으로 분산되어 표준화가 필요합니다.,- 데이터 입력 마스크를 도입하여 일관된 포맷을 유지하십시오.
Z검증용데이터.csv,Customer,C (주의),"패턴이 0.0개 이내로 매우 정형화되어 있습니다. 주의사항: 한글깨짐, 비표준문자, 특수문자 항목이 검출되었습니다.",- 인코딩(UTF-8/EUC-KR) 변환 오류를 수정하여 한글 깨짐을 복구하십시오.
Z검증용데이터.csv,사업자번호다양,B (양호),총 1782개의 유효 값을 가진 코드성 데이터입니다. 데이터 형식이 96.33종으로 분산되어 표준화가 필요합니다.,- 데이터 입력 마스크를 도입하여 일관된 포맷을 유지하십시오.
Z검증용데이터.csv,우편번호,D (불량),총 936개의 유효 값을 가진 코드성 데이터입니다. 데이터 형식이 99.93종으로 분산되어 표준화가 필요합니다.,"- 필수 코드 컬럼의 Null 값을 제거하고 입력 로직을 점검하십시오.
- 데이터 입력 마스크를 도입하여 일관된 포맷을 유지하십시오."
Z검증용데이터.csv,가공주소,B (양호),"모든 값이 고유한 식별자(PK) 성격의 데이터입니다. 패턴이 0.0개 이내로 매우 정형화되어 있습니다. 주의사항: 한글깨짐, 비표준문자, 특수문자 항목이 검출되었습니다.",- 인코딩(UTF-8/EUC-KR) 변환 오류를 수정하여 한글 깨짐을 복구하십시오.
Z검증용데이터.csv,날짜포맷다양,B (양호),총 1462개의 유효 값을 가진 코드성 데이터입니다. 데이터 형식이 99.89종으로 분산되어 표준화가 필요합니다.,- 데이터 입력 마스크를 도입하여 일관된 포맷을 유지하십시오.
Z검증용데이터.csv,판매점소,D (불량),총 77개의 유효 값을 가진 코드성 데이터입니다. 데이터 형식이 96.11종으로 분산되어 표준화가 필요합니다.,"- 필수 코드 컬럼의 Null 값을 제거하고 입력 로직을 점검하십시오.
- 데이터 입력 마스크를 도입하여 일관된 포맷을 유지하십시오."
Z검증용데이터.csv,판매원사번,D (불량),총 489개의 유효 값을 가진 코드성 데이터입니다. 데이터 형식이 97.87종으로 분산되어 표준화가 필요합니다.,"- 필수 코드 컬럼의 Null 값을 제거하고 입력 로직을 점검하십시오.
- 데이터 입력 마스크를 도입하여 일관된 포맷을 유지하십시오."
Z검증용데이터.csv,담당부서,C (주의),데이터 형식이 95.57종으로 분산되어 표준화가 필요합니다.,- 데이터 입력 마스크를 도입하여 일관된 포맷을 유지하십시오.
Z검증용데이터.csv,집하지우편번호,D (불량),총 1533개의 유효 값을 가진 코드성 데이터입니다. 데이터 형식이 100.0종으로 분산되어 표준화가 필요합니다.,"- 필수 코드 컬럼의 Null 값을 제거하고 입력 로직을 점검하십시오.
- 데이터 입력 마스크를 도입하여 일관된 포맷을 유지하십시오."
Z검증용데이터.csv,수량,B (양호),총 97개의 유효 값을 가진 코드성 데이터입니다. 데이터 형식이 98.54종으로 분산되어 표준화가 필요합니다.,- 데이터 입력 마스크를 도입하여 일관된 포맷을 유지하십시오.
Z검증용데이터.csv,단가,B (양호),총 226개의 유효 값을 가진 코드성 데이터입니다. 데이터 형식이 99.67종으로 분산되어 표준화가 필요합니다.,- 데이터 입력 마스크를 도입하여 일관된 포맷을 유지하십시오.
Z검증용데이터.csv,금액,B (양호),총 1343개의 유효 값을 가진 코드성 데이터입니다. 데이터 형식이 100.0종으로 분산되어 표준화가 필요합니다.,- 데이터 입력 마스크를 도입하여 일관된 포맷을 유지하십시오.
Z검증용데이터.csv,TimeStamp,B (양호),데이터 형식이 100.0종으로 분산되어 표준화가 필요합니다.,- 데이터 입력 마스크를 도입하여 일관된 포맷을 유지하십시오.
Z사용자.csv,사원번호,B (양호),모든 값이 고유한 식별자(PK) 성격의 데이터입니다. 데이터 형식이 96.83종으로 분산되어 표준화가 필요합니다.,- 데이터 입력 마스크를 도입하여 일관된 포맷을 유지하십시오.
Z사용자.csv,점소코드,B (양호),총 229개의 유효 값을 가진 코드성 데이터입니다. 데이터 형식이 100.0종으로 분산되어 표준화가 필요합니다.,- 데이터 입력 마스크를 도입하여 일관된 포맷을 유지하십시오.
Z사용자.csv,권한코드,B (양호),데이터 형식이 99.49종으로 분산되어 표준화가 필요합니다.,- 데이터 입력 마스크를 도입하여 일관된 포맷을 유지하십시오.
Z사용자.csv,비밀번호,A (우수),총 2126개의 유효 값을 가진 코드성 데이터입니다. 패턴이 0.0개 이내로 매우 정형화되어 있습니다.,현 상태 유지 및 정기 모니터링
Z사용자.csv,팀명,C (주의),"패턴이 0.0개 이내로 매우 정형화되어 있습니다. 주의사항: 비표준문자, 특수문자 항목이 검출되었습니다.",현 상태 유지 및 정기 모니터링
Z사용자.csv,직급,B (양호),데이터 형식이 96.26999999999998종으로 분산되어 표준화가 필요합니다.,- 데이터 입력 마스크를 도입하여 일관된 포맷을 유지하십시오.
Z사용자.csv,전화번호,B (양호),총 2048개의 유효 값을 가진 코드성 데이터입니다. 데이터 형식이 96.23종으로 분산되어 표준화가 필요합니다.,- 데이터 입력 마스크를 도입하여 일관된 포맷을 유지하십시오.
Z사용자.csv,전화번호1,D (불량),총 1186개의 유효 값을 가진 코드성 데이터입니다. 데이터 형식이 96.07999999999998종으로 분산되어 표준화가 필요합니다.,"- 필수 코드 컬럼의 Null 값을 제거하고 입력 로직을 점검하십시오.
- 데이터 입력 마스크를 도입하여 일관된 포맷을 유지하십시오."
Z사용자.csv,휴대폰번호,D (불량),총 1908개의 유효 값을 가진 코드성 데이터입니다. 데이터 형식이 99.57종으로 분산되어 표준화가 필요합니다.,"- 필수 코드 컬럼의 Null 값을 제거하고 입력 로직을 점검하십시오.
- 데이터 입력 마스크를 도입하여 일관된 포맷을 유지하십시오."
Z사용자.csv,EMAIL,B (양호),패턴이 0.0개 이내로 매우 정형화되어 있습니다.,현 상태 유지 및 정기 모니터링
Z사용자.csv,주민등록번호,D (불량),총 1개의 유효 값을 가진 코드성 데이터입니다. 데이터 형식이 100.0종으로 분산되어 표준화가 필요합니다.,"- 필수 코드 컬럼의 Null 값을 제거하고 입력 로직을 점검하십시오.
- 데이터 입력 마스크를 도입하여 일관된 포맷을 유지하십시오."
Z사용자.csv,등록일자,B (양호),총 642개의 유효 값을 가진 코드성 데이터입니다. 데이터 형식이 100.0종으로 분산되어 표준화가 필요합니다.,- 데이터 입력 마스크를 도입하여 일관된 포맷을 유지하십시오.
Z사용자.csv,입사일자,D (불량),총 1138개의 유효 값을 가진 코드성 데이터입니다. 데이터 형식이 99.96종으로 분산되어 표준화가 필요합니다.,"- 필수 코드 컬럼의 Null 값을 제거하고 입력 로직을 점검하십시오.
- 데이터 입력 마스크를 도입하여 일관된 포맷을 유지하십시오."
Z사용자.csv,TimeStamp,B (양호),데이터 형식이 100.0종으로 분산되어 표준화가 필요합니다.,- 데이터 입력 마스크를 도입하여 일관된 포맷을 유지하십시오.
Z코드변동성예제.csv,코드,B (양호),모든 값이 고유한 식별자(PK) 성격의 데이터입니다. 데이터 형식이 100.0종으로 분산되어 표준화가 필요합니다.,- 데이터 입력 마스크를 도입하여 일관된 포맷을 유지하십시오.
Z코드변동성예제.csv,사업자,B (양호),패턴이 0.0개 이내로 매우 정형화되어 있습니다. 주의사항: 특수문자 항목이 검출되었습니다.,현 상태 유지 및 정기 모니터링
Z코드변동성예제.csv,TimeStamp,B (양호),데이터 형식이 100.0종으로 분산되어 표준화가 필요합니다.,- 데이터 입력 마스크를 도입하여 일관된 포맷을 유지하십시오.
간선사업자.csv,사업자번호,B (양호),모든 값이 고유한 식별자(PK) 성격의 데이터입니다. 데이터 형식이 99.88종으로 분산되어 표준화가 필요합니다.,- 데이터 입력 마스크를 도입하여 일관된 포맷을 유지하십시오.
간선사업자.csv,적용일자,D (불량),총 126개의 유효 값을 가진 코드성 데이터입니다. 데이터 형식이 99.5종으로 분산되어 표준화가 필요합니다.,"- 필수 코드 컬럼의 Null 값을 제거하고 입력 로직을 점검하십시오.
- 데이터 입력 마스크를 도입하여 일관된 포맷을 유지하십시오."
간선사업자.csv,업체구분,B (양호),총 4개의 유효 값을 가진 코드성 데이터입니다. 데이터 형식이 100.0종으로 분산되어 표준화가 필요합니다.,- 데이터 입력 마스크를 도입하여 일관된 포맷을 유지하십시오.
간선사업자.csv,업체명,B (양호),"패턴이 0.0개 이내로 매우 정형화되어 있습니다. 주의사항: 비표준문자, 특수문자 항목이 검출되었습니다.",현 상태 유지 및 정기 모니터링
간선사업자.csv,last_update_dtm,B (양호),총 1개의 유효 값을 가진 코드성 데이터입니다. 데이터 형식이 100.0종으로 분산되어 표준화가 필요합니다.,- 데이터 입력 마스크를 도입하여 일관된 포맷을 유지하십시오.
간선사업자.csv,etl_dtm,B (양호),총 1개의 유효 값을 가진 코드성 데이터입니다. 데이터 형식이 100.0종으로 분산되어 표준화가 필요합니다.,- 데이터 입력 마스크를 도입하여 일관된 포맷을 유지하십시오.
간선사업자.csv,TimeStamp,B (양호),모든 값이 고유한 식별자(PK) 성격의 데이터입니다. 데이터 형식이 100.0종으로 분산되어 표준화가 필요합니다.,- 데이터 입력 마스크를 도입하여 일관된 포맷을 유지하십시오.
개인고객.csv,개인고객번호,B (양호),모든 값이 고유한 식별자(PK) 성격의 데이터입니다. 데이터 형식이 99.6종으로 분산되어 표준화가 필요합니다.,- 데이터 입력 마스크를 도입하여 일관된 포맷을 유지하십시오.
개인고객.csv,개인기업고객구분,B (양호),데이터 형식이 100.0종으로 분산되어 표준화가 필요합니다.,- 데이터 입력 마스크를 도입하여 일관된 포맷을 유지하십시오.
개인고객.csv,사업구분,B (양호),데이터 형식이 100.0종으로 분산되어 표준화가 필요합니다.,- 데이터 입력 마스크를 도입하여 일관된 포맷을 유지하십시오.
개인고객.csv,고객명,C (주의),데이터 형식이 95.5종으로 분산되어 표준화가 필요합니다.,- 데이터 입력 마스크를 도입하여 일관된 포맷을 유지하십시오.
개인고객.csv,영문고객명,C (주의),모든 값이 고유한 식별자(PK) 성격의 데이터입니다. 데이터 형식이 100.02종으로 분산되어 표준화가 필요합니다.,- 데이터 입력 마스크를 도입하여 일관된 포맷을 유지하십시오.
개인고객.csv,국가코드,B (양호),총 7개의 유효 값을 가진 코드성 데이터입니다. 데이터 형식이 100.0종으로 분산되어 표준화가 필요합니다.,- 데이터 입력 마스크를 도입하여 일관된 포맷을 유지하십시오.
개인고객.csv,사업자등록번호,D (불량),모든 값이 고유한 식별자(PK) 성격의 데이터입니다. 데이터 형식이 99.95종으로 분산되어 표준화가 필요합니다.,"- 필수 코드 컬럼의 Null 값을 제거하고 입력 로직을 점검하십시오.
- 데이터 입력 마스크를 도입하여 일관된 포맷을 유지하십시오."
개인고객.csv,우편번호,C (주의),모든 값이 고유한 식별자(PK) 성격의 데이터입니다. 데이터 형식이 99.99종으로 분산되어 표준화가 필요합니다.,- 데이터 입력 마스크를 도입하여 일관된 포맷을 유지하십시오.
개인고객.csv,주소,C (주의),"패턴이 0.0개 이내로 매우 정형화되어 있습니다. 주의사항: 한글깨짐, 비표준문자, 특수문자 항목이 검출되었습니다.",- 인코딩(UTF-8/EUC-KR) 변환 오류를 수정하여 한글 깨짐을 복구하십시오.
개인고객.csv,판매일,D (불량),총 787개의 유효 값을 가진 코드성 데이터입니다. 데이터 형식이 100.0종으로 분산되어 표준화가 필요합니다.,"- 필수 코드 컬럼의 Null 값을 제거하고 입력 로직을 점검하십시오.
- 데이터 입력 마스크를 도입하여 일관된 포맷을 유지하십시오."
개인고객.csv,판매점소,D (불량),총 46개의 유효 값을 가진 코드성 데이터입니다. 데이터 형식이 99.87종으로 분산되어 표준화가 필요합니다.,"- 필수 코드 컬럼의 Null 값을 제거하고 입력 로직을 점검하십시오.
- 데이터 입력 마스크를 도입하여 일관된 포맷을 유지하십시오."
개인고객.csv,집하지우편번호,D (불량),총 2039개의 유효 값을 가진 코드성 데이터입니다. 데이터 형식이 98.81종으로 분산되어 표준화가 필요합니다.,"- 필수 코드 컬럼의 Null 값을 제거하고 입력 로직을 점검하십시오.
- 데이터 입력 마스크를 도입하여 일관된 포맷을 유지하십시오."
개인고객.csv,집하지주소,C (주의),"패턴이 0.0개 이내로 매우 정형화되어 있습니다. 주의사항: 한글깨짐, 비표준문자, 특수문자 항목이 검출되었습니다.",- 인코딩(UTF-8/EUC-KR) 변환 오류를 수정하여 한글 깨짐을 복구하십시오.
개인고객.csv,1ST_STREET,C (주의),모든 값이 고유한 식별자(PK) 성격의 데이터입니다. 데이터 형식이 100.02종으로 분산되어 표준화가 필요합니다.,- 데이터 입력 마스크를 도입하여 일관된 포맷을 유지하십시오.
개인고객.csv,계약기간종료일,D (불량),총 38개의 유효 값을 가진 코드성 데이터입니다. 데이터 형식이 100.0종으로 분산되어 표준화가 필요합니다.,"- 필수 코드 컬럼의 Null 값을 제거하고 입력 로직을 점검하십시오.
- 데이터 입력 마스크를 도입하여 일관된 포맷을 유지하십시오."
개인고객.csv,청구점소,D (불량),총 40개의 유효 값을 가진 코드성 데이터입니다. 데이터 형식이 99.96종으로 분산되어 표준화가 필요합니다.,"- 필수 코드 컬럼의 Null 값을 제거하고 입력 로직을 점검하십시오.
- 데이터 입력 마스크를 도입하여 일관된 포맷을 유지하십시오."
개인고객.csv,수금점소,D (불량),총 40개의 유효 값을 가진 코드성 데이터입니다. 데이터 형식이 99.96종으로 분산되어 표준화가 필요합니다.,"- 필수 코드 컬럼의 Null 값을 제거하고 입력 로직을 점검하십시오.
- 데이터 입력 마스크를 도입하여 일관된 포맷을 유지하십시오."
개인고객.csv,최종수정일시,D (불량),총 149개의 유효 값을 가진 코드성 데이터입니다. 데이터 형식이 100.0종으로 분산되어 표준화가 필요합니다.,"- 필수 코드 컬럼의 Null 값을 제거하고 입력 로직을 점검하십시오.
- 데이터 입력 마스크를 도입하여 일관된 포맷을 유지하십시오."
개인고객.csv,최종변경자사번,D (불량),총 211개의 유효 값을 가진 코드성 데이터입니다. 데이터 형식이 99.95종으로 분산되어 표준화가 필요합니다.,"- 필수 코드 컬럼의 Null 값을 제거하고 입력 로직을 점검하십시오.
- 데이터 입력 마스크를 도입하여 일관된 포맷을 유지하십시오."
개인고객.csv,집하점소,D (불량),총 590개의 유효 값을 가진 코드성 데이터입니다. 데이터 형식이 97.44종으로 분산되어 표준화가 필요합니다.,"- 필수 코드 컬럼의 Null 값을 제거하고 입력 로직을 점검하십시오.
- 데이터 입력 마스크를 도입하여 일관된 포맷을 유지하십시오."
개인고객.csv,수입조직,D (불량),총 43개의 유효 값을 가진 코드성 데이터입니다. 데이터 형식이 100.0종으로 분산되어 표준화가 필요합니다.,"- 필수 코드 컬럼의 Null 값을 제거하고 입력 로직을 점검하십시오.
- 데이터 입력 마스크를 도입하여 일관된 포맷을 유지하십시오."
개인고객.csv,최종변경일시,B (양호),총 1개의 유효 값을 가진 코드성 데이터입니다. 데이터 형식이 100.0종으로 분산되어 표준화가 필요합니다.,- 데이터 입력 마스크를 도입하여 일관된 포맷을 유지하십시오.
개인고객.csv,ETL일시,B (양호),총 1개의 유효 값을 가진 코드성 데이터입니다. 데이터 형식이 100.0종으로 분산되어 표준화가 필요합니다.,- 데이터 입력 마스크를 도입하여 일관된 포맷을 유지하십시오.
개인고객.csv,TimeStamp,B (양호),모든 값이 고유한 식별자(PK) 성격의 데이터입니다. 데이터 형식이 100.0종으로 분산되어 표준화가 필요합니다.,- 데이터 입력 마스크를 도입하여 일관된 포맷을 유지하십시오.
결제조건.csv,결제조건코드,B (양호),모든 값이 고유한 식별자(PK) 성격의 데이터입니다. 데이터 형식이 100.0종으로 분산되어 표준화가 필요합니다.,- 데이터 입력 마스크를 도입하여 일관된 포맷을 유지하십시오.
결제조건.csv,결제조건명,B (양호),모든 값이 고유한 식별자(PK) 성격의 데이터입니다. 데이터 형식이 99.99000000000002종으로 분산되어 표준화가 필요합니다.,- 데이터 입력 마스크를 도입하여 일관된 포맷을 유지하십시오.
결제조건.csv,dt_reg,B (양호),데이터 형식이 100.0종으로 분산되어 표준화가 필요합니다.,- 데이터 입력 마스크를 도입하여 일관된 포맷을 유지하십시오.
결제조건.csv,dt_adjt,C (주의),모든 값이 고유한 식별자(PK) 성격의 데이터입니다. 데이터 형식이 100.0종으로 분산되어 표준화가 필요합니다.,- 데이터 입력 마스크를 도입하여 일관된 포맷을 유지하십시오.
결제조건.csv,yn_abd,B (양호),데이터 형식이 100.0종으로 분산되어 표준화가 필요합니다.,- 데이터 입력 마스크를 도입하여 일관된 포맷을 유지하십시오.
결제조건.csv,처리자사번,B (양호),데이터 형식이 100.0종으로 분산되어 표준화가 필요합니다.,- 데이터 입력 마스크를 도입하여 일관된 포맷을 유지하십시오.
결제조건.csv,last_update_dtm,B (양호),데이터 형식이 100.0종으로 분산되어 표준화가 필요합니다.,- 데이터 입력 마스크를 도입하여 일관된 포맷을 유지하십시오.
결제조건.csv,etl_dtm,B (양호),데이터 형식이 100.0종으로 분산되어 표준화가 필요합니다.,- 데이터 입력 마스크를 도입하여 일관된 포맷을 유지하십시오.
결제조건.csv,TimeStamp,B (양호),모든 값이 고유한 식별자(PK) 성격의 데이터입니다. 데이터 형식이 100.0종으로 분산되어 표준화가 필요합니다.,- 데이터 입력 마스크를 도입하여 일관된 포맷을 유지하십시오.
계약마스터.csv,계약적용월,B (양호),총 56개의 유효 값을 가진 코드성 데이터입니다. 데이터 형식이 100.0종으로 분산되어 표준화가 필요합니다.,- 데이터 입력 마스크를 도입하여 일관된 포맷을 유지하십시오.
계약마스터.csv,계약관리번호,B (양호),총 8580개의 유효 값을 가진 코드성 데이터입니다. 데이터 형식이 100.0종으로 분산되어 표준화가 필요합니다.,- 데이터 입력 마스크를 도입하여 일관된 포맷을 유지하십시오.
계약마스터.csv,계약번호,B (양호),총 8388개의 유효 값을 가진 코드성 데이터입니다. 데이터 형식이 95.34종으로 분산되어 표준화가 필요합니다.,- 데이터 입력 마스크를 도입하여 일관된 포맷을 유지하십시오.
계약마스터.csv,소사업코드,B (양호),총 60개의 유효 값을 가진 코드성 데이터입니다. 데이터 형식이 100.0종으로 분산되어 표준화가 필요합니다.,- 데이터 입력 마스크를 도입하여 일관된 포맷을 유지하십시오.
계약마스터.csv,팀코드,B (양호),총 95개의 유효 값을 가진 코드성 데이터입니다. 데이터 형식이 99.86종으로 분산되어 표준화가 필요합니다.,- 데이터 입력 마스크를 도입하여 일관된 포맷을 유지하십시오.
계약마스터.csv,계약구분,B (양호),데이터 형식이 100.0종으로 분산되어 표준화가 필요합니다.,- 데이터 입력 마스크를 도입하여 일관된 포맷을 유지하십시오.
계약마스터.csv,소사업명,D (불량),총 59개의 유효 값을 가진 코드성 데이터입니다. 데이터 형식이 95.45종으로 분산되어 표준화가 필요합니다.,"- 필수 코드 컬럼의 Null 값을 제거하고 입력 로직을 점검하십시오.
- 데이터 입력 마스크를 도입하여 일관된 포맷을 유지하십시오."
계약마스터.csv,팀명,B (양호),데이터 형식이 95.65종으로 분산되어 표준화가 필요합니다.,- 데이터 입력 마스크를 도입하여 일관된 포맷을 유지하십시오.
계약마스터.csv,사업자번호,B (양호),총 7854개의 유효 값을 가진 코드성 데이터입니다. 데이터 형식이 100.0종으로 분산되어 표준화가 필요합니다.,- 데이터 입력 마스크를 도입하여 일관된 포맷을 유지하십시오.
계약마스터.csv,고객명,B (양호),"패턴이 0.0개 이내로 매우 정형화되어 있습니다. 주의사항: 비표준문자, 특수문자 항목이 검출되었습니다.",현 상태 유지 및 정기 모니터링
계약마스터.csv,계약개시일,B (양호),총 742개의 유효 값을 가진 코드성 데이터입니다. 데이터 형식이 100.0종으로 분산되어 표준화가 필요합니다.,- 데이터 입력 마스크를 도입하여 일관된 포맷을 유지하십시오.
계약마스터.csv,계약종료일,B (양호),총 781개의 유효 값을 가진 코드성 데이터입니다. 데이터 형식이 100.0종으로 분산되어 표준화가 필요합니다.,- 데이터 입력 마스크를 도입하여 일관된 포맷을 유지하십시오.
계약마스터.csv,물량단위,D (불량),총 11개의 유효 값을 가진 코드성 데이터입니다. 데이터 형식이 98.44종으로 분산되어 표준화가 필요합니다. 주의사항: 비표준문자 항목이 검출되었습니다.,- 데이터 입력 마스크를 도입하여 일관된 포맷을 유지하십시오.
계약마스터.csv,예상물량년,B (양호),총 1188개의 유효 값을 가진 코드성 데이터입니다. 데이터 형식이 98.23종으로 분산되어 표준화가 필요합니다.,- 데이터 입력 마스크를 도입하여 일관된 포맷을 유지하십시오.
계약마스터.csv,최초생성자ID,B (양호),총 1개의 유효 값을 가진 코드성 데이터입니다. 데이터 형식이 100.0종으로 분산되어 표준화가 필요합니다.,- 데이터 입력 마스크를 도입하여 일관된 포맷을 유지하십시오.
계약마스터.csv,최초생성일시,B (양호),총 218개의 유효 값을 가진 코드성 데이터입니다. 데이터 형식이 100.0종으로 분산되어 표준화가 필요합니다.,- 데이터 입력 마스크를 도입하여 일관된 포맷을 유지하십시오.
계약마스터.csv,ESB_STATUS,B (양호),데이터 형식이 100.0종으로 분산되어 표준화가 필요합니다.,- 데이터 입력 마스크를 도입하여 일관된 포맷을 유지하십시오.
계약마스터.csv,최종변경일시,B (양호),총 1개의 유효 값을 가진 코드성 데이터입니다. 데이터 형식이 100.0종으로 분산되어 표준화가 필요합니다.,- 데이터 입력 마스크를 도입하여 일관된 포맷을 유지하십시오.
계약마스터.csv,ETL일시,B (양호),총 1개의 유효 값을 가진 코드성 데이터입니다. 데이터 형식이 100.0종으로 분산되어 표준화가 필요합니다.,- 데이터 입력 마스크를 도입하여 일관된 포맷을 유지하십시오.
계약마스터.csv,TimeStamp,B (양호),모든 값이 고유한 식별자(PK) 성격의 데이터입니다. 데이터 형식이 100.0종으로 분산되어 표준화가 필요합니다.,- 데이터 입력 마스크를 도입하여 일관된 포맷을 유지하십시오.
계정과목코드.csv,계정과목코드,B (양호),모든 값이 고유한 식별자(PK) 성격의 데이터입니다. 데이터 형식이 100.0종으로 분산되어 표준화가 필요합니다.,- 데이터 입력 마스크를 도입하여 일관된 포맷을 유지하십시오.
계정과목코드.csv,계정과목명,B (양호),"패턴이 0.0개 이내로 매우 정형화되어 있습니다. 주의사항: 비표준문자, 특수문자 항목이 검출되었습니다.",현 상태 유지 및 정기 모니터링
계정과목코드.csv,상위계정과목코드,B (양호),총 63개의 유효 값을 가진 코드성 데이터입니다. 데이터 형식이 99.51종으로 분산되어 표준화가 필요합니다.,- 데이터 입력 마스크를 도입하여 일관된 포맷을 유지하십시오.
계정과목코드.csv,계정유형코드,D (불량),총 16개의 유효 값을 가진 코드성 데이터입니다. 데이터 형식이 100.0종으로 분산되어 표준화가 필요합니다.,"- 필수 코드 컬럼의 Null 값을 제거하고 입력 로직을 점검하십시오.
- 데이터 입력 마스크를 도입하여 일관된 포맷을 유지하십시오."
계정과목코드.csv,계정속성값1,C (주의),데이터 형식이 100.0종으로 분산되어 표준화가 필요합니다.,- 데이터 입력 마스크를 도입하여 일관된 포맷을 유지하십시오.
계정과목코드.csv,계정속성값2,C (주의),모든 값이 고유한 식별자(PK) 성격의 데이터입니다. 데이터 형식이 100.02종으로 분산되어 표준화가 필요합니다.,- 데이터 입력 마스크를 도입하여 일관된 포맷을 유지하십시오.
계정과목코드.csv,최초생성자ID,B (양호),총 1개의 유효 값을 가진 코드성 데이터입니다. 데이터 형식이 100.0종으로 분산되어 표준화가 필요합니다.,- 데이터 입력 마스크를 도입하여 일관된 포맷을 유지하십시오.
계정과목코드.csv,최초생성일시,B (양호),총 5개의 유효 값을 가진 코드성 데이터입니다. 데이터 형식이 100.0종으로 분산되어 표준화가 필요합니다.,- 데이터 입력 마스크를 도입하여 일관된 포맷을 유지하십시오.
계정과목코드.csv,최종갱신자ID,B (양호),총 1개의 유효 값을 가진 코드성 데이터입니다. 데이터 형식이 100.0종으로 분산되어 표준화가 필요합니다.,- 데이터 입력 마스크를 도입하여 일관된 포맷을 유지하십시오.
계정과목코드.csv,최종변경일시,B (양호),총 5개의 유효 값을 가진 코드성 데이터입니다. 데이터 형식이 100.0종으로 분산되어 표준화가 필요합니다.,- 데이터 입력 마스크를 도입하여 일관된 포맷을 유지하십시오.
계정과목코드.csv,ETL일시,B (양호),총 1개의 유효 값을 가진 코드성 데이터입니다. 데이터 형식이 100.0종으로 분산되어 표준화가 필요합니다.,- 데이터 입력 마스크를 도입하여 일관된 포맷을 유지하십시오.
계정과목코드.csv,TimeStamp,B (양호),모든 값이 고유한 식별자(PK) 성격의 데이터입니다. 데이터 형식이 100.0종으로 분산되어 표준화가 필요합니다.,- 데이터 입력 마스크를 도입하여 일관된 포맷을 유지하십시오.
계정코드관리.csv,수익비용구분코드,B (양호),총 2개의 유효 값을 가진 코드성 데이터입니다. 데이터 형식이 100.0종으로 분산되어 표준화가 필요합니다.,- 데이터 입력 마스크를 도입하여 일관된 포맷을 유지하십시오.
계정코드관리.csv,수익비용구분명,B (양호),총 2개의 유효 값을 가진 코드성 데이터입니다. 데이터 형식이 100.0종으로 분산되어 표준화가 필요합니다.,- 데이터 입력 마스크를 도입하여 일관된 포맷을 유지하십시오.
계정코드관리.csv,상위계정과목코드,B (양호),총 5개의 유효 값을 가진 코드성 데이터입니다. 데이터 형식이 100.0종으로 분산되어 표준화가 필요합니다.,- 데이터 입력 마스크를 도입하여 일관된 포맷을 유지하십시오.
계정코드관리.csv,상위계정과목명,B (양호),총 5개의 유효 값을 가진 코드성 데이터입니다. 데이터 형식이 100.0종으로 분산되어 표준화가 필요합니다.,- 데이터 입력 마스크를 도입하여 일관된 포맷을 유지하십시오.
계정코드관리.csv,계정과목코드,B (양호),총 55개의 유효 값을 가진 코드성 데이터입니다. 데이터 형식이 100.0종으로 분산되어 표준화가 필요합니다.,- 데이터 입력 마스크를 도입하여 일관된 포맷을 유지하십시오.
계정코드관리.csv,계정과목명,B (양호),데이터 형식이 98.18종으로 분산되어 표준화가 필요합니다.,- 데이터 입력 마스크를 도입하여 일관된 포맷을 유지하십시오.
계정코드관리.csv,하위계정과목코드,B (양호),모든 값이 고유한 식별자(PK) 성격의 데이터입니다. 데이터 형식이 100.0종으로 분산되어 표준화가 필요합니다.,- 데이터 입력 마스크를 도입하여 일관된 포맷을 유지하십시오.
계정코드관리.csv,하위계정과목명,B (양호),"모든 값이 고유한 식별자(PK) 성격의 데이터입니다. 패턴이 0.0개 이내로 매우 정형화되어 있습니다. 주의사항: 비표준문자, 특수문자 항목이 검출되었습니다.",현 상태 유지 및 정기 모니터링
계정코드관리.csv,정렬순서,B (양호),모든 값이 고유한 식별자(PK) 성격의 데이터입니다. 데이터 형식이 97.28종으로 분산되어 표준화가 필요합니다.,- 데이터 입력 마스크를 도입하여 일관된 포맷을 유지하십시오.
계정코드관리.csv,최초생성자ID,B (양호),총 1개의 유효 값을 가진 코드성 데이터입니다. 데이터 형식이 100.0종으로 분산되어 표준화가 필요합니다.,- 데이터 입력 마스크를 도입하여 일관된 포맷을 유지하십시오.
계정코드관리.csv,최초생성일시,B (양호),데이터 형식이 100.0종으로 분산되어 표준화가 필요합니다.,- 데이터 입력 마스크를 도입하여 일관된 포맷을 유지하십시오.
계정코드관리.csv,last_update_dtm,B (양호),데이터 형식이 100.0종으로 분산되어 표준화가 필요합니다.,- 데이터 입력 마스크를 도입하여 일관된 포맷을 유지하십시오.
계정코드관리.csv,etl_dtm,B (양호),데이터 형식이 100.0종으로 분산되어 표준화가 필요합니다.,- 데이터 입력 마스크를 도입하여 일관된 포맷을 유지하십시오.
계정코드관리.csv,TimeStamp,B (양호),모든 값이 고유한 식별자(PK) 성격의 데이터입니다. 데이터 형식이 100.0종으로 분산되어 표준화가 필요합니다.,- 데이터 입력 마스크를 도입하여 일관된 포맷을 유지하십시오.
고객마스터.csv,고객번호,B (양호),모든 값이 고유한 식별자(PK) 성격의 데이터입니다. 데이터 형식이 100.0종으로 분산되어 표준화가 필요합니다.,- 데이터 입력 마스크를 도입하여 일관된 포맷을 유지하십시오.
고객마스터.csv,고객명,C (주의),"패턴이 0.0개 이내로 매우 정형화되어 있습니다. 주의사항: 비표준문자, 특수문자 항목이 검출되었습니다.",현 상태 유지 및 정기 모니터링
고객마스터.csv,고객구분코드,B (양호),총 2개의 유효 값을 가진 코드성 데이터입니다. 데이터 형식이 100.0종으로 분산되어 표준화가 필요합니다.,- 데이터 입력 마스크를 도입하여 일관된 포맷을 유지하십시오.
고객마스터.csv,사업자등록번호,B (양호),총 9276개의 유효 값을 가진 코드성 데이터입니다. 데이터 형식이 100.0종으로 분산되어 표준화가 필요합니다.,- 데이터 입력 마스크를 도입하여 일관된 포맷을 유지하십시오.
고객마스터.csv,법인등록번호,D (불량),총 112개의 유효 값을 가진 코드성 데이터입니다. 데이터 형식이 98.83종으로 분산되어 표준화가 필요합니다.,"- 필수 코드 컬럼의 Null 값을 제거하고 입력 로직을 점검하십시오.
- 데이터 입력 마스크를 도입하여 일관된 포맷을 유지하십시오."
고객마스터.csv,업태,C (주의),패턴이 0.0개 이내로 매우 정형화되어 있습니다. 주의사항: 특수문자 항목이 검출되었습니다.,현 상태 유지 및 정기 모니터링
고객마스터.csv,업종명,C (주의),"패턴이 0.0개 이내로 매우 정형화되어 있습니다. 주의사항: 한글깨짐, 비표준문자, 특수문자 항목이 검출되었습니다.",- 인코딩(UTF-8/EUC-KR) 변환 오류를 수정하여 한글 깨짐을 복구하십시오.
고객마스터.csv,주소,C (주의),"패턴이 0.0개 이내로 매우 정형화되어 있습니다. 주의사항: 한글깨짐, 비표준문자, 특수문자 항목이 검출되었습니다.",- 인코딩(UTF-8/EUC-KR) 변환 오류를 수정하여 한글 깨짐을 복구하십시오.
고객마스터.csv,상세주소,C (주의),"패턴이 0.0개 이내로 매우 정형화되어 있습니다. 주의사항: 한글깨짐, 비표준문자, 특수문자 항목이 검출되었습니다.",- 인코딩(UTF-8/EUC-KR) 변환 오류를 수정하여 한글 깨짐을 복구하십시오.
고객마스터.csv,우편번호,D (불량),총 920개의 유효 값을 가진 코드성 데이터입니다. 데이터 형식이 100.0종으로 분산되어 표준화가 필요합니다.,"- 필수 코드 컬럼의 Null 값을 제거하고 입력 로직을 점검하십시오.
- 데이터 입력 마스크를 도입하여 일관된 포맷을 유지하십시오."
고객마스터.csv,거래중지여부,C (주의),데이터 형식이 100.0종으로 분산되어 표준화가 필요합니다.,- 데이터 입력 마스크를 도입하여 일관된 포맷을 유지하십시오.
고객마스터.csv,거래중지사유,D (불량),총 9개의 유효 값을 가진 코드성 데이터입니다. 데이터 형식이 96.49종으로 분산되어 표준화가 필요합니다.,"- 필수 코드 컬럼의 Null 값을 제거하고 입력 로직을 점검하십시오.
- 데이터 입력 마스크를 도입하여 일관된 포맷을 유지하십시오."
고객마스터.csv,SFDC고객ID,C (주의),모든 값이 고유한 식별자(PK) 성격의 데이터입니다. 패턴이 0.0개 이내로 매우 정형화되어 있습니다.,- 필수 코드 컬럼의 Null 값을 제거하고 입력 로직을 점검하십시오.
고객마스터.csv,등록일시,B (양호),총 3207개의 유효 값을 가진 코드성 데이터입니다. 데이터 형식이 100.0종으로 분산되어 표준화가 필요합니다.,- 데이터 입력 마스크를 도입하여 일관된 포맷을 유지하십시오.
고객마스터.csv,최종사원업데이트일시,D (불량),총 2757개의 유효 값을 가진 코드성 데이터입니다. 데이터 형식이 100.0종으로 분산되어 표준화가 필요합니다.,"- 필수 코드 컬럼의 Null 값을 제거하고 입력 로직을 점검하십시오.
- 데이터 입력 마스크를 도입하여 일관된 포맷을 유지하십시오."
고객마스터.csv,TimeStamp,B (양호),모든 값이 고유한 식별자(PK) 성격의 데이터입니다. 데이터 형식이 100.0종으로 분산되어 표준화가 필요합니다.,- 데이터 입력 마스크를 도입하여 일관된 포맷을 유지하십시오.
고객유형.csv,고객유형코드,B (양호),모든 값이 고유한 식별자(PK) 성격의 데이터입니다. 데이터 형식이 100.0종으로 분산되어 표준화가 필요합니다.,- 데이터 입력 마스크를 도입하여 일관된 포맷을 유지하십시오.
고객유형.csv,고객유형명,B (양호),모든 값이 고유한 식별자(PK) 성격의 데이터입니다. 데이터 형식이 100.0종으로 분산되어 표준화가 필요합니다.,- 데이터 입력 마스크를 도입하여 일관된 포맷을 유지하십시오.
고객유형.csv,사용여부,B (양호),데이터 형식이 100.0종으로 분산되어 표준화가 필요합니다.,- 데이터 입력 마스크를 도입하여 일관된 포맷을 유지하십시오.
고객유형.csv,등록일시,B (양호),모든 값이 고유한 식별자(PK) 성격의 데이터입니다. 데이터 형식이 100.0종으로 분산되어 표준화가 필요합니다.,- 데이터 입력 마스크를 도입하여 일관된 포맷을 유지하십시오.
고객유형.csv,등록사용자ID,B (양호),데이터 형식이 100.0종으로 분산되어 표준화가 필요합니다.,- 데이터 입력 마스크를 도입하여 일관된 포맷을 유지하십시오.
고객유형.csv,변경사용자ID,B (양호),데이터 형식이 100.0종으로 분산되어 표준화가 필요합니다.,- 데이터 입력 마스크를 도입하여 일관된 포맷을 유지하십시오.
고객유형.csv,최종변경일시,B (양호),모든 값이 고유한 식별자(PK) 성격의 데이터입니다. 데이터 형식이 100.0종으로 분산되어 표준화가 필요합니다.,- 데이터 입력 마스크를 도입하여 일관된 포맷을 유지하십시오.
고객유형.csv,ETL일시,B (양호),데이터 형식이 100.0종으로 분산되어 표준화가 필요합니다.,- 데이터 입력 마스크를 도입하여 일관된 포맷을 유지하십시오.
고객유형.csv,TimeStamp,B (양호),모든 값이 고유한 식별자(PK) 성격의 데이터입니다. 데이터 형식이 100.0종으로 분산되어 표준화가 필요합니다.,- 데이터 입력 마스크를 도입하여 일관된 포맷을 유지하십시오.
관리회계BI_계정.csv,수익비용구분코드,B (양호),총 2개의 유효 값을 가진 코드성 데이터입니다. 데이터 형식이 100.0종으로 분산되어 표준화가 필요합니다.,- 데이터 입력 마스크를 도입하여 일관된 포맷을 유지하십시오.
관리회계BI_계정.csv,수익비용구분명,B (양호),총 2개의 유효 값을 가진 코드성 데이터입니다. 데이터 형식이 100.0종으로 분산되어 표준화가 필요합니다.,- 데이터 입력 마스크를 도입하여 일관된 포맷을 유지하십시오.
관리회계BI_계정.csv,상위계정과목코드,B (양호),총 20개의 유효 값을 가진 코드성 데이터입니다. 데이터 형식이 100.0종으로 분산되어 표준화가 필요합니다.,- 데이터 입력 마스크를 도입하여 일관된 포맷을 유지하십시오.
관리회계BI_계정.csv,상위계정과목명,B (양호),총 19개의 유효 값을 가진 코드성 데이터입니다. 데이터 형식이 98.56종으로 분산되어 표준화가 필요합니다.,- 데이터 입력 마스크를 도입하여 일관된 포맷을 유지하십시오.
관리회계BI_계정.csv,계정과목코드,B (양호),총 70개의 유효 값을 가진 코드성 데이터입니다. 데이터 형식이 100.0종으로 분산되어 표준화가 필요합니다.,- 데이터 입력 마스크를 도입하여 일관된 포맷을 유지하십시오.
관리회계BI_계정.csv,계정과목명,B (양호),데이터 형식이 98.28종으로 분산되어 표준화가 필요합니다.,- 데이터 입력 마스크를 도입하여 일관된 포맷을 유지하십시오.
관리회계BI_계정.csv,하위계정과목코드,B (양호),모든 값이 고유한 식별자(PK) 성격의 데이터입니다. 데이터 형식이 100.0종으로 분산되어 표준화가 필요합니다.,- 데이터 입력 마스크를 도입하여 일관된 포맷을 유지하십시오.
관리회계BI_계정.csv,하위계정과목명,B (양호),"패턴이 0.0개 이내로 매우 정형화되어 있습니다. 주의사항: 비표준문자, 특수문자 항목이 검출되었습니다.",현 상태 유지 및 정기 모니터링
관리회계BI_계정.csv,최초생성자ID,B (양호),총 1개의 유효 값을 가진 코드성 데이터입니다. 데이터 형식이 100.0종으로 분산되어 표준화가 필요합니다.,- 데이터 입력 마스크를 도입하여 일관된 포맷을 유지하십시오.
관리회계BI_계정.csv,최초생성일시,B (양호),데이터 형식이 100.0종으로 분산되어 표준화가 필요합니다.,- 데이터 입력 마스크를 도입하여 일관된 포맷을 유지하십시오.
관리회계BI_계정.csv,최종갱신자ID,B (양호),총 1개의 유효 값을 가진 코드성 데이터입니다. 데이터 형식이 100.0종으로 분산되어 표준화가 필요합니다.,- 데이터 입력 마스크를 도입하여 일관된 포맷을 유지하십시오.
관리회계BI_계정.csv,last_update_dtm,B (양호),데이터 형식이 100.0종으로 분산되어 표준화가 필요합니다.,- 데이터 입력 마스크를 도입하여 일관된 포맷을 유지하십시오.
관리회계BI_계정.csv,etl_dtm,B (양호),데이터 형식이 100.0종으로 분산되어 표준화가 필요합니다.,- 데이터 입력 마스크를 도입하여 일관된 포맷을 유지하십시오.
관리회계BI_계정.csv,TimeStamp,B (양호),모든 값이 고유한 식별자(PK) 성격의 데이터입니다. 데이터 형식이 100.0종으로 분산되어 표준화가 필요합니다.,- 데이터 입력 마스크를 도입하여 일관된 포맷을 유지하십시오.
관리회계BI_사업.csv,사업유형코드,B (양호),총 2개의 유효 값을 가진 코드성 데이터입니다. 데이터 형식이 100.0종으로 분산되어 표준화가 필요합니다.,- 데이터 입력 마스크를 도입하여 일관된 포맷을 유지하십시오.
관리회계BI_사업.csv,전사업코드,B (양호),총 1개의 유효 값을 가진 코드성 데이터입니다. 데이터 형식이 100.0종으로 분산되어 표준화가 필요합니다.,- 데이터 입력 마스크를 도입하여 일관된 포맷을 유지하십시오.
관리회계BI_사업.csv,전사업명,B (양호),총 1개의 유효 값을 가진 코드성 데이터입니다. 데이터 형식이 100.0종으로 분산되어 표준화가 필요합니다.,- 데이터 입력 마스크를 도입하여 일관된 포맷을 유지하십시오.
관리회계BI_사업.csv,대사업코드,B (양호),총 5개의 유효 값을 가진 코드성 데이터입니다. 데이터 형식이 99.52종으로 분산되어 표준화가 필요합니다.,- 데이터 입력 마스크를 도입하여 일관된 포맷을 유지하십시오.
관리회계BI_사업.csv,대사업명,B (양호),총 5개의 유효 값을 가진 코드성 데이터입니다. 데이터 형식이 96.62종으로 분산되어 표준화가 필요합니다.,- 데이터 입력 마스크를 도입하여 일관된 포맷을 유지하십시오.
관리회계BI_사업.csv,대사업,B (양호),총 5개의 유효 값을 가진 코드성 데이터입니다. 데이터 형식이 97.1종으로 분산되어 표준화가 필요합니다.,- 데이터 입력 마스크를 도입하여 일관된 포맷을 유지하십시오.
관리회계BI_사업.csv,중사업코드,B (양호),총 17개의 유효 값을 가진 코드성 데이터입니다. 데이터 형식이 99.52종으로 분산되어 표준화가 필요합니다.,- 데이터 입력 마스크를 도입하여 일관된 포맷을 유지하십시오.
관리회계BI_사업.csv,중사업명,B (양호),총 17개의 유효 값을 가진 코드성 데이터입니다. 데이터 형식이 99.52종으로 분산되어 표준화가 필요합니다.,- 데이터 입력 마스크를 도입하여 일관된 포맷을 유지하십시오.
관리회계BI_사업.csv,중사업,B (양호),총 17개의 유효 값을 가진 코드성 데이터입니다. 데이터 형식이 95.65종으로 분산되어 표준화가 필요합니다.,- 데이터 입력 마스크를 도입하여 일관된 포맷을 유지하십시오.
관리회계BI_사업.csv,소사업코드,B (양호),총 39개의 유효 값을 가진 코드성 데이터입니다. 데이터 형식이 99.52종으로 분산되어 표준화가 필요합니다.,- 데이터 입력 마스크를 도입하여 일관된 포맷을 유지하십시오.
관리회계BI_사업.csv,소사업명,B (양호),데이터 형식이 95.65000000000002종으로 분산되어 표준화가 필요합니다.,- 데이터 입력 마스크를 도입하여 일관된 포맷을 유지하십시오.
관리회계BI_사업.csv,소사업,B (양호),데이터 형식이 96.13종으로 분산되어 표준화가 필요합니다.,- 데이터 입력 마스크를 도입하여 일관된 포맷을 유지하십시오.
관리회계BI_사업.csv,사업코드,B (양호),총 104개의 유효 값을 가진 코드성 데이터입니다. 데이터 형식이 99.52종으로 분산되어 표준화가 필요합니다.,- 데이터 입력 마스크를 도입하여 일관된 포맷을 유지하십시오.
관리회계BI_사업.csv,사업명,A (우수),패턴이 0.0개 이내로 매우 정형화되어 있습니다.,현 상태 유지 및 정기 모니터링
관리회계BI_사업.csv,최초생성자ID,B (양호),총 1개의 유효 값을 가진 코드성 데이터입니다. 데이터 형식이 100.0종으로 분산되어 표준화가 필요합니다.,- 데이터 입력 마스크를 도입하여 일관된 포맷을 유지하십시오.
관리회계BI_사업.csv,최초생성일시,B (양호),데이터 형식이 100.0종으로 분산되어 표준화가 필요합니다.,- 데이터 입력 마스크를 도입하여 일관된 포맷을 유지하십시오.
관리회계BI_사업.csv,최종갱신자ID,B (양호),총 1개의 유효 값을 가진 코드성 데이터입니다. 데이터 형식이 100.0종으로 분산되어 표준화가 필요합니다.,- 데이터 입력 마스크를 도입하여 일관된 포맷을 유지하십시오.
관리회계BI_사업.csv,last_update_dtm,B (양호),데이터 형식이 100.0종으로 분산되어 표준화가 필요합니다.,- 데이터 입력 마스크를 도입하여 일관된 포맷을 유지하십시오.
관리회계BI_사업.csv,etl_dtm,B (양호),데이터 형식이 100.0종으로 분산되어 표준화가 필요합니다.,- 데이터 입력 마스크를 도입하여 일관된 포맷을 유지하십시오.
관리회계BI_사업.csv,TimeStamp,B (양호),모든 값이 고유한 식별자(PK) 성격의 데이터입니다. 데이터 형식이 100.0종으로 분산되어 표준화가 필요합니다.,- 데이터 입력 마스크를 도입하여 일관된 포맷을 유지하십시오.
관리회계BI_조직.csv,회사코드,B (양호),데이터 형식이 100.0종으로 분산되어 표준화가 필요합니다.,- 데이터 입력 마스크를 도입하여 일관된 포맷을 유지하십시오.
관리회계BI_조직.csv,회사명,B (양호),총 1개의 유효 값을 가진 코드성 데이터입니다. 데이터 형식이 100.0종으로 분산되어 표준화가 필요합니다.,- 데이터 입력 마스크를 도입하여 일관된 포맷을 유지하십시오.
관리회계BI_조직.csv,본부코드,B (양호),총 7개의 유효 값을 가진 코드성 데이터입니다. 데이터 형식이 99.76종으로 분산되어 표준화가 필요합니다.,- 데이터 입력 마스크를 도입하여 일관된 포맷을 유지하십시오.
관리회계BI_조직.csv,본부명,B (양호),총 7개의 유효 값을 가진 코드성 데이터입니다. 데이터 형식이 96.9종으로 분산되어 표준화가 필요합니다.,- 데이터 입력 마스크를 도입하여 일관된 포맷을 유지하십시오.
관리회계BI_조직.csv,지부코드,B (양호),총 64개의 유효 값을 가진 코드성 데이터입니다. 데이터 형식이 96.43종으로 분산되어 표준화가 필요합니다.,- 데이터 입력 마스크를 도입하여 일관된 포맷을 유지하십시오.
관리회계BI_조직.csv,지부명,B (양호),데이터 형식이 96.68종으로 분산되어 표준화가 필요합니다.,- 데이터 입력 마스크를 도입하여 일관된 포맷을 유지하십시오.
관리회계BI_조직.csv,지점코드,B (양호),총 355개의 유효 값을 가진 코드성 데이터입니다. 데이터 형식이 98.1종으로 분산되어 표준화가 필요합니다.,- 데이터 입력 마스크를 도입하여 일관된 포맷을 유지하십시오.
관리회계BI_조직.csv,지점명,A (우수),패턴이 0.0개 이내로 매우 정형화되어 있습니다.,현 상태 유지 및 정기 모니터링
관리회계BI_조직.csv,팀센터코드,B (양호),모든 값이 고유한 식별자(PK) 성격의 데이터입니다. 데이터 형식이 98.1종으로 분산되어 표준화가 필요합니다.,- 데이터 입력 마스크를 도입하여 일관된 포맷을 유지하십시오.
관리회계BI_조직.csv,팀센터명,A (우수),패턴이 0.0개 이내로 매우 정형화되어 있습니다.,현 상태 유지 및 정기 모니터링
관리회계BI_조직.csv,귀속부서조직코드,B (양호),모든 값이 고유한 식별자(PK) 성격의 데이터입니다. 데이터 형식이 98.1종으로 분산되어 표준화가 필요합니다.,- 데이터 입력 마스크를 도입하여 일관된 포맷을 유지하십시오.
관리회계BI_조직.csv,귀속부서조직명,A (우수),패턴이 0.0개 이내로 매우 정형화되어 있습니다.,현 상태 유지 및 정기 모니터링
관리회계BI_조직.csv,최초생성자ID,B (양호),총 1개의 유효 값을 가진 코드성 데이터입니다. 데이터 형식이 100.0종으로 분산되어 표준화가 필요합니다.,- 데이터 입력 마스크를 도입하여 일관된 포맷을 유지하십시오.
관리회계BI_조직.csv,최초생성일시,B (양호),데이터 형식이 100.0종으로 분산되어 표준화가 필요합니다.,- 데이터 입력 마스크를 도입하여 일관된 포맷을 유지하십시오.
관리회계BI_조직.csv,최종갱신자ID,B (양호),총 1개의 유효 값을 가진 코드성 데이터입니다. 데이터 형식이 100.0종으로 분산되어 표준화가 필요합니다.,- 데이터 입력 마스크를 도입하여 일관된 포맷을 유지하십시오.
관리회계BI_조직.csv,last_update_dtm,B (양호),데이터 형식이 100.0종으로 분산되어 표준화가 필요합니다.,- 데이터 입력 마스크를 도입하여 일관된 포맷을 유지하십시오.
관리회계BI_조직.csv,etl_dtm,B (양호),데이터 형식이 100.0종으로 분산되어 표준화가 필요합니다.,- 데이터 입력 마스크를 도입하여 일관된 포맷을 유지하십시오.
관리회계BI_조직.csv,TimeStamp,B (양호),모든 값이 고유한 식별자(PK) 성격의 데이터입니다. 데이터 형식이 100.0종으로 분산되어 표준화가 필요합니다.,- 데이터 입력 마스크를 도입하여 일관된 포맷을 유지하십시오.
관리회계QLIK_조직.csv,귀속부서조직코드,D (불량),모든 값이 고유한 식별자(PK) 성격의 데이터입니다. 데이터 형식이 98.49종으로 분산되어 표준화가 필요합니다.,"- 필수 코드 컬럼의 Null 값을 제거하고 입력 로직을 점검하십시오.
- 데이터 입력 마스크를 도입하여 일관된 포맷을 유지하십시오."
관리회계QLIK_조직.csv,귀속부서조직명,B (양호),패턴이 0.0개 이내로 매우 정형화되어 있습니다.,현 상태 유지 및 정기 모니터링
관리회계QLIK_조직.csv,조직LEVEL코드,D (불량),총 2개의 유효 값을 가진 코드성 데이터입니다. 데이터 형식이 100.0종으로 분산되어 표준화가 필요합니다.,"- 필수 코드 컬럼의 Null 값을 제거하고 입력 로직을 점검하십시오.
- 데이터 입력 마스크를 도입하여 일관된 포맷을 유지하십시오."
관리회계QLIK_조직.csv,지점코드,D (불량),총 331개의 유효 값을 가진 코드성 데이터입니다. 데이터 형식이 95.21종으로 분산되어 표준화가 필요합니다.,"- 필수 코드 컬럼의 Null 값을 제거하고 입력 로직을 점검하십시오.
- 데이터 입력 마스크를 도입하여 일관된 포맷을 유지하십시오."
관리회계QLIK_조직.csv,지점명,B (양호),패턴이 0.0개 이내로 매우 정형화되어 있습니다.,현 상태 유지 및 정기 모니터링
관리회계QLIK_조직.csv,지점LEVEL코드,D (불량),총 2개의 유효 값을 가진 코드성 데이터입니다. 데이터 형식이 100.0종으로 분산되어 표준화가 필요합니다.,"- 필수 코드 컬럼의 Null 값을 제거하고 입력 로직을 점검하십시오.
- 데이터 입력 마스크를 도입하여 일관된 포맷을 유지하십시오."
관리회계QLIK_조직.csv,지부코드,D (불량),총 54개의 유효 값을 가진 코드성 데이터입니다. 데이터 형식이 96.73종으로 분산되어 표준화가 필요합니다.,"- 필수 코드 컬럼의 Null 값을 제거하고 입력 로직을 점검하십시오.
- 데이터 입력 마스크를 도입하여 일관된 포맷을 유지하십시오."
관리회계QLIK_조직.csv,지부명,C (주의),데이터 형식이 95.45종으로 분산되어 표준화가 필요합니다.,- 데이터 입력 마스크를 도입하여 일관된 포맷을 유지하십시오.
관리회계QLIK_조직.csv,지부LEVEL코드,D (불량),총 1개의 유효 값을 가진 코드성 데이터입니다. 데이터 형식이 100.0종으로 분산되어 표준화가 필요합니다.,"- 필수 코드 컬럼의 Null 값을 제거하고 입력 로직을 점검하십시오.
- 데이터 입력 마스크를 도입하여 일관된 포맷을 유지하십시오."
관리회계QLIK_조직.csv,본부코드,D (불량),총 6개의 유효 값을 가진 코드성 데이터입니다. 데이터 형식이 100.0종으로 분산되어 표준화가 필요합니다.,"- 필수 코드 컬럼의 Null 값을 제거하고 입력 로직을 점검하십시오.
- 데이터 입력 마스크를 도입하여 일관된 포맷을 유지하십시오."
관리회계QLIK_조직.csv,본부명,D (불량),총 5개의 유효 값을 가진 코드성 데이터입니다. 데이터 형식이 97.1종으로 분산되어 표준화가 필요합니다.,"- 필수 코드 컬럼의 Null 값을 제거하고 입력 로직을 점검하십시오.
- 데이터 입력 마스크를 도입하여 일관된 포맷을 유지하십시오."
관리회계QLIK_조직.csv,본부LEVEL코드,D (불량),총 1개의 유효 값을 가진 코드성 데이터입니다. 데이터 형식이 100.0종으로 분산되어 표준화가 필요합니다.,"- 필수 코드 컬럼의 Null 값을 제거하고 입력 로직을 점검하십시오.
- 데이터 입력 마스크를 도입하여 일관된 포맷을 유지하십시오."
관리회계QLIK_조직.csv,본부명_Org,D (불량),총 6개의 유효 값을 가진 코드성 데이터입니다. 데이터 형식이 97.23종으로 분산되어 표준화가 필요합니다.,"- 필수 코드 컬럼의 Null 값을 제거하고 입력 로직을 점검하십시오.
- 데이터 입력 마스크를 도입하여 일관된 포맷을 유지하십시오."
관리회계QLIK_조직.csv,조직계층단계,D (불량),총 4개의 유효 값을 가진 코드성 데이터입니다. 데이터 형식이 100.0종으로 분산되어 표준화가 필요합니다.,"- 필수 코드 컬럼의 Null 값을 제거하고 입력 로직을 점검하십시오.
- 데이터 입력 마스크를 도입하여 일관된 포맷을 유지하십시오."
관리회계QLIK_조직.csv,TimeStamp,B (양호),모든 값이 고유한 식별자(PK) 성격의 데이터입니다. 데이터 형식이 100.0종으로 분산되어 표준화가 필요합니다.,- 데이터 입력 마스크를 도입하여 일관된 포맷을 유지하십시오.
관리회계_계정그룹.csv,배부계정GROUP코드,B (양호),모든 값이 고유한 식별자(PK) 성격의 데이터입니다. 데이터 형식이 100.0종으로 분산되어 표준화가 필요합니다.,- 데이터 입력 마스크를 도입하여 일관된 포맷을 유지하십시오.
관리회계_계정그룹.csv,배부계정GROUP명,B (양호),모든 값이 고유한 식별자(PK) 성격의 데이터입니다. 데이터 형식이 100.0종으로 분산되어 표준화가 필요합니다.,- 데이터 입력 마스크를 도입하여 일관된 포맷을 유지하십시오.
관리회계_계정그룹.csv,정렬순서,B (양호),모든 값이 고유한 식별자(PK) 성격의 데이터입니다. 데이터 형식이 100.0종으로 분산되어 표준화가 필요합니다.,- 데이터 입력 마스크를 도입하여 일관된 포맷을 유지하십시오.
관리회계_계정그룹.csv,사용여부,B (양호),데이터 형식이 100.0종으로 분산되어 표준화가 필요합니다.,- 데이터 입력 마스크를 도입하여 일관된 포맷을 유지하십시오.
관리회계_계정그룹.csv,최초생성자ID,B (양호),데이터 형식이 100.0종으로 분산되어 표준화가 필요합니다.,- 데이터 입력 마스크를 도입하여 일관된 포맷을 유지하십시오.
관리회계_계정그룹.csv,최초생성일시,B (양호),모든 값이 고유한 식별자(PK) 성격의 데이터입니다. 데이터 형식이 100.0종으로 분산되어 표준화가 필요합니다.,- 데이터 입력 마스크를 도입하여 일관된 포맷을 유지하십시오.
관리회계_계정그룹.csv,최종갱신자ID,B (양호),데이터 형식이 100.0종으로 분산되어 표준화가 필요합니다.,- 데이터 입력 마스크를 도입하여 일관된 포맷을 유지하십시오.
관리회계_계정그룹.csv,최종변경일시,B (양호),모든 값이 고유한 식별자(PK) 성격의 데이터입니다. 데이터 형식이 100.0종으로 분산되어 표준화가 필요합니다.,- 데이터 입력 마스크를 도입하여 일관된 포맷을 유지하십시오.
관리회계_계정그룹.csv,ETL일시,B (양호),데이터 형식이 100.0종으로 분산되어 표준화가 필요합니다.,- 데이터 입력 마스크를 도입하여 일관된 포맷을 유지하십시오.
관리회계_계정그룹.csv,TimeStamp,B (양호),모든 값이 고유한 식별자(PK) 성격의 데이터입니다. 데이터 형식이 100.0종으로 분산되어 표준화가 필요합니다.,- 데이터 입력 마스크를 도입하여 일관된 포맷을 유지하십시오.
관리회계_계정그룹상세.csv,배부계정GROUP코드,B (양호),총 3개의 유효 값을 가진 코드성 데이터입니다. 데이터 형식이 100.0종으로 분산되어 표준화가 필요합니다.,- 데이터 입력 마스크를 도입하여 일관된 포맷을 유지하십시오.
관리회계_계정그룹상세.csv,계정코드,B (양호),모든 값이 고유한 식별자(PK) 성격의 데이터입니다. 데이터 형식이 100.0종으로 분산되어 표준화가 필요합니다.,- 데이터 입력 마스크를 도입하여 일관된 포맷을 유지하십시오.
관리회계_계정그룹상세.csv,정렬순서,D (불량),모든 값이 고유한 식별자(PK) 성격의 데이터입니다. 데이터 형식이 100.0종으로 분산되어 표준화가 필요합니다.,"- 필수 코드 컬럼의 Null 값을 제거하고 입력 로직을 점검하십시오.
- 데이터 입력 마스크를 도입하여 일관된 포맷을 유지하십시오."
관리회계_계정그룹상세.csv,사용여부,B (양호),데이터 형식이 100.0종으로 분산되어 표준화가 필요합니다.,- 데이터 입력 마스크를 도입하여 일관된 포맷을 유지하십시오.
관리회계_계정그룹상세.csv,최초생성자ID,B (양호),총 2개의 유효 값을 가진 코드성 데이터입니다. 데이터 형식이 100.0종으로 분산되어 표준화가 필요합니다.,- 데이터 입력 마스크를 도입하여 일관된 포맷을 유지하십시오.
관리회계_계정그룹상세.csv,최초생성일시,B (양호),모든 값이 고유한 식별자(PK) 성격의 데이터입니다. 데이터 형식이 100.0종으로 분산되어 표준화가 필요합니다.,- 데이터 입력 마스크를 도입하여 일관된 포맷을 유지하십시오.
관리회계_계정그룹상세.csv,최종갱신자ID,B (양호),총 2개의 유효 값을 가진 코드성 데이터입니다. 데이터 형식이 100.0종으로 분산되어 표준화가 필요합니다.,- 데이터 입력 마스크를 도입하여 일관된 포맷을 유지하십시오.
관리회계_계정그룹상세.csv,최종변경일시,B (양호),모든 값이 고유한 식별자(PK) 성격의 데이터입니다. 데이터 형식이 100.0종으로 분산되어 표준화가 필요합니다.,- 데이터 입력 마스크를 도입하여 일관된 포맷을 유지하십시오.
관리회계_계정그룹상세.csv,ETL일시,B (양호),데이터 형식이 100.0종으로 분산되어 표준화가 필요합니다.,- 데이터 입력 마스크를 도입하여 일관된 포맷을 유지하십시오.
관리회계_계정그룹상세.csv,TimeStamp,B (양호),모든 값이 고유한 식별자(PK) 성격의 데이터입니다. 데이터 형식이 100.0종으로 분산되어 표준화가 필요합니다.,- 데이터 입력 마스크를 도입하여 일관된 포맷을 유지하십시오.
관리회계_고객.csv,사업자등록번호,B (양호),모든 값이 고유한 식별자(PK) 성격의 데이터입니다. 데이터 형식이 99.78종으로 분산되어 표준화가 필요합니다.,- 데이터 입력 마스크를 도입하여 일관된 포맷을 유지하십시오.
관리회계_고객.csv,고객명,B (양호),"모든 값이 고유한 식별자(PK) 성격의 데이터입니다. 패턴이 0.0개 이내로 매우 정형화되어 있습니다. 주의사항: 비표준문자, 특수문자 항목이 검출되었습니다.",현 상태 유지 및 정기 모니터링
관리회계_고객.csv,법인번호,D (불량),총 283개의 유효 값을 가진 코드성 데이터입니다. 데이터 형식이 99.92종으로 분산되어 표준화가 필요합니다.,"- 필수 코드 컬럼의 Null 값을 제거하고 입력 로직을 점검하십시오.
- 데이터 입력 마스크를 도입하여 일관된 포맷을 유지하십시오."
관리회계_고객.csv,고객구분코드,B (양호),데이터 형식이 100.0종으로 분산되어 표준화가 필요합니다.,- 데이터 입력 마스크를 도입하여 일관된 포맷을 유지하십시오.
관리회계_고객.csv,최초생성자ID,D (불량),총 8개의 유효 값을 가진 코드성 데이터입니다. 데이터 형식이 100.01종으로 분산되어 표준화가 필요합니다.,"- 필수 코드 컬럼의 Null 값을 제거하고 입력 로직을 점검하십시오.
- 데이터 입력 마스크를 도입하여 일관된 포맷을 유지하십시오."
관리회계_고객.csv,최초생성일시,D (불량),총 257개의 유효 값을 가진 코드성 데이터입니다. 데이터 형식이 100.0종으로 분산되어 표준화가 필요합니다.,"- 필수 코드 컬럼의 Null 값을 제거하고 입력 로직을 점검하십시오.
- 데이터 입력 마스크를 도입하여 일관된 포맷을 유지하십시오."
관리회계_고객.csv,최종갱신자ID,D (불량),총 8개의 유효 값을 가진 코드성 데이터입니다. 데이터 형식이 100.0종으로 분산되어 표준화가 필요합니다.,"- 필수 코드 컬럼의 Null 값을 제거하고 입력 로직을 점검하십시오.
- 데이터 입력 마스크를 도입하여 일관된 포맷을 유지하십시오."
관리회계_고객.csv,최종변경일시,D (불량),총 256개의 유효 값을 가진 코드성 데이터입니다. 데이터 형식이 100.0종으로 분산되어 표준화가 필요합니다.,"- 필수 코드 컬럼의 Null 값을 제거하고 입력 로직을 점검하십시오.
- 데이터 입력 마스크를 도입하여 일관된 포맷을 유지하십시오."
관리회계_고객.csv,ETL일시,B (양호),총 1개의 유효 값을 가진 코드성 데이터입니다. 데이터 형식이 100.0종으로 분산되어 표준화가 필요합니다.,- 데이터 입력 마스크를 도입하여 일관된 포맷을 유지하십시오.
관리회계_고객.csv,TimeStamp,B (양호),모든 값이 고유한 식별자(PK) 성격의 데이터입니다. 데이터 형식이 100.0종으로 분산되어 표준화가 필요합니다.,- 데이터 입력 마스크를 도입하여 일관된 포맷을 유지하십시오.
관리회계_공통코드.csv,관리회계분류공통코드,A (우수),패턴이 0.0개 이내로 매우 정형화되어 있습니다.,현 상태 유지 및 정기 모니터링
관리회계_공통코드.csv,관리회계공통코드,A (우수),패턴이 0.0개 이내로 매우 정형화되어 있습니다.,현 상태 유지 및 정기 모니터링
관리회계_공통코드.csv,관리회계공통코드명,A (우수),패턴이 0.0개 이내로 매우 정형화되어 있습니다.,현 상태 유지 및 정기 모니터링
관리회계_공통코드.csv,관리회계공통코드설명,B (양호),패턴이 0.0개 이내로 매우 정형화되어 있습니다.,현 상태 유지 및 정기 모니터링
관리회계_공통코드.csv,제1속성값,B (양호),패턴이 0.0개 이내로 매우 정형화되어 있습니다.,현 상태 유지 및 정기 모니터링
관리회계_공통코드.csv,제2속성값,D (불량),총 15개의 유효 값을 가진 코드성 데이터입니다. 데이터 형식이 96.96종으로 분산되어 표준화가 필요합니다.,"- 필수 코드 컬럼의 Null 값을 제거하고 입력 로직을 점검하십시오.
- 데이터 입력 마스크를 도입하여 일관된 포맷을 유지하십시오."
관리회계_공통코드.csv,제3속성값,C (주의),데이터 형식이 100.0종으로 분산되어 표준화가 필요합니다.,- 데이터 입력 마스크를 도입하여 일관된 포맷을 유지하십시오.
관리회계_공통코드.csv,제4속성값,C (주의),데이터 형식이 100.0종으로 분산되어 표준화가 필요합니다.,- 데이터 입력 마스크를 도입하여 일관된 포맷을 유지하십시오.
관리회계_공통코드.csv,정렬순서,D (불량),총 27개의 유효 값을 가진 코드성 데이터입니다. 데이터 형식이 96.3종으로 분산되어 표준화가 필요합니다.,"- 필수 코드 컬럼의 Null 값을 제거하고 입력 로직을 점검하십시오.
- 데이터 입력 마스크를 도입하여 일관된 포맷을 유지하십시오."
관리회계_공통코드.csv,사용여부,B (양호),데이터 형식이 100.0종으로 분산되어 표준화가 필요합니다.,- 데이터 입력 마스크를 도입하여 일관된 포맷을 유지하십시오.
관리회계_공통코드.csv,최초생성자ID,D (불량),총 3개의 유효 값을 가진 코드성 데이터입니다. 데이터 형식이 100.0종으로 분산되어 표준화가 필요합니다.,"- 필수 코드 컬럼의 Null 값을 제거하고 입력 로직을 점검하십시오.
- 데이터 입력 마스크를 도입하여 일관된 포맷을 유지하십시오."
관리회계_공통코드.csv,최초생성일시,C (주의),데이터 형식이 100.0종으로 분산되어 표준화가 필요합니다.,"- 데이터 입력 마스크를 도입하여 일관된 포맷을 유지하십시오.
- 기준 시간 정보의 누락은 시계열 분석의 정확도를 저하시킵니다."
관리회계_공통코드.csv,최종갱신자ID,D (불량),총 4개의 유효 값을 가진 코드성 데이터입니다. 데이터 형식이 99.99종으로 분산되어 표준화가 필요합니다.,"- 필수 코드 컬럼의 Null 값을 제거하고 입력 로직을 점검하십시오.
- 데이터 입력 마스크를 도입하여 일관된 포맷을 유지하십시오."
관리회계_공통코드.csv,최종변경일시,C (주의),데이터 형식이 100.0종으로 분산되어 표준화가 필요합니다.,"- 데이터 입력 마스크를 도입하여 일관된 포맷을 유지하십시오.
- 기준 시간 정보의 누락은 시계열 분석의 정확도를 저하시킵니다."
관리회계_공통코드.csv,ETL일시,B (양호),데이터 형식이 100.0종으로 분산되어 표준화가 필요합니다.,- 데이터 입력 마스크를 도입하여 일관된 포맷을 유지하십시오.
관리회계_공통코드.csv,TimeStamp,B (양호),모든 값이 고유한 식별자(PK) 성격의 데이터입니다. 데이터 형식이 100.0종으로 분산되어 표준화가 필요합니다.,- 데이터 입력 마스크를 도입하여 일관된 포맷을 유지하십시오.
관리회계_분류공통코드.csv,관리회계분류공통코드,A (우수),모든 값이 고유한 식별자(PK) 성격의 데이터입니다. 패턴이 0.0개 이내로 매우 정형화되어 있습니다.,현 상태 유지 및 정기 모니터링
관리회계_분류공통코드.csv,분류공통코드명,A (우수),모든 값이 고유한 식별자(PK) 성격의 데이터입니다. 패턴이 0.0개 이내로 매우 정형화되어 있습니다.,현 상태 유지 및 정기 모니터링
관리회계_분류공통코드.csv,사용여부,B (양호),데이터 형식이 100.0종으로 분산되어 표준화가 필요합니다.,- 데이터 입력 마스크를 도입하여 일관된 포맷을 유지하십시오.
관리회계_분류공통코드.csv,최초생성자ID,C (주의),데이터 형식이 99.99종으로 분산되어 표준화가 필요합니다.,- 데이터 입력 마스크를 도입하여 일관된 포맷을 유지하십시오.
관리회계_분류공통코드.csv,최초생성일시,C (주의),데이터 형식이 100.0종으로 분산되어 표준화가 필요합니다.,"- 데이터 입력 마스크를 도입하여 일관된 포맷을 유지하십시오.
- 기준 시간 정보의 누락은 시계열 분석의 정확도를 저하시킵니다."
관리회계_분류공통코드.csv,최종갱신자ID,C (주의),데이터 형식이 100.0종으로 분산되어 표준화가 필요합니다.,- 데이터 입력 마스크를 도입하여 일관된 포맷을 유지하십시오.
관리회계_분류공통코드.csv,최종변경일시,C (주의),데이터 형식이 100.0종으로 분산되어 표준화가 필요합니다.,"- 데이터 입력 마스크를 도입하여 일관된 포맷을 유지하십시오.
- 기준 시간 정보의 누락은 시계열 분석의 정확도를 저하시킵니다."
관리회계_분류공통코드.csv,ETL일시,B (양호),데이터 형식이 100.0종으로 분산되어 표준화가 필요합니다.,- 데이터 입력 마스크를 도입하여 일관된 포맷을 유지하십시오.
관리회계_분류공통코드.csv,TimeStamp,B (양호),모든 값이 고유한 식별자(PK) 성격의 데이터입니다. 데이터 형식이 100.0종으로 분산되어 표준화가 필요합니다.,- 데이터 입력 마스크를 도입하여 일관된 포맷을 유지하십시오.
관리회계_사업.csv,사업유형코드,B (양호),총 2개의 유효 값을 가진 코드성 데이터입니다. 데이터 형식이 100.0종으로 분산되어 표준화가 필요합니다.,- 데이터 입력 마스크를 도입하여 일관된 포맷을 유지하십시오.
관리회계_사업.csv,사업코드,B (양호),총 238개의 유효 값을 가진 코드성 데이터입니다. 데이터 형식이 100.0종으로 분산되어 표준화가 필요합니다.,- 데이터 입력 마스크를 도입하여 일관된 포맷을 유지하십시오.
관리회계_사업.csv,유효시작일자V,B (양호),총 2개의 유효 값을 가진 코드성 데이터입니다. 데이터 형식이 100.0종으로 분산되어 표준화가 필요합니다.,- 데이터 입력 마스크를 도입하여 일관된 포맷을 유지하십시오.
관리회계_사업.csv,사업명,A (우수),패턴이 0.0개 이내로 매우 정형화되어 있습니다.,현 상태 유지 및 정기 모니터링
관리회계_사업.csv,상위사업코드,D (불량),총 80개의 유효 값을 가진 코드성 데이터입니다. 데이터 형식이 100.0종으로 분산되어 표준화가 필요합니다.,"- 필수 코드 컬럼의 Null 값을 제거하고 입력 로직을 점검하십시오.
- 데이터 입력 마스크를 도입하여 일관된 포맷을 유지하십시오."
관리회계_사업.csv,사업LEVEL코드,D (불량),총 4개의 유효 값을 가진 코드성 데이터입니다. 데이터 형식이 100.0종으로 분산되어 표준화가 필요합니다.,"- 필수 코드 컬럼의 Null 값을 제거하고 입력 로직을 점검하십시오.
- 데이터 입력 마스크를 도입하여 일관된 포맷을 유지하십시오."
관리회계_사업.csv,유효종료일자V,B (양호),총 1개의 유효 값을 가진 코드성 데이터입니다. 데이터 형식이 100.0종으로 분산되어 표준화가 필요합니다.,- 데이터 입력 마스크를 도입하여 일관된 포맷을 유지하십시오.
관리회계_사업.csv,정렬순서,B (양호),모든 값이 고유한 식별자(PK) 성격의 데이터입니다. 데이터 형식이 97.81종으로 분산되어 표준화가 필요합니다.,- 데이터 입력 마스크를 도입하여 일관된 포맷을 유지하십시오.
관리회계_사업.csv,최초생성자ID,B (양호),총 1개의 유효 값을 가진 코드성 데이터입니다. 데이터 형식이 100.0종으로 분산되어 표준화가 필요합니다.,- 데이터 입력 마스크를 도입하여 일관된 포맷을 유지하십시오.
관리회계_사업.csv,최초생성일시,B (양호),총 4개의 유효 값을 가진 코드성 데이터입니다. 데이터 형식이 100.0종으로 분산되어 표준화가 필요합니다.,- 데이터 입력 마스크를 도입하여 일관된 포맷을 유지하십시오.
관리회계_사업.csv,최종갱신자ID,B (양호),총 1개의 유효 값을 가진 코드성 데이터입니다. 데이터 형식이 100.0종으로 분산되어 표준화가 필요합니다.,- 데이터 입력 마스크를 도입하여 일관된 포맷을 유지하십시오.
관리회계_사업.csv,최종변경일시,B (양호),총 4개의 유효 값을 가진 코드성 데이터입니다. 데이터 형식이 100.0종으로 분산되어 표준화가 필요합니다.,- 데이터 입력 마스크를 도입하여 일관된 포맷을 유지하십시오.
관리회계_사업.csv,ETL일시,B (양호),총 1개의 유효 값을 가진 코드성 데이터입니다. 데이터 형식이 100.0종으로 분산되어 표준화가 필요합니다.,- 데이터 입력 마스크를 도입하여 일관된 포맷을 유지하십시오.
관리회계_사업.csv,TimeStamp,B (양호),모든 값이 고유한 식별자(PK) 성격의 데이터입니다. 데이터 형식이 100.0종으로 분산되어 표준화가 필요합니다.,- 데이터 입력 마스크를 도입하여 일관된 포맷을 유지하십시오.
관리회계_조직.csv,부서조직코드,B (양호),모든 값이 고유한 식별자(PK) 성격의 데이터입니다. 데이터 형식이 98.1종으로 분산되어 표준화가 필요합니다.,- 데이터 입력 마스크를 도입하여 일관된 포맷을 유지하십시오.
관리회계_조직.csv,유효시작일자V,B (양호),총 1개의 유효 값을 가진 코드성 데이터입니다. 데이터 형식이 100.0종으로 분산되어 표준화가 필요합니다.,- 데이터 입력 마스크를 도입하여 일관된 포맷을 유지하십시오.
관리회계_조직.csv,부서조직명,A (우수),패턴이 0.0개 이내로 매우 정형화되어 있습니다.,현 상태 유지 및 정기 모니터링
관리회계_조직.csv,상위부서조직코드,D (불량),총 95개의 유효 값을 가진 코드성 데이터입니다. 데이터 형식이 95.7종으로 분산되어 표준화가 필요합니다.,"- 필수 코드 컬럼의 Null 값을 제거하고 입력 로직을 점검하십시오.
- 데이터 입력 마스크를 도입하여 일관된 포맷을 유지하십시오."
관리회계_조직.csv,조직LEVEL코드,D (불량),총 3개의 유효 값을 가진 코드성 데이터입니다. 데이터 형식이 100.0종으로 분산되어 표준화가 필요합니다.,"- 필수 코드 컬럼의 Null 값을 제거하고 입력 로직을 점검하십시오.
- 데이터 입력 마스크를 도입하여 일관된 포맷을 유지하십시오."
관리회계_조직.csv,조직유형코드,D (불량),총 29개의 유효 값을 가진 코드성 데이터입니다. 데이터 형식이 100.0종으로 분산되어 표준화가 필요합니다.,"- 필수 코드 컬럼의 Null 값을 제거하고 입력 로직을 점검하십시오.
- 데이터 입력 마스크를 도입하여 일관된 포맷을 유지하십시오."
관리회계_조직.csv,유효종료일자V,B (양호),총 11개의 유효 값을 가진 코드성 데이터입니다. 데이터 형식이 100.0종으로 분산되어 표준화가 필요합니다.,- 데이터 입력 마스크를 도입하여 일관된 포맷을 유지하십시오.
관리회계_조직.csv,정렬순서,B (양호),모든 값이 고유한 식별자(PK) 성격의 데이터입니다. 데이터 형식이 97.86종으로 분산되어 표준화가 필요합니다.,- 데이터 입력 마스크를 도입하여 일관된 포맷을 유지하십시오.
관리회계_조직.csv,최초생성자ID,B (양호),총 1개의 유효 값을 가진 코드성 데이터입니다. 데이터 형식이 100.0종으로 분산되어 표준화가 필요합니다.,- 데이터 입력 마스크를 도입하여 일관된 포맷을 유지하십시오.
관리회계_조직.csv,최초생성일시,B (양호),총 5개의 유효 값을 가진 코드성 데이터입니다. 데이터 형식이 100.0종으로 분산되어 표준화가 필요합니다.,- 데이터 입력 마스크를 도입하여 일관된 포맷을 유지하십시오.
관리회계_조직.csv,최종갱신자ID,B (양호),총 1개의 유효 값을 가진 코드성 데이터입니다. 데이터 형식이 100.0종으로 분산되어 표준화가 필요합니다.,- 데이터 입력 마스크를 도입하여 일관된 포맷을 유지하십시오.
관리회계_조직.csv,최종변경일시,B (양호),총 5개의 유효 값을 가진 코드성 데이터입니다. 데이터 형식이 100.0종으로 분산되어 표준화가 필요합니다.,- 데이터 입력 마스크를 도입하여 일관된 포맷을 유지하십시오.
관리회계_조직.csv,ETL일시,B (양호),총 1개의 유효 값을 가진 코드성 데이터입니다. 데이터 형식이 100.0종으로 분산되어 표준화가 필요합니다.,- 데이터 입력 마스크를 도입하여 일관된 포맷을 유지하십시오.
관리회계_조직.csv,TimeStamp,B (양호),모든 값이 고유한 식별자(PK) 성격의 데이터입니다. 데이터 형식이 100.0종으로 분산되어 표준화가 필요합니다.,- 데이터 입력 마스크를 도입하여 일관된 포맷을 유지하십시오.
관리회계_조직_test.csv,귀속부서조직코드,B (양호),데이터 형식이 100.0종으로 분산되어 표준화가 필요합니다.,- 데이터 입력 마스크를 도입하여 일관된 포맷을 유지하십시오.
관리회계_조직_test.csv,유효시작일자V,C (주의),데이터 형식이 100.0종으로 분산되어 표준화가 필요합니다.,- 데이터 입력 마스크를 도입하여 일관된 포맷을 유지하십시오.
관리회계_조직_test.csv,귀속부서조직명,C (주의),데이터 형식이 100.0종으로 분산되어 표준화가 필요합니다.,- 데이터 입력 마스크를 도입하여 일관된 포맷을 유지하십시오.
관리회계_조직_test.csv,상위귀속부서조직코드,C (주의),데이터 형식이 99.99종으로 분산되어 표준화가 필요합니다.,- 데이터 입력 마스크를 도입하여 일관된 포맷을 유지하십시오.
관리회계_조직_test.csv,조직유형코드,C (주의),모든 값이 고유한 식별자(PK) 성격의 데이터입니다. 데이터 형식이 100.0종으로 분산되어 표준화가 필요합니다.,- 데이터 입력 마스크를 도입하여 일관된 포맷을 유지하십시오.
관리회계_조직_test.csv,유효종료일자V,C (주의),데이터 형식이 100.0종으로 분산되어 표준화가 필요합니다.,- 데이터 입력 마스크를 도입하여 일관된 포맷을 유지하십시오.
관리회계_조직_test.csv,정렬순서,C (주의),데이터 형식이 100.0종으로 분산되어 표준화가 필요합니다.,- 데이터 입력 마스크를 도입하여 일관된 포맷을 유지하십시오.
관리회계_조직_test.csv,최초생성자ID,C (주의),데이터 형식이 100.0종으로 분산되어 표준화가 필요합니다.,- 데이터 입력 마스크를 도입하여 일관된 포맷을 유지하십시오.
관리회계_조직_test.csv,최초생성일시,C (주의),데이터 형식이 100.0종으로 분산되어 표준화가 필요합니다.,- 데이터 입력 마스크를 도입하여 일관된 포맷을 유지하십시오.
관리회계_조직_test.csv,최종갱신자ID,C (주의),데이터 형식이 100.0종으로 분산되어 표준화가 필요합니다.,- 데이터 입력 마스크를 도입하여 일관된 포맷을 유지하십시오.
관리회계_조직_test.csv,최종변경일시,C (주의),데이터 형식이 100.0종으로 분산되어 표준화가 필요합니다.,- 데이터 입력 마스크를 도입하여 일관된 포맷을 유지하십시오.
관리회계_조직_test.csv,ETL일시,C (주의),데이터 형식이 100.0종으로 분산되어 표준화가 필요합니다.,- 데이터 입력 마스크를 도입하여 일관된 포맷을 유지하십시오.
관리회계_조직_test.csv,TimeStamp,B (양호),모든 값이 고유한 식별자(PK) 성격의 데이터입니다. 데이터 형식이 100.0종으로 분산되어 표준화가 필요합니다.,- 데이터 입력 마스크를 도입하여 일관된 포맷을 유지하십시오.
관리회계_조직그룹.csv,귀속부서조직GROUP코드,B (양호),모든 값이 고유한 식별자(PK) 성격의 데이터입니다. 데이터 형식이 100.0종으로 분산되어 표준화가 필요합니다.,- 데이터 입력 마스크를 도입하여 일관된 포맷을 유지하십시오.
관리회계_조직그룹.csv,귀속부서조직GROUP명,B (양호),모든 값이 고유한 식별자(PK) 성격의 데이터입니다. 데이터 형식이 100.0종으로 분산되어 표준화가 필요합니다.,- 데이터 입력 마스크를 도입하여 일관된 포맷을 유지하십시오.
관리회계_조직그룹.csv,정렬순서,B (양호),모든 값이 고유한 식별자(PK) 성격의 데이터입니다. 데이터 형식이 100.0종으로 분산되어 표준화가 필요합니다.,- 데이터 입력 마스크를 도입하여 일관된 포맷을 유지하십시오.
관리회계_조직그룹.csv,사용여부,B (양호),데이터 형식이 100.0종으로 분산되어 표준화가 필요합니다.,- 데이터 입력 마스크를 도입하여 일관된 포맷을 유지하십시오.
관리회계_조직그룹.csv,최초생성자ID,B (양호),데이터 형식이 100.0종으로 분산되어 표준화가 필요합니다.,- 데이터 입력 마스크를 도입하여 일관된 포맷을 유지하십시오.
관리회계_조직그룹.csv,최초생성일시,B (양호),모든 값이 고유한 식별자(PK) 성격의 데이터입니다. 데이터 형식이 100.0종으로 분산되어 표준화가 필요합니다.,- 데이터 입력 마스크를 도입하여 일관된 포맷을 유지하십시오.
관리회계_조직그룹.csv,최종갱신자ID,B (양호),데이터 형식이 100.0종으로 분산되어 표준화가 필요합니다.,- 데이터 입력 마스크를 도입하여 일관된 포맷을 유지하십시오.
관리회계_조직그룹.csv,최종변경일시,B (양호),모든 값이 고유한 식별자(PK) 성격의 데이터입니다. 데이터 형식이 100.0종으로 분산되어 표준화가 필요합니다.,- 데이터 입력 마스크를 도입하여 일관된 포맷을 유지하십시오.
관리회계_조직그룹.csv,ETL일시,B (양호),데이터 형식이 100.0종으로 분산되어 표준화가 필요합니다.,- 데이터 입력 마스크를 도입하여 일관된 포맷을 유지하십시오.
관리회계_조직그룹.csv,TimeStamp,B (양호),모든 값이 고유한 식별자(PK) 성격의 데이터입니다. 데이터 형식이 100.0종으로 분산되어 표준화가 필요합니다.,- 데이터 입력 마스크를 도입하여 일관된 포맷을 유지하십시오.
관리회계_조직그룹상세.csv,귀속부서조직GROUP코드,B (양호),총 9개의 유효 값을 가진 코드성 데이터입니다. 데이터 형식이 98.28종으로 분산되어 표준화가 필요합니다.,- 데이터 입력 마스크를 도입하여 일관된 포맷을 유지하십시오.
관리회계_조직그룹상세.csv,귀속부서조직코드,B (양호),총 282개의 유효 값을 가진 코드성 데이터입니다. 데이터 형식이 99.43종으로 분산되어 표준화가 필요합니다.,- 데이터 입력 마스크를 도입하여 일관된 포맷을 유지하십시오.
관리회계_조직그룹상세.csv,정렬순서,B (양호),모든 값이 고유한 식별자(PK) 성격의 데이터입니다. 데이터 형식이 97.42종으로 분산되어 표준화가 필요합니다.,- 데이터 입력 마스크를 도입하여 일관된 포맷을 유지하십시오.
관리회계_조직그룹상세.csv,사용여부,B (양호),데이터 형식이 100.0종으로 분산되어 표준화가 필요합니다.,- 데이터 입력 마스크를 도입하여 일관된 포맷을 유지하십시오.
관리회계_조직그룹상세.csv,최초생성자ID,B (양호),총 1개의 유효 값을 가진 코드성 데이터입니다. 데이터 형식이 100.0종으로 분산되어 표준화가 필요합니다.,- 데이터 입력 마스크를 도입하여 일관된 포맷을 유지하십시오.
관리회계_조직그룹상세.csv,최초생성일시,B (양호),데이터 형식이 100.0종으로 분산되어 표준화가 필요합니다.,- 데이터 입력 마스크를 도입하여 일관된 포맷을 유지하십시오.
관리회계_조직그룹상세.csv,최종갱신자ID,B (양호),총 1개의 유효 값을 가진 코드성 데이터입니다. 데이터 형식이 100.0종으로 분산되어 표준화가 필요합니다.,- 데이터 입력 마스크를 도입하여 일관된 포맷을 유지하십시오.
관리회계_조직그룹상세.csv,최종변경일시,B (양호),데이터 형식이 100.0종으로 분산되어 표준화가 필요합니다.,- 데이터 입력 마스크를 도입하여 일관된 포맷을 유지하십시오.
관리회계_조직그룹상세.csv,ETL일시,B (양호),데이터 형식이 100.0종으로 분산되어 표준화가 필요합니다.,- 데이터 입력 마스크를 도입하여 일관된 포맷을 유지하십시오.
관리회계_조직그룹상세.csv,TimeStamp,B (양호),모든 값이 고유한 식별자(PK) 성격의 데이터입니다. 데이터 형식이 100.0종으로 분산되어 표준화가 필요합니다.,- 데이터 입력 마스크를 도입하여 일관된 포맷을 유지하십시오.
관리회계계정.csv,관리회계계정코드,B (양호),모든 값이 고유한 식별자(PK) 성격의 데이터입니다. 데이터 형식이 100.0종으로 분산되어 표준화가 필요합니다.,- 데이터 입력 마스크를 도입하여 일관된 포맷을 유지하십시오.
관리회계계정.csv,계정명,B (양호),"패턴이 0.0개 이내로 매우 정형화되어 있습니다. 주의사항: 비표준문자, 특수문자 항목이 검출되었습니다.",현 상태 유지 및 정기 모니터링
관리회계계정.csv,관리회계상위계정코드,B (양호),총 63개의 유효 값을 가진 코드성 데이터입니다. 데이터 형식이 99.51종으로 분산되어 표준화가 필요합니다.,- 데이터 입력 마스크를 도입하여 일관된 포맷을 유지하십시오.
관리회계계정.csv,관리회계계정유형코드,D (불량),총 16개의 유효 값을 가진 코드성 데이터입니다. 데이터 형식이 100.0종으로 분산되어 표준화가 필요합니다.,"- 필수 코드 컬럼의 Null 값을 제거하고 입력 로직을 점검하십시오.
- 데이터 입력 마스크를 도입하여 일관된 포맷을 유지하십시오."
관리회계계정.csv,관리회계계정속성값1,C (주의),데이터 형식이 100.0종으로 분산되어 표준화가 필요합니다.,- 데이터 입력 마스크를 도입하여 일관된 포맷을 유지하십시오.
관리회계계정.csv,관리회계계정속성값2,C (주의),모든 값이 고유한 식별자(PK) 성격의 데이터입니다. 데이터 형식이 100.02종으로 분산되어 표준화가 필요합니다.,- 데이터 입력 마스크를 도입하여 일관된 포맷을 유지하십시오.
관리회계계정.csv,정렬순서,B (양호),모든 값이 고유한 식별자(PK) 성격의 데이터입니다. 데이터 형식이 97.8종으로 분산되어 표준화가 필요합니다.,- 데이터 입력 마스크를 도입하여 일관된 포맷을 유지하십시오.
관리회계계정.csv,최초생성자ID,B (양호),총 1개의 유효 값을 가진 코드성 데이터입니다. 데이터 형식이 100.0종으로 분산되어 표준화가 필요합니다.,- 데이터 입력 마스크를 도입하여 일관된 포맷을 유지하십시오.
관리회계계정.csv,최초생성일시,B (양호),총 5개의 유효 값을 가진 코드성 데이터입니다. 데이터 형식이 100.0종으로 분산되어 표준화가 필요합니다.,- 데이터 입력 마스크를 도입하여 일관된 포맷을 유지하십시오.
관리회계계정.csv,최종갱신자ID,B (양호),총 1개의 유효 값을 가진 코드성 데이터입니다. 데이터 형식이 100.0종으로 분산되어 표준화가 필요합니다.,- 데이터 입력 마스크를 도입하여 일관된 포맷을 유지하십시오.
관리회계계정.csv,최종변경일시,B (양호),총 5개의 유효 값을 가진 코드성 데이터입니다. 데이터 형식이 100.0종으로 분산되어 표준화가 필요합니다.,- 데이터 입력 마스크를 도입하여 일관된 포맷을 유지하십시오.
관리회계계정.csv,ETL일시,B (양호),총 1개의 유효 값을 가진 코드성 데이터입니다. 데이터 형식이 100.0종으로 분산되어 표준화가 필요합니다.,- 데이터 입력 마스크를 도입하여 일관된 포맷을 유지하십시오.
관리회계계정.csv,create_time,B (양호),모든 값이 고유한 식별자(PK) 성격의 데이터입니다. 데이터 형식이 100.0종으로 분산되어 표준화가 필요합니다.,- 데이터 입력 마스크를 도입하여 일관된 포맷을 유지하십시오.
관리회계계정.csv,TimeStamp,B (양호),모든 값이 고유한 식별자(PK) 성격의 데이터입니다. 데이터 형식이 100.0종으로 분산되어 표준화가 필요합니다.,- 데이터 입력 마스크를 도입하여 일관된 포맷을 유지하십시오.
기업고객.csv,기업고객번호,B (양호),모든 값이 고유한 식별자(PK) 성격의 데이터입니다. 데이터 형식이 98.29종으로 분산되어 표준화가 필요합니다.,- 데이터 입력 마스크를 도입하여 일관된 포맷을 유지하십시오.
기업고객.csv,개인기업고객구분,B (양호),데이터 형식이 100.0종으로 분산되어 표준화가 필요합니다.,- 데이터 입력 마스크를 도입하여 일관된 포맷을 유지하십시오.
기업고객.csv,사업구분,C (주의),데이터 형식이 100.0종으로 분산되어 표준화가 필요합니다.,- 데이터 입력 마스크를 도입하여 일관된 포맷을 유지하십시오.
기업고객.csv,기업고객명,C (주의),"패턴이 0.0개 이내로 매우 정형화되어 있습니다. 주의사항: 한글깨짐, 비표준문자, 특수문자 항목이 검출되었습니다.",- 인코딩(UTF-8/EUC-KR) 변환 오류를 수정하여 한글 깨짐을 복구하십시오.
기업고객.csv,영문고객명,B (양호),패턴이 0.0개 이내로 매우 정형화되어 있습니다.,현 상태 유지 및 정기 모니터링
기업고객.csv,국가코드,D (불량),총 2개의 유효 값을 가진 코드성 데이터입니다. 데이터 형식이 100.0종으로 분산되어 표준화가 필요합니다.,"- 필수 코드 컬럼의 Null 값을 제거하고 입력 로직을 점검하십시오.
- 데이터 입력 마스크를 도입하여 일관된 포맷을 유지하십시오."
기업고객.csv,기업사업자등록번호,D (불량),총 6722개의 유효 값을 가진 코드성 데이터입니다. 데이터 형식이 99.97종으로 분산되어 표준화가 필요합니다.,"- 필수 코드 컬럼의 Null 값을 제거하고 입력 로직을 점검하십시오.
- 데이터 입력 마스크를 도입하여 일관된 포맷을 유지하십시오."
기업고객.csv,기업우편번호,D (불량),총 3215개의 유효 값을 가진 코드성 데이터입니다. 데이터 형식이 99.99종으로 분산되어 표준화가 필요합니다.,"- 필수 코드 컬럼의 Null 값을 제거하고 입력 로직을 점검하십시오.
- 데이터 입력 마스크를 도입하여 일관된 포맷을 유지하십시오."
기업고객.csv,주소,C (주의),"패턴이 0.0개 이내로 매우 정형화되어 있습니다. 주의사항: 한글깨짐, 비표준문자, 특수문자 항목이 검출되었습니다.",- 인코딩(UTF-8/EUC-KR) 변환 오류를 수정하여 한글 깨짐을 복구하십시오.
기업고객.csv,청구부서,D (불량),"데이터 형식이 95.71999999999998종으로 분산되어 표준화가 필요합니다. 주의사항: 한글깨짐, 비표준문자, 특수문자 항목이 검출되었습니다.","- 인코딩(UTF-8/EUC-KR) 변환 오류를 수정하여 한글 깨짐을 복구하십시오.
- 데이터 입력 마스크를 도입하여 일관된 포맷을 유지하십시오."
기업고객.csv,청구지우편번호,D (불량),총 3368개의 유효 값을 가진 코드성 데이터입니다. 데이터 형식이 97.19종으로 분산되어 표준화가 필요합니다.,"- 필수 코드 컬럼의 Null 값을 제거하고 입력 로직을 점검하십시오.
- 데이터 입력 마스크를 도입하여 일관된 포맷을 유지하십시오."
기업고객.csv,청구지주소,C (주의),"패턴이 0.0개 이내로 매우 정형화되어 있습니다. 주의사항: 한글깨짐, 비표준문자, 특수문자 항목이 검출되었습니다.",- 인코딩(UTF-8/EUC-KR) 변환 오류를 수정하여 한글 깨짐을 복구하십시오.
기업고객.csv,판매일,D (불량),총 3700개의 유효 값을 가진 코드성 데이터입니다. 데이터 형식이 100.0종으로 분산되어 표준화가 필요합니다.,"- 필수 코드 컬럼의 Null 값을 제거하고 입력 로직을 점검하십시오.
- 데이터 입력 마스크를 도입하여 일관된 포맷을 유지하십시오."
기업고객.csv,판매점소,D (불량),총 90개의 유효 값을 가진 코드성 데이터입니다. 데이터 형식이 96.65종으로 분산되어 표준화가 필요합니다.,"- 필수 코드 컬럼의 Null 값을 제거하고 입력 로직을 점검하십시오.
- 데이터 입력 마스크를 도입하여 일관된 포맷을 유지하십시오."
기업고객.csv,판매원사번,D (불량),총 936개의 유효 값을 가진 코드성 데이터입니다. 데이터 형식이 99.97종으로 분산되어 표준화가 필요합니다.,"- 필수 코드 컬럼의 Null 값을 제거하고 입력 로직을 점검하십시오.
- 데이터 입력 마스크를 도입하여 일관된 포맷을 유지하십시오."
기업고객.csv,담당부서,D (불량),"데이터 형식이 95.44종으로 분산되어 표준화가 필요합니다. 주의사항: 한글깨짐, 특수문자 항목이 검출되었습니다.","- 인코딩(UTF-8/EUC-KR) 변환 오류를 수정하여 한글 깨짐을 복구하십시오.
- 데이터 입력 마스크를 도입하여 일관된 포맷을 유지하십시오."
기업고객.csv,집하지우편번호,D (불량),총 4245개의 유효 값을 가진 코드성 데이터입니다. 데이터 형식이 97.32종으로 분산되어 표준화가 필요합니다.,"- 필수 코드 컬럼의 Null 값을 제거하고 입력 로직을 점검하십시오.
- 데이터 입력 마스크를 도입하여 일관된 포맷을 유지하십시오."
기업고객.csv,집하지대번지,C (주의),데이터 형식이 95.36종으로 분산되어 표준화가 필요합니다.,- 데이터 입력 마스크를 도입하여 일관된 포맷을 유지하십시오.
기업고객.csv,집하지소번지,C (주의),데이터 형식이 97.3종으로 분산되어 표준화가 필요합니다.,- 데이터 입력 마스크를 도입하여 일관된 포맷을 유지하십시오.
기업고객.csv,집하지주소,C (주의),"패턴이 0.0개 이내로 매우 정형화되어 있습니다. 주의사항: 비표준문자, 특수문자 항목이 검출되었습니다.",현 상태 유지 및 정기 모니터링
기업고객.csv,1ST_STREET,B (양호),패턴이 0.0개 이내로 매우 정형화되어 있습니다.,현 상태 유지 및 정기 모니터링
기업고객.csv,계약기간종료일,D (불량),총 3677개의 유효 값을 가진 코드성 데이터입니다. 데이터 형식이 100.0종으로 분산되어 표준화가 필요합니다.,"- 필수 코드 컬럼의 Null 값을 제거하고 입력 로직을 점검하십시오.
- 데이터 입력 마스크를 도입하여 일관된 포맷을 유지하십시오."
기업고객.csv,청구점소,D (불량),총 109개의 유효 값을 가진 코드성 데이터입니다. 데이터 형식이 98.86종으로 분산되어 표준화가 필요합니다.,"- 필수 코드 컬럼의 Null 값을 제거하고 입력 로직을 점검하십시오.
- 데이터 입력 마스크를 도입하여 일관된 포맷을 유지하십시오."
기업고객.csv,수금점소,D (불량),총 114개의 유효 값을 가진 코드성 데이터입니다. 데이터 형식이 97.73종으로 분산되어 표준화가 필요합니다.,"- 필수 코드 컬럼의 Null 값을 제거하고 입력 로직을 점검하십시오.
- 데이터 입력 마스크를 도입하여 일관된 포맷을 유지하십시오."
기업고객.csv,최종수정일시,D (불량),총 1845개의 유효 값을 가진 코드성 데이터입니다. 데이터 형식이 100.0종으로 분산되어 표준화가 필요합니다.,"- 필수 코드 컬럼의 Null 값을 제거하고 입력 로직을 점검하십시오.
- 데이터 입력 마스크를 도입하여 일관된 포맷을 유지하십시오."
기업고객.csv,최종변경자사번,D (불량),총 446개의 유효 값을 가진 코드성 데이터입니다. 데이터 형식이 96.4종으로 분산되어 표준화가 필요합니다.,"- 필수 코드 컬럼의 Null 값을 제거하고 입력 로직을 점검하십시오.
- 데이터 입력 마스크를 도입하여 일관된 포맷을 유지하십시오."
기업고객.csv,집하점소,D (불량),총 1118개의 유효 값을 가진 코드성 데이터입니다. 데이터 형식이 97.68종으로 분산되어 표준화가 필요합니다.,"- 필수 코드 컬럼의 Null 값을 제거하고 입력 로직을 점검하십시오.
- 데이터 입력 마스크를 도입하여 일관된 포맷을 유지하십시오."
기업고객.csv,수입조직,D (불량),총 96개의 유효 값을 가진 코드성 데이터입니다. 데이터 형식이 100.0종으로 분산되어 표준화가 필요합니다.,"- 필수 코드 컬럼의 Null 값을 제거하고 입력 로직을 점검하십시오.
- 데이터 입력 마스크를 도입하여 일관된 포맷을 유지하십시오."
기업고객.csv,기업법인번호,D (불량),총 152개의 유효 값을 가진 코드성 데이터입니다. 데이터 형식이 99.46종으로 분산되어 표준화가 필요합니다.,"- 필수 코드 컬럼의 Null 값을 제거하고 입력 로직을 점검하십시오.
- 데이터 입력 마스크를 도입하여 일관된 포맷을 유지하십시오."
기업고객.csv,최종변경일시,B (양호),총 1개의 유효 값을 가진 코드성 데이터입니다. 데이터 형식이 100.0종으로 분산되어 표준화가 필요합니다.,- 데이터 입력 마스크를 도입하여 일관된 포맷을 유지하십시오.
기업고객.csv,ETL일시,B (양호),총 1개의 유효 값을 가진 코드성 데이터입니다. 데이터 형식이 100.0종으로 분산되어 표준화가 필요합니다.,- 데이터 입력 마스크를 도입하여 일관된 포맷을 유지하십시오.
기업고객.csv,TimeStamp,B (양호),모든 값이 고유한 식별자(PK) 성격의 데이터입니다. 데이터 형식이 100.0종으로 분산되어 표준화가 필요합니다.,- 데이터 입력 마스크를 도입하여 일관된 포맷을 유지하십시오.
기업설립형태.csv,기업설립형태코드,B (양호),모든 값이 고유한 식별자(PK) 성격의 데이터입니다. 데이터 형식이 100.0종으로 분산되어 표준화가 필요합니다.,- 데이터 입력 마스크를 도입하여 일관된 포맷을 유지하십시오.
기업설립형태.csv,기업설립형태명,B (양호),모든 값이 고유한 식별자(PK) 성격의 데이터입니다. 데이터 형식이 100.0종으로 분산되어 표준화가 필요합니다.,- 데이터 입력 마스크를 도입하여 일관된 포맷을 유지하십시오.
기업설립형태.csv,dt_reg,B (양호),데이터 형식이 100.0종으로 분산되어 표준화가 필요합니다.,- 데이터 입력 마스크를 도입하여 일관된 포맷을 유지하십시오.
기업설립형태.csv,yn_abd,B (양호),데이터 형식이 100.0종으로 분산되어 표준화가 필요합니다.,- 데이터 입력 마스크를 도입하여 일관된 포맷을 유지하십시오.
기업설립형태.csv,처리자사번,B (양호),데이터 형식이 100.0종으로 분산되어 표준화가 필요합니다.,- 데이터 입력 마스크를 도입하여 일관된 포맷을 유지하십시오.
기업설립형태.csv,last_update_dtm,B (양호),데이터 형식이 100.0종으로 분산되어 표준화가 필요합니다.,- 데이터 입력 마스크를 도입하여 일관된 포맷을 유지하십시오.
기업설립형태.csv,etl_dtm,B (양호),데이터 형식이 100.0종으로 분산되어 표준화가 필요합니다.,- 데이터 입력 마스크를 도입하여 일관된 포맷을 유지하십시오.
기업설립형태.csv,TimeStamp,B (양호),모든 값이 고유한 식별자(PK) 성격의 데이터입니다. 데이터 형식이 100.0종으로 분산되어 표준화가 필요합니다.,- 데이터 입력 마스크를 도입하여 일관된 포맷을 유지하십시오.
미배송사유코드.csv,사유코드,B (양호),총 31개의 유효 값을 가진 코드성 데이터입니다. 데이터 형식이 100.0종으로 분산되어 표준화가 필요합니다.,- 데이터 입력 마스크를 도입하여 일관된 포맷을 유지하십시오.
미배송사유코드.csv,작업코드,B (양호),총 12개의 유효 값을 가진 코드성 데이터입니다. 데이터 형식이 98.08종으로 분산되어 표준화가 필요합니다.,- 데이터 입력 마스크를 도입하여 일관된 포맷을 유지하십시오.
미배송사유코드.csv,사유명,A (우수),패턴이 0.0개 이내로 매우 정형화되어 있습니다.,현 상태 유지 및 정기 모니터링
미배송사유코드.csv,사유명(영문),A (우수),패턴이 0.0개 이내로 매우 정형화되어 있습니다.,현 상태 유지 및 정기 모니터링
미배송사유코드.csv,최종변경일시,B (양호),데이터 형식이 100.0종으로 분산되어 표준화가 필요합니다.,- 데이터 입력 마스크를 도입하여 일관된 포맷을 유지하십시오.
미배송사유코드.csv,ETL일시,B (양호),데이터 형식이 100.0종으로 분산되어 표준화가 필요합니다.,- 데이터 입력 마스크를 도입하여 일관된 포맷을 유지하십시오.
미배송사유코드.csv,TimeStamp,B (양호),모든 값이 고유한 식별자(PK) 성격의 데이터입니다. 데이터 형식이 100.0종으로 분산되어 표준화가 필요합니다.,- 데이터 입력 마스크를 도입하여 일관된 포맷을 유지하십시오.
배송점.csv,배송점코드,B (양호),모든 값이 고유한 식별자(PK) 성격의 데이터입니다. 데이터 형식이 96.45종으로 분산되어 표준화가 필요합니다.,- 데이터 입력 마스크를 도입하여 일관된 포맷을 유지하십시오.
배송점.csv,상위조직코드,D (불량),총 453개의 유효 값을 가진 코드성 데이터입니다. 데이터 형식이 98.06종으로 분산되어 표준화가 필요합니다.,"- 필수 코드 컬럼의 Null 값을 제거하고 입력 로직을 점검하십시오.
- 데이터 입력 마스크를 도입하여 일관된 포맷을 유지하십시오."
배송점.csv,배송점명,A (우수),패턴이 0.0개 이내로 매우 정형화되어 있습니다.,현 상태 유지 및 정기 모니터링
배송점.csv,조직구분코드,B (양호),총 2개의 유효 값을 가진 코드성 데이터입니다. 데이터 형식이 100.0종으로 분산되어 표준화가 필요합니다.,- 데이터 입력 마스크를 도입하여 일관된 포맷을 유지하십시오.
배송점.csv,조직관리유형코드,B (양호),총 2개의 유효 값을 가진 코드성 데이터입니다. 데이터 형식이 100.0종으로 분산되어 표준화가 필요합니다.,- 데이터 입력 마스크를 도입하여 일관된 포맷을 유지하십시오.
배송점.csv,조직권역구분코드,B (양호),총 7개의 유효 값을 가진 코드성 데이터입니다. 데이터 형식이 100.0종으로 분산되어 표준화가 필요합니다.,- 데이터 입력 마스크를 도입하여 일관된 포맷을 유지하십시오.
배송점.csv,조직계약시작일자,D (불량),총 394개의 유효 값을 가진 코드성 데이터입니다. 데이터 형식이 100.0종으로 분산되어 표준화가 필요합니다.,"- 필수 코드 컬럼의 Null 값을 제거하고 입력 로직을 점검하십시오.
- 데이터 입력 마스크를 도입하여 일관된 포맷을 유지하십시오."
배송점.csv,조직계약종료일자,D (불량),총 101개의 유효 값을 가진 코드성 데이터입니다. 데이터 형식이 100.0종으로 분산되어 표준화가 필요합니다.,"- 필수 코드 컬럼의 Null 값을 제거하고 입력 로직을 점검하십시오.
- 데이터 입력 마스크를 도입하여 일관된 포맷을 유지하십시오."
배송점.csv,조직폐쇄일자,D (불량),총 165개의 유효 값을 가진 코드성 데이터입니다. 데이터 형식이 100.0종으로 분산되어 표준화가 필요합니다.,"- 필수 코드 컬럼의 Null 값을 제거하고 입력 로직을 점검하십시오.
- 데이터 입력 마스크를 도입하여 일관된 포맷을 유지하십시오."
배송점.csv,영문조직명,B (양호),패턴이 0.0개 이내로 매우 정형화되어 있습니다.,현 상태 유지 및 정기 모니터링
배송점.csv,팩스번호,C (주의),데이터 형식이 96.52종으로 분산되어 표준화가 필요합니다.,- 데이터 입력 마스크를 도입하여 일관된 포맷을 유지하십시오.
배송점.csv,우편번호,D (불량),총 1341개의 유효 값을 가진 코드성 데이터입니다. 데이터 형식이 99.99종으로 분산되어 표준화가 필요합니다.,"- 필수 코드 컬럼의 Null 값을 제거하고 입력 로직을 점검하십시오.
- 데이터 입력 마스크를 도입하여 일관된 포맷을 유지하십시오."
배송점.csv,기본주소,C (주의),"패턴이 0.0개 이내로 매우 정형화되어 있습니다. 주의사항: 비표준문자, 특수문자 항목이 검출되었습니다.",현 상태 유지 및 정기 모니터링
배송점.csv,상세주소,C (주의),"패턴이 0.0개 이내로 매우 정형화되어 있습니다. 주의사항: 한글깨짐, 비표준문자, 특수문자 항목이 검출되었습니다.",- 인코딩(UTF-8/EUC-KR) 변환 오류를 수정하여 한글 깨짐을 복구하십시오.
배송점.csv,사업자등록번호,D (불량),총 1364개의 유효 값을 가진 코드성 데이터입니다. 데이터 형식이 100.0종으로 분산되어 표준화가 필요합니다.,"- 필수 코드 컬럼의 Null 값을 제거하고 입력 로직을 점검하십시오.
- 데이터 입력 마스크를 도입하여 일관된 포맷을 유지하십시오."
배송점.csv,최수정일시,D (불량),총 502개의 유효 값을 가진 코드성 데이터입니다. 데이터 형식이 100.0종으로 분산되어 표준화가 필요합니다.,"- 필수 코드 컬럼의 Null 값을 제거하고 입력 로직을 점검하십시오.
- 데이터 입력 마스크를 도입하여 일관된 포맷을 유지하십시오."
배송점.csv,최종수정자,D (불량),총 251개의 유효 값을 가진 코드성 데이터입니다. 데이터 형식이 100.0종으로 분산되어 표준화가 필요합니다.,"- 필수 코드 컬럼의 Null 값을 제거하고 입력 로직을 점검하십시오.
- 데이터 입력 마스크를 도입하여 일관된 포맷을 유지하십시오."
배송점.csv,TimeStamp,B (양호),모든 값이 고유한 식별자(PK) 성격의 데이터입니다. 데이터 형식이 100.0종으로 분산되어 표준화가 필요합니다.,- 데이터 입력 마스크를 도입하여 일관된 포맷을 유지하십시오.
법인정보.csv,법인번호,D (불량),모든 값이 고유한 식별자(PK) 성격의 데이터입니다. 데이터 형식이 99.98종으로 분산되어 표준화가 필요합니다.,"- 필수 코드 컬럼의 Null 값을 제거하고 입력 로직을 점검하십시오.
- 데이터 입력 마스크를 도입하여 일관된 포맷을 유지하십시오."
법인정보.csv,법인명,D (불량),"데이터 형식이 95.39종으로 분산되어 표준화가 필요합니다. 주의사항: 비표준문자, 특수문자 항목이 검출되었습니다.",- 데이터 입력 마스크를 도입하여 일관된 포맷을 유지하십시오.
법인정보.csv,최초생성자ID,B (양호),총 8개의 유효 값을 가진 코드성 데이터입니다. 데이터 형식이 96.16종으로 분산되어 표준화가 필요합니다.,- 데이터 입력 마스크를 도입하여 일관된 포맷을 유지하십시오.
법인정보.csv,최초생성일시,B (양호),데이터 형식이 100.0종으로 분산되어 표준화가 필요합니다.,- 데이터 입력 마스크를 도입하여 일관된 포맷을 유지하십시오.
법인정보.csv,최종갱신자ID,B (양호),총 9개의 유효 값을 가진 코드성 데이터입니다. 데이터 형식이 95.86종으로 분산되어 표준화가 필요합니다.,- 데이터 입력 마스크를 도입하여 일관된 포맷을 유지하십시오.
법인정보.csv,최종변경일시,B (양호),데이터 형식이 100.0종으로 분산되어 표준화가 필요합니다.,- 데이터 입력 마스크를 도입하여 일관된 포맷을 유지하십시오.
법인정보.csv,ETL일시,B (양호),데이터 형식이 100.0종으로 분산되어 표준화가 필요합니다.,- 데이터 입력 마스크를 도입하여 일관된 포맷을 유지하십시오.
법인정보.csv,TimeStamp,B (양호),모든 값이 고유한 식별자(PK) 성격의 데이터입니다. 데이터 형식이 100.0종으로 분산되어 표준화가 필요합니다.,- 데이터 입력 마스크를 도입하여 일관된 포맷을 유지하십시오.
불량등급.csv,불량등급코드,B (양호),모든 값이 고유한 식별자(PK) 성격의 데이터입니다. 데이터 형식이 100.0종으로 분산되어 표준화가 필요합니다.,- 데이터 입력 마스크를 도입하여 일관된 포맷을 유지하십시오.
불량등급.csv,불량등급명,B (양호),모든 값이 고유한 식별자(PK) 성격의 데이터입니다. 데이터 형식이 99.99000000000004종으로 분산되어 표준화가 필요합니다.,- 데이터 입력 마스크를 도입하여 일관된 포맷을 유지하십시오.
불량등급.csv,dt_reg,B (양호),데이터 형식이 100.0종으로 분산되어 표준화가 필요합니다.,- 데이터 입력 마스크를 도입하여 일관된 포맷을 유지하십시오.
불량등급.csv,yn_abd,B (양호),데이터 형식이 100.0종으로 분산되어 표준화가 필요합니다.,- 데이터 입력 마스크를 도입하여 일관된 포맷을 유지하십시오.
불량등급.csv,처리자사번,B (양호),데이터 형식이 100.0종으로 분산되어 표준화가 필요합니다.,- 데이터 입력 마스크를 도입하여 일관된 포맷을 유지하십시오.
불량등급.csv,last_update_dtm,B (양호),데이터 형식이 100.0종으로 분산되어 표준화가 필요합니다.,- 데이터 입력 마스크를 도입하여 일관된 포맷을 유지하십시오.
불량등급.csv,etl_dtm,B (양호),데이터 형식이 100.0종으로 분산되어 표준화가 필요합니다.,- 데이터 입력 마스크를 도입하여 일관된 포맷을 유지하십시오.
불량등급.csv,TimeStamp,B (양호),모든 값이 고유한 식별자(PK) 성격의 데이터입니다. 데이터 형식이 100.0종으로 분산되어 표준화가 필요합니다.,- 데이터 입력 마스크를 도입하여 일관된 포맷을 유지하십시오.
사업구분.csv,사업구분코드,B (양호),모든 값이 고유한 식별자(PK) 성격의 데이터입니다. 데이터 형식이 100.0종으로 분산되어 표준화가 필요합니다.,- 데이터 입력 마스크를 도입하여 일관된 포맷을 유지하십시오.
사업구분.csv,사업입체구분,D (불량),총 3개의 유효 값을 가진 코드성 데이터입니다. 데이터 형식이 100.0종으로 분산되어 표준화가 필요합니다.,"- 필수 코드 컬럼의 Null 값을 제거하고 입력 로직을 점검하십시오.
- 데이터 입력 마스크를 도입하여 일관된 포맷을 유지하십시오."
사업구분.csv,계정코드,D (불량),총 146개의 유효 값을 가진 코드성 데이터입니다. 데이터 형식이 100.0종으로 분산되어 표준화가 필요합니다.,"- 필수 코드 컬럼의 Null 값을 제거하고 입력 로직을 점검하십시오.
- 데이터 입력 마스크를 도입하여 일관된 포맷을 유지하십시오."
사업구분.csv,사업구분한글명,B (양호),"패턴이 0.0개 이내로 매우 정형화되어 있습니다. 주의사항: 비표준문자, 특수문자 항목이 검출되었습니다.",현 상태 유지 및 정기 모니터링
사업구분.csv,사업구분영문명,B (양호),패턴이 0.0개 이내로 매우 정형화되어 있습니다.,현 상태 유지 및 정기 모니터링
사업구분.csv,한글CHARGE명,B (양호),패턴이 0.0개 이내로 매우 정형화되어 있습니다.,현 상태 유지 및 정기 모니터링
사업구분.csv,영문CHARCE명,B (양호),패턴이 0.0개 이내로 매우 정형화되어 있습니다.,현 상태 유지 및 정기 모니터링
사업구분.csv,등록일자,B (양호),총 86개의 유효 값을 가진 코드성 데이터입니다. 데이터 형식이 100.0종으로 분산되어 표준화가 필요합니다.,- 데이터 입력 마스크를 도입하여 일관된 포맷을 유지하십시오.
사업구분.csv,수정일자,D (불량),총 55개의 유효 값을 가진 코드성 데이터입니다. 데이터 형식이 100.0종으로 분산되어 표준화가 필요합니다.,"- 필수 코드 컬럼의 Null 값을 제거하고 입력 로직을 점검하십시오.
- 데이터 입력 마스크를 도입하여 일관된 포맷을 유지하십시오."
사업구분.csv,폐기일자,D (불량),총 13개의 유효 값을 가진 코드성 데이터입니다. 데이터 형식이 100.0종으로 분산되어 표준화가 필요합니다.,"- 필수 코드 컬럼의 Null 값을 제거하고 입력 로직을 점검하십시오.
- 데이터 입력 마스크를 도입하여 일관된 포맷을 유지하십시오."
사업구분.csv,폐기여부,B (양호),데이터 형식이 100.0종으로 분산되어 표준화가 필요합니다.,- 데이터 입력 마스크를 도입하여 일관된 포맷을 유지하십시오.
사업구분.csv,처리자사번,B (양호),총 12개의 유효 값을 가진 코드성 데이터입니다. 데이터 형식이 100.0종으로 분산되어 표준화가 필요합니다.,- 데이터 입력 마스크를 도입하여 일관된 포맷을 유지하십시오.
사업구분.csv,부대청구대상여부,B (양호),데이터 형식이 100.0종으로 분산되어 표준화가 필요합니다.,- 데이터 입력 마스크를 도입하여 일관된 포맷을 유지하십시오.
사업구분.csv,기타미수금여부,B (양호),데이터 형식이 100.0종으로 분산되어 표준화가 필요합니다.,- 데이터 입력 마스크를 도입하여 일관된 포맷을 유지하십시오.
사업구분.csv,면세청구대상여부,B (양호),데이터 형식이 100.0종으로 분산되어 표준화가 필요합니다.,- 데이터 입력 마스크를 도입하여 일관된 포맷을 유지하십시오.
사업구분.csv,ERP_COA_ACCOUNT,D (불량),총 38개의 유효 값을 가진 코드성 데이터입니다. 데이터 형식이 100.0종으로 분산되어 표준화가 필요합니다.,"- 필수 코드 컬럼의 Null 값을 제거하고 입력 로직을 점검하십시오.
- 데이터 입력 마스크를 도입하여 일관된 포맷을 유지하십시오."
사업구분.csv,ERP_COA_DIVS,D (불량),총 75개의 유효 값을 가진 코드성 데이터입니다. 데이터 형식이 100.0종으로 분산되어 표준화가 필요합니다.,"- 필수 코드 컬럼의 Null 값을 제거하고 입력 로직을 점검하십시오.
- 데이터 입력 마스크를 도입하여 일관된 포맷을 유지하십시오."
사업구분.csv,최종변경일시,B (양호),데이터 형식이 100.0종으로 분산되어 표준화가 필요합니다.,- 데이터 입력 마스크를 도입하여 일관된 포맷을 유지하십시오.
사업구분.csv,ETL일시,B (양호),데이터 형식이 100.0종으로 분산되어 표준화가 필요합니다.,- 데이터 입력 마스크를 도입하여 일관된 포맷을 유지하십시오.
사업구분.csv,TimeStamp,B (양호),모든 값이 고유한 식별자(PK) 성격의 데이터입니다. 데이터 형식이 100.0종으로 분산되어 표준화가 필요합니다.,- 데이터 입력 마스크를 도입하여 일관된 포맷을 유지하십시오.
사업자등록번호정보.csv,사업자등록번호,B (양호),모든 값이 고유한 식별자(PK) 성격의 데이터입니다. 데이터 형식이 99.72종으로 분산되어 표준화가 필요합니다.,- 데이터 입력 마스크를 도입하여 일관된 포맷을 유지하십시오.
사업자등록번호정보.csv,고객명,B (양호),"패턴이 0.0개 이내로 매우 정형화되어 있습니다. 주의사항: 한글깨짐, 비표준문자, 특수문자 항목이 검출되었습니다.",- 인코딩(UTF-8/EUC-KR) 변환 오류를 수정하여 한글 깨짐을 복구하십시오.
사업자등록번호정보.csv,생성일시,B (양호),데이터 형식이 100.0종으로 분산되어 표준화가 필요합니다.,- 데이터 입력 마스크를 도입하여 일관된 포맷을 유지하십시오.
사업자등록번호정보.csv,법인번호,D (불량),총 19332개의 유효 값을 가진 코드성 데이터입니다. 데이터 형식이 99.97종으로 분산되어 표준화가 필요합니다.,"- 필수 코드 컬럼의 Null 값을 제거하고 입력 로직을 점검하십시오.
- 데이터 입력 마스크를 도입하여 일관된 포맷을 유지하십시오."
사업자등록번호정보.csv,last_update_dtm,B (양호),데이터 형식이 100.0종으로 분산되어 표준화가 필요합니다.,- 데이터 입력 마스크를 도입하여 일관된 포맷을 유지하십시오.
사업자등록번호정보.csv,etl_dtm,B (양호),데이터 형식이 100.0종으로 분산되어 표준화가 필요합니다.,- 데이터 입력 마스크를 도입하여 일관된 포맷을 유지하십시오.
사업자등록번호정보.csv,TimeStamp,B (양호),모든 값이 고유한 식별자(PK) 성격의 데이터입니다. 데이터 형식이 100.0종으로 분산되어 표준화가 필요합니다.,- 데이터 입력 마스크를 도입하여 일관된 포맷을 유지하십시오.
사업코드관리.csv,사업유형코드,B (양호),데이터 형식이 100.0종으로 분산되어 표준화가 필요합니다.,- 데이터 입력 마스크를 도입하여 일관된 포맷을 유지하십시오.
사업코드관리.csv,전사업코드,B (양호),총 1개의 유효 값을 가진 코드성 데이터입니다. 데이터 형식이 100.0종으로 분산되어 표준화가 필요합니다.,- 데이터 입력 마스크를 도입하여 일관된 포맷을 유지하십시오.
사업코드관리.csv,전사업명,B (양호),총 1개의 유효 값을 가진 코드성 데이터입니다. 데이터 형식이 100.0종으로 분산되어 표준화가 필요합니다.,- 데이터 입력 마스크를 도입하여 일관된 포맷을 유지하십시오.
사업코드관리.csv,대사업코드,B (양호),총 5개의 유효 값을 가진 코드성 데이터입니다. 데이터 형식이 100.0종으로 분산되어 표준화가 필요합니다.,- 데이터 입력 마스크를 도입하여 일관된 포맷을 유지하십시오.
사업코드관리.csv,대사업명,B (양호),총 5개의 유효 값을 가진 코드성 데이터입니다. 데이터 형식이 100.0종으로 분산되어 표준화가 필요합니다.,- 데이터 입력 마스크를 도입하여 일관된 포맷을 유지하십시오.
사업코드관리.csv,중사업코드,B (양호),총 22개의 유효 값을 가진 코드성 데이터입니다. 데이터 형식이 100.0종으로 분산되어 표준화가 필요합니다.,- 데이터 입력 마스크를 도입하여 일관된 포맷을 유지하십시오.
사업코드관리.csv,중사업명,B (양호),총 22개의 유효 값을 가진 코드성 데이터입니다. 데이터 형식이 98.85종으로 분산되어 표준화가 필요합니다.,- 데이터 입력 마스크를 도입하여 일관된 포맷을 유지하십시오.
사업코드관리.csv,소사업코드,B (양호),총 65개의 유효 값을 가진 코드성 데이터입니다. 데이터 형식이 100.0종으로 분산되어 표준화가 필요합니다.,- 데이터 입력 마스크를 도입하여 일관된 포맷을 유지하십시오.
사업코드관리.csv,소사업명,A (우수),패턴이 0.0개 이내로 매우 정형화되어 있습니다.,현 상태 유지 및 정기 모니터링
사업코드관리.csv,business_level5_cd,B (양호),총 150개의 유효 값을 가진 코드성 데이터입니다. 데이터 형식이 100.0종으로 분산되어 표준화가 필요합니다.,- 데이터 입력 마스크를 도입하여 일관된 포맷을 유지하십시오.
사업코드관리.csv,business_level5_name,A (우수),패턴이 0.0개 이내로 매우 정형화되어 있습니다.,현 상태 유지 및 정기 모니터링
사업코드관리.csv,business_level6_cd,B (양호),총 181개의 유효 값을 가진 코드성 데이터입니다. 데이터 형식이 100.0종으로 분산되어 표준화가 필요합니다.,- 데이터 입력 마스크를 도입하여 일관된 포맷을 유지하십시오.
사업코드관리.csv,business_level6_name,A (우수),패턴이 0.0개 이내로 매우 정형화되어 있습니다.,현 상태 유지 및 정기 모니터링
사업코드관리.csv,사업코드,B (양호),총 181개의 유효 값을 가진 코드성 데이터입니다. 데이터 형식이 100.0종으로 분산되어 표준화가 필요합니다.,- 데이터 입력 마스크를 도입하여 일관된 포맷을 유지하십시오.
사업코드관리.csv,사업명,A (우수),패턴이 0.0개 이내로 매우 정형화되어 있습니다.,현 상태 유지 및 정기 모니터링
사업코드관리.csv,정렬순서,B (양호),모든 값이 고유한 식별자(PK) 성격의 데이터입니다. 데이터 형식이 97.4종으로 분산되어 표준화가 필요합니다.,- 데이터 입력 마스크를 도입하여 일관된 포맷을 유지하십시오.
사업코드관리.csv,최초생성자ID,B (양호),총 1개의 유효 값을 가진 코드성 데이터입니다. 데이터 형식이 100.0종으로 분산되어 표준화가 필요합니다.,- 데이터 입력 마스크를 도입하여 일관된 포맷을 유지하십시오.
사업코드관리.csv,최초생성일시,B (양호),모든 값이 고유한 식별자(PK) 성격의 데이터입니다. 데이터 형식이 100.0종으로 분산되어 표준화가 필요합니다.,- 데이터 입력 마스크를 도입하여 일관된 포맷을 유지하십시오.
사업코드관리.csv,last_update_dtm,B (양호),데이터 형식이 100.0종으로 분산되어 표준화가 필요합니다.,- 데이터 입력 마스크를 도입하여 일관된 포맷을 유지하십시오.
사업코드관리.csv,etl_dtm,B (양호),데이터 형식이 100.0종으로 분산되어 표준화가 필요합니다.,- 데이터 입력 마스크를 도입하여 일관된 포맷을 유지하십시오.
사업코드관리.csv,TimeStamp,B (양호),모든 값이 고유한 식별자(PK) 성격의 데이터입니다. 데이터 형식이 100.0종으로 분산되어 표준화가 필요합니다.,- 데이터 입력 마스크를 도입하여 일관된 포맷을 유지하십시오.
사용자.csv,사원번호,B (양호),모든 값이 고유한 식별자(PK) 성격의 데이터입니다. 데이터 형식이 97.14종으로 분산되어 표준화가 필요합니다.,- 데이터 입력 마스크를 도입하여 일관된 포맷을 유지하십시오.
사용자.csv,점소코드,B (양호),총 284개의 유효 값을 가진 코드성 데이터입니다. 데이터 형식이 100.0종으로 분산되어 표준화가 필요합니다.,- 데이터 입력 마스크를 도입하여 일관된 포맷을 유지하십시오.
사용자.csv,권한코드,B (양호),데이터 형식이 99.67종으로 분산되어 표준화가 필요합니다.,- 데이터 입력 마스크를 도입하여 일관된 포맷을 유지하십시오.
사용자.csv,비밀번호,A (우수),총 6777개의 유효 값을 가진 코드성 데이터입니다. 패턴이 0.0개 이내로 매우 정형화되어 있습니다.,현 상태 유지 및 정기 모니터링
사용자.csv,팀명,C (주의),"패턴이 0.0개 이내로 매우 정형화되어 있습니다. 주의사항: 비표준문자, 특수문자 항목이 검출되었습니다.",현 상태 유지 및 정기 모니터링
사용자.csv,직급,D (불량),"데이터 형식이 95.56000000000002종으로 분산되어 표준화가 필요합니다. 주의사항: 비표준문자, 특수문자 항목이 검출되었습니다.",- 데이터 입력 마스크를 도입하여 일관된 포맷을 유지하십시오.
사용자.csv,직책,D (불량),총 6개의 유효 값을 가진 코드성 데이터입니다. 데이터 형식이 100.0종으로 분산되어 표준화가 필요합니다.,"- 필수 코드 컬럼의 Null 값을 제거하고 입력 로직을 점검하십시오.
- 데이터 입력 마스크를 도입하여 일관된 포맷을 유지하십시오."
사용자.csv,전화번호,D (불량),총 1538개의 유효 값을 가진 코드성 데이터입니다. 데이터 형식이 96.17종으로 분산되어 표준화가 필요합니다.,"- 필수 코드 컬럼의 Null 값을 제거하고 입력 로직을 점검하십시오.
- 데이터 입력 마스크를 도입하여 일관된 포맷을 유지하십시오."
사용자.csv,휴대폰번호,D (불량),총 1936개의 유효 값을 가진 코드성 데이터입니다. 데이터 형식이 99.69종으로 분산되어 표준화가 필요합니다.,"- 필수 코드 컬럼의 Null 값을 제거하고 입력 로직을 점검하십시오.
- 데이터 입력 마스크를 도입하여 일관된 포맷을 유지하십시오."
사용자.csv,FAX번호,C (주의),데이터 형식이 96.17종으로 분산되어 표준화가 필요합니다.,- 데이터 입력 마스크를 도입하여 일관된 포맷을 유지하십시오.
사용자.csv,EMAIL,B (양호),패턴이 0.0개 이내로 매우 정형화되어 있습니다.,현 상태 유지 및 정기 모니터링
사용자.csv,주민등록번호,D (불량),총 1개의 유효 값을 가진 코드성 데이터입니다. 데이터 형식이 100.0종으로 분산되어 표준화가 필요합니다.,"- 필수 코드 컬럼의 Null 값을 제거하고 입력 로직을 점검하십시오.
- 데이터 입력 마스크를 도입하여 일관된 포맷을 유지하십시오."
사용자.csv,등록일자,B (양호),총 1065개의 유효 값을 가진 코드성 데이터입니다. 데이터 형식이 100.0종으로 분산되어 표준화가 필요합니다.,- 데이터 입력 마스크를 도입하여 일관된 포맷을 유지하십시오.
사용자.csv,입사일자,D (불량),총 2566개의 유효 값을 가진 코드성 데이터입니다. 데이터 형식이 99.99종으로 분산되어 표준화가 필요합니다.,"- 필수 코드 컬럼의 Null 값을 제거하고 입력 로직을 점검하십시오.
- 데이터 입력 마스크를 도입하여 일관된 포맷을 유지하십시오."
사용자.csv,사직일자,D (불량),총 1549개의 유효 값을 가진 코드성 데이터입니다. 데이터 형식이 100.0종으로 분산되어 표준화가 필요합니다.,"- 필수 코드 컬럼의 Null 값을 제거하고 입력 로직을 점검하십시오.
- 데이터 입력 마스크를 도입하여 일관된 포맷을 유지하십시오."
사용자.csv,수금요원여부,B (양호),데이터 형식이 100.0종으로 분산되어 표준화가 필요합니다.,- 데이터 입력 마스크를 도입하여 일관된 포맷을 유지하십시오.
사용자.csv,수정일자,D (불량),총 1182개의 유효 값을 가진 코드성 데이터입니다. 데이터 형식이 100.0종으로 분산되어 표준화가 필요합니다.,"- 필수 코드 컬럼의 Null 값을 제거하고 입력 로직을 점검하십시오.
- 데이터 입력 마스크를 도입하여 일관된 포맷을 유지하십시오."
사용자.csv,폐기일자,D (불량),총 499개의 유효 값을 가진 코드성 데이터입니다. 데이터 형식이 100.0종으로 분산되어 표준화가 필요합니다.,"- 필수 코드 컬럼의 Null 값을 제거하고 입력 로직을 점검하십시오.
- 데이터 입력 마스크를 도입하여 일관된 포맷을 유지하십시오."
사용자.csv,폐기여부,B (양호),데이터 형식이 100.0종으로 분산되어 표준화가 필요합니다.,- 데이터 입력 마스크를 도입하여 일관된 포맷을 유지하십시오.
사용자.csv,처리자사번,B (양호),총 380개의 유효 값을 가진 코드성 데이터입니다. 데이터 형식이 99.38종으로 분산되어 표준화가 필요합니다.,- 데이터 입력 마스크를 도입하여 일관된 포맷을 유지하십시오.
사용자.csv,수입금담당자여부,B (양호),데이터 형식이 100.0종으로 분산되어 표준화가 필요합니다.,- 데이터 입력 마스크를 도입하여 일관된 포맷을 유지하십시오.
사용자.csv,수납직원여부,C (주의),데이터 형식이 100.0종으로 분산되어 표준화가 필요합니다.,- 데이터 입력 마스크를 도입하여 일관된 포맷을 유지하십시오.
사용자.csv,직책2,C (주의),데이터 형식이 100.0종으로 분산되어 표준화가 필요합니다.,- 데이터 입력 마스크를 도입하여 일관된 포맷을 유지하십시오.
사용자.csv,한웨이 ID,D (불량),총 1539개의 유효 값을 가진 코드성 데이터입니다. 데이터 형식이 95.11종으로 분산되어 표준화가 필요합니다.,"- 필수 코드 컬럼의 Null 값을 제거하고 입력 로직을 점검하십시오.
- 데이터 입력 마스크를 도입하여 일관된 포맷을 유지하십시오."
사용자.csv,비밀번호이력1,C (주의),총 1540개의 유효 값을 가진 코드성 데이터입니다. 패턴이 0.0개 이내로 매우 정형화되어 있습니다.,- 필수 코드 컬럼의 Null 값을 제거하고 입력 로직을 점검하십시오.
사용자.csv,비밀번호이력2,C (주의),총 1385개의 유효 값을 가진 코드성 데이터입니다. 패턴이 0.0개 이내로 매우 정형화되어 있습니다.,- 필수 코드 컬럼의 Null 값을 제거하고 입력 로직을 점검하십시오.
사용자.csv,비밀번호변경일,D (불량),총 1071개의 유효 값을 가진 코드성 데이터입니다. 데이터 형식이 100.0종으로 분산되어 표준화가 필요합니다.,"- 필수 코드 컬럼의 Null 값을 제거하고 입력 로직을 점검하십시오.
- 데이터 입력 마스크를 도입하여 일관된 포맷을 유지하십시오."
사용자.csv,미빌번호오류횟수,B (양호),데이터 형식이 100.0종으로 분산되어 표준화가 필요합니다.,- 데이터 입력 마스크를 도입하여 일관된 포맷을 유지하십시오.
사용자.csv,계정근거,C (주의),"패턴이 0.0개 이내로 매우 정형화되어 있습니다. 주의사항: 비표준문자, 특수문자 항목이 검출되었습니다.",현 상태 유지 및 정기 모니터링
사용자.csv,비매출세금계산서발급제한일,D (불량),총 181개의 유효 값을 가진 코드성 데이터입니다. 데이터 형식이 100.0종으로 분산되어 표준화가 필요합니다.,"- 필수 코드 컬럼의 Null 값을 제거하고 입력 로직을 점검하십시오.
- 데이터 입력 마스크를 도입하여 일관된 포맷을 유지하십시오."
사용자.csv,어음입금표발행제한일,C (주의),데이터 형식이 100.0종으로 분산되어 표준화가 필요합니다.,- 데이터 입력 마스크를 도입하여 일관된 포맷을 유지하십시오.
사용자.csv,접근권한 IP,C (주의),데이터 형식이 100.0종으로 분산되어 표준화가 필요합니다.,- 데이터 입력 마스크를 도입하여 일관된 포맷을 유지하십시오.
사용자.csv,사용자계정잠금여부,C (주의),데이터 형식이 100.0종으로 분산되어 표준화가 필요합니다.,- 데이터 입력 마스크를 도입하여 일관된 포맷을 유지하십시오.
사용자.csv,사용자계정잠금일자,D (불량),총 404개의 유효 값을 가진 코드성 데이터입니다. 데이터 형식이 100.0종으로 분산되어 표준화가 필요합니다.,"- 필수 코드 컬럼의 Null 값을 제거하고 입력 로직을 점검하십시오.
- 데이터 입력 마스크를 도입하여 일관된 포맷을 유지하십시오."
사용자.csv,HR시스템소속변경일자,D (불량),총 182개의 유효 값을 가진 코드성 데이터입니다. 데이터 형식이 100.0종으로 분산되어 표준화가 필요합니다.,"- 필수 코드 컬럼의 Null 값을 제거하고 입력 로직을 점검하십시오.
- 데이터 입력 마스크를 도입하여 일관된 포맷을 유지하십시오."
사용자.csv,HR시스템소속코드,D (불량),총 265개의 유효 값을 가진 코드성 데이터입니다. 데이터 형식이 99.04종으로 분산되어 표준화가 필요합니다.,"- 필수 코드 컬럼의 Null 값을 제거하고 입력 로직을 점검하십시오.
- 데이터 입력 마스크를 도입하여 일관된 포맷을 유지하십시오."
사용자.csv,비밀번호이력3,C (주의),총 429개의 유효 값을 가진 코드성 데이터입니다. 패턴이 0.0개 이내로 매우 정형화되어 있습니다.,- 필수 코드 컬럼의 Null 값을 제거하고 입력 로직을 점검하십시오.
사용자.csv,비밀번호이력4,C (주의),총 399개의 유효 값을 가진 코드성 데이터입니다. 패턴이 0.0개 이내로 매우 정형화되어 있습니다.,- 필수 코드 컬럼의 Null 값을 제거하고 입력 로직을 점검하십시오.
사용자.csv,최종변경일시,B (양호),데이터 형식이 100.0종으로 분산되어 표준화가 필요합니다.,- 데이터 입력 마스크를 도입하여 일관된 포맷을 유지하십시오.
사용자.csv,ETL일시,B (양호),데이터 형식이 100.0종으로 분산되어 표준화가 필요합니다.,- 데이터 입력 마스크를 도입하여 일관된 포맷을 유지하십시오.
사용자.csv,TimeStamp,B (양호),모든 값이 고유한 식별자(PK) 성격의 데이터입니다. 데이터 형식이 100.0종으로 분산되어 표준화가 필요합니다.,- 데이터 입력 마스크를 도입하여 일관된 포맷을 유지하십시오.
사원기본.csv,사원번호,B (양호),모든 값이 고유한 식별자(PK) 성격의 데이터입니다. 데이터 형식이 98.16종으로 분산되어 표준화가 필요합니다.,- 데이터 입력 마스크를 도입하여 일관된 포맷을 유지하십시오.
사원기본.csv,정규비정규,D (불량),총 4개의 유효 값을 가진 코드성 데이터입니다. 데이터 형식이 100.0종으로 분산되어 표준화가 필요합니다.,"- 필수 코드 컬럼의 Null 값을 제거하고 입력 로직을 점검하십시오.
- 데이터 입력 마스크를 도입하여 일관된 포맷을 유지하십시오."
사원기본.csv,소속조직코드,D (불량),총 2818개의 유효 값을 가진 코드성 데이터입니다. 데이터 형식이 97.03종으로 분산되어 표준화가 필요합니다.,"- 필수 코드 컬럼의 Null 값을 제거하고 입력 로직을 점검하십시오.
- 데이터 입력 마스크를 도입하여 일관된 포맷을 유지하십시오."
사원기본.csv,직종코드,B (양호),총 29개의 유효 값을 가진 코드성 데이터입니다. 데이터 형식이 99.9종으로 분산되어 표준화가 필요합니다.,- 데이터 입력 마스크를 도입하여 일관된 포맷을 유지하십시오.
사원기본.csv,국내집배구역,D (불량),총 31147개의 유효 값을 가진 코드성 데이터입니다. 데이터 형식이 99.93종으로 분산되어 표준화가 필요합니다.,"- 필수 코드 컬럼의 Null 값을 제거하고 입력 로직을 점검하십시오.
- 데이터 입력 마스크를 도입하여 일관된 포맷을 유지하십시오."
사원기본.csv,사직일자,D (불량),총 5951개의 유효 값을 가진 코드성 데이터입니다. 데이터 형식이 100.0종으로 분산되어 표준화가 필요합니다.,"- 필수 코드 컬럼의 Null 값을 제거하고 입력 로직을 점검하십시오.
- 데이터 입력 마스크를 도입하여 일관된 포맷을 유지하십시오."
사원기본.csv,소속회사,D (불량),"데이터 형식이 95.04종으로 분산되어 표준화가 필요합니다. 주의사항: 한글깨짐, 특수문자 항목이 검출되었습니다.","- 인코딩(UTF-8/EUC-KR) 변환 오류를 수정하여 한글 깨짐을 복구하십시오.
- 데이터 입력 마스크를 도입하여 일관된 포맷을 유지하십시오."
사원기본.csv,시근일자,D (불량),총 8247개의 유효 값을 가진 코드성 데이터입니다. 데이터 형식이 99.88종으로 분산되어 표준화가 필요합니다.,"- 필수 코드 컬럼의 Null 값을 제거하고 입력 로직을 점검하십시오.
- 데이터 입력 마스크를 도입하여 일관된 포맷을 유지하십시오."
사원기본.csv,마감시간,D (불량),총 13개의 유효 값을 가진 코드성 데이터입니다. 데이터 형식이 100.0종으로 분산되어 표준화가 필요합니다.,"- 필수 코드 컬럼의 Null 값을 제거하고 입력 로직을 점검하십시오.
- 데이터 입력 마스크를 도입하여 일관된 포맷을 유지하십시오."
사원기본.csv,부재기간1,C (주의),모든 값이 고유한 식별자(PK) 성격의 데이터입니다. 데이터 형식이 100.0종으로 분산되어 표준화가 필요합니다.,- 데이터 입력 마스크를 도입하여 일관된 포맷을 유지하십시오.
사원기본.csv,부재기간2,C (주의),모든 값이 고유한 식별자(PK) 성격의 데이터입니다. 데이터 형식이 100.0종으로 분산되어 표준화가 필요합니다.,- 데이터 입력 마스크를 도입하여 일관된 포맷을 유지하십시오.
사원기본.csv,부재시각1,C (주의),모든 값이 고유한 식별자(PK) 성격의 데이터입니다. 데이터 형식이 100.0종으로 분산되어 표준화가 필요합니다.,- 데이터 입력 마스크를 도입하여 일관된 포맷을 유지하십시오.
사원기본.csv,부재시각2,C (주의),모든 값이 고유한 식별자(PK) 성격의 데이터입니다. 데이터 형식이 100.0종으로 분산되어 표준화가 필요합니다.,- 데이터 입력 마스크를 도입하여 일관된 포맷을 유지하십시오.
사원기본.csv,대체ESMAN,C (주의),모든 값이 고유한 식별자(PK) 성격의 데이터입니다. 데이터 형식이 100.0종으로 분산되어 표준화가 필요합니다.,- 데이터 입력 마스크를 도입하여 일관된 포맷을 유지하십시오.
사원기본.csv,마감시각여부,C (주의),데이터 형식이 100.0종으로 분산되어 표준화가 필요합니다.,- 데이터 입력 마스크를 도입하여 일관된 포맷을 유지하십시오.
사원기본.csv,한덱스IF구분,C (주의),데이터 형식이 100.0종으로 분산되어 표준화가 필요합니다.,- 데이터 입력 마스크를 도입하여 일관된 포맷을 유지하십시오.
사원기본.csv,한덱스IF발생일시,D (불량),총 11224개의 유효 값을 가진 코드성 데이터입니다. 데이터 형식이 100.0종으로 분산되어 표준화가 필요합니다.,"- 필수 코드 컬럼의 Null 값을 제거하고 입력 로직을 점검하십시오.
- 데이터 입력 마스크를 도입하여 일관된 포맷을 유지하십시오."
사원기본.csv,사원주소1(동이상),C (주의),"패턴이 0.0개 이내로 매우 정형화되어 있습니다. 주의사항: 비표준문자, 특수문자 항목이 검출되었습니다.",현 상태 유지 및 정기 모니터링
사원기본.csv,사원주소도로명주소여부,D (불량),총 2개의 유효 값을 가진 코드성 데이터입니다. 데이터 형식이 100.0종으로 분산되어 표준화가 필요합니다.,"- 필수 코드 컬럼의 Null 값을 제거하고 입력 로직을 점검하십시오.
- 데이터 입력 마스크를 도입하여 일관된 포맷을 유지하십시오."
사원기본.csv,인사시스템사번,D (불량),총 951개의 유효 값을 가진 코드성 데이터입니다. 데이터 형식이 96.18종으로 분산되어 표준화가 필요합니다.,"- 필수 코드 컬럼의 Null 값을 제거하고 입력 로직을 점검하십시오.
- 데이터 입력 마스크를 도입하여 일관된 포맷을 유지하십시오."
사원기본.csv,출력양식,D (불량),총 4개의 유효 값을 가진 코드성 데이터입니다. 데이터 형식이 100.0종으로 분산되어 표준화가 필요합니다.,"- 필수 코드 컬럼의 Null 값을 제거하고 입력 로직을 점검하십시오.
- 데이터 입력 마스크를 도입하여 일관된 포맷을 유지하십시오."
사원기본.csv,운전면허종류,D (불량),총 5개의 유효 값을 가진 코드성 데이터입니다. 데이터 형식이 100.0종으로 분산되어 표준화가 필요합니다.,"- 필수 코드 컬럼의 Null 값을 제거하고 입력 로직을 점검하십시오.
- 데이터 입력 마스크를 도입하여 일관된 포맷을 유지하십시오."
사원기본.csv,화물운송종사자자격취득일,D (불량),총 3598개의 유효 값을 가진 코드성 데이터입니다. 데이터 형식이 99.17종으로 분산되어 표준화가 필요합니다.,"- 필수 코드 컬럼의 Null 값을 제거하고 입력 로직을 점검하십시오.
- 데이터 입력 마스크를 도입하여 일관된 포맷을 유지하십시오."
사원기본.csv,휴면일자,D (불량),총 120개의 유효 값을 가진 코드성 데이터입니다. 데이터 형식이 100.0종으로 분산되어 표준화가 필요합니다.,"- 필수 코드 컬럼의 Null 값을 제거하고 입력 로직을 점검하십시오.
- 데이터 입력 마스크를 도입하여 일관된 포맷을 유지하십시오."
사원기본.csv,차량번호,D (불량),총 15191개의 유효 값을 가진 코드성 데이터입니다. 데이터 형식이 100.0종으로 분산되어 표준화가 필요합니다.,"- 필수 코드 컬럼의 Null 값을 제거하고 입력 로직을 점검하십시오.
- 데이터 입력 마스크를 도입하여 일관된 포맷을 유지하십시오."
사원기본.csv,최종변경일시,B (양호),데이터 형식이 100.0종으로 분산되어 표준화가 필요합니다.,- 데이터 입력 마스크를 도입하여 일관된 포맷을 유지하십시오.
사원기본.csv,ETL일시,B (양호),데이터 형식이 100.0종으로 분산되어 표준화가 필요합니다.,- 데이터 입력 마스크를 도입하여 일관된 포맷을 유지하십시오.
사원기본.csv,TimeStamp,B (양호),모든 값이 고유한 식별자(PK) 성격의 데이터입니다. 데이터 형식이 100.0종으로 분산되어 표준화가 필요합니다.,- 데이터 입력 마스크를 도입하여 일관된 포맷을 유지하십시오.
사원마스터.csv,사원번호,B (양호),모든 값이 고유한 식별자(PK) 성격의 데이터입니다. 데이터 형식이 98.16종으로 분산되어 표준화가 필요합니다.,- 데이터 입력 마스크를 도입하여 일관된 포맷을 유지하십시오.
사원마스터.csv,정규비정규,B (양호),데이터 형식이 100.0종으로 분산되어 표준화가 필요합니다.,- 데이터 입력 마스크를 도입하여 일관된 포맷을 유지하십시오.
사원마스터.csv,조직코드,B (양호),총 1728개의 유효 값을 가진 코드성 데이터입니다. 데이터 형식이 97.07종으로 분산되어 표준화가 필요합니다.,- 데이터 입력 마스크를 도입하여 일관된 포맷을 유지하십시오.
사원마스터.csv,직종코드,B (양호),총 28개의 유효 값을 가진 코드성 데이터입니다. 데이터 형식이 99.9종으로 분산되어 표준화가 필요합니다.,- 데이터 입력 마스크를 도입하여 일관된 포맷을 유지하십시오.
사원마스터.csv,국내집배구역,D (불량),총 3468개의 유효 값을 가진 코드성 데이터입니다. 데이터 형식이 100.0종으로 분산되어 표준화가 필요합니다.,"- 필수 코드 컬럼의 Null 값을 제거하고 입력 로직을 점검하십시오.
- 데이터 입력 마스크를 도입하여 일관된 포맷을 유지하십시오."
사원마스터.csv,사직일자,D (불량),총 2904개의 유효 값을 가진 코드성 데이터입니다. 데이터 형식이 100.0종으로 분산되어 표준화가 필요합니다.,"- 필수 코드 컬럼의 Null 값을 제거하고 입력 로직을 점검하십시오.
- 데이터 입력 마스크를 도입하여 일관된 포맷을 유지하십시오."
사원마스터.csv,소속회사,D (불량),총 110개의 유효 값을 가진 코드성 데이터입니다. 데이터 형식이 96.11종으로 분산되어 표준화가 필요합니다. 주의사항:  항목이 검출되었습니다.,"- 필수 코드 컬럼의 Null 값을 제거하고 입력 로직을 점검하십시오.
- 데이터 입력 마스크를 도입하여 일관된 포맷을 유지하십시오."
사원마스터.csv,근무시작일자,D (불량),총 4298개의 유효 값을 가진 코드성 데이터입니다. 데이터 형식이 99.9종으로 분산되어 표준화가 필요합니다.,"- 필수 코드 컬럼의 Null 값을 제거하고 입력 로직을 점검하십시오.
- 데이터 입력 마스크를 도입하여 일관된 포맷을 유지하십시오."
사원마스터.csv,마감시간,C (주의),데이터 형식이 100.0종으로 분산되어 표준화가 필요합니다.,- 데이터 입력 마스크를 도입하여 일관된 포맷을 유지하십시오.
사원마스터.csv,마감시각여부,C (주의),데이터 형식이 100.0종으로 분산되어 표준화가 필요합니다.,- 데이터 입력 마스크를 도입하여 일관된 포맷을 유지하십시오.
사원마스터.csv,주소,B (양호),패턴이 0.0개 이내로 매우 정형화되어 있습니다.,현 상태 유지 및 정기 모니터링
사원마스터.csv,인사시스템사번,D (불량),모든 값이 고유한 식별자(PK) 성격의 데이터입니다. 데이터 형식이 95.46종으로 분산되어 표준화가 필요합니다.,"- 필수 코드 컬럼의 Null 값을 제거하고 입력 로직을 점검하십시오.
- 데이터 입력 마스크를 도입하여 일관된 포맷을 유지하십시오."
사원마스터.csv,운전면허종류,D (불량),총 4개의 유효 값을 가진 코드성 데이터입니다. 데이터 형식이 100.0종으로 분산되어 표준화가 필요합니다.,"- 필수 코드 컬럼의 Null 값을 제거하고 입력 로직을 점검하십시오.
- 데이터 입력 마스크를 도입하여 일관된 포맷을 유지하십시오."
사원마스터.csv,화물운송종사자자격취득일,D (불량),총 1037개의 유효 값을 가진 코드성 데이터입니다. 데이터 형식이 98.7종으로 분산되어 표준화가 필요합니다.,"- 필수 코드 컬럼의 Null 값을 제거하고 입력 로직을 점검하십시오.
- 데이터 입력 마스크를 도입하여 일관된 포맷을 유지하십시오."
사원마스터.csv,차량번호,D (불량),총 1175개의 유효 값을 가진 코드성 데이터입니다. 데이터 형식이 100.0종으로 분산되어 표준화가 필요합니다.,"- 필수 코드 컬럼의 Null 값을 제거하고 입력 로직을 점검하십시오.
- 데이터 입력 마스크를 도입하여 일관된 포맷을 유지하십시오."
사원마스터.csv,최종변경일시,B (양호),총 1개의 유효 값을 가진 코드성 데이터입니다. 데이터 형식이 100.0종으로 분산되어 표준화가 필요합니다.,- 데이터 입력 마스크를 도입하여 일관된 포맷을 유지하십시오.
사원마스터.csv,ETL일시,B (양호),총 1개의 유효 값을 가진 코드성 데이터입니다. 데이터 형식이 100.0종으로 분산되어 표준화가 필요합니다.,- 데이터 입력 마스크를 도입하여 일관된 포맷을 유지하십시오.
사원마스터.csv,TimeStamp,B (양호),모든 값이 고유한 식별자(PK) 성격의 데이터입니다. 데이터 형식이 100.0종으로 분산되어 표준화가 필요합니다.,- 데이터 입력 마스크를 도입하여 일관된 포맷을 유지하십시오.
상품분류.csv,상품코드,B (양호),모든 값이 고유한 식별자(PK) 성격의 데이터입니다. 데이터 형식이 95.39종으로 분산되어 표준화가 필요합니다.,- 데이터 입력 마스크를 도입하여 일관된 포맷을 유지하십시오.
상품분류.csv,사업구분,B (양호),데이터 형식이 100.0종으로 분산되어 표준화가 필요합니다.,- 데이터 입력 마스크를 도입하여 일관된 포맷을 유지하십시오.
상품분류.csv,상품명,B (양호),"패턴이 0.0개 이내로 매우 정형화되어 있습니다. 주의사항: 비표준문자, 특수문자 항목이 검출되었습니다.",현 상태 유지 및 정기 모니터링
상품분류.csv,설명,C (주의),"모든 값이 고유한 식별자(PK) 성격의 데이터입니다. 패턴이 0.0개 이내로 매우 정형화되어 있습니다. 주의사항: 비표준문자, 특수문자 항목이 검출되었습니다.",현 상태 유지 및 정기 모니터링
상품분류.csv,판매중지일,D (불량),총 17개의 유효 값을 가진 코드성 데이터입니다. 데이터 형식이 100.0종으로 분산되어 표준화가 필요합니다.,"- 필수 코드 컬럼의 Null 값을 제거하고 입력 로직을 점검하십시오.
- 데이터 입력 마스크를 도입하여 일관된 포맷을 유지하십시오."
상품분류.csv,화물종류,C (주의),데이터 형식이 100.0종으로 분산되어 표준화가 필요합니다.,- 데이터 입력 마스크를 도입하여 일관된 포맷을 유지하십시오.
상품분류.csv,접수시주의사항,C (주의),모든 값이 고유한 식별자(PK) 성격의 데이터입니다. 데이터 형식이 95.16종으로 분산되어 표준화가 필요합니다.,- 데이터 입력 마스크를 도입하여 일관된 포맷을 유지하십시오.
상품분류.csv,서비스지역 및 요율,C (주의),"모든 값이 고유한 식별자(PK) 성격의 데이터입니다. 패턴이 0.0개 이내로 매우 정형화되어 있습니다. 주의사항: 비표준문자, 특수문자 항목이 검출되었습니다.",현 상태 유지 및 정기 모니터링
상품분류.csv,최종변경일시,B (양호),총 1개의 유효 값을 가진 코드성 데이터입니다. 데이터 형식이 100.0종으로 분산되어 표준화가 필요합니다.,- 데이터 입력 마스크를 도입하여 일관된 포맷을 유지하십시오.
상품분류.csv,ETL일시,B (양호),총 1개의 유효 값을 가진 코드성 데이터입니다. 데이터 형식이 100.0종으로 분산되어 표준화가 필요합니다.,- 데이터 입력 마스크를 도입하여 일관된 포맷을 유지하십시오.
상품분류.csv,TimeStamp,B (양호),모든 값이 고유한 식별자(PK) 성격의 데이터입니다. 데이터 형식이 100.0종으로 분산되어 표준화가 필요합니다.,- 데이터 입력 마스크를 도입하여 일관된 포맷을 유지하십시오.
상품코드.csv,상품코드,B (양호),모든 값이 고유한 식별자(PK) 성격의 데이터입니다. 데이터 형식이 95.39종으로 분산되어 표준화가 필요합니다.,- 데이터 입력 마스크를 도입하여 일관된 포맷을 유지하십시오.
상품코드.csv,사업구분,B (양호),데이터 형식이 100.0종으로 분산되어 표준화가 필요합니다.,- 데이터 입력 마스크를 도입하여 일관된 포맷을 유지하십시오.
상품코드.csv,상품명,B (양호),"패턴이 0.0개 이내로 매우 정형화되어 있습니다. 주의사항: 비표준문자, 특수문자 항목이 검출되었습니다.",현 상태 유지 및 정기 모니터링
상품코드.csv,설명,C (주의),"모든 값이 고유한 식별자(PK) 성격의 데이터입니다. 패턴이 0.0개 이내로 매우 정형화되어 있습니다. 주의사항: 비표준문자, 특수문자 항목이 검출되었습니다.",현 상태 유지 및 정기 모니터링
상품코드.csv,판매중지일,D (불량),총 17개의 유효 값을 가진 코드성 데이터입니다. 데이터 형식이 100.0종으로 분산되어 표준화가 필요합니다.,"- 필수 코드 컬럼의 Null 값을 제거하고 입력 로직을 점검하십시오.
- 데이터 입력 마스크를 도입하여 일관된 포맷을 유지하십시오."
상품코드.csv,서비스금액,C (주의),데이터 형식이 100.0종으로 분산되어 표준화가 필요합니다.,- 데이터 입력 마스크를 도입하여 일관된 포맷을 유지하십시오.
상품코드.csv,화물종류,C (주의),데이터 형식이 100.0종으로 분산되어 표준화가 필요합니다.,- 데이터 입력 마스크를 도입하여 일관된 포맷을 유지하십시오.
상품코드.csv,접수시주의사항,C (주의),모든 값이 고유한 식별자(PK) 성격의 데이터입니다. 데이터 형식이 95.16종으로 분산되어 표준화가 필요합니다.,- 데이터 입력 마스크를 도입하여 일관된 포맷을 유지하십시오.
상품코드.csv,당일익일구분,C (주의),데이터 형식이 100.0종으로 분산되어 표준화가 필요합니다.,- 데이터 입력 마스크를 도입하여 일관된 포맷을 유지하십시오.
상품코드.csv,서비스지역 및 요율,C (주의),"모든 값이 고유한 식별자(PK) 성격의 데이터입니다. 패턴이 0.0개 이내로 매우 정형화되어 있습니다. 주의사항: 비표준문자, 특수문자 항목이 검출되었습니다.",현 상태 유지 및 정기 모니터링
상품코드.csv,최종변경일시,B (양호),총 1개의 유효 값을 가진 코드성 데이터입니다. 데이터 형식이 100.0종으로 분산되어 표준화가 필요합니다.,- 데이터 입력 마스크를 도입하여 일관된 포맷을 유지하십시오.
상품코드.csv,ETL일시,B (양호),총 1개의 유효 값을 가진 코드성 데이터입니다. 데이터 형식이 100.0종으로 분산되어 표준화가 필요합니다.,- 데이터 입력 마스크를 도입하여 일관된 포맷을 유지하십시오.
상품코드.csv,TimeStamp,B (양호),모든 값이 고유한 식별자(PK) 성격의 데이터입니다. 데이터 형식이 100.0종으로 분산되어 표준화가 필요합니다.,- 데이터 입력 마스크를 도입하여 일관된 포맷을 유지하십시오.
서브터미널.csv,서브코드,D (불량),모든 값이 고유한 식별자(PK) 성격의 데이터입니다. 데이터 형식이 98.32종으로 분산되어 표준화가 필요합니다.,"- 필수 코드 컬럼의 Null 값을 제거하고 입력 로직을 점검하십시오.
- 데이터 입력 마스크를 도입하여 일관된 포맷을 유지하십시오."
서브터미널.csv,터미널구분코드,D (불량),총 2개의 유효 값을 가진 코드성 데이터입니다. 데이터 형식이 100.0종으로 분산되어 표준화가 필요합니다.,"- 필수 코드 컬럼의 Null 값을 제거하고 입력 로직을 점검하십시오.
- 데이터 입력 마스크를 도입하여 일관된 포맷을 유지하십시오."
서브터미널.csv,서브명,B (양호),패턴이 0.0개 이내로 매우 정형화되어 있습니다.,현 상태 유지 및 정기 모니터링
서브터미널.csv,서브영문명,B (양호),패턴이 0.0개 이내로 매우 정형화되어 있습니다.,현 상태 유지 및 정기 모니터링
서브터미널.csv,우편번호,D (불량),총 171개의 유효 값을 가진 코드성 데이터입니다. 데이터 형식이 100.01종으로 분산되어 표준화가 필요합니다.,"- 필수 코드 컬럼의 Null 값을 제거하고 입력 로직을 점검하십시오.
- 데이터 입력 마스크를 도입하여 일관된 포맷을 유지하십시오."
서브터미널.csv,기본주소,B (양호),패턴이 0.0개 이내로 매우 정형화되어 있습니다.,현 상태 유지 및 정기 모니터링
서브터미널.csv,X좌표,D (불량),총 171개의 유효 값을 가진 코드성 데이터입니다. 데이터 형식이 99.67종으로 분산되어 표준화가 필요합니다.,"- 필수 코드 컬럼의 Null 값을 제거하고 입력 로직을 점검하십시오.
- 데이터 입력 마스크를 도입하여 일관된 포맷을 유지하십시오."
서브터미널.csv,Y좌표,D (불량),총 171개의 유효 값을 가진 코드성 데이터입니다. 데이터 형식이 99.33종으로 분산되어 표준화가 필요합니다.,"- 필수 코드 컬럼의 Null 값을 제거하고 입력 로직을 점검하십시오.
- 데이터 입력 마스크를 도입하여 일관된 포맷을 유지하십시오."
서브터미널.csv,사업자등록번호,D (불량),총 60개의 유효 값을 가진 코드성 데이터입니다. 데이터 형식이 100.0종으로 분산되어 표준화가 필요합니다.,"- 필수 코드 컬럼의 Null 값을 제거하고 입력 로직을 점검하십시오.
- 데이터 입력 마스크를 도입하여 일관된 포맷을 유지하십시오."
서브터미널.csv,수정일시,D (불량),총 72개의 유효 값을 가진 코드성 데이터입니다. 데이터 형식이 100.0종으로 분산되어 표준화가 필요합니다.,"- 필수 코드 컬럼의 Null 값을 제거하고 입력 로직을 점검하십시오.
- 데이터 입력 마스크를 도입하여 일관된 포맷을 유지하십시오."
서브터미널.csv,수정사원번호,D (불량),총 28개의 유효 값을 가진 코드성 데이터입니다. 데이터 형식이 97.65종으로 분산되어 표준화가 필요합니다.,"- 필수 코드 컬럼의 Null 값을 제거하고 입력 로직을 점검하십시오.
- 데이터 입력 마스크를 도입하여 일관된 포맷을 유지하십시오."
서브터미널.csv,최종업데이트일시,D (불량),총 72개의 유효 값을 가진 코드성 데이터입니다. 데이터 형식이 100.0종으로 분산되어 표준화가 필요합니다.,"- 필수 코드 컬럼의 Null 값을 제거하고 입력 로직을 점검하십시오.
- 데이터 입력 마스크를 도입하여 일관된 포맷을 유지하십시오."
서브터미널.csv,ETL일시,D (불량),총 1개의 유효 값을 가진 코드성 데이터입니다. 데이터 형식이 100.0종으로 분산되어 표준화가 필요합니다.,"- 필수 코드 컬럼의 Null 값을 제거하고 입력 로직을 점검하십시오.
- 데이터 입력 마스크를 도입하여 일관된 포맷을 유지하십시오."
서브터미널.csv,TimeStamp,B (양호),모든 값이 고유한 식별자(PK) 성격의 데이터입니다. 데이터 형식이 100.0종으로 분산되어 표준화가 필요합니다.,- 데이터 입력 마스크를 도입하여 일관된 포맷을 유지하십시오.
선박.csv,선박코드,B (양호),모든 값이 고유한 식별자(PK) 성격의 데이터입니다. 데이터 형식이 95.26종으로 분산되어 표준화가 필요합니다.,- 데이터 입력 마스크를 도입하여 일관된 포맷을 유지하십시오.
선박.csv,선박명_한글,C (주의),"패턴이 0.0개 이내로 매우 정형화되어 있습니다. 주의사항: 비표준문자, 특수문자 항목이 검출되었습니다.",현 상태 유지 및 정기 모니터링
선박.csv,선박명_영문,C (주의),"패턴이 0.0개 이내로 매우 정형화되어 있습니다. 주의사항: 비표준문자, 특수문자 항목이 검출되었습니다.",현 상태 유지 및 정기 모니터링
선박.csv,선사코드,C (주의),데이터 형식이 99.88종으로 분산되어 표준화가 필요합니다.,- 데이터 입력 마스크를 도입하여 일관된 포맷을 유지하십시오.
선박.csv,선박종류코드,D (불량),총 9개의 유효 값을 가진 코드성 데이터입니다. 데이터 형식이 100.0종으로 분산되어 표준화가 필요합니다.,"- 필수 코드 컬럼의 Null 값을 제거하고 입력 로직을 점검하십시오.
- 데이터 입력 마스크를 도입하여 일관된 포맷을 유지하십시오."
선박.csv,총길이,D (불량),총 100개의 유효 값을 가진 코드성 데이터입니다. 데이터 형식이 97.35종으로 분산되어 표준화가 필요합니다.,"- 필수 코드 컬럼의 Null 값을 제거하고 입력 로직을 점검하십시오.
- 데이터 입력 마스크를 도입하여 일관된 포맷을 유지하십시오."
선박.csv,총중량,D (불량),총 8288개의 유효 값을 가진 코드성 데이터입니다. 데이터 형식이 98.77종으로 분산되어 표준화가 필요합니다.,"- 필수 코드 컬럼의 Null 값을 제거하고 입력 로직을 점검하십시오.
- 데이터 입력 마스크를 도입하여 일관된 포맷을 유지하십시오."
선박.csv,외내항구분,B (양호),데이터 형식이 100.0종으로 분산되어 표준화가 필요합니다.,- 데이터 입력 마스크를 도입하여 일관된 포맷을 유지하십시오.
선박.csv,사용여부,B (양호),데이터 형식이 100.0종으로 분산되어 표준화가 필요합니다.,- 데이터 입력 마스크를 도입하여 일관된 포맷을 유지하십시오.
선박.csv,비고,C (주의),모든 값이 고유한 식별자(PK) 성격의 데이터입니다. 데이터 형식이 100.0종으로 분산되어 표준화가 필요합니다.,- 데이터 입력 마스크를 도입하여 일관된 포맷을 유지하십시오.
선박.csv,처리일시,D (불량),총 129개의 유효 값을 가진 코드성 데이터입니다. 데이터 형식이 99.9종으로 분산되어 표준화가 필요합니다.,"- 필수 코드 컬럼의 Null 값을 제거하고 입력 로직을 점검하십시오.
- 데이터 입력 마스크를 도입하여 일관된 포맷을 유지하십시오."
선박.csv,최종변경일시,B (양호),총 1개의 유효 값을 가진 코드성 데이터입니다. 데이터 형식이 100.0종으로 분산되어 표준화가 필요합니다.,- 데이터 입력 마스크를 도입하여 일관된 포맷을 유지하십시오.
선박.csv,ETL일시,B (양호),총 1개의 유효 값을 가진 코드성 데이터입니다. 데이터 형식이 100.0종으로 분산되어 표준화가 필요합니다.,- 데이터 입력 마스크를 도입하여 일관된 포맷을 유지하십시오.
선박.csv,TimeStamp,B (양호),모든 값이 고유한 식별자(PK) 성격의 데이터입니다. 데이터 형식이 100.0종으로 분산되어 표준화가 필요합니다.,- 데이터 입력 마스크를 도입하여 일관된 포맷을 유지하십시오.
선석.csv,항구코드,B (양호),총 10개의 유효 값을 가진 코드성 데이터입니다. 데이터 형식이 100.0종으로 분산되어 표준화가 필요합니다.,- 데이터 입력 마스크를 도입하여 일관된 포맷을 유지하십시오.
선석.csv,국가코드,B (양호),총 1개의 유효 값을 가진 코드성 데이터입니다. 데이터 형식이 100.0종으로 분산되어 표준화가 필요합니다.,- 데이터 입력 마스크를 도입하여 일관된 포맷을 유지하십시오.
선석.csv,선석코드,B (양호),총 545개의 유효 값을 가진 코드성 데이터입니다. 데이터 형식이 98.67종으로 분산되어 표준화가 필요합니다.,- 데이터 입력 마스크를 도입하여 일관된 포맷을 유지하십시오.
선석.csv,선석명,B (양호),"패턴이 0.0개 이내로 매우 정형화되어 있습니다. 주의사항: 비표준문자, 특수문자 항목이 검출되었습니다.",현 상태 유지 및 정기 모니터링
선석.csv,정산용선석명,C (주의),데이터 형식이 95.89종으로 분산되어 표준화가 필요합니다.,- 데이터 입력 마스크를 도입하여 일관된 포맷을 유지하십시오.
선석.csv,수심,B (양호),패턴이 0.0개 이내로 매우 정형화되어 있습니다.,현 상태 유지 및 정기 모니터링
선석.csv,선석길이,B (양호),총 132개의 유효 값을 가진 코드성 데이터입니다. 데이터 형식이 98.07종으로 분산되어 표준화가 필요합니다.,- 데이터 입력 마스크를 도입하여 일관된 포맷을 유지하십시오.
선석.csv,업체코드,D (불량),총 71개의 유효 값을 가진 코드성 데이터입니다. 데이터 형식이 100.0종으로 분산되어 표준화가 필요합니다.,"- 필수 코드 컬럼의 Null 값을 제거하고 입력 로직을 점검하십시오.
- 데이터 입력 마스크를 도입하여 일관된 포맷을 유지하십시오."
선석.csv,항구상세코드,D (불량),총 18개의 유효 값을 가진 코드성 데이터입니다. 데이터 형식이 100.0종으로 분산되어 표준화가 필요합니다.,"- 필수 코드 컬럼의 Null 값을 제거하고 입력 로직을 점검하십시오.
- 데이터 입력 마스크를 도입하여 일관된 포맷을 유지하십시오."
선석.csv,조직코드,D (불량),총 14개의 유효 값을 가진 코드성 데이터입니다. 데이터 형식이 100.0종으로 분산되어 표준화가 필요합니다.,"- 필수 코드 컬럼의 Null 값을 제거하고 입력 로직을 점검하십시오.
- 데이터 입력 마스크를 도입하여 일관된 포맷을 유지하십시오."
선석.csv,한진소유여부,B (양호),데이터 형식이 100.0종으로 분산되어 표준화가 필요합니다.,- 데이터 입력 마스크를 도입하여 일관된 포맷을 유지하십시오.
선석.csv,조회순번,B (양호),총 14개의 유효 값을 가진 코드성 데이터입니다. 데이터 형식이 97.24종으로 분산되어 표준화가 필요합니다.,- 데이터 입력 마스크를 도입하여 일관된 포맷을 유지하십시오.
선석.csv,사용여부,B (양호),데이터 형식이 100.0종으로 분산되어 표준화가 필요합니다.,- 데이터 입력 마스크를 도입하여 일관된 포맷을 유지하십시오.
선석.csv,비고,C (주의),데이터 형식이 100.0종으로 분산되어 표준화가 필요합니다.,- 데이터 입력 마스크를 도입하여 일관된 포맷을 유지하십시오.
선석.csv,본선구분,C (주의),데이터 형식이 100.0종으로 분산되어 표준화가 필요합니다.,- 데이터 입력 마스크를 도입하여 일관된 포맷을 유지하십시오.
선석.csv,최종변경일시,B (양호),데이터 형식이 100.0종으로 분산되어 표준화가 필요합니다.,- 데이터 입력 마스크를 도입하여 일관된 포맷을 유지하십시오.
선석.csv,ETL일시,B (양호),데이터 형식이 100.0종으로 분산되어 표준화가 필요합니다.,- 데이터 입력 마스크를 도입하여 일관된 포맷을 유지하십시오.
선석.csv,TimeStamp,B (양호),모든 값이 고유한 식별자(PK) 성격의 데이터입니다. 데이터 형식이 100.0종으로 분산되어 표준화가 필요합니다.,- 데이터 입력 마스크를 도입하여 일관된 포맷을 유지하십시오.
수입관리_고객.csv,고객번호,B (양호),모든 값이 고유한 식별자(PK) 성격의 데이터입니다. 데이터 형식이 99.83종으로 분산되어 표준화가 필요합니다.,- 데이터 입력 마스크를 도입하여 일관된 포맷을 유지하십시오.
수입관리_고객.csv,수금점소코드,D (불량),총 140개의 유효 값을 가진 코드성 데이터입니다. 데이터 형식이 100.0종으로 분산되어 표준화가 필요합니다.,"- 필수 코드 컬럼의 Null 값을 제거하고 입력 로직을 점검하십시오.
- 데이터 입력 마스크를 도입하여 일관된 포맷을 유지하십시오."
수입관리_고객.csv,불량등급코드,B (양호),데이터 형식이 100.0종으로 분산되어 표준화가 필요합니다.,- 데이터 입력 마스크를 도입하여 일관된 포맷을 유지하십시오.
수입관리_고객.csv,신용등급코드,B (양호),데이터 형식이 100.0종으로 분산되어 표준화가 필요합니다.,- 데이터 입력 마스크를 도입하여 일관된 포맷을 유지하십시오.
수입관리_고객.csv,기업설립형태코드,B (양호),데이터 형식이 100.0종으로 분산되어 표준화가 필요합니다.,- 데이터 입력 마스크를 도입하여 일관된 포맷을 유지하십시오.
수입관리_고객.csv,결제조건코드,B (양호),데이터 형식이 100.0종으로 분산되어 표준화가 필요합니다.,- 데이터 입력 마스크를 도입하여 일관된 포맷을 유지하십시오.
수입관리_고객.csv,신용공여기간코드,B (양호),데이터 형식이 99.94종으로 분산되어 표준화가 필요합니다.,- 데이터 입력 마스크를 도입하여 일관된 포맷을 유지하십시오.
수입관리_고객.csv,고객구분,B (양호),데이터 형식이 100.0종으로 분산되어 표준화가 필요합니다.,- 데이터 입력 마스크를 도입하여 일관된 포맷을 유지하십시오.
수입관리_고객.csv,주소,C (주의),"패턴이 0.0개 이내로 매우 정형화되어 있습니다. 주의사항: 한글깨짐, 비표준문자, 특수문자 항목이 검출되었습니다.",- 인코딩(UTF-8/EUC-KR) 변환 오류를 수정하여 한글 깨짐을 복구하십시오.
수입관리_고객.csv,고객명,B (양호),"패턴이 0.0개 이내로 매우 정형화되어 있습니다. 주의사항: 한글깨짐, 비표준문자, 특수문자 항목이 검출되었습니다.",- 인코딩(UTF-8/EUC-KR) 변환 오류를 수정하여 한글 깨짐을 복구하십시오.
수입관리_고객.csv,등록일자,B (양호),총 5440개의 유효 값을 가진 코드성 데이터입니다. 데이터 형식이 99.98종으로 분산되어 표준화가 필요합니다.,- 데이터 입력 마스크를 도입하여 일관된 포맷을 유지하십시오.
수입관리_고객.csv,등록자사번,D (불량),총 859개의 유효 값을 가진 코드성 데이터입니다. 데이터 형식이 97.39종으로 분산되어 표준화가 필요합니다.,"- 필수 코드 컬럼의 Null 값을 제거하고 입력 로직을 점검하십시오.
- 데이터 입력 마스크를 도입하여 일관된 포맷을 유지하십시오."
수입관리_고객.csv,SFDC고객ID,C (주의),모든 값이 고유한 식별자(PK) 성격의 데이터입니다. 패턴이 0.0개 이내로 매우 정형화되어 있습니다.,- 필수 코드 컬럼의 Null 값을 제거하고 입력 로직을 점검하십시오.
수입관리_고객.csv,법인번호,D (불량),총 213개의 유효 값을 가진 코드성 데이터입니다. 데이터 형식이 99.25종으로 분산되어 표준화가 필요합니다.,"- 필수 코드 컬럼의 Null 값을 제거하고 입력 로직을 점검하십시오.
- 데이터 입력 마스크를 도입하여 일관된 포맷을 유지하십시오."
수입관리_고객.csv,최종변경일시,B (양호),총 1개의 유효 값을 가진 코드성 데이터입니다. 데이터 형식이 100.0종으로 분산되어 표준화가 필요합니다.,- 데이터 입력 마스크를 도입하여 일관된 포맷을 유지하십시오.
수입관리_고객.csv,ETL일시,B (양호),총 1개의 유효 값을 가진 코드성 데이터입니다. 데이터 형식이 100.0종으로 분산되어 표준화가 필요합니다.,- 데이터 입력 마스크를 도입하여 일관된 포맷을 유지하십시오.
수입관리_고객.csv,TimeStamp,B (양호),모든 값이 고유한 식별자(PK) 성격의 데이터입니다. 데이터 형식이 100.0종으로 분산되어 표준화가 필요합니다.,- 데이터 입력 마스크를 도입하여 일관된 포맷을 유지하십시오.
수입관리점소.csv,수입점소코드,B (양호),모든 값이 고유한 식별자(PK) 성격의 데이터입니다. 데이터 형식이 100.0종으로 분산되어 표준화가 필요합니다.,- 데이터 입력 마스크를 도입하여 일관된 포맷을 유지하십시오.
수입관리점소.csv,센터코드,D (불량),총 183개의 유효 값을 가진 코드성 데이터입니다. 데이터 형식이 100.0종으로 분산되어 표준화가 필요합니다.,"- 필수 코드 컬럼의 Null 값을 제거하고 입력 로직을 점검하십시오.
- 데이터 입력 마스크를 도입하여 일관된 포맷을 유지하십시오."
수입관리점소.csv,점소명,A (우수),패턴이 0.0개 이내로 매우 정형화되어 있습니다.,현 상태 유지 및 정기 모니터링
수입관리점소.csv,소재지주소,B (양호),"패턴이 0.0개 이내로 매우 정형화되어 있습니다. 주의사항: 한글깨짐, 특수문자 항목이 검출되었습니다.",- 인코딩(UTF-8/EUC-KR) 변환 오류를 수정하여 한글 깨짐을 복구하십시오.
수입관리점소.csv,전화번호,B (양호),총 178개의 유효 값을 가진 코드성 데이터입니다. 데이터 형식이 99.16종으로 분산되어 표준화가 필요합니다.,- 데이터 입력 마스크를 도입하여 일관된 포맷을 유지하십시오.
수입관리점소.csv,부가세신고점소코드,B (양호),총 75개의 유효 값을 가진 코드성 데이터입니다. 데이터 형식이 100.0종으로 분산되어 표준화가 필요합니다.,- 데이터 입력 마스크를 도입하여 일관된 포맷을 유지하십시오.
수입관리점소.csv,사업자번호,B (양호),총 45개의 유효 값을 가진 코드성 데이터입니다. 데이터 형식이 100.0종으로 분산되어 표준화가 필요합니다.,- 데이터 입력 마스크를 도입하여 일관된 포맷을 유지하십시오.
수입관리점소.csv,관할세무서명,B (양호),총 33개의 유효 값을 가진 코드성 데이터입니다. 데이터 형식이 99.73종으로 분산되어 표준화가 필요합니다.,- 데이터 입력 마스크를 도입하여 일관된 포맷을 유지하십시오.
수입관리점소.csv,점소구분,B (양호),데이터 형식이 100.0종으로 분산되어 표준화가 필요합니다.,- 데이터 입력 마스크를 도입하여 일관된 포맷을 유지하십시오.
수입관리점소.csv,등록일자,B (양호),총 160개의 유효 값을 가진 코드성 데이터입니다. 데이터 형식이 100.0종으로 분산되어 표준화가 필요합니다.,- 데이터 입력 마스크를 도입하여 일관된 포맷을 유지하십시오.
수입관리점소.csv,수정일자,D (불량),총 99개의 유효 값을 가진 코드성 데이터입니다. 데이터 형식이 100.0종으로 분산되어 표준화가 필요합니다.,"- 필수 코드 컬럼의 Null 값을 제거하고 입력 로직을 점검하십시오.
- 데이터 입력 마스크를 도입하여 일관된 포맷을 유지하십시오."
수입관리점소.csv,처리자사번,B (양호),총 19개의 유효 값을 가진 코드성 데이터입니다. 데이터 형식이 100.0종으로 분산되어 표준화가 필요합니다.,- 데이터 입력 마스크를 도입하여 일관된 포맷을 유지하십시오.
수입관리점소.csv,최종변경일시,B (양호),총 1개의 유효 값을 가진 코드성 데이터입니다. 데이터 형식이 100.0종으로 분산되어 표준화가 필요합니다.,- 데이터 입력 마스크를 도입하여 일관된 포맷을 유지하십시오.
수입관리점소.csv,ETL일시,B (양호),총 1개의 유효 값을 가진 코드성 데이터입니다. 데이터 형식이 100.0종으로 분산되어 표준화가 필요합니다.,- 데이터 입력 마스크를 도입하여 일관된 포맷을 유지하십시오.
수입관리점소.csv,TimeStamp,B (양호),모든 값이 고유한 식별자(PK) 성격의 데이터입니다. 데이터 형식이 100.0종으로 분산되어 표준화가 필요합니다.,- 데이터 입력 마스크를 도입하여 일관된 포맷을 유지하십시오.
신용공여기간.csv,신용공여기간코드,B (양호),모든 값이 고유한 식별자(PK) 성격의 데이터입니다. 데이터 형식이 100.0종으로 분산되어 표준화가 필요합니다.,- 데이터 입력 마스크를 도입하여 일관된 포맷을 유지하십시오.
신용공여기간.csv,신용공여기준일수,B (양호),모든 값이 고유한 식별자(PK) 성격의 데이터입니다. 데이터 형식이 100.0종으로 분산되어 표준화가 필요합니다.,- 데이터 입력 마스크를 도입하여 일관된 포맷을 유지하십시오.
신용공여기간.csv,dt_reg,B (양호),총 35개의 유효 값을 가진 코드성 데이터입니다. 데이터 형식이 100.0종으로 분산되어 표준화가 필요합니다.,- 데이터 입력 마스크를 도입하여 일관된 포맷을 유지하십시오.
신용공여기간.csv,dt_adjt,C (주의),데이터 형식이 100.0종으로 분산되어 표준화가 필요합니다.,- 데이터 입력 마스크를 도입하여 일관된 포맷을 유지하십시오.
신용공여기간.csv,yn_abd,B (양호),데이터 형식이 100.0종으로 분산되어 표준화가 필요합니다.,- 데이터 입력 마스크를 도입하여 일관된 포맷을 유지하십시오.
신용공여기간.csv,처리자사번,B (양호),총 13개의 유효 값을 가진 코드성 데이터입니다. 데이터 형식이 100.0종으로 분산되어 표준화가 필요합니다.,- 데이터 입력 마스크를 도입하여 일관된 포맷을 유지하십시오.
신용공여기간.csv,월매트릭스구분,C (주의),모든 값이 고유한 식별자(PK) 성격의 데이터입니다. 데이터 형식이 100.0종으로 분산되어 표준화가 필요합니다.,- 데이터 입력 마스크를 도입하여 일관된 포맷을 유지하십시오.
신용공여기간.csv,last_update_dtm,B (양호),데이터 형식이 100.0종으로 분산되어 표준화가 필요합니다.,- 데이터 입력 마스크를 도입하여 일관된 포맷을 유지하십시오.
신용공여기간.csv,etl_dtm,B (양호),데이터 형식이 100.0종으로 분산되어 표준화가 필요합니다.,- 데이터 입력 마스크를 도입하여 일관된 포맷을 유지하십시오.
신용공여기간.csv,TimeStamp,B (양호),모든 값이 고유한 식별자(PK) 성격의 데이터입니다. 데이터 형식이 100.0종으로 분산되어 표준화가 필요합니다.,- 데이터 입력 마스크를 도입하여 일관된 포맷을 유지하십시오.
신용등급.csv,신용등급코드,B (양호),모든 값이 고유한 식별자(PK) 성격의 데이터입니다. 데이터 형식이 100.0종으로 분산되어 표준화가 필요합니다.,- 데이터 입력 마스크를 도입하여 일관된 포맷을 유지하십시오.
신용등급.csv,신용등급명,B (양호),모든 값이 고유한 식별자(PK) 성격의 데이터입니다. 데이터 형식이 100.0종으로 분산되어 표준화가 필요합니다.,- 데이터 입력 마스크를 도입하여 일관된 포맷을 유지하십시오.
신용등급.csv,FROM점수,C (주의),모든 값이 고유한 식별자(PK) 성격의 데이터입니다. 데이터 형식이 100.0종으로 분산되어 표준화가 필요합니다.,- 데이터 입력 마스크를 도입하여 일관된 포맷을 유지하십시오.
신용등급.csv,TO점수,C (주의),모든 값이 고유한 식별자(PK) 성격의 데이터입니다. 데이터 형식이 100.0종으로 분산되어 표준화가 필요합니다.,- 데이터 입력 마스크를 도입하여 일관된 포맷을 유지하십시오.
신용등급.csv,dt_reg,B (양호),데이터 형식이 100.0종으로 분산되어 표준화가 필요합니다.,- 데이터 입력 마스크를 도입하여 일관된 포맷을 유지하십시오.
신용등급.csv,yn_abd,B (양호),데이터 형식이 100.0종으로 분산되어 표준화가 필요합니다.,- 데이터 입력 마스크를 도입하여 일관된 포맷을 유지하십시오.
신용등급.csv,처리자사번,B (양호),데이터 형식이 100.0종으로 분산되어 표준화가 필요합니다.,- 데이터 입력 마스크를 도입하여 일관된 포맷을 유지하십시오.
신용등급.csv,last_update_dtm,B (양호),데이터 형식이 100.0종으로 분산되어 표준화가 필요합니다.,- 데이터 입력 마스크를 도입하여 일관된 포맷을 유지하십시오.
신용등급.csv,etl_dtm,B (양호),데이터 형식이 100.0종으로 분산되어 표준화가 필요합니다.,- 데이터 입력 마스크를 도입하여 일관된 포맷을 유지하십시오.
신용등급.csv,TimeStamp,B (양호),모든 값이 고유한 식별자(PK) 성격의 데이터입니다. 데이터 형식이 100.0종으로 분산되어 표준화가 필요합니다.,- 데이터 입력 마스크를 도입하여 일관된 포맷을 유지하십시오.
영업소.csv,영업소코드,B (양호),모든 값이 고유한 식별자(PK) 성격의 데이터입니다. 데이터 형식이 99.32종으로 분산되어 표준화가 필요합니다.,- 데이터 입력 마스크를 도입하여 일관된 포맷을 유지하십시오.
영업소.csv,영업소명,A (우수),패턴이 0.0개 이내로 매우 정형화되어 있습니다.,현 상태 유지 및 정기 모니터링
영업소.csv,영업소약명,B (양호),총 132개의 유효 값을 가진 코드성 데이터입니다. 데이터 형식이 95.88종으로 분산되어 표준화가 필요합니다.,- 데이터 입력 마스크를 도입하여 일관된 포맷을 유지하십시오.
영업소.csv,건평,B (양호),총 9개의 유효 값을 가진 코드성 데이터입니다. 데이터 형식이 99.32종으로 분산되어 표준화가 필요합니다.,- 데이터 입력 마스크를 도입하여 일관된 포맷을 유지하십시오.
영업소.csv,우편번호,B (양호),총 74개의 유효 값을 가진 코드성 데이터입니다. 데이터 형식이 100.0종으로 분산되어 표준화가 필요합니다.,- 데이터 입력 마스크를 도입하여 일관된 포맷을 유지하십시오.
영업소.csv,주소,B (양호),패턴이 0.0개 이내로 매우 정형화되어 있습니다.,현 상태 유지 및 정기 모니터링
영업소.csv,영업소등급,B (양호),데이터 형식이 100.0종으로 분산되어 표준화가 필요합니다.,- 데이터 입력 마스크를 도입하여 일관된 포맷을 유지하십시오.
영업소.csv,업무개시일,B (양호),총 69개의 유효 값을 가진 코드성 데이터입니다. 데이터 형식이 100.0종으로 분산되어 표준화가 필요합니다.,- 데이터 입력 마스크를 도입하여 일관된 포맷을 유지하십시오.
영업소.csv,업무중지일,B (양호),총 3개의 유효 값을 가진 코드성 데이터입니다. 데이터 형식이 100.0종으로 분산되어 표준화가 필요합니다.,- 데이터 입력 마스크를 도입하여 일관된 포맷을 유지하십시오.
영업소.csv,업무종료일,B (양호),총 3개의 유효 값을 가진 코드성 데이터입니다. 데이터 형식이 100.0종으로 분산되어 표준화가 필요합니다.,- 데이터 입력 마스크를 도입하여 일관된 포맷을 유지하십시오.
영업소.csv,설립일자,D (불량),총 71개의 유효 값을 가진 코드성 데이터입니다. 데이터 형식이 100.0종으로 분산되어 표준화가 필요합니다.,"- 필수 코드 컬럼의 Null 값을 제거하고 입력 로직을 점검하십시오.
- 데이터 입력 마스크를 도입하여 일관된 포맷을 유지하십시오."
영업소.csv,사업자등록번호,B (양호),총 76개의 유효 값을 가진 코드성 데이터입니다. 데이터 형식이 100.0종으로 분산되어 표준화가 필요합니다.,- 데이터 입력 마스크를 도입하여 일관된 포맷을 유지하십시오.
영업소.csv,업태,B (양호),패턴이 0.0개 이내로 매우 정형화되어 있습니다.,현 상태 유지 및 정기 모니터링
영업소.csv,업종,A (우수),패턴이 0.0개 이내로 매우 정형화되어 있습니다.,현 상태 유지 및 정기 모니터링
영업소.csv,계약영업소코드,D (불량),총 71개의 유효 값을 가진 코드성 데이터입니다. 데이터 형식이 100.0종으로 분산되어 표준화가 필요합니다.,"- 필수 코드 컬럼의 Null 값을 제거하고 입력 로직을 점검하십시오.
- 데이터 입력 마스크를 도입하여 일관된 포맷을 유지하십시오."
영업소.csv,계약구분,B (양호),데이터 형식이 100.0종으로 분산되어 표준화가 필요합니다.,- 데이터 입력 마스크를 도입하여 일관된 포맷을 유지하십시오.
영업소.csv,보증금,B (양호),총 6개의 유효 값을 가진 코드성 데이터입니다. 데이터 형식이 95.21종으로 분산되어 표준화가 필요합니다.,- 데이터 입력 마스크를 도입하여 일관된 포맷을 유지하십시오.
영업소.csv,유효기간,B (양호),총 2개의 유효 값을 가진 코드성 데이터입니다. 데이터 형식이 100.0종으로 분산되어 표준화가 필요합니다.,- 데이터 입력 마스크를 도입하여 일관된 포맷을 유지하십시오.
영업소.csv,보험증권번호,D (불량),총 4개의 유효 값을 가진 코드성 데이터입니다. 데이터 형식이 95.65종으로 분산되어 표준화가 필요합니다.,"- 필수 코드 컬럼의 Null 값을 제거하고 입력 로직을 점검하십시오.
- 데이터 입력 마스크를 도입하여 일관된 포맷을 유지하십시오."
영업소.csv,직영가맹여부,B (양호),데이터 형식이 100.0종으로 분산되어 표준화가 필요합니다.,- 데이터 입력 마스크를 도입하여 일관된 포맷을 유지하십시오.
영업소.csv,상위영업소코드,B (양호),총 18개의 유효 값을 가진 코드성 데이터입니다. 데이터 형식이 100.0종으로 분산되어 표준화가 필요합니다.,- 데이터 입력 마스크를 도입하여 일관된 포맷을 유지하십시오.
영업소.csv,집하센터코드,D (불량),총 4개의 유효 값을 가진 코드성 데이터입니다. 데이터 형식이 100.0종으로 분산되어 표준화가 필요합니다.,"- 필수 코드 컬럼의 Null 값을 제거하고 입력 로직을 점검하십시오.
- 데이터 입력 마스크를 도입하여 일관된 포맷을 유지하십시오."
영업소.csv,지역구분,B (양호),총 14개의 유효 값을 가진 코드성 데이터입니다. 데이터 형식이 100.0종으로 분산되어 표준화가 필요합니다.,- 데이터 입력 마스크를 도입하여 일관된 포맷을 유지하십시오.
영업소.csv,분류터미널구분,B (양호),데이터 형식이 100.0종으로 분산되어 표준화가 필요합니다.,- 데이터 입력 마스크를 도입하여 일관된 포맷을 유지하십시오.
영업소.csv,구동분류기구분값,C (주의),데이터 형식이 100.0종으로 분산되어 표준화가 필요합니다.,- 데이터 입력 마스크를 도입하여 일관된 포맷을 유지하십시오.
영업소.csv,반품송장권역ZONE,D (불량),총 7개의 유효 값을 가진 코드성 데이터입니다. 데이터 형식이 100.0종으로 분산되어 표준화가 필요합니다.,"- 필수 코드 컬럼의 Null 값을 제거하고 입력 로직을 점검하십시오.
- 데이터 입력 마스크를 도입하여 일관된 포맷을 유지하십시오."
영업소.csv,최종변경일시,B (양호),총 1개의 유효 값을 가진 코드성 데이터입니다. 데이터 형식이 100.0종으로 분산되어 표준화가 필요합니다.,- 데이터 입력 마스크를 도입하여 일관된 포맷을 유지하십시오.
영업소.csv,ETL일시,B (양호),총 1개의 유효 값을 가진 코드성 데이터입니다. 데이터 형식이 100.0종으로 분산되어 표준화가 필요합니다.,- 데이터 입력 마스크를 도입하여 일관된 포맷을 유지하십시오.
영업소.csv,TimeStamp,B (양호),모든 값이 고유한 식별자(PK) 성격의 데이터입니다. 데이터 형식이 100.0종으로 분산되어 표준화가 필요합니다.,- 데이터 입력 마스크를 도입하여 일관된 포맷을 유지하십시오.
원가인명정보.csv,적용년월,B (양호),총 39개의 유효 값을 가진 코드성 데이터입니다. 데이터 형식이 100.0종으로 분산되어 표준화가 필요합니다.,- 데이터 입력 마스크를 도입하여 일관된 포맷을 유지하십시오.
원가인명정보.csv,직원번호,B (양호),총 3562개의 유효 값을 가진 코드성 데이터입니다. 데이터 형식이 98.4종으로 분산되어 표준화가 필요합니다.,- 데이터 입력 마스크를 도입하여 일관된 포맷을 유지하십시오.
원가인명정보.csv,직원명,D (불량),총 2011개의 유효 값을 가진 코드성 데이터입니다. 데이터 형식이 98.76종으로 분산되어 표준화가 필요합니다.,"- 필수 코드 컬럼의 Null 값을 제거하고 입력 로직을 점검하십시오.
- 데이터 입력 마스크를 도입하여 일관된 포맷을 유지하십시오."
원가인명정보.csv,등록상태명,D (불량),총 2개의 유효 값을 가진 코드성 데이터입니다. 데이터 형식이 100.0종으로 분산되어 표준화가 필요합니다.,"- 필수 코드 컬럼의 Null 값을 제거하고 입력 로직을 점검하십시오.
- 데이터 입력 마스크를 도입하여 일관된 포맷을 유지하십시오."
원가인명정보.csv,전월급여조직코드,D (불량),총 361개의 유효 값을 가진 코드성 데이터입니다. 데이터 형식이 99.47종으로 분산되어 표준화가 필요합니다.,"- 필수 코드 컬럼의 Null 값을 제거하고 입력 로직을 점검하십시오.
- 데이터 입력 마스크를 도입하여 일관된 포맷을 유지하십시오."
원가인명정보.csv,급여조직코드,B (양호),총 365개의 유효 값을 가진 코드성 데이터입니다. 데이터 형식이 99.55종으로 분산되어 표준화가 필요합니다.,- 데이터 입력 마스크를 도입하여 일관된 포맷을 유지하십시오.
원가인명정보.csv,귀속부서조직코드,B (양호),총 353개의 유효 값을 가진 코드성 데이터입니다. 데이터 형식이 95.81종으로 분산되어 표준화가 필요합니다.,- 데이터 입력 마스크를 도입하여 일관된 포맷을 유지하십시오.
원가인명정보.csv,호봉제여부,B (양호),데이터 형식이 100.0종으로 분산되어 표준화가 필요합니다.,- 데이터 입력 마스크를 도입하여 일관된 포맷을 유지하십시오.
원가인명정보.csv,퇴직급여충당금여부,B (양호),데이터 형식이 100.0종으로 분산되어 표준화가 필요합니다.,- 데이터 입력 마스크를 도입하여 일관된 포맷을 유지하십시오.
원가인명정보.csv,산업재해보험여부,B (양호),데이터 형식이 100.0종으로 분산되어 표준화가 필요합니다.,- 데이터 입력 마스크를 도입하여 일관된 포맷을 유지하십시오.
원가인명정보.csv,고용보험여부,B (양호),데이터 형식이 100.0종으로 분산되어 표준화가 필요합니다.,- 데이터 입력 마스크를 도입하여 일관된 포맷을 유지하십시오.
원가인명정보.csv,임금인상충당금여부,B (양호),데이터 형식이 100.0종으로 분산되어 표준화가 필요합니다.,- 데이터 입력 마스크를 도입하여 일관된 포맷을 유지하십시오.
원가인명정보.csv,임원여부,B (양호),데이터 형식이 100.0종으로 분산되어 표준화가 필요합니다.,- 데이터 입력 마스크를 도입하여 일관된 포맷을 유지하십시오.
원가인명정보.csv,최초생성자ID,D (불량),총 4개의 유효 값을 가진 코드성 데이터입니다. 데이터 형식이 97.79종으로 분산되어 표준화가 필요합니다.,"- 필수 코드 컬럼의 Null 값을 제거하고 입력 로직을 점검하십시오.
- 데이터 입력 마스크를 도입하여 일관된 포맷을 유지하십시오."
원가인명정보.csv,최초생성일시,C (주의),데이터 형식이 100.0종으로 분산되어 표준화가 필요합니다.,"- 데이터 입력 마스크를 도입하여 일관된 포맷을 유지하십시오.
- 기준 시간 정보의 누락은 시계열 분석의 정확도를 저하시킵니다."
원가인명정보.csv,최종갱신자ID,D (불량),총 5개의 유효 값을 가진 코드성 데이터입니다. 데이터 형식이 97.54종으로 분산되어 표준화가 필요합니다.,"- 필수 코드 컬럼의 Null 값을 제거하고 입력 로직을 점검하십시오.
- 데이터 입력 마스크를 도입하여 일관된 포맷을 유지하십시오."
원가인명정보.csv,최종변경일시,C (주의),데이터 형식이 100.0종으로 분산되어 표준화가 필요합니다.,"- 데이터 입력 마스크를 도입하여 일관된 포맷을 유지하십시오.
- 기준 시간 정보의 누락은 시계열 분석의 정확도를 저하시킵니다."
원가인명정보.csv,ETL일시,B (양호),데이터 형식이 100.0종으로 분산되어 표준화가 필요합니다.,- 데이터 입력 마스크를 도입하여 일관된 포맷을 유지하십시오.
원가인명정보.csv,TimeStamp,B (양호),모든 값이 고유한 식별자(PK) 성격의 데이터입니다. 데이터 형식이 100.0종으로 분산되어 표준화가 필요합니다.,- 데이터 입력 마스크를 도입하여 일관된 포맷을 유지하십시오.
작업코드.csv,작업구분코드,B (양호),모든 값이 고유한 식별자(PK) 성격의 데이터입니다. 데이터 형식이 100.01종으로 분산되어 표준화가 필요합니다.,- 데이터 입력 마스크를 도입하여 일관된 포맷을 유지하십시오.
작업코드.csv,작업명,A (우수),패턴이 0.0개 이내로 매우 정형화되어 있습니다.,현 상태 유지 및 정기 모니터링
작업코드.csv,작업설명,B (양호),패턴이 0.0개 이내로 매우 정형화되어 있습니다.,현 상태 유지 및 정기 모니터링
작업코드.csv,작업설명(영문),B (양호),패턴이 0.0개 이내로 매우 정형화되어 있습니다.,현 상태 유지 및 정기 모니터링
작업코드.csv,최종변경일시,B (양호),데이터 형식이 100.0종으로 분산되어 표준화가 필요합니다.,- 데이터 입력 마스크를 도입하여 일관된 포맷을 유지하십시오.
작업코드.csv,ETL일시,B (양호),데이터 형식이 100.0종으로 분산되어 표준화가 필요합니다.,- 데이터 입력 마스크를 도입하여 일관된 포맷을 유지하십시오.
작업코드.csv,TimeStamp,B (양호),모든 값이 고유한 식별자(PK) 성격의 데이터입니다. 데이터 형식이 100.0종으로 분산되어 표준화가 필요합니다.,- 데이터 입력 마스크를 도입하여 일관된 포맷을 유지하십시오.
조직_수입관리.csv,OIO_ORG_COD,B (양호),모든 값이 고유한 식별자(PK) 성격의 데이터입니다. 데이터 형식이 95.92종으로 분산되어 표준화가 필요합니다.,- 데이터 입력 마스크를 도입하여 일관된 포맷을 유지하십시오.
조직_수입관리.csv,OIO_ORG_NAM,A (우수),모든 값이 고유한 식별자(PK) 성격의 데이터입니다. 패턴이 0.0개 이내로 매우 정형화되어 있습니다.,현 상태 유지 및 정기 모니터링
조직_수입관리.csv,OIO_ORG_NCD,D (불량),총 187개의 유효 값을 가진 코드성 데이터입니다. 데이터 형식이 100.0종으로 분산되어 표준화가 필요합니다.,"- 필수 코드 컬럼의 Null 값을 제거하고 입력 로직을 점검하십시오.
- 데이터 입력 마스크를 도입하여 일관된 포맷을 유지하십시오."
조직_수입관리.csv,OIO_PIN_COD,D (불량),총 128개의 유효 값을 가진 코드성 데이터입니다. 데이터 형식이 96.02종으로 분산되어 표준화가 필요합니다.,"- 필수 코드 컬럼의 Null 값을 제거하고 입력 로직을 점검하십시오.
- 데이터 입력 마스크를 도입하여 일관된 포맷을 유지하십시오."
조직_수입관리.csv,OIO_CHG_ENO,D (불량),총 1개의 유효 값을 가진 코드성 데이터입니다. 데이터 형식이 100.0종으로 분산되어 표준화가 필요합니다.,"- 필수 코드 컬럼의 Null 값을 제거하고 입력 로직을 점검하십시오.
- 데이터 입력 마스크를 도입하여 일관된 포맷을 유지하십시오."
조직_수입관리.csv,OIO_CHG_MDH,C (주의),데이터 형식이 100.0종으로 분산되어 표준화가 필요합니다.,"- 데이터 입력 마스크를 도입하여 일관된 포맷을 유지하십시오.
- 기준 시간 정보의 누락은 시계열 분석의 정확도를 저하시킵니다."
조직_수입관리.csv,OIO_END_YMD,D (불량),총 1개의 유효 값을 가진 코드성 데이터입니다. 데이터 형식이 100.0종으로 분산되어 표준화가 필요합니다.,"- 필수 코드 컬럼의 Null 값을 제거하고 입력 로직을 점검하십시오.
- 데이터 입력 마스크를 도입하여 일관된 포맷을 유지하십시오."
조직_수입관리.csv,최종변경일시,B (양호),데이터 형식이 100.0종으로 분산되어 표준화가 필요합니다.,- 데이터 입력 마스크를 도입하여 일관된 포맷을 유지하십시오.
조직_수입관리.csv,ETL일시,B (양호),데이터 형식이 100.0종으로 분산되어 표준화가 필요합니다.,- 데이터 입력 마스크를 도입하여 일관된 포맷을 유지하십시오.
조직_수입관리.csv,TimeStamp,B (양호),모든 값이 고유한 식별자(PK) 성격의 데이터입니다. 데이터 형식이 100.0종으로 분산되어 표준화가 필요합니다.,- 데이터 입력 마스크를 도입하여 일관된 포맷을 유지하십시오.
조직코드관리.csv,회사코드,B (양호),데이터 형식이 100.0종으로 분산되어 표준화가 필요합니다.,- 데이터 입력 마스크를 도입하여 일관된 포맷을 유지하십시오.
조직코드관리.csv,회사명,B (양호),총 1개의 유효 값을 가진 코드성 데이터입니다. 데이터 형식이 100.0종으로 분산되어 표준화가 필요합니다.,- 데이터 입력 마스크를 도입하여 일관된 포맷을 유지하십시오.
조직코드관리.csv,본부코드,B (양호),총 6개의 유효 값을 가진 코드성 데이터입니다. 데이터 형식이 100.0종으로 분산되어 표준화가 필요합니다.,- 데이터 입력 마스크를 도입하여 일관된 포맷을 유지하십시오.
조직코드관리.csv,본부명,B (양호),총 6개의 유효 값을 가진 코드성 데이터입니다. 데이터 형식이 97.14종으로 분산되어 표준화가 필요합니다.,- 데이터 입력 마스크를 도입하여 일관된 포맷을 유지하십시오.
조직코드관리.csv,지부코드,B (양호),총 62개의 유효 값을 가진 코드성 데이터입니다. 데이터 형식이 96.43종으로 분산되어 표준화가 필요합니다.,- 데이터 입력 마스크를 도입하여 일관된 포맷을 유지하십시오.
조직코드관리.csv,지부명,B (양호),데이터 형식이 95.97종으로 분산되어 표준화가 필요합니다.,- 데이터 입력 마스크를 도입하여 일관된 포맷을 유지하십시오.
조직코드관리.csv,지점코드,B (양호),총 324개의 유효 값을 가진 코드성 데이터입니다. 데이터 형식이 97.86종으로 분산되어 표준화가 필요합니다.,- 데이터 입력 마스크를 도입하여 일관된 포맷을 유지하십시오.
조직코드관리.csv,지점명,A (우수),패턴이 0.0개 이내로 매우 정형화되어 있습니다.,현 상태 유지 및 정기 모니터링
조직코드관리.csv,팀센터코드,B (양호),모든 값이 고유한 식별자(PK) 성격의 데이터입니다. 데이터 형식이 98.1종으로 분산되어 표준화가 필요합니다.,- 데이터 입력 마스크를 도입하여 일관된 포맷을 유지하십시오.
조직코드관리.csv,팀센터명,A (우수),패턴이 0.0개 이내로 매우 정형화되어 있습니다.,현 상태 유지 및 정기 모니터링
조직코드관리.csv,정렬순서,B (양호),모든 값이 고유한 식별자(PK) 성격의 데이터입니다. 데이터 형식이 97.86종으로 분산되어 표준화가 필요합니다.,- 데이터 입력 마스크를 도입하여 일관된 포맷을 유지하십시오.
조직코드관리.csv,최초생성일시,B (양호),데이터 형식이 100.0종으로 분산되어 표준화가 필요합니다.,- 데이터 입력 마스크를 도입하여 일관된 포맷을 유지하십시오.
조직코드관리.csv,last_update_dtm,B (양호),데이터 형식이 100.0종으로 분산되어 표준화가 필요합니다.,- 데이터 입력 마스크를 도입하여 일관된 포맷을 유지하십시오.
조직코드관리.csv,etl_dtm,B (양호),데이터 형식이 100.0종으로 분산되어 표준화가 필요합니다.,- 데이터 입력 마스크를 도입하여 일관된 포맷을 유지하십시오.
조직코드관리.csv,TimeStamp,B (양호),모든 값이 고유한 식별자(PK) 성격의 데이터입니다. 데이터 형식이 100.0종으로 분산되어 표준화가 필요합니다.,- 데이터 입력 마스크를 도입하여 일관된 포맷을 유지하십시오.
조직터미널마스터.csv,터미널조직코드,B (양호),모든 값이 고유한 식별자(PK) 성격의 데이터입니다. 데이터 형식이 98.21종으로 분산되어 표준화가 필요합니다.,- 데이터 입력 마스크를 도입하여 일관된 포맷을 유지하십시오.
조직터미널마스터.csv,터미널구분코드,B (양호),총 8개의 유효 값을 가진 코드성 데이터입니다. 데이터 형식이 98.93종으로 분산되어 표준화가 필요합니다.,- 데이터 입력 마스크를 도입하여 일관된 포맷을 유지하십시오.
조직터미널마스터.csv,실제터미널조직코드,D (불량),총 426개의 유효 값을 가진 코드성 데이터입니다. 데이터 형식이 98.21종으로 분산되어 표준화가 필요합니다.,"- 필수 코드 컬럼의 Null 값을 제거하고 입력 로직을 점검하십시오.
- 데이터 입력 마스크를 도입하여 일관된 포맷을 유지하십시오."
조직터미널마스터.csv,unitiz_goal,D (불량),총 38개의 유효 값을 가진 코드성 데이터입니다. 데이터 형식이 98.74종으로 분산되어 표준화가 필요합니다.,"- 필수 코드 컬럼의 Null 값을 제거하고 입력 로직을 점검하십시오.
- 데이터 입력 마스크를 도입하여 일관된 포맷을 유지하십시오."
조직터미널마스터.csv,종료목표작업시분,D (불량),총 6개의 유효 값을 가진 코드성 데이터입니다. 데이터 형식이 100.0종으로 분산되어 표준화가 필요합니다.,"- 필수 코드 컬럼의 Null 값을 제거하고 입력 로직을 점검하십시오.
- 데이터 입력 마스크를 도입하여 일관된 포맷을 유지하십시오."
조직터미널마스터.csv,터미널영문코드,D (불량),모든 값이 고유한 식별자(PK) 성격의 데이터입니다. 데이터 형식이 100.0종으로 분산되어 표준화가 필요합니다.,"- 필수 코드 컬럼의 Null 값을 제거하고 입력 로직을 점검하십시오.
- 데이터 입력 마스크를 도입하여 일관된 포맷을 유지하십시오."
조직터미널마스터.csv,load_chute_cnt,D (불량),총 18개의 유효 값을 가진 코드성 데이터입니다. 데이터 형식이 96.59종으로 분산되어 표준화가 필요합니다.,"- 필수 코드 컬럼의 Null 값을 제거하고 입력 로직을 점검하십시오.
- 데이터 입력 마스크를 도입하여 일관된 포맷을 유지하십시오."
조직터미널마스터.csv,unload_chute_cnt,D (불량),총 11개의 유효 값을 가진 코드성 데이터입니다. 데이터 형식이 96.13종으로 분산되어 표준화가 필요합니다.,"- 필수 코드 컬럼의 Null 값을 제거하고 입력 로직을 점검하십시오.
- 데이터 입력 마스크를 도입하여 일관된 포맷을 유지하십시오."
조직터미널마스터.csv,wheel_sorter_install_yn,B (양호),데이터 형식이 100.0종으로 분산되어 표준화가 필요합니다.,- 데이터 입력 마스크를 도입하여 일관된 포맷을 유지하십시오.
조직터미널마스터.csv,usage_cat_cd,D (불량),총 3개의 유효 값을 가진 코드성 데이터입니다. 데이터 형식이 99.99종으로 분산되어 표준화가 필요합니다.,"- 필수 코드 컬럼의 Null 값을 제거하고 입력 로직을 점검하십시오.
- 데이터 입력 마스크를 도입하여 일관된 포맷을 유지하십시오."
조직터미널마스터.csv,등록일시,C (주의),모든 값이 고유한 식별자(PK) 성격의 데이터입니다. 데이터 형식이 100.0종으로 분산되어 표준화가 필요합니다.,"- 데이터 입력 마스크를 도입하여 일관된 포맷을 유지하십시오.
- 기준 시간 정보의 누락은 시계열 분석의 정확도를 저하시킵니다."
조직터미널마스터.csv,등록사원번호,D (불량),총 4개의 유효 값을 가진 코드성 데이터입니다. 데이터 형식이 100.0종으로 분산되어 표준화가 필요합니다.,"- 필수 코드 컬럼의 Null 값을 제거하고 입력 로직을 점검하십시오.
- 데이터 입력 마스크를 도입하여 일관된 포맷을 유지하십시오."
조직터미널마스터.csv,최종사원업데이트일시,C (주의),데이터 형식이 100.0종으로 분산되어 표준화가 필요합니다.,"- 데이터 입력 마스크를 도입하여 일관된 포맷을 유지하십시오.
- 기준 시간 정보의 누락은 시계열 분석의 정확도를 저하시킵니다."
조직터미널마스터.csv,최종업데이트사원번호,D (불량),총 40개의 유효 값을 가진 코드성 데이터입니다. 데이터 형식이 96.23종으로 분산되어 표준화가 필요합니다.,"- 필수 코드 컬럼의 Null 값을 제거하고 입력 로직을 점검하십시오.
- 데이터 입력 마스크를 도입하여 일관된 포맷을 유지하십시오."
조직터미널마스터.csv,생성일시,C (주의),데이터 형식이 100.0종으로 분산되어 표준화가 필요합니다.,"- 데이터 입력 마스크를 도입하여 일관된 포맷을 유지하십시오.
- 기준 시간 정보의 누락은 시계열 분석의 정확도를 저하시킵니다."
조직터미널마스터.csv,생성시스템ID,D (불량),총 5개의 유효 값을 가진 코드성 데이터입니다. 데이터 형식이 100.0종으로 분산되어 표준화가 필요합니다.,"- 필수 코드 컬럼의 Null 값을 제거하고 입력 로직을 점검하십시오.
- 데이터 입력 마스크를 도입하여 일관된 포맷을 유지하십시오."
조직터미널마스터.csv,최종업데이트시스템ID,B (양호),총 1개의 유효 값을 가진 코드성 데이터입니다. 데이터 형식이 100.0종으로 분산되어 표준화가 필요합니다.,- 데이터 입력 마스크를 도입하여 일관된 포맷을 유지하십시오.
조직터미널마스터.csv,최종업데이트일시,B (양호),데이터 형식이 100.0종으로 분산되어 표준화가 필요합니다.,- 데이터 입력 마스크를 도입하여 일관된 포맷을 유지하십시오.
조직터미널마스터.csv,ETL일시,B (양호),데이터 형식이 100.0종으로 분산되어 표준화가 필요합니다.,- 데이터 입력 마스크를 도입하여 일관된 포맷을 유지하십시오.
조직터미널마스터.csv,TimeStamp,B (양호),모든 값이 고유한 식별자(PK) 성격의 데이터입니다. 데이터 형식이 100.0종으로 분산되어 표준화가 필요합니다.,- 데이터 입력 마스크를 도입하여 일관된 포맷을 유지하십시오.
지점코드.csv,OIO_ORG_COD,B (양호),모든 값이 고유한 식별자(PK) 성격의 데이터입니다. 데이터 형식이 95.92종으로 분산되어 표준화가 필요합니다.,- 데이터 입력 마스크를 도입하여 일관된 포맷을 유지하십시오.
지점코드.csv,OIO_ORG_NAM,A (우수),모든 값이 고유한 식별자(PK) 성격의 데이터입니다. 패턴이 0.0개 이내로 매우 정형화되어 있습니다.,현 상태 유지 및 정기 모니터링
지점코드.csv,OIO_ORG_NCD,D (불량),총 187개의 유효 값을 가진 코드성 데이터입니다. 데이터 형식이 100.0종으로 분산되어 표준화가 필요합니다.,"- 필수 코드 컬럼의 Null 값을 제거하고 입력 로직을 점검하십시오.
- 데이터 입력 마스크를 도입하여 일관된 포맷을 유지하십시오."
지점코드.csv,OIO_PIN_COD,D (불량),총 128개의 유효 값을 가진 코드성 데이터입니다. 데이터 형식이 96.02종으로 분산되어 표준화가 필요합니다.,"- 필수 코드 컬럼의 Null 값을 제거하고 입력 로직을 점검하십시오.
- 데이터 입력 마스크를 도입하여 일관된 포맷을 유지하십시오."
지점코드.csv,최종변경일시,B (양호),총 1개의 유효 값을 가진 코드성 데이터입니다. 데이터 형식이 100.0종으로 분산되어 표준화가 필요합니다.,- 데이터 입력 마스크를 도입하여 일관된 포맷을 유지하십시오.
지점코드.csv,ETL일시,B (양호),총 1개의 유효 값을 가진 코드성 데이터입니다. 데이터 형식이 100.0종으로 분산되어 표준화가 필요합니다.,- 데이터 입력 마스크를 도입하여 일관된 포맷을 유지하십시오.
지점코드.csv,TimeStamp,B (양호),모든 값이 고유한 식별자(PK) 성격의 데이터입니다. 데이터 형식이 100.0종으로 분산되어 표준화가 필요합니다.,- 데이터 입력 마스크를 도입하여 일관된 포맷을 유지하십시오.
택배BI_조직.csv,사업본부코드,D (불량),총 3개의 유효 값을 가진 코드성 데이터입니다. 데이터 형식이 99.85종으로 분산되어 표준화가 필요합니다.,"- 필수 코드 컬럼의 Null 값을 제거하고 입력 로직을 점검하십시오.
- 데이터 입력 마스크를 도입하여 일관된 포맷을 유지하십시오."
택배BI_조직.csv,사업본부명,D (불량),총 2개의 유효 값을 가진 코드성 데이터입니다. 데이터 형식이 99.93종으로 분산되어 표준화가 필요합니다.,"- 필수 코드 컬럼의 Null 값을 제거하고 입력 로직을 점검하십시오.
- 데이터 입력 마스크를 도입하여 일관된 포맷을 유지하십시오."
택배BI_조직.csv,지부코드,D (불량),총 17개의 유효 값을 가진 코드성 데이터입니다. 데이터 형식이 99.7종으로 분산되어 표준화가 필요합니다.,"- 필수 코드 컬럼의 Null 값을 제거하고 입력 로직을 점검하십시오.
- 데이터 입력 마스크를 도입하여 일관된 포맷을 유지하십시오."
택배BI_조직.csv,지부명,D (불량),총 17개의 유효 값을 가진 코드성 데이터입니다. 데이터 형식이 97.39종으로 분산되어 표준화가 필요합니다.,"- 필수 코드 컬럼의 Null 값을 제거하고 입력 로직을 점검하십시오.
- 데이터 입력 마스크를 도입하여 일관된 포맷을 유지하십시오."
택배BI_조직.csv,지점코드,D (불량),총 59개의 유효 값을 가진 코드성 데이터입니다. 데이터 형식이 96.92종으로 분산되어 표준화가 필요합니다.,"- 필수 코드 컬럼의 Null 값을 제거하고 입력 로직을 점검하십시오.
- 데이터 입력 마스크를 도입하여 일관된 포맷을 유지하십시오."
택배BI_조직.csv,지점명,D (불량),총 52개의 유효 값을 가진 코드성 데이터입니다. 데이터 형식이 98.85종으로 분산되어 표준화가 필요합니다.,"- 필수 코드 컬럼의 Null 값을 제거하고 입력 로직을 점검하십시오.
- 데이터 입력 마스크를 도입하여 일관된 포맷을 유지하십시오."
택배BI_조직.csv,터미널코드,D (불량),총 475개의 유효 값을 가진 코드성 데이터입니다. 데이터 형식이 99.44종으로 분산되어 표준화가 필요합니다.,"- 필수 코드 컬럼의 Null 값을 제거하고 입력 로직을 점검하십시오.
- 데이터 입력 마스크를 도입하여 일관된 포맷을 유지하십시오."
택배BI_조직.csv,터미널명,C (주의),데이터 형식이 96.18999999999998종으로 분산되어 표준화가 필요합니다.,- 데이터 입력 마스크를 도입하여 일관된 포맷을 유지하십시오.
택배BI_조직.csv,집배점코드,D (불량),모든 값이 고유한 식별자(PK) 성격의 데이터입니다. 데이터 형식이 98.33종으로 분산되어 표준화가 필요합니다.,"- 필수 코드 컬럼의 Null 값을 제거하고 입력 로직을 점검하십시오.
- 데이터 입력 마스크를 도입하여 일관된 포맷을 유지하십시오."
택배BI_조직.csv,집배점명,C (주의),"패턴이 0.0개 이내로 매우 정형화되어 있습니다. 주의사항: 한글깨짐, 특수문자 항목이 검출되었습니다.",- 인코딩(UTF-8/EUC-KR) 변환 오류를 수정하여 한글 깨짐을 복구하십시오.
택배BI_조직.csv,최종변경일시,C (주의),데이터 형식이 100.0종으로 분산되어 표준화가 필요합니다.,"- 데이터 입력 마스크를 도입하여 일관된 포맷을 유지하십시오.
- 기준 시간 정보의 누락은 시계열 분석의 정확도를 저하시킵니다."
택배BI_조직.csv,ETL일시,C (주의),데이터 형식이 100.0종으로 분산되어 표준화가 필요합니다.,"- 데이터 입력 마스크를 도입하여 일관된 포맷을 유지하십시오.
- 기준 시간 정보의 누락은 시계열 분석의 정확도를 저하시킵니다."
택배BI_조직.csv,TimeStamp,B (양호),모든 값이 고유한 식별자(PK) 성격의 데이터입니다. 데이터 형식이 100.0종으로 분산되어 표준화가 필요합니다.,- 데이터 입력 마스크를 도입하여 일관된 포맷을 유지하십시오.
택배_고객.csv,고객번호,B (양호),모든 값이 고유한 식별자(PK) 성격의 데이터입니다. 데이터 형식이 98.59종으로 분산되어 표준화가 필요합니다.,- 데이터 입력 마스크를 도입하여 일관된 포맷을 유지하십시오.
택배_고객.csv,개인기업고객구분,C (주의),데이터 형식이 100.0종으로 분산되어 표준화가 필요합니다.,- 데이터 입력 마스크를 도입하여 일관된 포맷을 유지하십시오.
택배_고객.csv,사업구분,C (주의),데이터 형식이 100.0종으로 분산되어 표준화가 필요합니다.,- 데이터 입력 마스크를 도입하여 일관된 포맷을 유지하십시오.
택배_고객.csv,한글고객명,C (주의),"패턴이 0.0개 이내로 매우 정형화되어 있습니다. 주의사항: 비표준문자, 특수문자 항목이 검출되었습니다.",현 상태 유지 및 정기 모니터링
택배_고객.csv,영문고객명,C (주의),"패턴이 0.0개 이내로 매우 정형화되어 있습니다. 주의사항: 한글깨짐, 특수문자 항목이 검출되었습니다.",- 인코딩(UTF-8/EUC-KR) 변환 오류를 수정하여 한글 깨짐을 복구하십시오.
택배_고객.csv,국가코드,D (불량),총 28개의 유효 값을 가진 코드성 데이터입니다. 데이터 형식이 100.0종으로 분산되어 표준화가 필요합니다.,"- 필수 코드 컬럼의 Null 값을 제거하고 입력 로직을 점검하십시오.
- 데이터 입력 마스크를 도입하여 일관된 포맷을 유지하십시오."
택배_고객.csv,주민_사업자등록번호,D (불량),총 64237개의 유효 값을 가진 코드성 데이터입니다. 데이터 형식이 99.99종으로 분산되어 표준화가 필요합니다.,"- 필수 코드 컬럼의 Null 값을 제거하고 입력 로직을 점검하십시오.
- 데이터 입력 마스크를 도입하여 일관된 포맷을 유지하십시오."
택배_고객.csv,사업자등록우편번호,D (불량),총 13413개의 유효 값을 가진 코드성 데이터입니다. 데이터 형식이 97.3종으로 분산되어 표준화가 필요합니다.,"- 필수 코드 컬럼의 Null 값을 제거하고 입력 로직을 점검하십시오.
- 데이터 입력 마스크를 도입하여 일관된 포맷을 유지하십시오."
택배_고객.csv,고객 청구부서,D (불량),"데이터 형식이 96.01종으로 분산되어 표준화가 필요합니다. 주의사항: 한글깨짐, 비표준문자, 특수문자 항목이 검출되었습니다.","- 인코딩(UTF-8/EUC-KR) 변환 오류를 수정하여 한글 깨짐을 복구하십시오.
- 데이터 입력 마스크를 도입하여 일관된 포맷을 유지하십시오."
택배_고객.csv,고객 청구지우편번호,D (불량),총 10209개의 유효 값을 가진 코드성 데이터입니다. 데이터 형식이 98.53종으로 분산되어 표준화가 필요합니다.,"- 필수 코드 컬럼의 Null 값을 제거하고 입력 로직을 점검하십시오.
- 데이터 입력 마스크를 도입하여 일관된 포맷을 유지하십시오."
택배_고객.csv,고객청구지주소,C (주의),"패턴이 0.0개 이내로 매우 정형화되어 있습니다. 주의사항: 비표준문자, 특수문자 항목이 검출되었습니다.",현 상태 유지 및 정기 모니터링
택배_고객.csv,판매일,D (불량),총 4583개의 유효 값을 가진 코드성 데이터입니다. 데이터 형식이 100.0종으로 분산되어 표준화가 필요합니다.,"- 필수 코드 컬럼의 Null 값을 제거하고 입력 로직을 점검하십시오.
- 데이터 입력 마스크를 도입하여 일관된 포맷을 유지하십시오."
택배_고객.csv,판매점소,D (불량),총 127개의 유효 값을 가진 코드성 데이터입니다. 데이터 형식이 97.47종으로 분산되어 표준화가 필요합니다.,"- 필수 코드 컬럼의 Null 값을 제거하고 입력 로직을 점검하십시오.
- 데이터 입력 마스크를 도입하여 일관된 포맷을 유지하십시오."
택배_고객.csv,판매원사번,D (불량),총 1183개의 유효 값을 가진 코드성 데이터입니다. 데이터 형식이 99.98종으로 분산되어 표준화가 필요합니다.,"- 필수 코드 컬럼의 Null 값을 제거하고 입력 로직을 점검하십시오.
- 데이터 입력 마스크를 도입하여 일관된 포맷을 유지하십시오."
택배_고객.csv,담당부서,D (불량),"데이터 형식이 95.52종으로 분산되어 표준화가 필요합니다. 주의사항: 한글깨짐, 비표준문자, 특수문자 항목이 검출되었습니다.","- 인코딩(UTF-8/EUC-KR) 변환 오류를 수정하여 한글 깨짐을 복구하십시오.
- 데이터 입력 마스크를 도입하여 일관된 포맷을 유지하십시오."
택배_고객.csv,집하지우편번호,D (불량),총 17578개의 유효 값을 가진 코드성 데이터입니다. 데이터 형식이 99.01종으로 분산되어 표준화가 필요합니다.,"- 필수 코드 컬럼의 Null 값을 제거하고 입력 로직을 점검하십시오.
- 데이터 입력 마스크를 도입하여 일관된 포맷을 유지하십시오."
택배_고객.csv,집하지대번지,D (불량),"데이터 형식이 95.69종으로 분산되어 표준화가 필요합니다. 주의사항: 한글깨짐, 특수문자 항목이 검출되었습니다.","- 인코딩(UTF-8/EUC-KR) 변환 오류를 수정하여 한글 깨짐을 복구하십시오.
- 데이터 입력 마스크를 도입하여 일관된 포맷을 유지하십시오."
택배_고객.csv,집하지소번지,C (주의),데이터 형식이 96.98종으로 분산되어 표준화가 필요합니다.,- 데이터 입력 마스크를 도입하여 일관된 포맷을 유지하십시오.
택배_고객.csv,수입조직,D (불량),총 130개의 유효 값을 가진 코드성 데이터입니다. 데이터 형식이 100.0종으로 분산되어 표준화가 필요합니다.,"- 필수 코드 컬럼의 Null 값을 제거하고 입력 로직을 점검하십시오.
- 데이터 입력 마스크를 도입하여 일관된 포맷을 유지하십시오."
택배_고객.csv,화주구분,D (불량),총 2개의 유효 값을 가진 코드성 데이터입니다. 데이터 형식이 100.0종으로 분산되어 표준화가 필요합니다.,"- 필수 코드 컬럼의 Null 값을 제거하고 입력 로직을 점검하십시오.
- 데이터 입력 마스크를 도입하여 일관된 포맷을 유지하십시오."
택배_고객.csv,업종구분,D (불량),총 29개의 유효 값을 가진 코드성 데이터입니다. 데이터 형식이 100.0종으로 분산되어 표준화가 필요합니다.,"- 필수 코드 컬럼의 Null 값을 제거하고 입력 로직을 점검하십시오.
- 데이터 입력 마스크를 도입하여 일관된 포맷을 유지하십시오."
택배_고객.csv,업종상세내역,C (주의),"패턴이 0.0개 이내로 매우 정형화되어 있습니다. 주의사항: 한글깨짐, 비표준문자, 특수문자 항목이 검출되었습니다.",- 인코딩(UTF-8/EUC-KR) 변환 오류를 수정하여 한글 깨짐을 복구하십시오.
택배_고객.csv,반품일,D (불량),총 12개의 유효 값을 가진 코드성 데이터입니다. 데이터 형식이 95.72종으로 분산되어 표준화가 필요합니다.,"- 필수 코드 컬럼의 Null 값을 제거하고 입력 로직을 점검하십시오.
- 데이터 입력 마스크를 도입하여 일관된 포맷을 유지하십시오."
택배_고객.csv,행낭이용여부,D (불량),총 2개의 유효 값을 가진 코드성 데이터입니다. 데이터 형식이 100.0종으로 분산되어 표준화가 필요합니다.,"- 필수 코드 컬럼의 Null 값을 제거하고 입력 로직을 점검하십시오.
- 데이터 입력 마스크를 도입하여 일관된 포맷을 유지하십시오."
택배_고객.csv,계약단가,D (불량),총 412개의 유효 값을 가진 코드성 데이터입니다. 데이터 형식이 98.04종으로 분산되어 표준화가 필요합니다.,"- 필수 코드 컬럼의 Null 값을 제거하고 입력 로직을 점검하십시오.
- 데이터 입력 마스크를 도입하여 일관된 포맷을 유지하십시오."
택배_고객.csv,월예상물량,D (불량),총 548개의 유효 값을 가진 코드성 데이터입니다. 데이터 형식이 95.73종으로 분산되어 표준화가 필요합니다.,"- 필수 코드 컬럼의 Null 값을 제거하고 입력 로직을 점검하십시오.
- 데이터 입력 마스크를 도입하여 일관된 포맷을 유지하십시오."
택배_고객.csv,포커스사용여부,C (주의),데이터 형식이 99.94종으로 분산되어 표준화가 필요합니다.,- 데이터 입력 마스크를 도입하여 일관된 포맷을 유지하십시오.
택배_고객.csv,최종변경일시,B (양호),총 1개의 유효 값을 가진 코드성 데이터입니다. 데이터 형식이 100.0종으로 분산되어 표준화가 필요합니다.,- 데이터 입력 마스크를 도입하여 일관된 포맷을 유지하십시오.
택배_고객.csv,ETL일시,B (양호),총 1개의 유효 값을 가진 코드성 데이터입니다. 데이터 형식이 100.0종으로 분산되어 표준화가 필요합니다.,- 데이터 입력 마스크를 도입하여 일관된 포맷을 유지하십시오.
택배_고객.csv,TimeStamp,B (양호),모든 값이 고유한 식별자(PK) 성격의 데이터입니다. 데이터 형식이 100.0종으로 분산되어 표준화가 필요합니다.,- 데이터 입력 마스크를 도입하여 일관된 포맷을 유지하십시오.
택배_조직도.csv,조직코드,B (양호),모든 값이 고유한 식별자(PK) 성격의 데이터입니다. 데이터 형식이 95.88종으로 분산되어 표준화가 필요합니다.,- 데이터 입력 마스크를 도입하여 일관된 포맷을 유지하십시오.
택배_조직도.csv,상위조직코드,D (불량),총 626개의 유효 값을 가진 코드성 데이터입니다. 데이터 형식이 98.69종으로 분산되어 표준화가 필요합니다.,"- 필수 코드 컬럼의 Null 값을 제거하고 입력 로직을 점검하십시오.
- 데이터 입력 마스크를 도입하여 일관된 포맷을 유지하십시오."
택배_조직도.csv,조직명,B (양호),"패턴이 0.0개 이내로 매우 정형화되어 있습니다. 주의사항: 한글깨짐, 특수문자 항목이 검출되었습니다.",- 인코딩(UTF-8/EUC-KR) 변환 오류를 수정하여 한글 깨짐을 복구하십시오.
택배_조직도.csv,조직구분코드,B (양호),총 15개의 유효 값을 가진 코드성 데이터입니다. 데이터 형식이 95.86종으로 분산되어 표준화가 필요합니다.,- 데이터 입력 마스크를 도입하여 일관된 포맷을 유지하십시오.
택배_조직도.csv,조직관리유형코드,D (불량),총 2개의 유효 값을 가진 코드성 데이터입니다. 데이터 형식이 100.0종으로 분산되어 표준화가 필요합니다.,"- 필수 코드 컬럼의 Null 값을 제거하고 입력 로직을 점검하십시오.
- 데이터 입력 마스크를 도입하여 일관된 포맷을 유지하십시오."
택배_조직도.csv,조직권역구분코드,D (불량),총 8개의 유효 값을 가진 코드성 데이터입니다. 데이터 형식이 100.0종으로 분산되어 표준화가 필요합니다.,"- 필수 코드 컬럼의 Null 값을 제거하고 입력 로직을 점검하십시오.
- 데이터 입력 마스크를 도입하여 일관된 포맷을 유지하십시오."
택배_조직도.csv,조직권역구분상세코드,C (주의),모든 값이 고유한 식별자(PK) 성격의 데이터입니다. 데이터 형식이 100.0종으로 분산되어 표준화가 필요합니다.,- 데이터 입력 마스크를 도입하여 일관된 포맷을 유지하십시오.
택배_조직도.csv,조직계약시작일자,D (불량),총 567개의 유효 값을 가진 코드성 데이터입니다. 데이터 형식이 99.75종으로 분산되어 표준화가 필요합니다.,"- 필수 코드 컬럼의 Null 값을 제거하고 입력 로직을 점검하십시오.
- 데이터 입력 마스크를 도입하여 일관된 포맷을 유지하십시오."
택배_조직도.csv,조직계약종료일자,D (불량),총 110개의 유효 값을 가진 코드성 데이터입니다. 데이터 형식이 100.0종으로 분산되어 표준화가 필요합니다.,"- 필수 코드 컬럼의 Null 값을 제거하고 입력 로직을 점검하십시오.
- 데이터 입력 마스크를 도입하여 일관된 포맷을 유지하십시오."
택배_조직도.csv,조직폐쇄일자,D (불량),총 201개의 유효 값을 가진 코드성 데이터입니다. 데이터 형식이 100.0종으로 분산되어 표준화가 필요합니다.,"- 필수 코드 컬럼의 Null 값을 제거하고 입력 로직을 점검하십시오.
- 데이터 입력 마스크를 도입하여 일관된 포맷을 유지하십시오."
택배_조직도.csv,영문조직명,B (양호),패턴이 0.0개 이내로 매우 정형화되어 있습니다.,현 상태 유지 및 정기 모니터링
택배_조직도.csv,팩스번호,D (불량),총 680개의 유효 값을 가진 코드성 데이터입니다. 데이터 형식이 95.82999999999998종으로 분산되어 표준화가 필요합니다.,"- 필수 코드 컬럼의 Null 값을 제거하고 입력 로직을 점검하십시오.
- 데이터 입력 마스크를 도입하여 일관된 포맷을 유지하십시오."
택배_조직도.csv,우편번호,D (불량),총 1547개의 유효 값을 가진 코드성 데이터입니다. 데이터 형식이 100.0종으로 분산되어 표준화가 필요합니다.,"- 필수 코드 컬럼의 Null 값을 제거하고 입력 로직을 점검하십시오.
- 데이터 입력 마스크를 도입하여 일관된 포맷을 유지하십시오."
택배_조직도.csv,기본주소,C (주의),"패턴이 0.0개 이내로 매우 정형화되어 있습니다. 주의사항: 비표준문자, 특수문자 항목이 검출되었습니다.",현 상태 유지 및 정기 모니터링
택배_조직도.csv,상세주소,C (주의),"패턴이 0.0개 이내로 매우 정형화되어 있습니다. 주의사항: 한글깨짐, 비표준문자, 특수문자 항목이 검출되었습니다.",- 인코딩(UTF-8/EUC-KR) 변환 오류를 수정하여 한글 깨짐을 복구하십시오.
택배_조직도.csv,수입조직코드,D (불량),총 84개의 유효 값을 가진 코드성 데이터입니다. 데이터 형식이 100.0종으로 분산되어 표준화가 필요합니다.,"- 필수 코드 컬럼의 Null 값을 제거하고 입력 로직을 점검하십시오.
- 데이터 입력 마스크를 도입하여 일관된 포맷을 유지하십시오."
택배_조직도.csv,수입신규조직코드,D (불량),총 84개의 유효 값을 가진 코드성 데이터입니다. 데이터 형식이 100.0종으로 분산되어 표준화가 필요합니다.,"- 필수 코드 컬럼의 Null 값을 제거하고 입력 로직을 점검하십시오.
- 데이터 입력 마스크를 도입하여 일관된 포맷을 유지하십시오."
택배_조직도.csv,좌표구분코드,D (불량),총 2개의 유효 값을 가진 코드성 데이터입니다. 데이터 형식이 100.0종으로 분산되어 표준화가 필요합니다.,"- 필수 코드 컬럼의 Null 값을 제거하고 입력 로직을 점검하십시오.
- 데이터 입력 마스크를 도입하여 일관된 포맷을 유지하십시오."
택배_조직도.csv,X좌표,D (불량),총 758개의 유효 값을 가진 코드성 데이터입니다. 데이터 형식이 95.62종으로 분산되어 표준화가 필요합니다.,"- 필수 코드 컬럼의 Null 값을 제거하고 입력 로직을 점검하십시오.
- 데이터 입력 마스크를 도입하여 일관된 포맷을 유지하십시오."
택배_조직도.csv,Y좌표,D (불량),총 754개의 유효 값을 가진 코드성 데이터입니다. 데이터 형식이 95.62종으로 분산되어 표준화가 필요합니다.,"- 필수 코드 컬럼의 Null 값을 제거하고 입력 로직을 점검하십시오.
- 데이터 입력 마스크를 도입하여 일관된 포맷을 유지하십시오."
택배_조직도.csv,사업자등록번호,D (불량),총 1444개의 유효 값을 가진 코드성 데이터입니다. 데이터 형식이 100.0종으로 분산되어 표준화가 필요합니다.,"- 필수 코드 컬럼의 Null 값을 제거하고 입력 로직을 점검하십시오.
- 데이터 입력 마스크를 도입하여 일관된 포맷을 유지하십시오."
택배_조직도.csv,정렬순서,D (불량),총 13개의 유효 값을 가진 코드성 데이터입니다. 데이터 형식이 95.18종으로 분산되어 표준화가 필요합니다.,"- 필수 코드 컬럼의 Null 값을 제거하고 입력 로직을 점검하십시오.
- 데이터 입력 마스크를 도입하여 일관된 포맷을 유지하십시오."
택배_조직도.csv,ERP코드,D (불량),총 47개의 유효 값을 가진 코드성 데이터입니다. 데이터 형식이 95.83종으로 분산되어 표준화가 필요합니다.,"- 필수 코드 컬럼의 Null 값을 제거하고 입력 로직을 점검하십시오.
- 데이터 입력 마스크를 도입하여 일관된 포맷을 유지하십시오."
택배_조직도.csv,예약접수마감시분,D (불량),총 15개의 유효 값을 가진 코드성 데이터입니다. 데이터 형식이 98.89종으로 분산되어 표준화가 필요합니다.,"- 필수 코드 컬럼의 Null 값을 제거하고 입력 로직을 점검하십시오.
- 데이터 입력 마스크를 도입하여 일관된 포맷을 유지하십시오."
택배_조직도.csv,조직중구분코드,D (불량),총 46개의 유효 값을 가진 코드성 데이터입니다. 데이터 형식이 95.42종으로 분산되어 표준화가 필요합니다.,"- 필수 코드 컬럼의 Null 값을 제거하고 입력 로직을 점검하십시오.
- 데이터 입력 마스크를 도입하여 일관된 포맷을 유지하십시오."
택배_조직도.csv,조직상태,B (양호),총 2개의 유효 값을 가진 코드성 데이터입니다. 데이터 형식이 100.0종으로 분산되어 표준화가 필요합니다.,- 데이터 입력 마스크를 도입하여 일관된 포맷을 유지하십시오.
택배_조직도.csv,등록일시,C (주의),데이터 형식이 100.0종으로 분산되어 표준화가 필요합니다.,"- 데이터 입력 마스크를 도입하여 일관된 포맷을 유지하십시오.
- 기준 시간 정보의 누락은 시계열 분석의 정확도를 저하시킵니다."
택배_조직도.csv,등록사원번호,D (불량),총 8개의 유효 값을 가진 코드성 데이터입니다. 데이터 형식이 98.18종으로 분산되어 표준화가 필요합니다.,"- 필수 코드 컬럼의 Null 값을 제거하고 입력 로직을 점검하십시오.
- 데이터 입력 마스크를 도입하여 일관된 포맷을 유지하십시오."
택배_조직도.csv,사원최종업데이트일시,C (주의),데이터 형식이 100.0종으로 분산되어 표준화가 필요합니다.,"- 데이터 입력 마스크를 도입하여 일관된 포맷을 유지하십시오.
- 기준 시간 정보의 누락은 시계열 분석의 정확도를 저하시킵니다."
택배_조직도.csv,최종업데이트사원번호,D (불량),총 311개의 유효 값을 가진 코드성 데이터입니다. 데이터 형식이 100.01종으로 분산되어 표준화가 필요합니다.,"- 필수 코드 컬럼의 Null 값을 제거하고 입력 로직을 점검하십시오.
- 데이터 입력 마스크를 도입하여 일관된 포맷을 유지하십시오."
택배_조직도.csv,오전배송가능여부,C (주의),데이터 형식이 100.0종으로 분산되어 표준화가 필요합니다.,- 데이터 입력 마스크를 도입하여 일관된 포맷을 유지하십시오.
택배_조직도.csv,create_dtm,B (양호),데이터 형식이 100.0종으로 분산되어 표준화가 필요합니다.,- 데이터 입력 마스크를 도입하여 일관된 포맷을 유지하십시오.
택배_조직도.csv,등록사용자ID,B (양호),총 10개의 유효 값을 가진 코드성 데이터입니다. 데이터 형식이 97.13종으로 분산되어 표준화가 필요합니다.,- 데이터 입력 마스크를 도입하여 일관된 포맷을 유지하십시오.
택배_조직도.csv,최종변경사용자ID,D (불량),총 105개의 유효 값을 가진 코드성 데이터입니다. 데이터 형식이 97.96종으로 분산되어 표준화가 필요합니다.,"- 필수 코드 컬럼의 Null 값을 제거하고 입력 로직을 점검하십시오.
- 데이터 입력 마스크를 도입하여 일관된 포맷을 유지하십시오."
택배_조직도.csv,last_update_dtm,B (양호),데이터 형식이 100.0종으로 분산되어 표준화가 필요합니다.,- 데이터 입력 마스크를 도입하여 일관된 포맷을 유지하십시오.
택배_조직도.csv,etl_dtm,B (양호),데이터 형식이 100.0종으로 분산되어 표준화가 필요합니다.,- 데이터 입력 마스크를 도입하여 일관된 포맷을 유지하십시오.
택배_조직도.csv,TimeStamp,B (양호),모든 값이 고유한 식별자(PK) 성격의 데이터입니다. 데이터 형식이 100.0종으로 분산되어 표준화가 필요합니다.,- 데이터 입력 마스크를 도입하여 일관된 포맷을 유지하십시오.
택배관리회계조직매핑.csv,택배영업_지점코드,B (양호),모든 값이 고유한 식별자(PK) 성격의 데이터입니다. 데이터 형식이 97.92종으로 분산되어 표준화가 필요합니다.,- 데이터 입력 마스크를 도입하여 일관된 포맷을 유지하십시오.
택배관리회계조직매핑.csv,관리회계_지점코드,B (양호),총 47개의 유효 값을 가진 코드성 데이터입니다. 데이터 형식이 95.83종으로 분산되어 표준화가 필요합니다.,- 데이터 입력 마스크를 도입하여 일관된 포맷을 유지하십시오.
택배관리회계조직매핑.csv,최종변경일시,B (양호),총 2개의 유효 값을 가진 코드성 데이터입니다. 데이터 형식이 100.0종으로 분산되어 표준화가 필요합니다.,- 데이터 입력 마스크를 도입하여 일관된 포맷을 유지하십시오.
택배관리회계조직매핑.csv,ETL일시,B (양호),총 1개의 유효 값을 가진 코드성 데이터입니다. 데이터 형식이 100.0종으로 분산되어 표준화가 필요합니다.,- 데이터 입력 마스크를 도입하여 일관된 포맷을 유지하십시오.
택배관리회계조직매핑.csv,TimeStamp,B (양호),모든 값이 고유한 식별자(PK) 성격의 데이터입니다. 데이터 형식이 100.0종으로 분산되어 표준화가 필요합니다.,- 데이터 입력 마스크를 도입하여 일관된 포맷을 유지하십시오.
