FileName,ColumnName,BeforeFormat,AfterFormat,IsTimestampCol,Timestamp
Z검증용데이터.csv,ID,nnnnnnn,Annnnnn,True,2026-02-05 13:09:56
Z검증용데이터.csv,ID,Annnnnn,nnnnnnn,True,2026-02-05 13:10:26
Z검증용데이터.csv,ID,nnnnnnn,Annnnnn,True,2026-02-05 13:13:26
Z검증용데이터.csv,ID,Annnnnn,nnnnnnn,True,2026-02-05 13:13:56
Z검증용데이터.csv,ID,nnnnnnn,Annnnnn,True,2026-02-05 13:14:26
Z검증용데이터.csv,ID,Annnnnn,nnnnnnn,True,2026-02-05 13:14:56
Z검증용데이터.csv,ID,nnnnnnn,Annnnnn,True,2026-02-05 13:17:26
Z검증용데이터.csv,ID,Annnnnn,nnnnnnn,True,2026-02-05 13:18:26
Z검증용데이터.csv,ID,nnnnnnn,Annnnnn,True,2026-02-05 13:18:56
Z검증용데이터.csv,ID,Annnnnn,nnnnnnn,True,2026-02-05 13:19:56
Z검증용데이터.csv,ID,nnnnnnn,Annnnnn,True,2026-02-05 13:22:56
Z검증용데이터.csv,ID,Annnnnn,nnnnnnn,True,2026-02-05 13:23:26
Z검증용데이터.csv,ID,nnnnnnn,Annnnnn,True,2026-02-05 13:24:26
Z검증용데이터.csv,ID,Annnnnn,nnnnnnn,True,2026-02-05 13:25:26
Z검증용데이터.csv,ID,nnnnnnn,Annnnnn,True,2026-02-05 13:26:56
Z검증용데이터.csv,ID,Annnnnn,nnnnnnn,True,2026-02-05 13:27:26
Z검증용데이터.csv,ID,nnnnnnn,Annnnnn,True,2026-02-05 13:27:56
Z검증용데이터.csv,ID,Annnnnn,nnnnnnn,True,2026-02-05 13:28:26
Z검증용데이터.csv,ID,nnnnnnn,Annnnnn,True,2026-02-05 13:29:56
Z검증용데이터.csv,ID,Annnnnn,nnnnnnn,True,2026-02-05 13:30:26
Z검증용데이터.csv,ID,nnnnnnn,Annnnnn,True,2026-02-05 13:30:56
Z검증용데이터.csv,ID,Annnnnn,nnnnnnn,True,2026-02-05 13:31:56
Z검증용데이터.csv,ID,nnnnnnn,Annnnnn,True,2026-02-05 13:32:26
Z검증용데이터.csv,ID,Annnnnn,nnnnnnn,True,2026-02-05 13:33:26
Z검증용데이터.csv,ID,nnnnnnn,Annnnnn,True,2026-02-05 13:37:26
Z검증용데이터.csv,ID,Annnnnn,nnnnnnn,True,2026-02-05 13:38:26
Z검증용데이터.csv,ID,nnnnnnn,Annnnnn,True,2026-02-05 13:41:26
Z검증용데이터.csv,ID,Annnnnn,nnnnnnn,True,2026-02-05 13:41:56
Z검증용데이터.csv,ID,nnnnnnn,Annnnnn,True,2026-02-05 13:45:56
Z검증용데이터.csv,ID,Annnnnn,nnnnnnn,True,2026-02-05 13:46:26
Z검증용데이터.csv,ID,nnnnnnn,Annnnnn,True,2026-02-05 13:52:26
Z검증용데이터.csv,ID,Annnnnn,nnnnnnn,True,2026-02-05 13:52:56
Z검증용데이터.csv,ID,nnnnnnn,Annnnnn,True,2026-02-05 13:53:26
Z검증용데이터.csv,ID,Annnnnn,nnnnnnn,True,2026-02-05 13:54:26
Z검증용데이터.csv,ID,nnnnnnn,Annnnnn,True,2026-02-05 13:55:26
Z검증용데이터.csv,ID,Annnnnn,nnnnnnn,True,2026-02-05 13:55:56
Z검증용데이터.csv,ID,nnnnnnn,Annnnnn,True,2026-02-05 13:56:56
Z검증용데이터.csv,ID,Annnnnn,nnnnnnn,True,2026-02-05 13:57:26
Z검증용데이터.csv,ID,nnnnnnn,Annnnnn,True,2026-02-05 13:58:56
Z검증용데이터.csv,ID,Annnnnn,nnnnnnn,True,2026-02-05 13:59:26
Z검증용데이터.csv,ID,nnnnnnn,Annnnnn,True,2026-02-05 14:02:56
Z검증용데이터.csv,ID,Annnnnn,nnnnnnn,True,2026-02-05 14:03:56
Z검증용데이터.csv,ID,nnnnnnn,Annnnnn,True,2026-02-05 14:04:56
Z검증용데이터.csv,ID,Annnnnn,nnnnnnn,True,2026-02-05 14:05:26
Z검증용데이터.csv,ID,nnnnnnn,Annnnnn,True,2026-02-05 14:05:56
Z검증용데이터.csv,ID,Annnnnn,nnnnnnn,True,2026-02-05 14:06:56
Z검증용데이터.csv,ID,nnnnnnn,Annnnnn,True,2026-02-05 14:08:56
Z검증용데이터.csv,ID,Annnnnn,nnnnnnn,True,2026-02-05 14:09:26
Z검증용데이터.csv,ID,nnnnnnn,Annnnnn,True,2026-02-05 14:11:56
Z검증용데이터.csv,ID,Annnnnn,nnnnnnn,True,2026-02-05 14:12:26
Z검증용데이터.csv,ID,nnnnnnn,Annnnnn,True,2026-02-05 14:14:56
Z검증용데이터.csv,ID,Annnnnn,nnnnnnn,True,2026-02-05 14:15:26
Z검증용데이터.csv,ID,nnnnnnn,Annnnnn,True,2026-02-05 14:15:56
Z검증용데이터.csv,ID,Annnnnn,nnnnnnn,True,2026-02-05 14:16:26
Z검증용데이터.csv,ID,nnnnnnn,Annnnnn,True,2026-02-05 14:16:56
Z검증용데이터.csv,ID,Annnnnn,nnnnnnn,True,2026-02-05 14:17:26
Z검증용데이터.csv,ID,nnnnnnn,Annnnnn,True,2026-02-05 14:19:26
Z검증용데이터.csv,ID,Annnnnn,nnnnnnn,True,2026-02-05 14:19:56
Z검증용데이터.csv,ID,nnnnnnn,Annnnnn,True,2026-02-05 14:25:26
Z검증용데이터.csv,ID,Annnnnn,nnnnnnn,True,2026-02-05 14:26:26
Z검증용데이터.csv,ID,nnnnnnn,Annnnnn,True,2026-02-05 14:28:56
Z검증용데이터.csv,ID,Annnnnn,nnnnnnn,True,2026-02-05 14:29:26
Z검증용데이터.csv,ID,nnnnnnn,Annnnnn,True,2026-02-05 14:31:56
Z검증용데이터.csv,ID,Annnnnn,nnnnnnn,True,2026-02-05 14:32:26
Z검증용데이터.csv,ID,nnnnnnn,Annnnnn,True,2026-02-05 14:39:26
Z검증용데이터.csv,ID,Annnnnn,nnnnnnn,True,2026-02-05 14:41:26
Z검증용데이터.csv,ID,nnnnnnn,Annnnnn,True,2026-02-05 14:42:56
Z검증용데이터.csv,ID,Annnnnn,nnnnnnn,True,2026-02-05 14:43:26
Z검증용데이터.csv,ID,nnnnnnn,Annnnnn,True,2026-02-05 14:43:56
Z검증용데이터.csv,ID,Annnnnn,nnnnnnn,True,2026-02-05 14:44:26
Z검증용데이터.csv,ID,nnnnnnn,Annnnnn,True,2026-02-05 14:46:26
Z검증용데이터.csv,ID,Annnnnn,nnnnnnn,True,2026-02-05 14:47:26
Z검증용데이터.csv,ID,nnnnnnn,Annnnnn,True,2026-02-05 14:48:56
Z검증용데이터.csv,ID,Annnnnn,nnnnnnn,True,2026-02-05 14:49:26
Z검증용데이터.csv,ID,nnnnnnn,Annnnnn,True,2026-02-05 14:50:56
Z검증용데이터.csv,ID,Annnnnn,nnnnnnn,True,2026-02-05 14:51:56
Z검증용데이터.csv,ID,nnnnnnn,Annnnnn,True,2026-02-05 14:53:26
Z검증용데이터.csv,ID,Annnnnn,nnnnnnn,True,2026-02-05 14:53:56
Z검증용데이터.csv,ID,nnnnnnn,Annnnnn,True,2026-02-05 14:54:56
Z검증용데이터.csv,ID,Annnnnn,nnnnnnn,True,2026-02-05 14:55:56
Z검증용데이터.csv,ID,nnnnnnn,Annnnnn,True,2026-02-05 14:57:56
Z검증용데이터.csv,ID,Annnnnn,nnnnnnn,True,2026-02-05 14:58:56
Z검증용데이터.csv,ID,nnnnnnn,Annnnnn,True,2026-02-05 15:00:56
Z검증용데이터.csv,ID,Annnnnn,nnnnnnn,True,2026-02-05 15:01:26
Z검증용데이터.csv,ID,nnnnnnn,Annnnnn,True,2026-02-05 15:03:26
Z검증용데이터.csv,ID,Annnnnn,nnnnnnn,True,2026-02-05 15:03:56
Z검증용데이터.csv,ID,nnnnnnn,Annnnnn,True,2026-02-05 15:04:26
Z검증용데이터.csv,ID,Annnnnn,nnnnnnn,True,2026-02-05 15:04:56
Z검증용데이터.csv,ID,nnnnnnn,Annnnnn,True,2026-02-05 15:05:26
Z검증용데이터.csv,ID,Annnnnn,nnnnnnn,True,2026-02-05 15:06:26
Z검증용데이터.csv,ID,nnnnnnn,Annnnnn,True,2026-02-05 15:08:26
Z검증용데이터.csv,ID,Annnnnn,nnnnnnn,True,2026-02-05 15:08:56
Z검증용데이터.csv,ID,nnnnnnn,Annnnnn,True,2026-02-05 15:09:26
Z검증용데이터.csv,ID,Annnnnn,nnnnnnn,True,2026-02-05 15:09:56
Z검증용데이터.csv,ID,nnnnnnn,Annnnnn,True,2026-02-05 15:12:26
Z검증용데이터.csv,ID,Annnnnn,nnnnnnn,True,2026-02-05 15:12:56
Z검증용데이터.csv,ID,nnnnnnn,Annnnnn,True,2026-02-05 15:13:26
Z검증용데이터.csv,ID,Annnnnn,nnnnnnn,True,2026-02-05 15:13:56
Z검증용데이터.csv,ID,nnnnnnn,Annnnnn,True,2026-02-05 15:17:56
Z검증용데이터.csv,ID,Annnnnn,nnnnnnn,True,2026-02-05 15:18:26
Z검증용데이터.csv,ID,nnnnnnn,Annnnnn,True,2026-02-05 15:18:56
Z검증용데이터.csv,ID,Annnnnn,nnnnnnn,True,2026-02-05 15:19:56
Z검증용데이터.csv,ID,nnnnnnn,Annnnnn,True,2026-02-05 15:20:26
Z검증용데이터.csv,ID,Annnnnn,nnnnnnn,True,2026-02-05 15:20:56
Z검증용데이터.csv,ID,nnnnnnn,Annnnnn,True,2026-02-05 15:23:56
Z검증용데이터.csv,ID,Annnnnn,nnnnnnn,True,2026-02-05 15:24:26
Z검증용데이터.csv,ID,nnnnnnn,Annnnnn,True,2026-02-05 15:25:56
Z검증용데이터.csv,ID,Annnnnn,nnnnnnn,True,2026-02-05 15:26:26
Z검증용데이터.csv,ID,nnnnnnn,Annnnnn,True,2026-02-05 15:27:26
Z검증용데이터.csv,ID,Annnnnn,nnnnnnn,True,2026-02-05 15:27:56
Z검증용데이터.csv,ID,nnnnnnn,Annnnnn,True,2026-02-05 15:30:26
Z검증용데이터.csv,ID,Annnnnn,nnnnnnn,True,2026-02-05 15:31:26
Z검증용데이터.csv,ID,nnnnnnn,Annnnnn,True,2026-02-05 15:31:56
Z검증용데이터.csv,ID,Annnnnn,nnnnnnn,True,2026-02-05 15:32:26
Z검증용데이터.csv,ID,nnnnnnn,Annnnnn,True,2026-02-05 15:33:56
Z검증용데이터.csv,ID,Annnnnn,nnnnnnn,True,2026-02-05 15:34:56
Z검증용데이터.csv,ID,nnnnnnn,Annnnnn,True,2026-02-05 15:38:56
Z검증용데이터.csv,ID,Annnnnn,nnnnnnn,True,2026-02-05 15:39:56
Z검증용데이터.csv,ID,nnnnnnn,Annnnnn,True,2026-02-05 15:42:56
Z검증용데이터.csv,ID,Annnnnn,nnnnnnn,True,2026-02-05 15:43:26
Z검증용데이터.csv,ID,nnnnnnn,Annnnnn,True,2026-02-05 15:43:56
Z검증용데이터.csv,ID,Annnnnn,nnnnnnn,True,2026-02-05 15:44:26
Z검증용데이터.csv,ID,nnnnnnn,Annnnnn,True,2026-02-05 15:47:26
Z검증용데이터.csv,ID,Annnnnn,nnnnnnn,True,2026-02-05 15:47:56
Z검증용데이터.csv,ID,nnnnnnn,Annnnnn,True,2026-02-05 15:48:56
Z검증용데이터.csv,ID,Annnnnn,nnnnnnn,True,2026-02-05 15:49:26
Z검증용데이터.csv,ID,nnnnnnn,Annnnnn,True,2026-02-05 15:50:26
Z검증용데이터.csv,ID,Annnnnn,nnnnnnn,True,2026-02-05 15:50:56
Z검증용데이터.csv,ID,nnnnnnn,Annnnnn,True,2026-02-05 15:53:56
Z검증용데이터.csv,ID,Annnnnn,nnnnnnn,True,2026-02-05 15:54:26
Z검증용데이터.csv,ID,nnnnnnn,Annnnnn,True,2026-02-05 15:57:56
Z검증용데이터.csv,ID,Annnnnn,nnnnnnn,True,2026-02-05 15:58:26
Z검증용데이터.csv,ID,nnnnnnn,Annnnnn,True,2026-02-05 15:59:26
Z검증용데이터.csv,ID,Annnnnn,nnnnnnn,True,2026-02-05 15:59:56
Z검증용데이터.csv,ID,nnnnnnn,Annnnnn,True,2026-02-05 16:01:26
Z검증용데이터.csv,ID,Annnnnn,nnnnnnn,True,2026-02-05 16:02:26
Z검증용데이터.csv,ID,nnnnnnn,Annnnnn,True,2026-02-05 16:02:56
Z검증용데이터.csv,ID,Annnnnn,nnnnnnn,True,2026-02-05 16:03:26
Z검증용데이터.csv,ID,nnnnnnn,Annnnnn,True,2026-02-05 16:08:56
Z검증용데이터.csv,ID,Annnnnn,nnnnnnn,True,2026-02-05 16:09:26
Z검증용데이터.csv,ID,nnnnnnn,Annnnnn,True,2026-02-05 16:10:26
Z검증용데이터.csv,ID,Annnnnn,nnnnnnn,True,2026-02-05 16:11:26
Z검증용데이터.csv,ID,nnnnnnn,Annnnnn,True,2026-02-05 16:15:26
Z검증용데이터.csv,ID,Annnnnn,nnnnnnn,True,2026-02-05 16:15:56
Z검증용데이터.csv,ID,nnnnnnn,Annnnnn,True,2026-02-05 16:17:56
Z검증용데이터.csv,ID,Annnnnn,nnnnnnn,True,2026-02-05 16:18:26
Z검증용데이터.csv,ID,nnnnnnn,Annnnnn,True,2026-02-05 16:19:26
Z검증용데이터.csv,ID,Annnnnn,nnnnnnn,True,2026-02-05 16:19:56
Z검증용데이터.csv,ID,nnnnnnn,Annnnnn,True,2026-02-05 16:24:26
Z검증용데이터.csv,ID,Annnnnn,nnnnnnn,True,2026-02-05 16:24:56
Z검증용데이터.csv,ID,nnnnnnn,Annnnnn,True,2026-02-05 16:25:26
Z검증용데이터.csv,ID,Annnnnn,nnnnnnn,True,2026-02-05 16:26:26
Z검증용데이터.csv,ID,nnnnnnn,Annnnnn,True,2026-02-05 16:30:56
Z검증용데이터.csv,ID,Annnnnn,nnnnnnn,True,2026-02-05 16:31:26
Z검증용데이터.csv,ID,nnnnnnn,Annnnnn,True,2026-02-05 16:32:26
Z검증용데이터.csv,ID,Annnnnn,nnnnnnn,True,2026-02-05 16:33:26
Z검증용데이터.csv,ID,nnnnnnn,Annnnnn,True,2026-02-05 16:33:56
Z검증용데이터.csv,ID,Annnnnn,nnnnnnn,True,2026-02-05 16:34:26
Z검증용데이터.csv,ID,nnnnnnn,Annnnnn,True,2026-02-05 16:34:56
Z검증용데이터.csv,ID,Annnnnn,nnnnnnn,True,2026-02-05 16:35:56
Z검증용데이터.csv,ID,nnnnnnn,Annnnnn,True,2026-02-05 16:36:26
Z검증용데이터.csv,ID,Annnnnn,nnnnnnn,True,2026-02-05 16:36:56
Z검증용데이터.csv,ID,nnnnnnn,Annnnnn,True,2026-02-05 16:41:26
Z검증용데이터.csv,ID,Annnnnn,nnnnnnn,True,2026-02-05 16:41:56
Z검증용데이터.csv,ID,nnnnnnn,Annnnnn,True,2026-02-05 16:42:26
Z검증용데이터.csv,ID,Annnnnn,nnnnnnn,True,2026-02-05 16:42:56
Z검증용데이터.csv,ID,nnnnnnn,Annnnnn,True,2026-02-05 16:43:26
Z검증용데이터.csv,ID,Annnnnn,nnnnnnn,True,2026-02-05 16:43:56
Z검증용데이터.csv,ID,nnnnnnn,Annnnnn,True,2026-02-05 16:44:56
Z검증용데이터.csv,ID,Annnnnn,nnnnnnn,True,2026-02-05 16:45:26
Z검증용데이터.csv,ID,nnnnnnn,Annnnnn,True,2026-02-05 16:47:26
Z검증용데이터.csv,ID,Annnnnn,nnnnnnn,True,2026-02-05 16:48:26
Z검증용데이터.csv,ID,nnnnnnn,Annnnnn,True,2026-02-05 16:49:26
Z검증용데이터.csv,ID,Annnnnn,nnnnnnn,True,2026-02-05 16:49:56
Z검증용데이터.csv,ID,nnnnnnn,Annnnnn,True,2026-02-05 16:54:56
Z검증용데이터.csv,ID,Annnnnn,nnnnnnn,True,2026-02-05 16:55:26
Z검증용데이터.csv,ID,nnnnnnn,Annnnnn,True,2026-02-05 16:58:56
Z검증용데이터.csv,ID,Annnnnn,nnnnnnn,True,2026-02-05 16:59:56
Z검증용데이터.csv,ID,nnnnnnn,Annnnnn,True,2026-02-05 17:00:26
Z검증용데이터.csv,ID,Annnnnn,nnnnnnn,True,2026-02-05 17:00:56
Z검증용데이터.csv,ID,nnnnnnn,Annnnnn,True,2026-02-05 17:02:26
Z검증용데이터.csv,ID,Annnnnn,nnnnnnn,True,2026-02-05 17:02:56
Z검증용데이터.csv,ID,nnnnnnn,Annnnnn,True,2026-02-05 17:04:26
Z검증용데이터.csv,ID,Annnnnn,nnnnnnn,True,2026-02-05 17:04:56
Z검증용데이터.csv,ID,nnnnnnn,Annnnnn,True,2026-02-05 17:05:26
Z검증용데이터.csv,ID,Annnnnn,nnnnnnn,True,2026-02-05 17:05:56
Z검증용데이터.csv,ID,nnnnnnn,Annnnnn,True,2026-02-05 17:08:56
Z검증용데이터.csv,ID,Annnnnn,nnnnnnn,True,2026-02-05 17:09:26
Z검증용데이터.csv,ID,nnnnnnn,Annnnnn,True,2026-02-05 17:14:56
Z검증용데이터.csv,ID,Annnnnn,nnnnnnn,True,2026-02-05 17:15:56
Z검증용데이터.csv,ID,nnnnnnn,Annnnnn,True,2026-02-05 17:17:56
Z검증용데이터.csv,ID,Annnnnn,nnnnnnn,True,2026-02-05 17:18:26
Z검증용데이터.csv,ID,nnnnnnn,Annnnnn,True,2026-02-05 17:20:26
Z검증용데이터.csv,ID,Annnnnn,nnnnnnn,True,2026-02-05 17:20:56
Z검증용데이터.csv,ID,nnnnnnn,Annnnnn,True,2026-02-05 17:21:56
Z검증용데이터.csv,ID,Annnnnn,nnnnnnn,True,2026-02-05 17:22:26
Z검증용데이터.csv,ID,nnnnnnn,Annnnnn,True,2026-02-05 17:22:56
Z검증용데이터.csv,ID,Annnnnn,nnnnnnn,True,2026-02-05 17:23:26
Z검증용데이터.csv,ID,nnnnnnn,Annnnnn,True,2026-02-05 17:25:26
Z검증용데이터.csv,ID,Annnnnn,nnnnnnn,True,2026-02-05 17:25:56
Z검증용데이터.csv,ID,nnnnnnn,Annnnnn,True,2026-02-05 17:27:26
Z검증용데이터.csv,ID,Annnnnn,nnnnnnn,True,2026-02-05 17:28:26
Z검증용데이터.csv,ID,nnnnnnn,Annnnnn,True,2026-02-05 17:29:56
Z검증용데이터.csv,ID,Annnnnn,nnnnnnn,True,2026-02-05 17:30:26
Z검증용데이터.csv,ID,nnnnnnn,Annnnnn,True,2026-02-05 17:31:56
Z검증용데이터.csv,ID,Annnnnn,nnnnnnn,True,2026-02-05 17:32:26
Z검증용데이터.csv,ID,nnnnnnn,Annnnnn,True,2026-02-05 17:32:56
Z검증용데이터.csv,ID,Annnnnn,nnnnnnn,True,2026-02-05 17:33:26
Z검증용데이터.csv,ID,nnnnnnn,Annnnnn,True,2026-02-05 17:45:26
Z검증용데이터.csv,ID,Annnnnn,nnnnnnn,True,2026-02-05 17:46:26
Z검증용데이터.csv,ID,nnnnnnn,Annnnnn,True,2026-02-05 17:50:26
Z검증용데이터.csv,ID,Annnnnn,nnnnnnn,True,2026-02-05 17:50:56
Z검증용데이터.csv,ID,nnnnnnn,Annnnnn,True,2026-02-05 17:52:26
Z검증용데이터.csv,ID,Annnnnn,nnnnnnn,True,2026-02-05 17:52:56
Z검증용데이터.csv,ID,nnnnnnn,Annnnnn,True,2026-02-05 17:53:26
Z검증용데이터.csv,ID,Annnnnn,nnnnnnn,True,2026-02-05 17:53:56
Z검증용데이터.csv,ID,nnnnnnn,Annnnnn,True,2026-02-05 17:54:26
Z검증용데이터.csv,ID,Annnnnn,nnnnnnn,True,2026-02-05 17:55:26
Z검증용데이터.csv,ID,nnnnnnn,Annnnnn,True,2026-02-05 17:57:26
Z검증용데이터.csv,ID,Annnnnn,nnnnnnn,True,2026-02-05 17:57:56
Z검증용데이터.csv,ID,nnnnnnn,Annnnnn,True,2026-02-05 17:59:26
Z검증용데이터.csv,ID,Annnnnn,nnnnnnn,True,2026-02-05 17:59:56
Z검증용데이터.csv,ID,nnnnnnn,Annnnnn,True,2026-02-05 18:01:26
Z검증용데이터.csv,ID,Annnnnn,nnnnnnn,True,2026-02-05 18:02:56
Z검증용데이터.csv,ID,nnnnnnn,Annnnnn,True,2026-02-05 18:06:26
Z검증용데이터.csv,ID,Annnnnn,nnnnnnn,True,2026-02-05 18:07:26
Z검증용데이터.csv,ID,nnnnnnn,Annnnnn,True,2026-02-05 18:09:26
Z검증용데이터.csv,ID,Annnnnn,nnnnnnn,True,2026-02-05 18:10:26
Z검증용데이터.csv,ID,nnnnnnn,Annnnnn,True,2026-02-05 18:11:26
Z검증용데이터.csv,ID,Annnnnn,nnnnnnn,True,2026-02-05 18:11:56
Z검증용데이터.csv,ID,nnnnnnn,Annnnnn,True,2026-02-05 18:13:56
Z검증용데이터.csv,ID,Annnnnn,nnnnnnn,True,2026-02-05 18:14:26
Z검증용데이터.csv,ID,nnnnnnn,Annnnnn,True,2026-02-05 18:15:26
Z검증용데이터.csv,ID,Annnnnn,nnnnnnn,True,2026-02-05 18:16:56
Z검증용데이터.csv,ID,nnnnnnn,Annnnnn,True,2026-02-05 18:17:26
Z검증용데이터.csv,ID,Annnnnn,nnnnnnn,True,2026-02-05 18:17:56
Z검증용데이터.csv,ID,nnnnnnn,Annnnnn,True,2026-02-05 18:18:26
Z검증용데이터.csv,ID,Annnnnn,nnnnnnn,True,2026-02-05 18:18:56
Z검증용데이터.csv,ID,nnnnnnn,Annnnnn,True,2026-02-05 18:21:26
Z검증용데이터.csv,ID,Annnnnn,nnnnnnn,True,2026-02-05 18:21:56
Z검증용데이터.csv,ID,nnnnnnn,Annnnnn,True,2026-02-05 18:22:26
Z검증용데이터.csv,ID,Annnnnn,nnnnnnn,True,2026-02-05 18:22:56
Z검증용데이터.csv,ID,nnnnnnn,Annnnnn,True,2026-02-05 18:23:56
Z검증용데이터.csv,ID,Annnnnn,nnnnnnn,True,2026-02-05 18:25:26
Z검증용데이터.csv,ID,nnnnnnn,Annnnnn,True,2026-02-05 18:26:26
Z검증용데이터.csv,ID,Annnnnn,nnnnnnn,True,2026-02-05 18:26:56
Z검증용데이터.csv,ID,nnnnnnn,Annnnnn,True,2026-02-05 18:29:56
Z검증용데이터.csv,ID,Annnnnn,nnnnnnn,True,2026-02-05 18:30:26
Z검증용데이터.csv,ID,nnnnnnn,Annnnnn,True,2026-02-05 18:30:56
Z검증용데이터.csv,ID,Annnnnn,nnnnnnn,True,2026-02-05 18:31:26
Z검증용데이터.csv,ID,nnnnnnn,Annnnnn,True,2026-02-05 18:38:56
Z검증용데이터.csv,ID,Annnnnn,nnnnnnn,True,2026-02-05 18:39:26
Z검증용데이터.csv,ID,nnnnnnn,Annnnnn,True,2026-02-05 18:39:56
Z검증용데이터.csv,ID,Annnnnn,nnnnnnn,True,2026-02-05 18:40:26
Z검증용데이터.csv,ID,nnnnnnn,Annnnnn,True,2026-02-05 18:41:26
Z검증용데이터.csv,ID,Annnnnn,nnnnnnn,True,2026-02-05 18:41:56
Z검증용데이터.csv,ID,nnnnnnn,Annnnnn,True,2026-02-05 18:43:56
Z검증용데이터.csv,ID,Annnnnn,nnnnnnn,True,2026-02-05 18:44:26
Z검증용데이터.csv,ID,nnnnnnn,Annnnnn,True,2026-02-05 18:45:56
Z검증용데이터.csv,ID,Annnnnn,nnnnnnn,True,2026-02-05 18:46:26
Z검증용데이터.csv,ID,nnnnnnn,Annnnnn,True,2026-02-05 18:49:56
Z검증용데이터.csv,ID,Annnnnn,nnnnnnn,True,2026-02-05 18:50:26
Z검증용데이터.csv,ID,nnnnnnn,Annnnnn,True,2026-02-05 18:51:26
Z검증용데이터.csv,ID,Annnnnn,nnnnnnn,True,2026-02-05 18:51:56
Z검증용데이터.csv,ID,nnnnnnn,Annnnnn,True,2026-02-05 18:55:56
Z검증용데이터.csv,ID,Annnnnn,nnnnnnn,True,2026-02-05 18:56:26
Z검증용데이터.csv,ID,nnnnnnn,Annnnnn,True,2026-02-05 18:58:26
Z검증용데이터.csv,ID,Annnnnn,nnnnnnn,True,2026-02-05 18:59:26
Z검증용데이터.csv,ID,nnnnnnn,Annnnnn,True,2026-02-05 19:00:26
Z검증용데이터.csv,ID,Annnnnn,nnnnnnn,True,2026-02-05 19:01:26
Z검증용데이터.csv,ID,nnnnnnn,Annnnnn,True,2026-02-05 19:02:26
Z검증용데이터.csv,ID,Annnnnn,nnnnnnn,True,2026-02-05 19:02:56
Z검증용데이터.csv,ID,nnnnnnn,Annnnnn,True,2026-02-05 19:06:26
Z검증용데이터.csv,ID,Annnnnn,nnnnnnn,True,2026-02-05 19:06:56
Z검증용데이터.csv,ID,nnnnnnn,Annnnnn,True,2026-02-05 19:09:56
Z검증용데이터.csv,ID,Annnnnn,nnnnnnn,True,2026-02-05 19:11:26
Z검증용데이터.csv,ID,nnnnnnn,Annnnnn,True,2026-02-05 19:12:26
Z검증용데이터.csv,ID,Annnnnn,nnnnnnn,True,2026-02-05 19:12:56
Z검증용데이터.csv,ID,nnnnnnn,Annnnnn,True,2026-02-05 19:18:56
Z검증용데이터.csv,ID,Annnnnn,nnnnnnn,True,2026-02-05 19:19:26
Z검증용데이터.csv,ID,nnnnnnn,Annnnnn,True,2026-02-05 19:25:26
Z검증용데이터.csv,ID,Annnnnn,nnnnnnn,True,2026-02-05 19:26:56
Z검증용데이터.csv,ID,nnnnnnn,Annnnnn,True,2026-02-05 19:27:56
Z검증용데이터.csv,ID,Annnnnn,nnnnnnn,True,2026-02-05 19:28:56
Z검증용데이터.csv,ID,nnnnnnn,Annnnnn,True,2026-02-05 19:29:26
Z검증용데이터.csv,ID,Annnnnn,nnnnnnn,True,2026-02-05 19:29:56
Z검증용데이터.csv,ID,nnnnnnn,Annnnnn,True,2026-02-05 19:36:26
Z검증용데이터.csv,ID,Annnnnn,nnnnnnn,True,2026-02-05 19:38:26
Z검증용데이터.csv,ID,nnnnnnn,Annnnnn,True,2026-02-05 19:41:26
Z검증용데이터.csv,ID,Annnnnn,nnnnnnn,True,2026-02-05 19:42:26
Z검증용데이터.csv,ID,nnnnnnn,Annnnnn,True,2026-02-05 19:47:26
Z검증용데이터.csv,ID,Annnnnn,nnnnnnn,True,2026-02-05 19:47:56
Z검증용데이터.csv,ID,nnnnnnn,Annnnnn,True,2026-02-05 19:48:26
Z검증용데이터.csv,ID,Annnnnn,nnnnnnn,True,2026-02-05 19:48:56
Z검증용데이터.csv,ID,nnnnnnn,Annnnnn,True,2026-02-05 19:49:26
Z검증용데이터.csv,ID,Annnnnn,nnnnnnn,True,2026-02-05 19:49:56
Z검증용데이터.csv,ID,nnnnnnn,Annnnnn,True,2026-02-05 19:50:26
Z검증용데이터.csv,ID,Annnnnn,nnnnnnn,True,2026-02-05 19:50:56
Z검증용데이터.csv,ID,nnnnnnn,Annnnnn,True,2026-02-05 19:54:56
Z검증용데이터.csv,ID,Annnnnn,nnnnnnn,True,2026-02-05 19:55:26
Z검증용데이터.csv,ID,nnnnnnn,Annnnnn,True,2026-02-05 19:55:56
Z검증용데이터.csv,ID,Annnnnn,nnnnnnn,True,2026-02-05 19:56:26
Z검증용데이터.csv,ID,nnnnnnn,Annnnnn,True,2026-02-05 19:58:56
Z검증용데이터.csv,ID,Annnnnn,nnnnnnn,True,2026-02-05 19:59:26
Z검증용데이터.csv,ID,nnnnnnn,Annnnnn,True,2026-02-05 20:00:26
Z검증용데이터.csv,ID,Annnnnn,nnnnnnn,True,2026-02-05 20:00:56
Z검증용데이터.csv,ID,nnnnnnn,Annnnnn,True,2026-02-05 20:02:26
Z검증용데이터.csv,ID,Annnnnn,nnnnnnn,True,2026-02-05 20:02:56
Z검증용데이터.csv,ID,nnnnnnn,Annnnnn,True,2026-02-05 20:03:56
Z검증용데이터.csv,ID,Annnnnn,nnnnnnn,True,2026-02-05 20:04:26
Z검증용데이터.csv,ID,nnnnnnn,Annnnnn,True,2026-02-05 20:08:26
Z검증용데이터.csv,ID,Annnnnn,nnnnnnn,True,2026-02-05 20:08:56
Z검증용데이터.csv,ID,nnnnnnn,Annnnnn,True,2026-02-05 20:10:26
Z검증용데이터.csv,ID,Annnnnn,nnnnnnn,True,2026-02-05 20:11:26
Z검증용데이터.csv,ID,nnnnnnn,Annnnnn,True,2026-02-05 20:18:56
Z검증용데이터.csv,ID,Annnnnn,nnnnnnn,True,2026-02-05 20:19:26
Z검증용데이터.csv,ID,nnnnnnn,Annnnnn,True,2026-02-05 20:22:26
Z검증용데이터.csv,ID,Annnnnn,nnnnnnn,True,2026-02-05 20:22:56
Z검증용데이터.csv,ID,nnnnnnn,Annnnnn,True,2026-02-05 20:24:56
Z검증용데이터.csv,ID,Annnnnn,nnnnnnn,True,2026-02-05 20:25:26
Z검증용데이터.csv,ID,nnnnnnn,Annnnnn,True,2026-02-05 20:25:56
Z검증용데이터.csv,ID,Annnnnn,nnnnnnn,True,2026-02-05 20:26:26
Z검증용데이터.csv,ID,nnnnnnn,Annnnnn,True,2026-02-05 20:26:56
Z검증용데이터.csv,ID,Annnnnn,nnnnnnn,True,2026-02-05 20:27:26
Z검증용데이터.csv,ID,nnnnnnn,Annnnnn,True,2026-02-05 20:28:26
Z검증용데이터.csv,ID,Annnnnn,nnnnnnn,True,2026-02-05 20:29:26
Z검증용데이터.csv,ID,nnnnnnn,Annnnnn,True,2026-02-05 20:30:26
Z검증용데이터.csv,ID,Annnnnn,nnnnnnn,True,2026-02-05 20:30:56
Z검증용데이터.csv,ID,nnnnnnn,Annnnnn,True,2026-02-05 20:32:56
Z검증용데이터.csv,ID,Annnnnn,nnnnnnn,True,2026-02-05 20:33:26
Z검증용데이터.csv,ID,nnnnnnn,Annnnnn,True,2026-02-05 20:36:26
Z검증용데이터.csv,ID,Annnnnn,nnnnnnn,True,2026-02-05 20:36:56
Z검증용데이터.csv,ID,nnnnnnn,Annnnnn,True,2026-02-05 20:41:26
Z검증용데이터.csv,ID,Annnnnn,nnnnnnn,True,2026-02-05 20:41:56
Z검증용데이터.csv,ID,nnnnnnn,Annnnnn,True,2026-02-05 20:43:56
Z검증용데이터.csv,ID,Annnnnn,nnnnnnn,True,2026-02-05 20:44:26
Z검증용데이터.csv,ID,nnnnnnn,Annnnnn,True,2026-02-05 20:45:26
Z검증용데이터.csv,ID,Annnnnn,nnnnnnn,True,2026-02-05 20:45:56
Z검증용데이터.csv,ID,nnnnnnn,Annnnnn,True,2026-02-05 20:46:26
Z검증용데이터.csv,ID,Annnnnn,nnnnnnn,True,2026-02-05 20:46:56
Z검증용데이터.csv,ID,nnnnnnn,Annnnnn,True,2026-02-05 20:50:26
Z검증용데이터.csv,ID,Annnnnn,nnnnnnn,True,2026-02-05 20:50:56
Z검증용데이터.csv,ID,nnnnnnn,Annnnnn,True,2026-02-05 20:54:26
Z검증용데이터.csv,ID,Annnnnn,nnnnnnn,True,2026-02-05 20:55:56
Z검증용데이터.csv,ID,nnnnnnn,Annnnnn,True,2026-02-05 20:56:56
Z검증용데이터.csv,ID,Annnnnn,nnnnnnn,True,2026-02-05 20:57:26
Z검증용데이터.csv,ID,nnnnnnn,Annnnnn,True,2026-02-05 20:57:56
Z검증용데이터.csv,ID,Annnnnn,nnnnnnn,True,2026-02-05 20:58:26
Z검증용데이터.csv,ID,nnnnnnn,Annnnnn,True,2026-02-05 21:00:26
Z검증용데이터.csv,ID,Annnnnn,nnnnnnn,True,2026-02-05 21:00:56
Z검증용데이터.csv,ID,nnnnnnn,Annnnnn,True,2026-02-05 21:02:26
Z검증용데이터.csv,ID,Annnnnn,nnnnnnn,True,2026-02-05 21:02:56
Z검증용데이터.csv,ID,nnnnnnn,Annnnnn,True,2026-02-05 21:04:26
Z검증용데이터.csv,ID,Annnnnn,nnnnnnn,True,2026-02-05 21:05:26
Z검증용데이터.csv,ID,nnnnnnn,Annnnnn,True,2026-02-05 21:06:26
Z검증용데이터.csv,ID,Annnnnn,nnnnnnn,True,2026-02-05 21:06:56
Z검증용데이터.csv,ID,nnnnnnn,Annnnnn,True,2026-02-05 21:10:26
Z검증용데이터.csv,ID,Annnnnn,nnnnnnn,True,2026-02-05 21:10:56
Z검증용데이터.csv,ID,nnnnnnn,Annnnnn,True,2026-02-05 21:11:26
Z검증용데이터.csv,ID,Annnnnn,nnnnnnn,True,2026-02-05 21:11:56
Z검증용데이터.csv,ID,nnnnnnn,Annnnnn,True,2026-02-05 21:14:56
Z검증용데이터.csv,ID,Annnnnn,nnnnnnn,True,2026-02-05 21:15:56
Z검증용데이터.csv,ID,nnnnnnn,Annnnnn,True,2026-02-05 21:17:26
Z검증용데이터.csv,ID,Annnnnn,nnnnnnn,True,2026-02-05 21:17:56
Z검증용데이터.csv,ID,nnnnnnn,Annnnnn,True,2026-02-05 21:19:26
Z검증용데이터.csv,ID,Annnnnn,nnnnnnn,True,2026-02-05 21:19:56
Z검증용데이터.csv,ID,nnnnnnn,Annnnnn,True,2026-02-05 21:20:26
Z검증용데이터.csv,ID,Annnnnn,nnnnnnn,True,2026-02-05 21:20:56
Z검증용데이터.csv,ID,nnnnnnn,Annnnnn,True,2026-02-05 21:24:26
Z검증용데이터.csv,ID,Annnnnn,nnnnnnn,True,2026-02-05 21:24:56
Z검증용데이터.csv,ID,nnnnnnn,Annnnnn,True,2026-02-05 21:25:26
Z검증용데이터.csv,ID,Annnnnn,nnnnnnn,True,2026-02-05 21:25:56
Z검증용데이터.csv,ID,nnnnnnn,Annnnnn,True,2026-02-05 21:26:26
Z검증용데이터.csv,ID,Annnnnn,nnnnnnn,True,2026-02-05 21:27:26
Z검증용데이터.csv,ID,nnnnnnn,Annnnnn,True,2026-02-05 21:30:26
Z검증용데이터.csv,ID,Annnnnn,nnnnnnn,True,2026-02-05 21:30:56
Z검증용데이터.csv,ID,nnnnnnn,Annnnnn,True,2026-02-05 21:32:56
Z검증용데이터.csv,ID,Annnnnn,nnnnnnn,True,2026-02-05 21:33:26
Z검증용데이터.csv,ID,nnnnnnn,Annnnnn,True,2026-02-05 21:36:26
Z검증용데이터.csv,ID,Annnnnn,nnnnnnn,True,2026-02-05 21:36:56
Z검증용데이터.csv,ID,nnnnnnn,Annnnnn,True,2026-02-05 21:37:56
Z검증용데이터.csv,ID,Annnnnn,nnnnnnn,True,2026-02-05 21:38:26
Z검증용데이터.csv,ID,nnnnnnn,Annnnnn,True,2026-02-05 21:38:56
Z검증용데이터.csv,ID,Annnnnn,nnnnnnn,True,2026-02-05 21:39:26
Z검증용데이터.csv,ID,nnnnnnn,Annnnnn,True,2026-02-05 21:40:26
Z검증용데이터.csv,ID,Annnnnn,nnnnnnn,True,2026-02-05 21:40:56
Z검증용데이터.csv,ID,nnnnnnn,Annnnnn,True,2026-02-05 21:42:26
Z검증용데이터.csv,ID,Annnnnn,nnnnnnn,True,2026-02-05 21:42:56
Z검증용데이터.csv,ID,nnnnnnn,Annnnnn,True,2026-02-05 21:43:56
Z검증용데이터.csv,ID,Annnnnn,nnnnnnn,True,2026-02-05 21:44:56
Z검증용데이터.csv,ID,nnnnnnn,Annnnnn,True,2026-02-05 21:48:26
Z검증용데이터.csv,ID,Annnnnn,nnnnnnn,True,2026-02-05 21:48:56
Z검증용데이터.csv,ID,nnnnnnn,Annnnnn,True,2026-02-05 21:56:26
Z검증용데이터.csv,ID,Annnnnn,nnnnnnn,True,2026-02-05 21:56:56
Z검증용데이터.csv,ID,nnnnnnn,Annnnnn,True,2026-02-05 21:58:26
Z검증용데이터.csv,ID,Annnnnn,nnnnnnn,True,2026-02-05 21:58:56
Z검증용데이터.csv,ID,nnnnnnn,Annnnnn,True,2026-02-05 21:59:56
Z검증용데이터.csv,ID,Annnnnn,nnnnnnn,True,2026-02-05 22:00:56
Z검증용데이터.csv,ID,nnnnnnn,Annnnnn,True,2026-02-05 22:01:26
Z검증용데이터.csv,ID,Annnnnn,nnnnnnn,True,2026-02-05 22:03:26
Z검증용데이터.csv,ID,nnnnnnn,Annnnnn,True,2026-02-05 22:04:56
Z검증용데이터.csv,ID,Annnnnn,nnnnnnn,True,2026-02-05 22:05:26
Z검증용데이터.csv,ID,nnnnnnn,Annnnnn,True,2026-02-05 22:12:26
Z검증용데이터.csv,ID,Annnnnn,nnnnnnn,True,2026-02-05 22:12:56
Z검증용데이터.csv,ID,nnnnnnn,Annnnnn,True,2026-02-05 22:15:26
Z검증용데이터.csv,ID,Annnnnn,nnnnnnn,True,2026-02-05 22:16:26
Z검증용데이터.csv,ID,nnnnnnn,Annnnnn,True,2026-02-05 22:21:56
Z검증용데이터.csv,ID,Annnnnn,nnnnnnn,True,2026-02-05 22:23:56
Z검증용데이터.csv,ID,nnnnnnn,Annnnnn,True,2026-02-05 22:24:56
Z검증용데이터.csv,ID,Annnnnn,nnnnnnn,True,2026-02-05 22:25:26
Z검증용데이터.csv,ID,nnnnnnn,Annnnnn,True,2026-02-05 22:25:56
Z검증용데이터.csv,ID,Annnnnn,nnnnnnn,True,2026-02-05 22:26:26
Z검증용데이터.csv,ID,nnnnnnn,Annnnnn,True,2026-02-05 22:30:56
Z검증용데이터.csv,ID,Annnnnn,nnnnnnn,True,2026-02-05 22:31:26
Z검증용데이터.csv,ID,nnnnnnn,Annnnnn,True,2026-02-05 22:33:26
Z검증용데이터.csv,ID,Annnnnn,nnnnnnn,True,2026-02-05 22:34:56
Z검증용데이터.csv,ID,nnnnnnn,Annnnnn,True,2026-02-05 22:37:26
Z검증용데이터.csv,ID,Annnnnn,nnnnnnn,True,2026-02-05 22:37:56
Z검증용데이터.csv,ID,nnnnnnn,Annnnnn,True,2026-02-05 22:38:26
Z검증용데이터.csv,ID,Annnnnn,nnnnnnn,True,2026-02-05 22:38:56
Z검증용데이터.csv,ID,nnnnnnn,Annnnnn,True,2026-02-05 22:44:26
Z검증용데이터.csv,ID,Annnnnn,nnnnnnn,True,2026-02-05 22:44:56
Z검증용데이터.csv,ID,nnnnnnn,Annnnnn,True,2026-02-05 22:47:56
Z검증용데이터.csv,ID,Annnnnn,nnnnnnn,True,2026-02-05 22:48:26
Z검증용데이터.csv,ID,nnnnnnn,Annnnnn,True,2026-02-05 22:52:56
Z검증용데이터.csv,ID,Annnnnn,nnnnnnn,True,2026-02-05 22:53:26
Z검증용데이터.csv,ID,nnnnnnn,Annnnnn,True,2026-02-05 22:54:56
Z검증용데이터.csv,ID,Annnnnn,nnnnnnn,True,2026-02-05 22:55:26
Z검증용데이터.csv,ID,nnnnnnn,Annnnnn,True,2026-02-05 23:03:26
Z검증용데이터.csv,ID,Annnnnn,nnnnnnn,True,2026-02-05 23:03:56
Z검증용데이터.csv,ID,nnnnnnn,Annnnnn,True,2026-02-05 23:06:26
Z검증용데이터.csv,ID,Annnnnn,nnnnnnn,True,2026-02-05 23:06:56
Z검증용데이터.csv,ID,nnnnnnn,Annnnnn,True,2026-02-05 23:09:26
Z검증용데이터.csv,ID,Annnnnn,nnnnnnn,True,2026-02-05 23:09:56
Z검증용데이터.csv,ID,nnnnnnn,Annnnnn,True,2026-02-05 23:10:26
Z검증용데이터.csv,ID,Annnnnn,nnnnnnn,True,2026-02-05 23:12:56
Z검증용데이터.csv,ID,nnnnnnn,Annnnnn,True,2026-02-05 23:13:56
Z검증용데이터.csv,ID,Annnnnn,nnnnnnn,True,2026-02-05 23:14:26
Z검증용데이터.csv,ID,nnnnnnn,Annnnnn,True,2026-02-05 23:14:56
Z검증용데이터.csv,ID,Annnnnn,nnnnnnn,True,2026-02-05 23:15:26
Z검증용데이터.csv,ID,nnnnnnn,Annnnnn,True,2026-02-05 23:19:56
Z검증용데이터.csv,ID,Annnnnn,nnnnnnn,True,2026-02-05 23:20:26
Z검증용데이터.csv,ID,nnnnnnn,Annnnnn,True,2026-02-05 23:22:26
Z검증용데이터.csv,ID,Annnnnn,nnnnnnn,True,2026-02-05 23:22:56
Z검증용데이터.csv,ID,nnnnnnn,Annnnnn,True,2026-02-05 23:23:56
Z검증용데이터.csv,ID,Annnnnn,nnnnnnn,True,2026-02-05 23:24:26
Z검증용데이터.csv,ID,nnnnnnn,Annnnnn,True,2026-02-05 23:24:56
Z검증용데이터.csv,ID,Annnnnn,nnnnnnn,True,2026-02-05 23:25:26
Z검증용데이터.csv,ID,nnnnnnn,Annnnnn,True,2026-02-05 23:26:26
Z검증용데이터.csv,ID,Annnnnn,nnnnnnn,True,2026-02-05 23:26:56
Z검증용데이터.csv,ID,nnnnnnn,Annnnnn,True,2026-02-05 23:31:56
Z검증용데이터.csv,ID,Annnnnn,nnnnnnn,True,2026-02-05 23:32:26
Z검증용데이터.csv,ID,nnnnnnn,Annnnnn,True,2026-02-05 23:33:26
Z검증용데이터.csv,ID,Annnnnn,nnnnnnn,True,2026-02-05 23:33:56
Z검증용데이터.csv,ID,nnnnnnn,Annnnnn,True,2026-02-05 23:37:26
Z검증용데이터.csv,ID,Annnnnn,nnnnnnn,True,2026-02-05 23:37:56
Z검증용데이터.csv,ID,nnnnnnn,Annnnnn,True,2026-02-05 23:40:26
Z검증용데이터.csv,ID,Annnnnn,nnnnnnn,True,2026-02-05 23:40:56
Z검증용데이터.csv,ID,nnnnnnn,Annnnnn,True,2026-02-05 23:41:26
Z검증용데이터.csv,ID,Annnnnn,nnnnnnn,True,2026-02-05 23:41:56
Z검증용데이터.csv,ID,nnnnnnn,Annnnnn,True,2026-02-05 23:43:26
Z검증용데이터.csv,ID,Annnnnn,nnnnnnn,True,2026-02-05 23:43:56
Z검증용데이터.csv,ID,nnnnnnn,Annnnnn,True,2026-02-05 23:44:26
Z검증용데이터.csv,ID,Annnnnn,nnnnnnn,True,2026-02-05 23:44:56
Z검증용데이터.csv,ID,nnnnnnn,Annnnnn,True,2026-02-05 23:45:26
Z검증용데이터.csv,ID,Annnnnn,nnnnnnn,True,2026-02-05 23:46:56
Z검증용데이터.csv,ID,nnnnnnn,Annnnnn,True,2026-02-05 23:47:26
Z검증용데이터.csv,ID,Annnnnn,nnnnnnn,True,2026-02-05 23:47:56
Z검증용데이터.csv,ID,nnnnnnn,Annnnnn,True,2026-02-05 23:49:26
Z검증용데이터.csv,ID,Annnnnn,nnnnnnn,True,2026-02-05 23:49:56
Z검증용데이터.csv,ID,nnnnnnn,Annnnnn,True,2026-02-05 23:50:26
Z검증용데이터.csv,ID,Annnnnn,nnnnnnn,True,2026-02-05 23:50:56
Z검증용데이터.csv,ID,nnnnnnn,Annnnnn,True,2026-02-05 23:52:26
Z검증용데이터.csv,ID,Annnnnn,nnnnnnn,True,2026-02-05 23:53:26
Z검증용데이터.csv,ID,nnnnnnn,Annnnnn,True,2026-02-05 23:54:26
Z검증용데이터.csv,ID,Annnnnn,nnnnnnn,True,2026-02-05 23:54:56
Z검증용데이터.csv,ID,nnnnnnn,Annnnnn,True,2026-02-05 23:55:26
Z검증용데이터.csv,ID,Annnnnn,nnnnnnn,True,2026-02-05 23:55:56
Z검증용데이터.csv,ID,nnnnnnn,Annnnnn,True,2026-02-05 23:56:56
Z검증용데이터.csv,ID,Annnnnn,nnnnnnn,True,2026-02-05 23:57:26
Z검증용데이터.csv,ID,nnnnnnn,Annnnnn,True,2026-02-05 23:58:26
Z검증용데이터.csv,ID,Annnnnn,nnnnnnn,True,2026-02-05 23:59:26
Z검증용데이터.csv,ID,nnnnnnn,Annnnnn,True,2026-02-06 00:01:26
Z검증용데이터.csv,ID,Annnnnn,nnnnnnn,True,2026-02-06 00:02:26
Z검증용데이터.csv,ID,nnnnnnn,Annnnnn,True,2026-02-06 00:06:26
Z검증용데이터.csv,ID,Annnnnn,nnnnnnn,True,2026-02-06 00:06:56
Z검증용데이터.csv,ID,nnnnnnn,Annnnnn,True,2026-02-06 00:07:26
Z검증용데이터.csv,ID,Annnnnn,nnnnnnn,True,2026-02-06 00:07:56
Z검증용데이터.csv,ID,nnnnnnn,Annnnnn,True,2026-02-06 00:08:26
Z검증용데이터.csv,ID,Annnnnn,nnnnnnn,True,2026-02-06 00:08:56
Z검증용데이터.csv,ID,nnnnnnn,Annnnnn,True,2026-02-06 00:10:26
Z검증용데이터.csv,ID,Annnnnn,nnnnnnn,True,2026-02-06 00:10:56
Z검증용데이터.csv,ID,nnnnnnn,Annnnnn,True,2026-02-06 00:12:26
Z검증용데이터.csv,ID,Annnnnn,nnnnnnn,True,2026-02-06 00:12:56
Z검증용데이터.csv,ID,nnnnnnn,Annnnnn,True,2026-02-06 00:14:56
Z검증용데이터.csv,ID,Annnnnn,nnnnnnn,True,2026-02-06 00:15:26
Z검증용데이터.csv,ID,nnnnnnn,Annnnnn,True,2026-02-06 00:16:56
Z검증용데이터.csv,ID,Annnnnn,nnnnnnn,True,2026-02-06 00:17:26
Z검증용데이터.csv,ID,nnnnnnn,Annnnnn,True,2026-02-06 00:18:26
Z검증용데이터.csv,ID,Annnnnn,nnnnnnn,True,2026-02-06 00:19:26
Z검증용데이터.csv,ID,nnnnnnn,Annnnnn,True,2026-02-06 00:26:56
Z검증용데이터.csv,ID,Annnnnn,nnnnnnn,True,2026-02-06 00:27:56
Z검증용데이터.csv,ID,nnnnnnn,Annnnnn,True,2026-02-06 00:28:26
Z검증용데이터.csv,ID,Annnnnn,nnnnnnn,True,2026-02-06 00:28:56
Z검증용데이터.csv,ID,nnnnnnn,Annnnnn,True,2026-02-06 00:34:56
Z검증용데이터.csv,ID,Annnnnn,nnnnnnn,True,2026-02-06 00:35:26
Z검증용데이터.csv,ID,nnnnnnn,Annnnnn,True,2026-02-06 00:40:26
Z검증용데이터.csv,ID,Annnnnn,nnnnnnn,True,2026-02-06 00:40:56
Z검증용데이터.csv,ID,nnnnnnn,Annnnnn,True,2026-02-06 00:41:26
Z검증용데이터.csv,ID,Annnnnn,nnnnnnn,True,2026-02-06 00:41:56
Z검증용데이터.csv,ID,nnnnnnn,Annnnnn,True,2026-02-06 00:42:26
Z검증용데이터.csv,ID,Annnnnn,nnnnnnn,True,2026-02-06 00:42:56
Z검증용데이터.csv,ID,nnnnnnn,Annnnnn,True,2026-02-06 00:43:56
Z검증용데이터.csv,ID,Annnnnn,nnnnnnn,True,2026-02-06 00:45:26
Z검증용데이터.csv,ID,nnnnnnn,Annnnnn,True,2026-02-06 00:55:56
Z검증용데이터.csv,ID,Annnnnn,nnnnnnn,True,2026-02-06 00:56:26
Z검증용데이터.csv,ID,nnnnnnn,Annnnnn,True,2026-02-06 00:59:26
Z검증용데이터.csv,ID,Annnnnn,nnnnnnn,True,2026-02-06 00:59:56
Z검증용데이터.csv,ID,nnnnnnn,Annnnnn,True,2026-02-06 01:11:26
Z검증용데이터.csv,ID,Annnnnn,nnnnnnn,True,2026-02-06 01:11:56
Z검증용데이터.csv,ID,nnnnnnn,Annnnnn,True,2026-02-06 01:15:56
Z검증용데이터.csv,ID,Annnnnn,nnnnnnn,True,2026-02-06 01:16:26
Z검증용데이터.csv,ID,nnnnnnn,Annnnnn,True,2026-02-06 01:17:56
Z검증용데이터.csv,ID,Annnnnn,nnnnnnn,True,2026-02-06 01:18:26
Z검증용데이터.csv,ID,nnnnnnn,Annnnnn,True,2026-02-06 01:18:56
Z검증용데이터.csv,ID,Annnnnn,nnnnnnn,True,2026-02-06 01:19:56
Z검증용데이터.csv,ID,nnnnnnn,Annnnnn,True,2026-02-06 01:22:56
Z검증용데이터.csv,ID,Annnnnn,nnnnnnn,True,2026-02-06 01:23:26
Z검증용데이터.csv,ID,nnnnnnn,Annnnnn,True,2026-02-06 01:26:26
Z검증용데이터.csv,ID,Annnnnn,nnnnnnn,True,2026-02-06 01:26:56
Z검증용데이터.csv,ID,nnnnnnn,Annnnnn,True,2026-02-06 01:28:26
Z검증용데이터.csv,ID,Annnnnn,nnnnnnn,True,2026-02-06 01:28:56
Z검증용데이터.csv,ID,nnnnnnn,Annnnnn,True,2026-02-06 01:35:56
Z검증용데이터.csv,ID,Annnnnn,nnnnnnn,True,2026-02-06 01:36:26
Z검증용데이터.csv,ID,nnnnnnn,Annnnnn,True,2026-02-06 01:39:26
Z검증용데이터.csv,ID,Annnnnn,nnnnnnn,True,2026-02-06 01:40:56
Z검증용데이터.csv,ID,nnnnnnn,Annnnnn,True,2026-02-06 01:41:56
Z검증용데이터.csv,ID,Annnnnn,nnnnnnn,True,2026-02-06 01:42:26
Z검증용데이터.csv,ID,nnnnnnn,Annnnnn,True,2026-02-06 01:42:56
Z검증용데이터.csv,ID,Annnnnn,nnnnnnn,True,2026-02-06 01:43:26
Z검증용데이터.csv,ID,nnnnnnn,Annnnnn,True,2026-02-06 01:43:56
Z검증용데이터.csv,ID,Annnnnn,nnnnnnn,True,2026-02-06 01:44:26
Z검증용데이터.csv,ID,nnnnnnn,Annnnnn,True,2026-02-06 01:45:56
Z검증용데이터.csv,ID,Annnnnn,nnnnnnn,True,2026-02-06 01:46:56
Z검증용데이터.csv,ID,nnnnnnn,Annnnnn,True,2026-02-06 01:53:56
Z검증용데이터.csv,ID,Annnnnn,nnnnnnn,True,2026-02-06 01:55:56
Z검증용데이터.csv,ID,nnnnnnn,Annnnnn,True,2026-02-06 01:58:26
Z검증용데이터.csv,ID,Annnnnn,nnnnnnn,True,2026-02-06 01:58:56
Z검증용데이터.csv,ID,nnnnnnn,Annnnnn,True,2026-02-06 02:00:56
Z검증용데이터.csv,ID,Annnnnn,nnnnnnn,True,2026-02-06 02:01:26
Z검증용데이터.csv,ID,nnnnnnn,Annnnnn,True,2026-02-06 02:01:56
Z검증용데이터.csv,ID,Annnnnn,nnnnnnn,True,2026-02-06 02:02:26
Z검증용데이터.csv,ID,nnnnnnn,Annnnnn,True,2026-02-06 02:06:26
Z검증용데이터.csv,ID,Annnnnn,nnnnnnn,True,2026-02-06 02:06:56
Z검증용데이터.csv,ID,nnnnnnn,Annnnnn,True,2026-02-06 02:07:26
Z검증용데이터.csv,ID,Annnnnn,nnnnnnn,True,2026-02-06 02:07:56
Z검증용데이터.csv,ID,nnnnnnn,Annnnnn,True,2026-02-06 02:09:56
Z검증용데이터.csv,ID,Annnnnn,nnnnnnn,True,2026-02-06 02:10:26
Z검증용데이터.csv,ID,nnnnnnn,Annnnnn,True,2026-02-06 02:12:26
Z검증용데이터.csv,ID,Annnnnn,nnnnnnn,True,2026-02-06 02:13:26
Z검증용데이터.csv,ID,nnnnnnn,Annnnnn,True,2026-02-06 02:14:56
Z검증용데이터.csv,ID,Annnnnn,nnnnnnn,True,2026-02-06 02:15:56
Z검증용데이터.csv,ID,nnnnnnn,Annnnnn,True,2026-02-06 02:16:26
Z검증용데이터.csv,ID,Annnnnn,nnnnnnn,True,2026-02-06 02:16:56
Z검증용데이터.csv,ID,nnnnnnn,Annnnnn,True,2026-02-06 02:20:26
Z검증용데이터.csv,ID,Annnnnn,nnnnnnn,True,2026-02-06 02:21:26
Z검증용데이터.csv,ID,nnnnnnn,Annnnnn,True,2026-02-06 02:24:56
Z검증용데이터.csv,ID,Annnnnn,nnnnnnn,True,2026-02-06 02:25:26
Z검증용데이터.csv,ID,nnnnnnn,Annnnnn,True,2026-02-06 02:26:26
Z검증용데이터.csv,ID,Annnnnn,nnnnnnn,True,2026-02-06 02:26:56
Z검증용데이터.csv,ID,nnnnnnn,Annnnnn,True,2026-02-06 02:28:56
Z검증용데이터.csv,ID,Annnnnn,nnnnnnn,True,2026-02-06 02:29:26
Z검증용데이터.csv,ID,nnnnnnn,Annnnnn,True,2026-02-06 02:31:26
Z검증용데이터.csv,ID,Annnnnn,nnnnnnn,True,2026-02-06 02:31:56
Z검증용데이터.csv,ID,nnnnnnn,Annnnnn,True,2026-02-06 02:33:56
Z검증용데이터.csv,ID,Annnnnn,nnnnnnn,True,2026-02-06 02:34:26
Z검증용데이터.csv,ID,nnnnnnn,Annnnnn,True,2026-02-06 02:38:56
Z검증용데이터.csv,ID,Annnnnn,nnnnnnn,True,2026-02-06 02:39:26
Z검증용데이터.csv,ID,nnnnnnn,Annnnnn,True,2026-02-06 02:46:26
Z검증용데이터.csv,ID,Annnnnn,nnnnnnn,True,2026-02-06 02:47:26
Z검증용데이터.csv,ID,nnnnnnn,Annnnnn,True,2026-02-06 02:48:26
Z검증용데이터.csv,ID,Annnnnn,nnnnnnn,True,2026-02-06 02:48:56
Z검증용데이터.csv,ID,nnnnnnn,Annnnnn,True,2026-02-06 02:52:26
Z검증용데이터.csv,ID,Annnnnn,nnnnnnn,True,2026-02-06 02:52:56
Z검증용데이터.csv,ID,nnnnnnn,Annnnnn,True,2026-02-06 02:56:26
Z검증용데이터.csv,ID,Annnnnn,nnnnnnn,True,2026-02-06 02:56:56
Z검증용데이터.csv,ID,nnnnnnn,Annnnnn,True,2026-02-06 02:57:26
Z검증용데이터.csv,ID,Annnnnn,nnnnnnn,True,2026-02-06 02:57:56
Z검증용데이터.csv,ID,nnnnnnn,Annnnnn,True,2026-02-06 02:58:56
Z검증용데이터.csv,ID,Annnnnn,nnnnnnn,True,2026-02-06 02:59:26
Z검증용데이터.csv,ID,nnnnnnn,Annnnnn,True,2026-02-06 03:00:26
Z검증용데이터.csv,ID,Annnnnn,nnnnnnn,True,2026-02-06 03:00:56
Z검증용데이터.csv,ID,nnnnnnn,Annnnnn,True,2026-02-06 03:01:56
Z검증용데이터.csv,ID,Annnnnn,nnnnnnn,True,2026-02-06 03:02:26
Z검증용데이터.csv,ID,nnnnnnn,Annnnnn,True,2026-02-06 03:05:56
Z검증용데이터.csv,ID,Annnnnn,nnnnnnn,True,2026-02-06 03:06:26
Z검증용데이터.csv,ID,nnnnnnn,Annnnnn,True,2026-02-06 03:06:56
Z검증용데이터.csv,ID,Annnnnn,nnnnnnn,True,2026-02-06 03:07:26
Z검증용데이터.csv,ID,nnnnnnn,Annnnnn,True,2026-02-06 03:08:56
Z검증용데이터.csv,ID,Annnnnn,nnnnnnn,True,2026-02-06 03:09:26
Z검증용데이터.csv,ID,nnnnnnn,Annnnnn,True,2026-02-06 03:09:56
Z검증용데이터.csv,ID,Annnnnn,nnnnnnn,True,2026-02-06 03:10:26
Z검증용데이터.csv,ID,nnnnnnn,Annnnnn,True,2026-02-06 03:13:26
Z검증용데이터.csv,ID,Annnnnn,nnnnnnn,True,2026-02-06 03:13:56
Z검증용데이터.csv,ID,nnnnnnn,Annnnnn,True,2026-02-06 03:16:26
Z검증용데이터.csv,ID,Annnnnn,nnnnnnn,True,2026-02-06 03:16:56
Z검증용데이터.csv,ID,nnnnnnn,Annnnnn,True,2026-02-06 03:17:26
Z검증용데이터.csv,ID,Annnnnn,nnnnnnn,True,2026-02-06 03:18:26
Z검증용데이터.csv,ID,nnnnnnn,Annnnnn,True,2026-02-06 03:24:56
Z검증용데이터.csv,ID,Annnnnn,nnnnnnn,True,2026-02-06 03:25:26
Z검증용데이터.csv,ID,nnnnnnn,Annnnnn,True,2026-02-06 03:27:26
Z검증용데이터.csv,ID,Annnnnn,nnnnnnn,True,2026-02-06 03:27:56
Z검증용데이터.csv,ID,nnnnnnn,Annnnnn,True,2026-02-06 03:29:56
Z검증용데이터.csv,ID,Annnnnn,nnnnnnn,True,2026-02-06 03:30:26
Z검증용데이터.csv,ID,nnnnnnn,Annnnnn,True,2026-02-06 03:31:56
Z검증용데이터.csv,ID,Annnnnn,nnnnnnn,True,2026-02-06 03:32:56
Z검증용데이터.csv,ID,nnnnnnn,Annnnnn,True,2026-02-06 03:36:26
Z검증용데이터.csv,ID,Annnnnn,nnnnnnn,True,2026-02-06 03:36:56
Z검증용데이터.csv,ID,nnnnnnn,Annnnnn,True,2026-02-06 03:37:26
Z검증용데이터.csv,ID,Annnnnn,nnnnnnn,True,2026-02-06 03:37:56
Z검증용데이터.csv,ID,nnnnnnn,Annnnnn,True,2026-02-06 03:38:56
Z검증용데이터.csv,ID,Annnnnn,nnnnnnn,True,2026-02-06 03:39:56
Z검증용데이터.csv,ID,nnnnnnn,Annnnnn,True,2026-02-06 03:41:26
Z검증용데이터.csv,ID,Annnnnn,nnnnnnn,True,2026-02-06 03:42:26
Z검증용데이터.csv,ID,nnnnnnn,Annnnnn,True,2026-02-06 03:43:56
Z검증용데이터.csv,ID,Annnnnn,nnnnnnn,True,2026-02-06 03:44:26
Z검증용데이터.csv,ID,nnnnnnn,Annnnnn,True,2026-02-06 03:45:26
Z검증용데이터.csv,ID,Annnnnn,nnnnnnn,True,2026-02-06 03:45:56
Z검증용데이터.csv,ID,nnnnnnn,Annnnnn,True,2026-02-06 03:47:56
Z검증용데이터.csv,ID,Annnnnn,nnnnnnn,True,2026-02-06 03:48:26
Z검증용데이터.csv,ID,nnnnnnn,Annnnnn,True,2026-02-06 03:48:56
Z검증용데이터.csv,ID,Annnnnn,nnnnnnn,True,2026-02-06 03:49:26
Z검증용데이터.csv,ID,nnnnnnn,Annnnnn,True,2026-02-06 03:50:56
Z검증용데이터.csv,ID,Annnnnn,nnnnnnn,True,2026-02-06 03:51:26
Z검증용데이터.csv,ID,nnnnnnn,Annnnnn,True,2026-02-06 03:53:56
Z검증용데이터.csv,ID,Annnnnn,nnnnnnn,True,2026-02-06 03:54:56
Z검증용데이터.csv,ID,nnnnnnn,Annnnnn,True,2026-02-06 03:57:26
Z검증용데이터.csv,ID,Annnnnn,nnnnnnn,True,2026-02-06 03:57:56
Z검증용데이터.csv,ID,nnnnnnn,Annnnnn,True,2026-02-06 04:00:56
Z검증용데이터.csv,ID,Annnnnn,nnnnnnn,True,2026-02-06 04:01:26
Z검증용데이터.csv,ID,nnnnnnn,Annnnnn,True,2026-02-06 04:02:56
Z검증용데이터.csv,ID,Annnnnn,nnnnnnn,True,2026-02-06 04:03:56
Z검증용데이터.csv,ID,nnnnnnn,Annnnnn,True,2026-02-06 04:04:56
Z검증용데이터.csv,ID,Annnnnn,nnnnnnn,True,2026-02-06 04:05:26
Z검증용데이터.csv,ID,nnnnnnn,Annnnnn,True,2026-02-06 04:06:26
Z검증용데이터.csv,ID,Annnnnn,nnnnnnn,True,2026-02-06 04:06:56
Z검증용데이터.csv,ID,nnnnnnn,Annnnnn,True,2026-02-06 04:09:26
Z검증용데이터.csv,ID,Annnnnn,nnnnnnn,True,2026-02-06 04:09:56
Z검증용데이터.csv,ID,nnnnnnn,Annnnnn,True,2026-02-06 04:12:56
Z검증용데이터.csv,ID,Annnnnn,nnnnnnn,True,2026-02-06 04:13:26
Z검증용데이터.csv,ID,nnnnnnn,Annnnnn,True,2026-02-06 04:13:56
Z검증용데이터.csv,ID,Annnnnn,nnnnnnn,True,2026-02-06 04:14:26
Z검증용데이터.csv,ID,nnnnnnn,Annnnnn,True,2026-02-06 04:15:56
Z검증용데이터.csv,ID,Annnnnn,nnnnnnn,True,2026-02-06 04:16:26
Z검증용데이터.csv,ID,nnnnnnn,Annnnnn,True,2026-02-06 04:17:56
Z검증용데이터.csv,ID,Annnnnn,nnnnnnn,True,2026-02-06 04:18:26
Z검증용데이터.csv,ID,nnnnnnn,Annnnnn,True,2026-02-06 04:23:26
Z검증용데이터.csv,ID,Annnnnn,nnnnnnn,True,2026-02-06 04:23:56
Z검증용데이터.csv,ID,nnnnnnn,Annnnnn,True,2026-02-06 04:32:56
Z검증용데이터.csv,ID,Annnnnn,nnnnnnn,True,2026-02-06 04:33:26
Z검증용데이터.csv,ID,nnnnnnn,Annnnnn,True,2026-02-06 04:34:26
Z검증용데이터.csv,ID,Annnnnn,nnnnnnn,True,2026-02-06 04:34:56
Z검증용데이터.csv,ID,nnnnnnn,Annnnnn,True,2026-02-06 04:35:56
Z검증용데이터.csv,ID,Annnnnn,nnnnnnn,True,2026-02-06 04:36:56
Z검증용데이터.csv,ID,nnnnnnn,Annnnnn,True,2026-02-06 04:39:26
Z검증용데이터.csv,ID,Annnnnn,nnnnnnn,True,2026-02-06 04:39:56
Z검증용데이터.csv,ID,nnnnnnn,Annnnnn,True,2026-02-06 04:46:26
Z검증용데이터.csv,ID,Annnnnn,nnnnnnn,True,2026-02-06 04:46:56
Z검증용데이터.csv,ID,nnnnnnn,Annnnnn,True,2026-02-06 04:50:56
Z검증용데이터.csv,ID,Annnnnn,nnnnnnn,True,2026-02-06 04:51:26
Z검증용데이터.csv,ID,nnnnnnn,Annnnnn,True,2026-02-06 04:52:56
Z검증용데이터.csv,ID,Annnnnn,nnnnnnn,True,2026-02-06 04:53:56
Z검증용데이터.csv,ID,nnnnnnn,Annnnnn,True,2026-02-06 04:54:56
Z검증용데이터.csv,ID,Annnnnn,nnnnnnn,True,2026-02-06 04:55:26
Z검증용데이터.csv,ID,nnnnnnn,Annnnnn,True,2026-02-06 04:56:26
Z검증용데이터.csv,ID,Annnnnn,nnnnnnn,True,2026-02-06 04:56:56
Z검증용데이터.csv,ID,nnnnnnn,Annnnnn,True,2026-02-06 04:58:26
Z검증용데이터.csv,ID,Annnnnn,nnnnnnn,True,2026-02-06 04:58:56
Z검증용데이터.csv,판매점소,AAAAAAA,AAAAA,True,2026-02-05 13:09:26
Z검증용데이터.csv,판매점소,AAAAA,AAAAAAA,True,2026-02-05 13:09:56
Z검증용데이터.csv,판매점소,AAAAAAA,AAAAA,True,2026-02-05 13:10:26
Z검증용데이터.csv,판매점소,AAAAA,AAAAAAA,True,2026-02-05 13:10:56
Z검증용데이터.csv,판매점소,AAAAAAA,AAAAAA,True,2026-02-05 13:12:26
Z검증용데이터.csv,판매점소,AAAAAA,AAAAA,True,2026-02-05 13:12:56
Z검증용데이터.csv,판매점소,AAAAA,AAAAAAA,True,2026-02-05 13:13:26
Z검증용데이터.csv,판매점소,AAAAAAA,AAAAA,True,2026-02-05 13:13:56
Z검증용데이터.csv,판매점소,AAAAA,AAAAAAA,True,2026-02-05 13:14:26
Z검증용데이터.csv,판매점소,AAAAAAA,AAAAA,True,2026-02-05 13:15:26
Z검증용데이터.csv,판매점소,AAAAA,AAAAAAA,True,2026-02-05 13:17:26
Z검증용데이터.csv,판매점소,AAAAAAA,AAAAA,True,2026-02-05 13:18:26
Z검증용데이터.csv,판매점소,AAAAA,AAAAAAA,True,2026-02-05 13:18:56
Z검증용데이터.csv,판매점소,AAAAAAA,AAAAA,True,2026-02-05 13:19:56
Z검증용데이터.csv,판매점소,AAAAA,AAAAAAA,True,2026-02-05 13:22:56
Z검증용데이터.csv,판매점소,AAAAAAA,AAAAA,True,2026-02-05 13:23:26
Z검증용데이터.csv,판매점소,AAAAA,AAAAAAA,True,2026-02-05 13:24:26
Z검증용데이터.csv,판매점소,AAAAAAA,AAAAA,True,2026-02-05 13:25:26
Z검증용데이터.csv,판매점소,AAAAA,AAAAAAA,True,2026-02-05 13:25:56
Z검증용데이터.csv,판매점소,AAAAAAA,AAAAA,True,2026-02-05 13:28:26
Z검증용데이터.csv,판매점소,AAAAA,AAAAAAA,True,2026-02-05 13:29:56
Z검증용데이터.csv,판매점소,AAAAAAA,AAAAA,True,2026-02-05 13:33:26
Z검증용데이터.csv,판매점소,AAAAA,AAAAAAA,True,2026-02-05 13:33:56
Z검증용데이터.csv,판매점소,AAAAAAA,AAAAA,True,2026-02-05 13:34:26
Z검증용데이터.csv,판매점소,AAAAA,AAAAAAA,True,2026-02-05 13:37:26
Z검증용데이터.csv,판매점소,AAAAAAA,AAAAA,True,2026-02-05 13:38:26
Z검증용데이터.csv,판매점소,AAAAA,AAAAAAA,True,2026-02-05 13:39:56
Z검증용데이터.csv,판매점소,AAAAAAA,AAAAA,True,2026-02-05 13:40:26
Z검증용데이터.csv,판매점소,AAAAA,AAAAAAA,True,2026-02-05 13:41:26
Z검증용데이터.csv,판매점소,AAAAAAA,AAAAA,True,2026-02-05 13:41:56
Z검증용데이터.csv,판매점소,AAAAA,AAAAAAA,True,2026-02-05 13:44:26
Z검증용데이터.csv,판매점소,AAAAAAA,AAAAA,True,2026-02-05 13:44:56
Z검증용데이터.csv,판매점소,AAAAA,AAAAAAA,True,2026-02-05 13:45:56
Z검증용데이터.csv,판매점소,AAAAAAA,AAAAA,True,2026-02-05 13:46:26
Z검증용데이터.csv,판매점소,AAAAA,AAAAAAA,True,2026-02-05 13:46:56
Z검증용데이터.csv,판매점소,AAAAAAA,AAAAAA,True,2026-02-05 13:47:26
Z검증용데이터.csv,판매점소,AAAAAA,AAAAA,True,2026-02-05 13:47:56
Z검증용데이터.csv,판매점소,AAAAA,AAAAAAA,True,2026-02-05 13:49:26
Z검증용데이터.csv,판매점소,AAAAAAA,AAAAA,True,2026-02-05 13:49:56
Z검증용데이터.csv,판매점소,AAAAA,AAAAAA,True,2026-02-05 13:51:26
Z검증용데이터.csv,판매점소,AAAAAA,AAAAA,True,2026-02-05 13:51:56
Z검증용데이터.csv,판매점소,AAAAA,AAAAAAA,True,2026-02-05 13:52:26
Z검증용데이터.csv,판매점소,AAAAAAA,AAAAA,True,2026-02-05 13:52:56
Z검증용데이터.csv,판매점소,AAAAA,AAAAAAA,True,2026-02-05 13:53:26
Z검증용데이터.csv,판매점소,AAAAAAA,AAAAA,True,2026-02-05 13:55:56
Z검증용데이터.csv,판매점소,AAAAA,AAAAAAA,True,2026-02-05 13:56:56
Z검증용데이터.csv,판매점소,AAAAAAA,AAAAA,True,2026-02-05 13:57:26
Z검증용데이터.csv,판매점소,AAAAA,AAAAAA,True,2026-02-05 13:58:26
Z검증용데이터.csv,판매점소,AAAAAA,AAAAAAA,True,2026-02-05 13:58:56
Z검증용데이터.csv,판매점소,AAAAAAA,AAAAA,True,2026-02-05 13:59:26
Z검증용데이터.csv,판매점소,AAAAA,AAAAAAA,True,2026-02-05 14:01:56
Z검증용데이터.csv,판매점소,AAAAAAA,AAAAA,True,2026-02-05 14:02:26
Z검증용데이터.csv,판매점소,AAAAA,AAAAAAA,True,2026-02-05 14:02:56
Z검증용데이터.csv,판매점소,AAAAAAA,AAAAA,True,2026-02-05 14:03:56
Z검증용데이터.csv,판매점소,AAAAA,AAAAAAA,True,2026-02-05 14:04:26
Z검증용데이터.csv,판매점소,AAAAAAA,AAAAA,True,2026-02-05 14:05:26
Z검증용데이터.csv,판매점소,AAAAA,AAAAAAA,True,2026-02-05 14:05:56
Z검증용데이터.csv,판매점소,AAAAAAA,AAAAA,True,2026-02-05 14:07:26
Z검증용데이터.csv,판매점소,AAAAA,AAAAAAA,True,2026-02-05 14:08:56
Z검증용데이터.csv,판매점소,AAAAAAA,AAAAA,True,2026-02-05 14:09:26
Z검증용데이터.csv,판매점소,AAAAA,AAAAAAA,True,2026-02-05 14:11:56
Z검증용데이터.csv,판매점소,AAAAAAA,AAAAA,True,2026-02-05 14:12:26
Z검증용데이터.csv,판매점소,AAAAA,AAAAAAA,True,2026-02-05 14:14:26
Z검증용데이터.csv,판매점소,AAAAAAA,AAAAA,True,2026-02-05 14:16:26
Z검증용데이터.csv,판매점소,AAAAA,AAAAAAA,True,2026-02-05 14:16:56
Z검증용데이터.csv,판매점소,AAAAAAA,AAAAA,True,2026-02-05 14:17:56
Z검증용데이터.csv,판매점소,AAAAA,AAAAAAA,True,2026-02-05 14:19:26
Z검증용데이터.csv,판매점소,AAAAAAA,AAAAA,True,2026-02-05 14:19:56
Z검증용데이터.csv,판매점소,AAAAA,AAAAAAA,True,2026-02-05 14:25:26
Z검증용데이터.csv,판매점소,AAAAAAA,AAAAA,True,2026-02-05 14:26:26
Z검증용데이터.csv,판매점소,AAAAA,AAAAAAA,True,2026-02-05 14:28:26
Z검증용데이터.csv,판매점소,AAAAAAA,AAAAA,True,2026-02-05 14:29:26
Z검증용데이터.csv,판매점소,AAAAA,AAAAAAA,True,2026-02-05 14:31:56
Z검증용데이터.csv,판매점소,AAAAAAA,AAAAA,True,2026-02-05 14:32:26
Z검증용데이터.csv,판매점소,AAAAA,AAAAAAA,True,2026-02-05 14:33:56
Z검증용데이터.csv,판매점소,AAAAAAA,AAAAA,True,2026-02-05 14:34:26
Z검증용데이터.csv,판매점소,AAAAA,AAAAAAA,True,2026-02-05 14:37:26
Z검증용데이터.csv,판매점소,AAAAAAA,AAAAA,True,2026-02-05 14:37:56
Z검증용데이터.csv,판매점소,AAAAA,AAAAAA,True,2026-02-05 14:38:56
Z검증용데이터.csv,판매점소,AAAAAA,AAAAAAA,True,2026-02-05 14:39:26
Z검증용데이터.csv,판매점소,AAAAAAA,AAAAA,True,2026-02-05 14:41:26
Z검증용데이터.csv,판매점소,AAAAA,AAAAAAA,True,2026-02-05 14:42:26
Z검증용데이터.csv,판매점소,AAAAAAA,AAAAA,True,2026-02-05 14:43:26
Z검증용데이터.csv,판매점소,AAAAA,AAAAAAA,True,2026-02-05 14:43:56
Z검증용데이터.csv,판매점소,AAAAAAA,AAAAA,True,2026-02-05 14:44:26
Z검증용데이터.csv,판매점소,AAAAA,AAAAAAA,True,2026-02-05 14:45:56
Z검증용데이터.csv,판매점소,AAAAAAA,AAAAAA,True,2026-02-05 14:46:26
Z검증용데이터.csv,판매점소,AAAAAA,AAAAAAA,True,2026-02-05 14:46:56
Z검증용데이터.csv,판매점소,AAAAAAA,AAAAA,True,2026-02-05 14:47:56
Z검증용데이터.csv,판매점소,AAAAA,AAAAAAA,True,2026-02-05 14:48:56
Z검증용데이터.csv,판매점소,AAAAAAA,AAAAA,True,2026-02-05 14:49:26
Z검증용데이터.csv,판매점소,AAAAA,AAAAAAA,True,2026-02-05 14:50:56
Z검증용데이터.csv,판매점소,AAAAAAA,AAAAA,True,2026-02-05 14:51:56
Z검증용데이터.csv,판매점소,AAAAA,AAAAAAA,True,2026-02-05 14:53:26
Z검증용데이터.csv,판매점소,AAAAAAA,AAAAAA,True,2026-02-05 14:53:56
Z검증용데이터.csv,판매점소,AAAAAA,AAAAA,True,2026-02-05 14:54:26
Z검증용데이터.csv,판매점소,AAAAA,AAAAAAA,True,2026-02-05 14:54:56
Z검증용데이터.csv,판매점소,AAAAAAA,AAAAA,True,2026-02-05 14:56:26
Z검증용데이터.csv,판매점소,AAAAA,AAAAAAA,True,2026-02-05 14:56:56
Z검증용데이터.csv,판매점소,AAAAAAA,AAAAA,True,2026-02-05 14:59:26
Z검증용데이터.csv,판매점소,AAAAA,AAAAAAA,True,2026-02-05 14:59:56
Z검증용데이터.csv,판매점소,AAAAAAA,AAAAA,True,2026-02-05 15:00:26
Z검증용데이터.csv,판매점소,AAAAA,AAAAAAA,True,2026-02-05 15:00:56
Z검증용데이터.csv,판매점소,AAAAAAA,AAAAA,True,2026-02-05 15:01:26
Z검증용데이터.csv,판매점소,AAAAA,AAAAAAA,True,2026-02-05 15:03:26
Z검증용데이터.csv,판매점소,AAAAAAA,AAAAA,True,2026-02-05 15:03:56
Z검증용데이터.csv,판매점소,AAAAA,AAAAAAA,True,2026-02-05 15:04:26
Z검증용데이터.csv,판매점소,AAAAAAA,AAAAA,True,2026-02-05 15:06:26
Z검증용데이터.csv,판매점소,AAAAA,AAAAAAA,True,2026-02-05 15:07:26
Z검증용데이터.csv,판매점소,AAAAAAA,AAAAA,True,2026-02-05 15:07:56
Z검증용데이터.csv,판매점소,AAAAA,AAAAAAA,True,2026-02-05 15:08:26
Z검증용데이터.csv,판매점소,AAAAAAA,AAAAA,True,2026-02-05 15:08:56
Z검증용데이터.csv,판매점소,AAAAA,AAAAAAA,True,2026-02-05 15:09:26
Z검증용데이터.csv,판매점소,AAAAAAA,AAAAA,True,2026-02-05 15:09:56
Z검증용데이터.csv,판매점소,AAAAA,AAAAAAA,True,2026-02-05 15:12:26
Z검증용데이터.csv,판매점소,AAAAAAA,AAAAA,True,2026-02-05 15:12:56
Z검증용데이터.csv,판매점소,AAAAA,AAAAAAA,True,2026-02-05 15:13:26
Z검증용데이터.csv,판매점소,AAAAAAA,AAAAA,True,2026-02-05 15:13:56
Z검증용데이터.csv,판매점소,AAAAA,AAAAAAA,True,2026-02-05 15:15:26
Z검증용데이터.csv,판매점소,AAAAAAA,AAAAA,True,2026-02-05 15:15:56
Z검증용데이터.csv,판매점소,AAAAA,AAAAAAA,True,2026-02-05 15:16:56
Z검증용데이터.csv,판매점소,AAAAAAA,AAAAA,True,2026-02-05 15:17:26
Z검증용데이터.csv,판매점소,AAAAA,AAAAAA,True,2026-02-05 15:17:56
Z검증용데이터.csv,판매점소,AAAAAA,AAAAA,True,2026-02-05 15:18:26
Z검증용데이터.csv,판매점소,AAAAA,AAAAAAA,True,2026-02-05 15:18:56
Z검증용데이터.csv,판매점소,AAAAAAA,AAAAA,True,2026-02-05 15:19:56
Z검증용데이터.csv,판매점소,AAAAA,AAAAAAA,True,2026-02-05 15:20:26
Z검증용데이터.csv,판매점소,AAAAAAA,AAAAA,True,2026-02-05 15:20:56
Z검증용데이터.csv,판매점소,AAAAA,AAAAAAA,True,2026-02-05 15:22:26
Z검증용데이터.csv,판매점소,AAAAAAA,AAAAA,True,2026-02-05 15:22:56
Z검증용데이터.csv,판매점소,AAAAA,AAAAAA,True,2026-02-05 15:23:56
Z검증용데이터.csv,판매점소,AAAAAA,AAAAAAA,True,2026-02-05 15:24:26
Z검증용데이터.csv,판매점소,AAAAAAA,AAAAA,True,2026-02-05 15:24:56
Z검증용데이터.csv,판매점소,AAAAA,AAAAAAA,True,2026-02-05 15:25:56
Z검증용데이터.csv,판매점소,AAAAAAA,AAAAA,True,2026-02-05 15:26:26
Z검증용데이터.csv,판매점소,AAAAA,AAAAAAA,True,2026-02-05 15:27:26
Z검증용데이터.csv,판매점소,AAAAAAA,AAAAA,True,2026-02-05 15:27:56
Z검증용데이터.csv,판매점소,AAAAA,AAAAAAA,True,2026-02-05 15:29:26
Z검증용데이터.csv,판매점소,AAAAAAA,AAAAA,True,2026-02-05 15:29:56
Z검증용데이터.csv,판매점소,AAAAA,AAAAAAA,True,2026-02-05 15:30:26
Z검증용데이터.csv,판매점소,AAAAAAA,AAAAA,True,2026-02-05 15:31:26
Z검증용데이터.csv,판매점소,AAAAA,AAAAAAA,True,2026-02-05 15:31:56
Z검증용데이터.csv,판매점소,AAAAAAA,AAAAA,True,2026-02-05 15:32:26
Z검증용데이터.csv,판매점소,AAAAA,AAAAAAA,True,2026-02-05 15:32:56
Z검증용데이터.csv,판매점소,AAAAAAA,AAAAA,True,2026-02-05 15:33:26
Z검증용데이터.csv,판매점소,AAAAA,AAAAAAA,True,2026-02-05 15:33:56
Z검증용데이터.csv,판매점소,AAAAAAA,AAAAA,True,2026-02-05 15:34:56
Z검증용데이터.csv,판매점소,AAAAA,AAAAAAA,True,2026-02-05 15:38:56
Z검증용데이터.csv,판매점소,AAAAAAA,AAAAA,True,2026-02-05 15:39:56
Z검증용데이터.csv,판매점소,AAAAA,AAAAAAA,True,2026-02-05 15:40:26
Z검증용데이터.csv,판매점소,AAAAAAA,AAAAA,True,2026-02-05 15:40:56
Z검증용데이터.csv,판매점소,AAAAA,AAAAAAA,True,2026-02-05 15:42:26
Z검증용데이터.csv,판매점소,AAAAAAA,AAAAA,True,2026-02-05 15:43:26
Z검증용데이터.csv,판매점소,AAAAA,AAAAAAA,True,2026-02-05 15:43:56
Z검증용데이터.csv,판매점소,AAAAAAA,AAAAA,True,2026-02-05 15:44:26
Z검증용데이터.csv,판매점소,AAAAA,AAAAAAA,True,2026-02-05 15:45:26
Z검증용데이터.csv,판매점소,AAAAAAA,AAAAA,True,2026-02-05 15:45:56
Z검증용데이터.csv,판매점소,AAAAA,AAAAAAA,True,2026-02-05 15:47:26
Z검증용데이터.csv,판매점소,AAAAAAA,AAAAA,True,2026-02-05 15:47:56
Z검증용데이터.csv,판매점소,AAAAA,AAAAAAA,True,2026-02-05 15:48:56
Z검증용데이터.csv,판매점소,AAAAAAA,AAAAA,True,2026-02-05 15:49:26
Z검증용데이터.csv,판매점소,AAAAA,AAAAAAA,True,2026-02-05 15:50:26
Z검증용데이터.csv,판매점소,AAAAAAA,AAAAA,True,2026-02-05 15:50:56
Z검증용데이터.csv,판매점소,AAAAA,AAAAAAA,True,2026-02-05 15:52:26
Z검증용데이터.csv,판매점소,AAAAAAA,AAAAA,True,2026-02-05 15:52:56
Z검증용데이터.csv,판매점소,AAAAA,AAAAAAA,True,2026-02-05 15:53:56
Z검증용데이터.csv,판매점소,AAAAAAA,AAAAA,True,2026-02-05 15:54:26
Z검증용데이터.csv,판매점소,AAAAA,AAAAAAA,True,2026-02-05 15:55:26
Z검증용데이터.csv,판매점소,AAAAAAA,AAAAA,True,2026-02-05 15:55:56
Z검증용데이터.csv,판매점소,AAAAA,AAAAAA,True,2026-02-05 15:56:56
Z검증용데이터.csv,판매점소,AAAAAA,AAAAAAA,True,2026-02-05 15:57:56
Z검증용데이터.csv,판매점소,AAAAAAA,AAAAA,True,2026-02-05 15:58:26
Z검증용데이터.csv,판매점소,AAAAA,AAAAAAA,True,2026-02-05 15:59:26
Z검증용데이터.csv,판매점소,AAAAAAA,AAAAA,True,2026-02-05 15:59:56
Z검증용데이터.csv,판매점소,AAAAA,AAAAAAA,True,2026-02-05 16:01:26
Z검증용데이터.csv,판매점소,AAAAAAA,AAAAA,True,2026-02-05 16:02:26
Z검증용데이터.csv,판매점소,AAAAA,AAAAAAA,True,2026-02-05 16:02:56
Z검증용데이터.csv,판매점소,AAAAAAA,AAAAA,True,2026-02-05 16:04:26
Z검증용데이터.csv,판매점소,AAAAA,AAAAAAA,True,2026-02-05 16:06:26
Z검증용데이터.csv,판매점소,AAAAAAA,AAAAA,True,2026-02-05 16:06:56
Z검증용데이터.csv,판매점소,AAAAA,AAAAAAA,True,2026-02-05 16:08:26
Z검증용데이터.csv,판매점소,AAAAAAA,AAAAA,True,2026-02-05 16:09:26
Z검증용데이터.csv,판매점소,AAAAA,AAAAAAA,True,2026-02-05 16:09:56
Z검증용데이터.csv,판매점소,AAAAAAA,AAAAA,True,2026-02-05 16:11:26
Z검증용데이터.csv,판매점소,AAAAA,AAAAAAA,True,2026-02-05 16:15:26
Z검증용데이터.csv,판매점소,AAAAAAA,AAAAA,True,2026-02-05 16:15:56
Z검증용데이터.csv,판매점소,AAAAA,AAAAAAA,True,2026-02-05 16:17:56
Z검증용데이터.csv,판매점소,AAAAAAA,AAAAA,True,2026-02-05 16:18:26
Z검증용데이터.csv,판매점소,AAAAA,AAAAAAA,True,2026-02-05 16:19:26
Z검증용데이터.csv,판매점소,AAAAAAA,AAAAA,True,2026-02-05 16:19:56
Z검증용데이터.csv,판매점소,AAAAA,AAAAAAA,True,2026-02-05 16:22:56
Z검증용데이터.csv,판매점소,AAAAAAA,AAAAA,True,2026-02-05 16:23:26
Z검증용데이터.csv,판매점소,AAAAA,AAAAAAA,True,2026-02-05 16:24:26
Z검증용데이터.csv,판매점소,AAAAAAA,AAAAA,True,2026-02-05 16:24:56
Z검증용데이터.csv,판매점소,AAAAA,AAAAAAA,True,2026-02-05 16:25:26
Z검증용데이터.csv,판매점소,AAAAAAA,AAAAA,True,2026-02-05 16:26:26
Z검증용데이터.csv,판매점소,AAAAA,AAAAAAA,True,2026-02-05 16:26:56
Z검증용데이터.csv,판매점소,AAAAAAA,AAAAA,True,2026-02-05 16:27:26
Z검증용데이터.csv,판매점소,AAAAA,AAAAAAA,True,2026-02-05 16:30:56
Z검증용데이터.csv,판매점소,AAAAAAA,AAAAA,True,2026-02-05 16:31:56
Z검증용데이터.csv,판매점소,AAAAA,AAAAAAA,True,2026-02-05 16:32:26
Z검증용데이터.csv,판매점소,AAAAAAA,AAAAA,True,2026-02-05 16:33:26
Z검증용데이터.csv,판매점소,AAAAA,AAAAAAA,True,2026-02-05 16:33:56
Z검증용데이터.csv,판매점소,AAAAAAA,AAAAA,True,2026-02-05 16:35:56
Z검증용데이터.csv,판매점소,AAAAA,AAAAAAA,True,2026-02-05 16:36:26
Z검증용데이터.csv,판매점소,AAAAAAA,AAAAAA,True,2026-02-05 16:36:56
Z검증용데이터.csv,판매점소,AAAAAA,AAAAA,True,2026-02-05 16:37:26
Z검증용데이터.csv,판매점소,AAAAA,AAAAAAA,True,2026-02-05 16:38:56
Z검증용데이터.csv,판매점소,AAAAAAA,AAAAA,True,2026-02-05 16:39:26
Z검증용데이터.csv,판매점소,AAAAA,AAAAAAA,True,2026-02-05 16:40:56
Z검증용데이터.csv,판매점소,AAAAAAA,AAAAA,True,2026-02-05 16:42:56
Z검증용데이터.csv,판매점소,AAAAA,AAAAAAA,True,2026-02-05 16:43:26
Z검증용데이터.csv,판매점소,AAAAAAA,AAAAA,True,2026-02-05 16:43:56
Z검증용데이터.csv,판매점소,AAAAA,AAAAAAA,True,2026-02-05 16:44:56
Z검증용데이터.csv,판매점소,AAAAAAA,AAAAAA,True,2026-02-05 16:45:56
Z검증용데이터.csv,판매점소,AAAAAA,AAAAA,True,2026-02-05 16:46:26
Z검증용데이터.csv,판매점소,AAAAA,AAAAAA,True,2026-02-05 16:47:26
Z검증용데이터.csv,판매점소,AAAAAA,AAAAAAA,True,2026-02-05 16:47:56
Z검증용데이터.csv,판매점소,AAAAAAA,AAAAA,True,2026-02-05 16:48:56
Z검증용데이터.csv,판매점소,AAAAA,AAAAAAA,True,2026-02-05 16:49:26
Z검증용데이터.csv,판매점소,AAAAAAA,AAAAA,True,2026-02-05 16:50:26
Z검증용데이터.csv,판매점소,AAAAA,AAAAAAA,True,2026-02-05 16:50:56
Z검증용데이터.csv,판매점소,AAAAAAA,AAAAA,True,2026-02-05 16:51:26
Z검증용데이터.csv,판매점소,AAAAA,AAAAAAA,True,2026-02-05 16:52:26
Z검증용데이터.csv,판매점소,AAAAAAA,AAAAA,True,2026-02-05 16:53:56
Z검증용데이터.csv,판매점소,AAAAA,AAAAAA,True,2026-02-05 16:54:56
Z검증용데이터.csv,판매점소,AAAAAA,AAAAA,True,2026-02-05 16:55:26
Z검증용데이터.csv,판매점소,AAAAA,AAAAAAA,True,2026-02-05 16:58:56
Z검증용데이터.csv,판매점소,AAAAAAA,AAAAA,True,2026-02-05 16:59:56
Z검증용데이터.csv,판매점소,AAAAA,AAAAAAA,True,2026-02-05 17:00:26
Z검증용데이터.csv,판매점소,AAAAAAA,AAAAA,True,2026-02-05 17:00:56
Z검증용데이터.csv,판매점소,AAAAA,AAAAAAA,True,2026-02-05 17:02:26
Z검증용데이터.csv,판매점소,AAAAAAA,AAAAA,True,2026-02-05 17:02:56
Z검증용데이터.csv,판매점소,AAAAA,AAAAAAA,True,2026-02-05 17:04:26
Z검증용데이터.csv,판매점소,AAAAAAA,AAAAA,True,2026-02-05 17:04:56
Z검증용데이터.csv,판매점소,AAAAA,AAAAAAA,True,2026-02-05 17:05:26
Z검증용데이터.csv,판매점소,AAAAAAA,AAAAA,True,2026-02-05 17:05:56
Z검증용데이터.csv,판매점소,AAAAA,AAAAAAA,True,2026-02-05 17:06:26
Z검증용데이터.csv,판매점소,AAAAAAA,AAAAA,True,2026-02-05 17:07:56
Z검증용데이터.csv,판매점소,AAAAA,AAAAAAA,True,2026-02-05 17:08:26
Z검증용데이터.csv,판매점소,AAAAAAA,AAAAA,True,2026-02-05 17:09:56
Z검증용데이터.csv,판매점소,AAAAA,AAAAAAA,True,2026-02-05 17:10:26
Z검증용데이터.csv,판매점소,AAAAAAA,AAAAA,True,2026-02-05 17:10:56
Z검증용데이터.csv,판매점소,AAAAA,AAAAAAA,True,2026-02-05 17:14:56
Z검증용데이터.csv,판매점소,AAAAAAA,AAAAA,True,2026-02-05 17:16:26
Z검증용데이터.csv,판매점소,AAAAA,AAAAAAA,True,2026-02-05 17:17:56
Z검증용데이터.csv,판매점소,AAAAAAA,AAAAA,True,2026-02-05 17:18:26
Z검증용데이터.csv,판매점소,AAAAA,AAAAAAA,True,2026-02-05 17:20:26
Z검증용데이터.csv,판매점소,AAAAAAA,AAAAA,True,2026-02-05 17:20:56
Z검증용데이터.csv,판매점소,AAAAA,AAAAAAA,True,2026-02-05 17:21:26
Z검증용데이터.csv,판매점소,AAAAAAA,AAAAA,True,2026-02-05 17:22:26
Z검증용데이터.csv,판매점소,AAAAA,AAAAAA,True,2026-02-05 17:22:56
Z검증용데이터.csv,판매점소,AAAAAA,AAAAA,True,2026-02-05 17:23:26
Z검증용데이터.csv,판매점소,AAAAA,AAAAAAA,True,2026-02-05 17:24:26
Z검증용데이터.csv,판매점소,AAAAAAA,AAAAA,True,2026-02-05 17:24:56
Z검증용데이터.csv,판매점소,AAAAA,AAAAAAA,True,2026-02-05 17:25:26
Z검증용데이터.csv,판매점소,AAAAAAA,AAAAA,True,2026-02-05 17:25:56
Z검증용데이터.csv,판매점소,AAAAA,AAAAAAA,True,2026-02-05 17:26:26
Z검증용데이터.csv,판매점소,AAAAAAA,AAAAA,True,2026-02-05 17:26:56
Z검증용데이터.csv,판매점소,AAAAA,AAAAAAA,True,2026-02-05 17:27:26
Z검증용데이터.csv,판매점소,AAAAAAA,AAAAA,True,2026-02-05 17:28:26
Z검증용데이터.csv,판매점소,AAAAA,AAAAAAA,True,2026-02-05 17:29:26
Z검증용데이터.csv,판매점소,AAAAAAA,AAAAA,True,2026-02-05 17:30:26
Z검증용데이터.csv,판매점소,AAAAA,AAAAAAA,True,2026-02-05 17:31:56
Z검증용데이터.csv,판매점소,AAAAAAA,AAAAA,True,2026-02-05 17:32:26
Z검증용데이터.csv,판매점소,AAAAA,AAAAAAA,True,2026-02-05 17:32:56
Z검증용데이터.csv,판매점소,AAAAAAA,AAAAA,True,2026-02-05 17:33:26
Z검증용데이터.csv,판매점소,AAAAA,AAAAAAA,True,2026-02-05 17:40:26
Z검증용데이터.csv,판매점소,AAAAAAA,AAAAA,True,2026-02-05 17:41:26
Z검증용데이터.csv,판매점소,AAAAA,AAAAAAA,True,2026-02-05 17:43:56
Z검증용데이터.csv,판매점소,AAAAAAA,AAAAA,True,2026-02-05 17:44:26
Z검증용데이터.csv,판매점소,AAAAA,AAAAAAA,True,2026-02-05 17:44:56
Z검증용데이터.csv,판매점소,AAAAAAA,AAAAA,True,2026-02-05 17:46:26
Z검증용데이터.csv,판매점소,AAAAA,AAAAAA,True,2026-02-05 17:49:26
Z검증용데이터.csv,판매점소,AAAAAA,AAAAA,True,2026-02-05 17:49:56
Z검증용데이터.csv,판매점소,AAAAA,AAAAAAA,True,2026-02-05 17:50:26
Z검증용데이터.csv,판매점소,AAAAAAA,AAAAA,True,2026-02-05 17:50:56
Z검증용데이터.csv,판매점소,AAAAA,AAAAAAA,True,2026-02-05 17:52:26
Z검증용데이터.csv,판매점소,AAAAAAA,AAAAA,True,2026-02-05 17:52:56
Z검증용데이터.csv,판매점소,AAAAA,AAAAAAA,True,2026-02-05 17:53:26
Z검증용데이터.csv,판매점소,AAAAAAA,AAAAA,True,2026-02-05 17:53:56
Z검증용데이터.csv,판매점소,AAAAA,AAAAAAA,True,2026-02-05 17:54:26
Z검증용데이터.csv,판매점소,AAAAAAA,AAAAA,True,2026-02-05 17:55:26
Z검증용데이터.csv,판매점소,AAAAA,AAAAAAA,True,2026-02-05 17:57:26
Z검증용데이터.csv,판매점소,AAAAAAA,AAAAA,True,2026-02-05 17:57:56
Z검증용데이터.csv,판매점소,AAAAA,AAAAAAA,True,2026-02-05 17:59:26
Z검증용데이터.csv,판매점소,AAAAAAA,AAAAA,True,2026-02-05 17:59:56
Z검증용데이터.csv,판매점소,AAAAA,AAAAAAA,True,2026-02-05 18:01:26
Z검증용데이터.csv,판매점소,AAAAAAA,AAAAA,True,2026-02-05 18:02:56
Z검증용데이터.csv,판매점소,AAAAA,AAAAAAA,True,2026-02-05 18:06:26
Z검증용데이터.csv,판매점소,AAAAAAA,AAAAA,True,2026-02-05 18:07:26
Z검증용데이터.csv,판매점소,AAAAA,AAAAAAA,True,2026-02-05 18:07:56
Z검증용데이터.csv,판매점소,AAAAAAA,AAAAA,True,2026-02-05 18:08:56
Z검증용데이터.csv,판매점소,AAAAA,AAAAAAA,True,2026-02-05 18:09:26
Z검증용데이터.csv,판매점소,AAAAAAA,AAAAA,True,2026-02-05 18:10:26
Z검증용데이터.csv,판매점소,AAAAA,AAAAAAA,True,2026-02-05 18:11:26
Z검증용데이터.csv,판매점소,AAAAAAA,AAAAA,True,2026-02-05 18:11:56
Z검증용데이터.csv,판매점소,AAAAA,AAAAAAA,True,2026-02-05 18:13:26
Z검증용데이터.csv,판매점소,AAAAAAA,AAAAA,True,2026-02-05 18:14:26
Z검증용데이터.csv,판매점소,AAAAA,AAAAAAA,True,2026-02-05 18:15:26
Z검증용데이터.csv,판매점소,AAAAAAA,AAAAA,True,2026-02-05 18:18:56
Z검증용데이터.csv,판매점소,AAAAAA,AAAAA,True,2026-02-05 18:20:26
Z검증용데이터.csv,판매점소,AAAAA,AAAAAAA,True,2026-02-05 18:21:26
Z검증용데이터.csv,판매점소,AAAAAAA,AAAAA,True,2026-02-05 18:21:56
Z검증용데이터.csv,판매점소,AAAAA,AAAAAAA,True,2026-02-05 18:22:26
Z검증용데이터.csv,판매점소,AAAAAAA,AAAAA,True,2026-02-05 18:22:56
Z검증용데이터.csv,판매점소,AAAAA,AAAAAAA,True,2026-02-05 18:23:56
Z검증용데이터.csv,판매점소,AAAAAAA,AAAAA,True,2026-02-05 18:25:26
Z검증용데이터.csv,판매점소,AAAAA,AAAAAAA,True,2026-02-05 18:26:26
Z검증용데이터.csv,판매점소,AAAAAAA,AAAAA,True,2026-02-05 18:27:56
Z검증용데이터.csv,판매점소,AAAAA,AAAAAAA,True,2026-02-05 18:29:56
Z검증용데이터.csv,판매점소,AAAAAAA,AAAAA,True,2026-02-05 18:30:26
Z검증용데이터.csv,판매점소,AAAAA,AAAAAAA,True,2026-02-05 18:30:56
Z검증용데이터.csv,판매점소,AAAAAAA,AAAAA,True,2026-02-05 18:31:26
Z검증용데이터.csv,판매점소,AAAAA,AAAAAA,True,2026-02-05 18:32:26
Z검증용데이터.csv,판매점소,AAAAAA,AAAAA,True,2026-02-05 18:32:56
Z검증용데이터.csv,판매점소,AAAAA,AAAAAAA,True,2026-02-05 18:33:26
Z검증용데이터.csv,판매점소,AAAAAAA,AAAAA,True,2026-02-05 18:33:56
Z검증용데이터.csv,판매점소,AAAAA,AAAAAAA,True,2026-02-05 18:37:56
Z검증용데이터.csv,판매점소,AAAAAAA,AAAAA,True,2026-02-05 18:39:26
Z검증용데이터.csv,판매점소,AAAAA,AAAAAAA,True,2026-02-05 18:39:56
Z검증용데이터.csv,판매점소,AAAAAAA,AAAAA,True,2026-02-05 18:40:26
Z검증용데이터.csv,판매점소,AAAAA,AAAAAAA,True,2026-02-05 18:41:26
Z검증용데이터.csv,판매점소,AAAAAAA,AAAAA,True,2026-02-05 18:42:56
Z검증용데이터.csv,판매점소,AAAAA,AAAAAAA,True,2026-02-05 18:43:26
Z검증용데이터.csv,판매점소,AAAAAAA,AAAAA,True,2026-02-05 18:44:26
Z검증용데이터.csv,판매점소,AAAAA,AAAAAAA,True,2026-02-05 18:45:56
Z검증용데이터.csv,판매점소,AAAAAAA,AAAAA,True,2026-02-05 18:46:26
Z검증용데이터.csv,판매점소,AAAAA,AAAAAAA,True,2026-02-05 18:47:56
Z검증용데이터.csv,판매점소,AAAAAAA,AAAAA,True,2026-02-05 18:48:56
Z검증용데이터.csv,판매점소,AAAAA,AAAAAAA,True,2026-02-05 18:49:56
Z검증용데이터.csv,판매점소,AAAAAAA,AAAAA,True,2026-02-05 18:50:26
Z검증용데이터.csv,판매점소,AAAAA,AAAAAAA,True,2026-02-05 18:50:56
Z검증용데이터.csv,판매점소,AAAAAAA,AAAAA,True,2026-02-05 18:51:56
Z검증용데이터.csv,판매점소,AAAAA,AAAAAAA,True,2026-02-05 18:55:56
Z검증용데이터.csv,판매점소,AAAAAAA,AAAAA,True,2026-02-05 18:56:26
Z검증용데이터.csv,판매점소,AAAAA,AAAAAA,True,2026-02-05 18:56:56
Z검증용데이터.csv,판매점소,AAAAAA,AAAAA,True,2026-02-05 18:57:26
Z검증용데이터.csv,판매점소,AAAAA,AAAAAAA,True,2026-02-05 18:58:26
Z검증용데이터.csv,판매점소,AAAAAAA,AAAAAA,True,2026-02-05 18:59:26
Z검증용데이터.csv,판매점소,AAAAAA,AAAAA,True,2026-02-05 18:59:56
Z검증용데이터.csv,판매점소,AAAAA,AAAAAAA,True,2026-02-05 19:00:26
Z검증용데이터.csv,판매점소,AAAAAAA,AAAAA,True,2026-02-05 19:01:26
Z검증용데이터.csv,판매점소,AAAAA,AAAAAAA,True,2026-02-05 19:02:26
Z검증용데이터.csv,판매점소,AAAAAAA,AAAAA,True,2026-02-05 19:02:56
Z검증용데이터.csv,판매점소,AAAAA,AAAAAAA,True,2026-02-05 19:06:26
Z검증용데이터.csv,판매점소,AAAAAAA,AAAAA,True,2026-02-05 19:06:56
Z검증용데이터.csv,판매점소,AAAAA,AAAAAA,True,2026-02-05 19:08:56
Z검증용데이터.csv,판매점소,AAAAAA,AAAAA,True,2026-02-05 19:09:26
Z검증용데이터.csv,판매점소,AAAAA,AAAAAAA,True,2026-02-05 19:09:56
Z검증용데이터.csv,판매점소,AAAAAAA,AAAAA,True,2026-02-05 19:11:26
Z검증용데이터.csv,판매점소,AAAAA,AAAAAAA,True,2026-02-05 19:12:26
Z검증용데이터.csv,판매점소,AAAAAAA,AAAAA,True,2026-02-05 19:12:56
Z검증용데이터.csv,판매점소,AAAAA,AAAAAAA,True,2026-02-05 19:14:56
Z검증용데이터.csv,판매점소,AAAAAAA,AAAAA,True,2026-02-05 19:15:26
Z검증용데이터.csv,판매점소,AAAAA,AAAAAAA,True,2026-02-05 19:17:26
Z검증용데이터.csv,판매점소,AAAAAAA,AAAAA,True,2026-02-05 19:17:56
Z검증용데이터.csv,판매점소,AAAAA,AAAAAAA,True,2026-02-05 19:18:56
Z검증용데이터.csv,판매점소,AAAAAAA,AAAAA,True,2026-02-05 19:19:26
Z검증용데이터.csv,판매점소,AAAAA,AAAAAAA,True,2026-02-05 19:22:26
Z검증용데이터.csv,판매점소,AAAAAAA,AAAAA,True,2026-02-05 19:23:26
Z검증용데이터.csv,판매점소,AAAAA,AAAAAAA,True,2026-02-05 19:24:26
Z검증용데이터.csv,판매점소,AAAAAAA,AAAAA,True,2026-02-05 19:28:56
Z검증용데이터.csv,판매점소,AAAAA,AAAAAAA,True,2026-02-05 19:29:26
Z검증용데이터.csv,판매점소,AAAAAAA,AAAAA,True,2026-02-05 19:30:56
Z검증용데이터.csv,판매점소,AAAAA,AAAAAAA,True,2026-02-05 19:32:56
Z검증용데이터.csv,판매점소,AAAAAAA,AAAAA,True,2026-02-05 19:33:56
Z검증용데이터.csv,판매점소,AAAAA,AAAAAAA,True,2026-02-05 19:36:26
Z검증용데이터.csv,판매점소,AAAAAAA,AAAAAA,True,2026-02-05 19:37:26
Z검증용데이터.csv,판매점소,AAAAAA,AAAAAAA,True,2026-02-05 19:37:56
Z검증용데이터.csv,판매점소,AAAAAAA,AAAAA,True,2026-02-05 19:38:26
Z검증용데이터.csv,판매점소,AAAAA,AAAAAAA,True,2026-02-05 19:38:56
Z검증용데이터.csv,판매점소,AAAAAAA,AAAAA,True,2026-02-05 19:39:26
Z검증용데이터.csv,판매점소,AAAAA,AAAAAAA,True,2026-02-05 19:40:56
Z검증용데이터.csv,판매점소,AAAAAAA,AAAAA,True,2026-02-05 19:42:26
Z검증용데이터.csv,판매점소,AAAAA,AAAAAAA,True,2026-02-05 19:47:26
Z검증용데이터.csv,판매점소,AAAAAAA,AAAAA,True,2026-02-05 19:48:56
Z검증용데이터.csv,판매점소,AAAAA,AAAAAAA,True,2026-02-05 19:49:26
Z검증용데이터.csv,판매점소,AAAAAAA,AAAAA,True,2026-02-05 19:49:56
Z검증용데이터.csv,판매점소,AAAAA,AAAAAAA,True,2026-02-05 19:50:26
Z검증용데이터.csv,판매점소,AAAAAAA,AAAAA,True,2026-02-05 19:50:56
Z검증용데이터.csv,판매점소,AAAAA,AAAAAAA,True,2026-02-05 19:53:56
Z검증용데이터.csv,판매점소,AAAAAAA,AAAAA,True,2026-02-05 19:54:26
Z검증용데이터.csv,판매점소,AAAAA,AAAAAAA,True,2026-02-05 19:54:56
Z검증용데이터.csv,판매점소,AAAAAAA,AAAAA,True,2026-02-05 19:55:26
Z검증용데이터.csv,판매점소,AAAAA,AAAAAAA,True,2026-02-05 19:55:56
Z검증용데이터.csv,판매점소,AAAAAAA,AAAAA,True,2026-02-05 19:56:56
Z검증용데이터.csv,판매점소,AAAAA,AAAAAAA,True,2026-02-05 19:58:56
Z검증용데이터.csv,판매점소,AAAAAAA,AAAAA,True,2026-02-05 19:59:26
Z검증용데이터.csv,판매점소,AAAAA,AAAAAAA,True,2026-02-05 19:59:56
Z검증용데이터.csv,판매점소,AAAAAAA,AAAAA,True,2026-02-05 20:00:56
Z검증용데이터.csv,판매점소,AAAAA,AAAAAAA,True,2026-02-05 20:02:26
Z검증용데이터.csv,판매점소,AAAAAAA,AAAAA,True,2026-02-05 20:02:56
Z검증용데이터.csv,판매점소,AAAAA,AAAAAAA,True,2026-02-05 20:03:26
Z검증용데이터.csv,판매점소,AAAAAAA,AAAAA,True,2026-02-05 20:04:56
Z검증용데이터.csv,판매점소,AAAAA,AAAAAAA,True,2026-02-05 20:05:26
Z검증용데이터.csv,판매점소,AAAAAAA,AAAAA,True,2026-02-05 20:05:56
Z검증용데이터.csv,판매점소,AAAAA,AAAAAAA,True,2026-02-05 20:06:26
Z검증용데이터.csv,판매점소,AAAAAAA,AAAAA,True,2026-02-05 20:07:26
Z검증용데이터.csv,판매점소,AAAAA,AAAAAAA,True,2026-02-05 20:08:26
Z검증용데이터.csv,판매점소,AAAAAAA,AAAAA,True,2026-02-05 20:08:56
Z검증용데이터.csv,판매점소,AAAAA,AAAAAAA,True,2026-02-05 20:10:26
Z검증용데이터.csv,판매점소,AAAAAAA,AAAAA,True,2026-02-05 20:11:26
Z검증용데이터.csv,판매점소,AAAAA,AAAAAAA,True,2026-02-05 20:12:26
Z검증용데이터.csv,판매점소,AAAAAAA,AAAAA,True,2026-02-05 20:12:56
Z검증용데이터.csv,판매점소,AAAAA,AAAAAAA,True,2026-02-05 20:18:56
Z검증용데이터.csv,판매점소,AAAAAAA,AAAAA,True,2026-02-05 20:19:26
Z검증용데이터.csv,판매점소,AAAAA,AAAAAAA,True,2026-02-05 20:19:56
Z검증용데이터.csv,판매점소,AAAAAAA,AAAAA,True,2026-02-05 20:20:26
Z검증용데이터.csv,판매점소,AAAAA,AAAAAAA,True,2026-02-05 20:20:56
Z검증용데이터.csv,판매점소,AAAAAAA,AAAAA,True,2026-02-05 20:21:26
Z검증용데이터.csv,판매점소,AAAAA,AAAAAAA,True,2026-02-05 20:22:26
Z검증용데이터.csv,판매점소,AAAAAAA,AAAAA,True,2026-02-05 20:23:26
Z검증용데이터.csv,판매점소,AAAAA,AAAAAAA,True,2026-02-05 20:24:56
Z검증용데이터.csv,판매점소,AAAAAAA,AAAAA,True,2026-02-05 20:25:26
Z검증용데이터.csv,판매점소,AAAAA,AAAAAAA,True,2026-02-05 20:25:56
Z검증용데이터.csv,판매점소,AAAAAAA,AAAAAA,True,2026-02-05 20:26:26
Z검증용데이터.csv,판매점소,AAAAAA,AAAAAAA,True,2026-02-05 20:26:56
Z검증용데이터.csv,판매점소,AAAAAAA,AAAAA,True,2026-02-05 20:27:56
Z검증용데이터.csv,판매점소,AAAAA,AAAAAAA,True,2026-02-05 20:28:26
Z검증용데이터.csv,판매점소,AAAAAAA,AAAAA,True,2026-02-05 20:29:26
Z검증용데이터.csv,판매점소,AAAAA,AAAAAAA,True,2026-02-05 20:30:26
Z검증용데이터.csv,판매점소,AAAAAAA,AAAAA,True,2026-02-05 20:30:56
Z검증용데이터.csv,판매점소,AAAAA,AAAAAAA,True,2026-02-05 20:31:56
Z검증용데이터.csv,판매점소,AAAAAAA,AAAAA,True,2026-02-05 20:32:26
Z검증용데이터.csv,판매점소,AAAAA,AAAAAAA,True,2026-02-05 20:32:56
Z검증용데이터.csv,판매점소,AAAAAAA,AAAAA,True,2026-02-05 20:33:26
Z검증용데이터.csv,판매점소,AAAAA,AAAAAA,True,2026-02-05 20:35:26
Z검증용데이터.csv,판매점소,AAAAAA,AAAAA,True,2026-02-05 20:35:56
Z검증용데이터.csv,판매점소,AAAAA,AAAAAAA,True,2026-02-05 20:36:26
Z검증용데이터.csv,판매점소,AAAAAAA,AAAAA,True,2026-02-05 20:36:56
Z검증용데이터.csv,판매점소,AAAAA,AAAAAA,True,2026-02-05 20:39:26
Z검증용데이터.csv,판매점소,AAAAAA,AAAAA,True,2026-02-05 20:39:56
Z검증용데이터.csv,판매점소,AAAAA,AAAAAAA,True,2026-02-05 20:41:26
Z검증용데이터.csv,판매점소,AAAAAAA,AAAAA,True,2026-02-05 20:42:26
Z검증용데이터.csv,판매점소,AAAAA,AAAAAAA,True,2026-02-05 20:42:56
Z검증용데이터.csv,판매점소,AAAAAAA,AAAAA,True,2026-02-05 20:43:26
Z검증용데이터.csv,판매점소,AAAAA,AAAAAAA,True,2026-02-05 20:43:56
Z검증용데이터.csv,판매점소,AAAAAAA,AAAAA,True,2026-02-05 20:44:56
Z검증용데이터.csv,판매점소,AAAAA,AAAAAAA,True,2026-02-05 20:45:26
Z검증용데이터.csv,판매점소,AAAAAAA,AAAAA,True,2026-02-05 20:45:56
Z검증용데이터.csv,판매점소,AAAAA,AAAAAAA,True,2026-02-05 20:46:26
Z검증용데이터.csv,판매점소,AAAAAAA,AAAAA,True,2026-02-05 20:47:56
Z검증용데이터.csv,판매점소,AAAAA,AAAAAAA,True,2026-02-05 20:49:56
Z검증용데이터.csv,판매점소,AAAAAAA,AAAAA,True,2026-02-05 20:50:56
Z검증용데이터.csv,판매점소,AAAAA,AAAAAAA,True,2026-02-05 20:51:56
Z검증용데이터.csv,판매점소,AAAAAAA,AAAAA,True,2026-02-05 20:52:26
Z검증용데이터.csv,판매점소,AAAAA,AAAAAAA,True,2026-02-05 20:54:26
Z검증용데이터.csv,판매점소,AAAAAAA,AAAAAA,True,2026-02-05 20:56:56
Z검증용데이터.csv,판매점소,AAAAAA,AAAAAAA,True,2026-02-05 20:57:56
Z검증용데이터.csv,판매점소,AAAAAAA,AAAAA,True,2026-02-05 20:58:26
Z검증용데이터.csv,판매점소,AAAAA,AAAAAAA,True,2026-02-05 20:59:26
Z검증용데이터.csv,판매점소,AAAAAAA,AAAAA,True,2026-02-05 20:59:56
Z검증용데이터.csv,판매점소,AAAAA,AAAAAAA,True,2026-02-05 21:00:26
Z검증용데이터.csv,판매점소,AAAAAAA,AAAAA,True,2026-02-05 21:00:56
Z검증용데이터.csv,판매점소,AAAAA,AAAAAAA,True,2026-02-05 21:01:26
Z검증용데이터.csv,판매점소,AAAAAAA,AAAAA,True,2026-02-05 21:02:56
Z검증용데이터.csv,판매점소,AAAAA,AAAAAA,True,2026-02-05 21:04:26
Z검증용데이터.csv,판매점소,AAAAAA,AAAAAAA,True,2026-02-05 21:04:56
Z검증용데이터.csv,판매점소,AAAAAAA,AAAAA,True,2026-02-05 21:06:56
Z검증용데이터.csv,판매점소,AAAAA,AAAAAAA,True,2026-02-05 21:07:26
Z검증용데이터.csv,판매점소,AAAAAAA,AAAAA,True,2026-02-05 21:07:56
Z검증용데이터.csv,판매점소,AAAAA,AAAAAAA,True,2026-02-05 21:10:26
Z검증용데이터.csv,판매점소,AAAAAAA,AAAAAA,True,2026-02-05 21:10:56
Z검증용데이터.csv,판매점소,AAAAAA,AAAAAAA,True,2026-02-05 21:11:26
Z검증용데이터.csv,판매점소,AAAAAAA,AAAAA,True,2026-02-05 21:11:56
Z검증용데이터.csv,판매점소,AAAAA,AAAAAAA,True,2026-02-05 21:13:26
Z검증용데이터.csv,판매점소,AAAAAAA,AAAAA,True,2026-02-05 21:13:56
Z검증용데이터.csv,판매점소,AAAAA,AAAAAAA,True,2026-02-05 21:14:56
Z검증용데이터.csv,판매점소,AAAAAAA,AAAAA,True,2026-02-05 21:15:56
Z검증용데이터.csv,판매점소,AAAAA,AAAAAAA,True,2026-02-05 21:16:26
Z검증용데이터.csv,판매점소,AAAAAAA,AA,True,2026-02-05 21:16:56
Z검증용데이터.csv,판매점소,AA,AAAAAAA,True,2026-02-05 21:17:26
Z검증용데이터.csv,판매점소,AAAAAAA,AAAAA,True,2026-02-05 21:17:56
Z검증용데이터.csv,판매점소,AAAAA,AAAAAAA,True,2026-02-05 21:19:26
Z검증용데이터.csv,판매점소,AAAAAAA,AAAAA,True,2026-02-05 21:19:56
Z검증용데이터.csv,판매점소,AAAAA,AAAAAA,True,2026-02-05 21:20:26
Z검증용데이터.csv,판매점소,AAAAAA,AAAAA,True,2026-02-05 21:20:56
Z검증용데이터.csv,판매점소,AAAAA,AAAAAAA,True,2026-02-05 21:24:26
Z검증용데이터.csv,판매점소,AAAAAAA,AAAAA,True,2026-02-05 21:24:56
Z검증용데이터.csv,판매점소,AAAAA,AAAAAA,True,2026-02-05 21:25:26
Z검증용데이터.csv,판매점소,AAAAAA,AAAAA,True,2026-02-05 21:25:56
Z검증용데이터.csv,판매점소,AAAAA,AAAAAAA,True,2026-02-05 21:26:26
Z검증용데이터.csv,판매점소,AAAAAAA,AAAAA,True,2026-02-05 21:27:56
Z검증용데이터.csv,판매점소,AAAAA,AAAAAAA,True,2026-02-05 21:28:56
Z검증용데이터.csv,판매점소,AAAAAAA,AAAAA,True,2026-02-05 21:29:26
Z검증용데이터.csv,판매점소,AAAAA,AAAAAAA,True,2026-02-05 21:30:26
Z검증용데이터.csv,판매점소,AAAAAAA,AAAAA,True,2026-02-05 21:30:56
Z검증용데이터.csv,판매점소,AAAAA,AAAAAAA,True,2026-02-05 21:32:26
Z검증용데이터.csv,판매점소,AAAAAAA,AAAAA,True,2026-02-05 21:33:56
Z검증용데이터.csv,판매점소,AAAAA,AAAAAAA,True,2026-02-05 21:35:26
Z검증용데이터.csv,판매점소,AAAAAAA,AAAAA,True,2026-02-05 21:35:56
Z검증용데이터.csv,판매점소,AAAAA,AAAAAA,True,2026-02-05 21:36:26
Z검증용데이터.csv,판매점소,AAAAAA,AAAAA,True,2026-02-05 21:36:56
Z검증용데이터.csv,판매점소,AAAAA,AAAAAAA,True,2026-02-05 21:37:56
Z검증용데이터.csv,판매점소,AAAAAAA,AAAAA,True,2026-02-05 21:38:26
Z검증용데이터.csv,판매점소,AAAAA,AAAAAAA,True,2026-02-05 21:38:56
Z검증용데이터.csv,판매점소,AAAAAAA,AAAAA,True,2026-02-05 21:39:26
Z검증용데이터.csv,판매점소,AAAAA,AAAAAAA,True,2026-02-05 21:40:26
Z검증용데이터.csv,판매점소,AAAAAAA,AAAAA,True,2026-02-05 21:40:56
Z검증용데이터.csv,판매점소,AAAAA,AAAAAAA,True,2026-02-05 21:41:56
Z검증용데이터.csv,판매점소,AAAAAAA,AAAAA,True,2026-02-05 21:43:26
Z검증용데이터.csv,판매점소,AAAAA,AAAAAAA,True,2026-02-05 21:43:56
Z검증용데이터.csv,판매점소,AAAAAAA,AAAAA,True,2026-02-05 21:44:56
Z검증용데이터.csv,판매점소,AAAAA,AAAAAAA,True,2026-02-05 21:48:26
Z검증용데이터.csv,판매점소,AAAAAAA,AAAAA,True,2026-02-05 21:48:56
Z검증용데이터.csv,판매점소,AAAAA,AAAAAAA,True,2026-02-05 21:49:26
Z검증용데이터.csv,판매점소,AAAAAAA,AAAAA,True,2026-02-05 21:49:56
Z검증용데이터.csv,판매점소,AAAAA,AAAAAAA,True,2026-02-05 21:50:56
Z검증용데이터.csv,판매점소,AAAAAAA,AAAAA,True,2026-02-05 21:51:26
Z검증용데이터.csv,판매점소,AAAAA,AAAAAA,True,2026-02-05 21:51:56
Z검증용데이터.csv,판매점소,AAAAAA,AAAAA,True,2026-02-05 21:52:26
Z검증용데이터.csv,판매점소,AAAAA,AAAAAAA,True,2026-02-05 21:52:56
Z검증용데이터.csv,판매점소,AAAAAAA,AAAAA,True,2026-02-05 21:53:26
Z검증용데이터.csv,판매점소,AAAAA,AAAAAAA,True,2026-02-05 21:54:56
Z검증용데이터.csv,판매점소,AAAAAAA,AAAAA,True,2026-02-05 21:55:26
Z검증용데이터.csv,판매점소,AAAAA,AAAAAAA,True,2026-02-05 21:55:56
Z검증용데이터.csv,판매점소,AAAAAAA,AAAAA,True,2026-02-05 21:56:56
Z검증용데이터.csv,판매점소,AAAAA,AAAAAAA,True,2026-02-05 21:57:56
Z검증용데이터.csv,판매점소,AAAAAAA,AAAAA,True,2026-02-05 21:58:56
Z검증용데이터.csv,판매점소,AAAAA,AAAAAAA,True,2026-02-05 21:59:56
Z검증용데이터.csv,판매점소,AAAAAAA,AAAAA,True,2026-02-05 22:00:56
Z검증용데이터.csv,판매점소,AAAAA,AAAAAAA,True,2026-02-05 22:01:26
Z검증용데이터.csv,판매점소,AAAAAAA,AAAAA,True,2026-02-05 22:03:26
Z검증용데이터.csv,판매점소,AAAAA,AAAAAAA,True,2026-02-05 22:04:56
Z검증용데이터.csv,판매점소,AAAAAAA,AAAAA,True,2026-02-05 22:05:56
Z검증용데이터.csv,판매점소,AAAAA,AAAAAA,True,2026-02-05 22:06:26
Z검증용데이터.csv,판매점소,AAAAAA,AAAAA,True,2026-02-05 22:06:56
Z검증용데이터.csv,판매점소,AAAAA,AAAAAAA,True,2026-02-05 22:07:26
Z검증용데이터.csv,판매점소,AAAAAAA,AAAAA,True,2026-02-05 22:08:26
Z검증용데이터.csv,판매점소,AAAAA,AAAAAAA,True,2026-02-05 22:11:56
Z검증용데이터.csv,판매점소,AAAAAAA,AAAAA,True,2026-02-05 22:12:56
Z검증용데이터.csv,판매점소,AAAAA,AAAAAAA,True,2026-02-05 22:13:56
Z검증용데이터.csv,판매점소,AAAAAAA,AAAAA,True,2026-02-05 22:14:26
Z검증용데이터.csv,판매점소,AAAAA,AAAAAAA,True,2026-02-05 22:14:56
Z검증용데이터.csv,판매점소,AAAAAAA,AAAAA,True,2026-02-05 22:16:56
Z검증용데이터.csv,판매점소,AAAAA,AAAAAAA,True,2026-02-05 22:18:26
Z검증용데이터.csv,판매점소,AAAAAAA,AAAAA,True,2026-02-05 22:19:56
Z검증용데이터.csv,판매점소,AAAAA,AAAAAA,True,2026-02-05 22:20:56
Z검증용데이터.csv,판매점소,AAAAAA,AAAAA,True,2026-02-05 22:21:26
Z검증용데이터.csv,판매점소,AAAAA,AAAAAAA,True,2026-02-05 22:21:56
Z검증용데이터.csv,판매점소,AAAAAAA,AAAAA,True,2026-02-05 22:23:56
Z검증용데이터.csv,판매점소,AAAAA,AAAAAAA,True,2026-02-05 22:24:26
Z검증용데이터.csv,판매점소,AAAAAAA,AAAAA,True,2026-02-05 22:25:26
Z검증용데이터.csv,판매점소,AAAAA,AAAAAAA,True,2026-02-05 22:25:56
Z검증용데이터.csv,판매점소,AAAAAAA,AAAAA,True,2026-02-05 22:26:26
Z검증용데이터.csv,판매점소,AAAAA,AAAAAA,True,2026-02-05 22:28:26
Z검증용데이터.csv,판매점소,AAAAAA,AAAAAAA,True,2026-02-05 22:28:56
Z검증용데이터.csv,판매점소,AAAAAAA,AAAAA,True,2026-02-05 22:29:26
Z검증용데이터.csv,판매점소,AAAAA,AAAAAAA,True,2026-02-05 22:30:56
Z검증용데이터.csv,판매점소,AAAAAAA,AAAAA,True,2026-02-05 22:31:26
Z검증용데이터.csv,판매점소,AAAAA,AAAAAAA,True,2026-02-05 22:33:26
Z검증용데이터.csv,판매점소,AAAAAAA,AAAAA,True,2026-02-05 22:34:56
Z검증용데이터.csv,판매점소,AAAAA,AAAAAAA,True,2026-02-05 22:35:26
Z검증용데이터.csv,판매점소,AAAAAAA,AAAAA,True,2026-02-05 22:35:56
Z검증용데이터.csv,판매점소,AAAAA,AAAAAA,True,2026-02-05 22:37:26
Z검증용데이터.csv,판매점소,AAAAAA,AAAAAAA,True,2026-02-05 22:37:56
Z검증용데이터.csv,판매점소,AAAAAAA,AAAAA,True,2026-02-05 22:38:56
Z검증용데이터.csv,판매점소,AAAAA,AAAAAAA,True,2026-02-05 22:40:26
Z검증용데이터.csv,판매점소,AAAAAAA,AAAAA,True,2026-02-05 22:40:56
Z검증용데이터.csv,판매점소,AAAAA,AAAAAAA,True,2026-02-05 22:43:26
Z검증용데이터.csv,판매점소,AAAAAAA,AAAAA,True,2026-02-05 22:43:56
Z검증용데이터.csv,판매점소,AAAAA,AAAAAAA,True,2026-02-05 22:44:26
Z검증용데이터.csv,판매점소,AAAAA,AAAAAAA,True,2026-02-05 22:45:56
Z검증용데이터.csv,판매점소,AAAAAAA,AAAAA,True,2026-02-05 22:46:56
Z검증용데이터.csv,판매점소,AAAAA,AAAAAAA,True,2026-02-05 22:47:56
Z검증용데이터.csv,판매점소,AAAAAAA,AAAAA,True,2026-02-05 22:48:26
Z검증용데이터.csv,판매점소,AAAAA,AAAAAA,True,2026-02-05 22:48:56
Z검증용데이터.csv,판매점소,AAAAAA,AAAAA,True,2026-02-05 22:49:26
Z검증용데이터.csv,판매점소,AAAAA,AAAAAA,True,2026-02-05 22:49:56
Z검증용데이터.csv,판매점소,AAAAAA,AAAAA,True,2026-02-05 22:50:26
Z검증용데이터.csv,판매점소,AAAAA,AAAAAAA,True,2026-02-05 22:50:56
Z검증용데이터.csv,판매점소,AAAAAAA,AAAAA,True,2026-02-05 22:51:26
Z검증용데이터.csv,판매점소,AAAAA,AAAAAAA,True,2026-02-05 22:51:56
Z검증용데이터.csv,판매점소,AAAAAAA,AAAAA,True,2026-02-05 22:52:26
Z검증용데이터.csv,판매점소,AAAAA,AAAAAAA,True,2026-02-05 22:52:56
Z검증용데이터.csv,판매점소,AAAAAAA,AAAAA,True,2026-02-05 22:53:26
Z검증용데이터.csv,판매점소,AAAAA,AAAAAAA,True,2026-02-05 22:54:56
Z검증용데이터.csv,판매점소,AAAAAAA,AAAAA,True,2026-02-05 22:55:26
Z검증용데이터.csv,판매점소,AAAAA,AAAAAA,True,2026-02-05 22:55:56
Z검증용데이터.csv,판매점소,AAAAAA,AAAAA,True,2026-02-05 22:56:26
Z검증용데이터.csv,판매점소,AAAAA,AAAAAAA,True,2026-02-05 22:57:56
Z검증용데이터.csv,판매점소,AAAAAAA,AAAAA,True,2026-02-05 22:58:56
Z검증용데이터.csv,판매점소,AAAAA,AAAAAAA,True,2026-02-05 23:00:56
Z검증용데이터.csv,판매점소,AAAAAAA,AAAAA,True,2026-02-05 23:01:26
Z검증용데이터.csv,판매점소,AAAAA,AAAAAAA,True,2026-02-05 23:03:26
Z검증용데이터.csv,판매점소,AAAAAAA,AAAAAA,True,2026-02-05 23:04:26
Z검증용데이터.csv,판매점소,AAAAAA,AAAAA,True,2026-02-05 23:04:56
Z검증용데이터.csv,판매점소,AAAAA,AAAAAA,True,2026-02-05 23:06:26
Z검증용데이터.csv,판매점소,AAAAAA,AAAAA,True,2026-02-05 23:06:56
Z검증용데이터.csv,판매점소,AAAAA,AAAAAAA,True,2026-02-05 23:09:26
Z검증용데이터.csv,판매점소,AAAAAAA,AAAAA,True,2026-02-05 23:09:56
Z검증용데이터.csv,판매점소,AAAAA,AAAAAAA,True,2026-02-05 23:10:26
Z검증용데이터.csv,판매점소,AAAAAAA,AAAAA,True,2026-02-05 23:12:56
Z검증용데이터.csv,판매점소,AAAAA,AAAAAAA,True,2026-02-05 23:13:56
Z검증용데이터.csv,판매점소,AAAAAAA,AAAAA,True,2026-02-05 23:14:26
Z검증용데이터.csv,판매점소,AAAAA,AAAAAAA,True,2026-02-05 23:14:56
Z검증용데이터.csv,판매점소,AAAAAAA,AAAAA,True,2026-02-05 23:15:26
Z검증용데이터.csv,판매점소,AAAAA,AAAAAAA,True,2026-02-05 23:16:56
Z검증용데이터.csv,판매점소,AAAAAAA,AAAAA,True,2026-02-05 23:17:26
Z검증용데이터.csv,판매점소,AAAAA,AAAAAA,True,2026-02-05 23:18:26
Z검증용데이터.csv,판매점소,AAAAAA,AAAAA,True,2026-02-05 23:18:56
Z검증용데이터.csv,판매점소,AAAAA,AAAAAAA,True,2026-02-05 23:19:56
Z검증용데이터.csv,판매점소,AAAAAAA,AAAAA,True,2026-02-05 23:20:56
Z검증용데이터.csv,판매점소,AAAAA,AAAAAAA,True,2026-02-05 23:21:26
Z검증용데이터.csv,판매점소,AAAAAAA,AAAAA,True,2026-02-05 23:23:26
Z검증용데이터.csv,판매점소,AAAAA,AAAAAAA,True,2026-02-05 23:23:56
Z검증용데이터.csv,판매점소,AAAAAAA,AAAAA,True,2026-02-05 23:24:26
Z검증용데이터.csv,판매점소,AAAAA,AAAAAAA,True,2026-02-05 23:24:56
Z검증용데이터.csv,판매점소,AAAAAAA,AAAAA,True,2026-02-05 23:26:56
Z검증용데이터.csv,판매점소,AAAAA,AAAAAAA,True,2026-02-05 23:27:56
Z검증용데이터.csv,판매점소,AAAAAAA,AAAAA,True,2026-02-05 23:28:56
Z검증용데이터.csv,판매점소,AAAAA,AAAAAAA,True,2026-02-05 23:31:56
Z검증용데이터.csv,판매점소,AAAAAAA,AAAAA,True,2026-02-05 23:33:56
Z검증용데이터.csv,판매점소,AAAAA,AAAAAAA,True,2026-02-05 23:37:26
Z검증용데이터.csv,판매점소,AAAAAAA,AAAAA,True,2026-02-05 23:37:56
Z검증용데이터.csv,판매점소,AAAAA,AAAAAAA,True,2026-02-05 23:39:26
Z검증용데이터.csv,판매점소,AAAAAAA,AAAAA,True,2026-02-05 23:39:56
Z검증용데이터.csv,판매점소,AAAAA,AAAAAAA,True,2026-02-05 23:40:26
Z검증용데이터.csv,판매점소,AAAAAAA,AAAAAA,True,2026-02-05 23:41:26
Z검증용데이터.csv,판매점소,AAAAAA,AAAAA,True,2026-02-05 23:41:56
Z검증용데이터.csv,판매점소,AAAAA,AAAAAAA,True,2026-02-05 23:42:56
Z검증용데이터.csv,판매점소,AAAAAAA,AAAAA,True,2026-02-05 23:44:56
Z검증용데이터.csv,판매점소,AAAAA,AAAAAAA,True,2026-02-05 23:45:26
Z검증용데이터.csv,판매점소,AAAAAAA,AAAAA,True,2026-02-05 23:47:56
Z검증용데이터.csv,판매점소,AAAAA,AAAAAAA,True,2026-02-05 23:49:26
Z검증용데이터.csv,판매점소,AAAAAAA,AAAAA,True,2026-02-05 23:49:56
Z검증용데이터.csv,판매점소,AAAAA,AAAAAAA,True,2026-02-05 23:50:26
Z검증용데이터.csv,판매점소,AAAAAAA,AAAAA,True,2026-02-05 23:50:56
Z검증용데이터.csv,판매점소,AAAAA,AAAAAAA,True,2026-02-05 23:51:26
Z검증용데이터.csv,판매점소,AAAAAAA,AAAAA,True,2026-02-05 23:53:26
Z검증용데이터.csv,판매점소,AAAAA,AAAAAA,True,2026-02-05 23:54:26
Z검증용데이터.csv,판매점소,AAAAAA,AAAAAAA,True,2026-02-05 23:54:56
Z검증용데이터.csv,판매점소,AAAAAAA,AAAAA,True,2026-02-05 23:55:56
Z검증용데이터.csv,판매점소,AAAAA,AAAAAAA,True,2026-02-05 23:56:56
Z검증용데이터.csv,판매점소,AAAAAAA,AAAAA,True,2026-02-05 23:57:26
Z검증용데이터.csv,판매점소,AAAAA,AAAAAAA,True,2026-02-05 23:57:56
Z검증용데이터.csv,판매점소,AAAAAAA,AAAAA,True,2026-02-06 00:00:26
Z검증용데이터.csv,판매점소,AAAAA,AAAAAAA,True,2026-02-06 00:01:26
Z검증용데이터.csv,판매점소,AAAAAAA,AAAAA,True,2026-02-06 00:02:26
Z검증용데이터.csv,판매점소,AAAAA,AAAAAAA,True,2026-02-06 00:04:26
Z검증용데이터.csv,판매점소,AAAAAAA,AAAAA,True,2026-02-06 00:04:56
Z검증용데이터.csv,판매점소,AAAAA,AAAAAAA,True,2026-02-06 00:06:26
Z검증용데이터.csv,판매점소,AAAAAAA,AAAAA,True,2026-02-06 00:07:56
Z검증용데이터.csv,판매점소,AAAAA,AAAAAAA,True,2026-02-06 00:08:26
Z검증용데이터.csv,판매점소,AAAAAAA,AAAAA,True,2026-02-06 00:08:56
Z검증용데이터.csv,판매점소,AAAAA,AAAAAAA,True,2026-02-06 00:09:56
Z검증용데이터.csv,판매점소,AAAAAAA,AAAAA,True,2026-02-06 00:11:26
Z검증용데이터.csv,판매점소,AAAAA,AAAAAAA,True,2026-02-06 00:12:26
Z검증용데이터.csv,판매점소,AAAAAAA,AAAAA,True,2026-02-06 00:12:56
Z검증용데이터.csv,판매점소,AAAAA,AAAAAAA,True,2026-02-06 00:13:26
Z검증용데이터.csv,판매점소,AAAAAAA,AAAAAA,True,2026-02-06 00:13:56
Z검증용데이터.csv,판매점소,AAAAAA,AAAAA,True,2026-02-06 00:14:26
Z검증용데이터.csv,판매점소,AAAAA,AAAAAAA,True,2026-02-06 00:14:56
Z검증용데이터.csv,판매점소,AAAAAAA,AAAAA,True,2026-02-06 00:15:26
Z검증용데이터.csv,판매점소,AAAAA,AAAAAAA,True,2026-02-06 00:16:56
Z검증용데이터.csv,판매점소,AAAAAAA,AAAAA,True,2026-02-06 00:17:26
Z검증용데이터.csv,판매점소,AAAAA,AAAAAAA,True,2026-02-06 00:17:56
Z검증용데이터.csv,판매점소,AAAAAAA,AAAAA,True,2026-02-06 00:19:26
Z검증용데이터.csv,판매점소,AAAAA,AAAAAAA,True,2026-02-06 00:21:26
Z검증용데이터.csv,판매점소,AAAAAAA,AAAAA,True,2026-02-06 00:21:56
Z검증용데이터.csv,판매점소,AAAAA,AAAAAA,True,2026-02-06 00:25:56
Z검증용데이터.csv,판매점소,AAAAAA,AAAAA,True,2026-02-06 00:26:26
Z검증용데이터.csv,판매점소,AAAAA,AAAAAAA,True,2026-02-06 00:26:56
Z검증용데이터.csv,판매점소,AAAAAAA,AAAAA,True,2026-02-06 00:27:56
Z검증용데이터.csv,판매점소,AAAAA,AAAAAAA,True,2026-02-06 00:28:26
Z검증용데이터.csv,판매점소,AAAAAAA,AAAAA,True,2026-02-06 00:28:56
Z검증용데이터.csv,판매점소,AAAAA,AAAAAAA,True,2026-02-06 00:30:26
Z검증용데이터.csv,판매점소,AAAAAAA,AAAAA,True,2026-02-06 00:30:56
Z검증용데이터.csv,판매점소,AAAAA,AAAAAAA,True,2026-02-06 00:31:26
Z검증용데이터.csv,판매점소,AAAAAAA,AAAAA,True,2026-02-06 00:31:56
Z검증용데이터.csv,판매점소,AAAAA,AAAAAAA,True,2026-02-06 00:32:56
Z검증용데이터.csv,판매점소,AAAAAAA,AAAAA,True,2026-02-06 00:33:26
Z검증용데이터.csv,판매점소,AAAAA,AAAAAAA,True,2026-02-06 00:34:56
Z검증용데이터.csv,판매점소,AAAAAAA,AAAAA,True,2026-02-06 00:35:26
Z검증용데이터.csv,판매점소,AAAAA,AAAAAAA,True,2026-02-06 00:36:26
Z검증용데이터.csv,판매점소,AAAAAAA,AAAAA,True,2026-02-06 00:36:56
Z검증용데이터.csv,판매점소,AAAAA,AAAAAA,True,2026-02-06 00:37:26
Z검증용데이터.csv,판매점소,AAAAAA,AAAAA,True,2026-02-06 00:37:56
Z검증용데이터.csv,판매점소,AAAAA,AAAAAA,True,2026-02-06 00:38:56
Z검증용데이터.csv,판매점소,AAAAAA,AAAAAAA,True,2026-02-06 00:39:26
Z검증용데이터.csv,판매점소,AAAAAAA,AAAAA,True,2026-02-06 00:39:56
Z검증용데이터.csv,판매점소,AAAAA,AAAAAA,True,2026-02-06 00:40:26
Z검증용데이터.csv,판매점소,AAAAAA,AAAAAAA,True,2026-02-06 00:40:56
Z검증용데이터.csv,판매점소,AAAAAAA,AAAAA,True,2026-02-06 00:42:56
Z검증용데이터.csv,판매점소,AAAAA,AAAAAAA,True,2026-02-06 00:43:26
Z검증용데이터.csv,판매점소,AAAAAAA,AAAAA,True,2026-02-06 00:45:26
Z검증용데이터.csv,판매점소,AAAAA,AAAAAAA,True,2026-02-06 00:48:26
Z검증용데이터.csv,판매점소,AAAAAAA,AAAAA,True,2026-02-06 00:48:56
Z검증용데이터.csv,판매점소,AAAAA,AAAAAAA,True,2026-02-06 00:50:56
Z검증용데이터.csv,판매점소,AAAAAAA,AAAAA,True,2026-02-06 00:51:26
Z검증용데이터.csv,판매점소,AAAAA,AAAAAA,True,2026-02-06 00:55:26
Z검증용데이터.csv,판매점소,AAAAAA,AAAAAAA,True,2026-02-06 00:55:56
Z검증용데이터.csv,판매점소,AAAAAAA,AAAAA,True,2026-02-06 00:56:26
Z검증용데이터.csv,판매점소,AAAAA,AAAAAA,True,2026-02-06 00:57:56
Z검증용데이터.csv,판매점소,AAAAAA,AAAAA,True,2026-02-06 00:58:26
Z검증용데이터.csv,판매점소,AAAAA,AAAAAAA,True,2026-02-06 00:59:26
Z검증용데이터.csv,판매점소,AAAAAAA,AAAAA,True,2026-02-06 00:59:56
Z검증용데이터.csv,판매점소,AAAAA,AAAAAAA,True,2026-02-06 01:01:56
Z검증용데이터.csv,판매점소,AAAAAAA,AAAAA,True,2026-02-06 01:02:26
Z검증용데이터.csv,판매점소,AAAAA,AAAAAAA,True,2026-02-06 01:03:26
Z검증용데이터.csv,판매점소,AAAAAAA,AAAAA,True,2026-02-06 01:04:26
Z검증용데이터.csv,판매점소,AAAAA,AAAAAAA,True,2026-02-06 01:07:26
Z검증용데이터.csv,판매점소,AAAAAAA,AAAAA,True,2026-02-06 01:07:56
Z검증용데이터.csv,판매점소,AAAAA,AAAAAAA,True,2026-02-06 01:11:26
Z검증용데이터.csv,판매점소,AAAAAAA,AAAAA,True,2026-02-06 01:12:56
Z검증용데이터.csv,판매점소,AAAAA,AAAAAAA,True,2026-02-06 01:15:56
Z검증용데이터.csv,판매점소,AAAAAAA,AAAAA,True,2026-02-06 01:16:26
Z검증용데이터.csv,판매점소,AAAAA,AAAAAAA,True,2026-02-06 01:16:56
Z검증용데이터.csv,판매점소,AAAAAAA,AAAAA,True,2026-02-06 01:17:26
Z검증용데이터.csv,판매점소,AAAAA,AAAAAAA,True,2026-02-06 01:17:56
Z검증용데이터.csv,판매점소,AAAAAAA,AAAAA,True,2026-02-06 01:18:26
Z검증용데이터.csv,판매점소,AAAAA,AAAAAA,True,2026-02-06 01:18:56
Z검증용데이터.csv,판매점소,AAAAAA,AAAAAAA,True,2026-02-06 01:19:26
Z검증용데이터.csv,판매점소,AAAAAAA,AAAAA,True,2026-02-06 01:19:56
Z검증용데이터.csv,판매점소,AAAAA,AAAAAAA,True,2026-02-06 01:22:56
Z검증용데이터.csv,판매점소,AAAAAAA,AAAAA,True,2026-02-06 01:23:26
Z검증용데이터.csv,판매점소,AAAAA,AAAAAAA,True,2026-02-06 01:26:26
Z검증용데이터.csv,판매점소,AAAAAAA,AAAAA,True,2026-02-06 01:26:56
Z검증용데이터.csv,판매점소,AAAAA,AAAAAAA,True,2026-02-06 01:27:56
Z검증용데이터.csv,판매점소,AAAAAAA,AAAAA,True,2026-02-06 01:28:56
Z검증용데이터.csv,판매점소,AAAAA,AAAAAAA,True,2026-02-06 01:35:56
Z검증용데이터.csv,판매점소,AAAAAAA,AAAAA,True,2026-02-06 01:36:26
Z검증용데이터.csv,판매점소,AAAAA,AAAAAAA,True,2026-02-06 01:37:56
Z검증용데이터.csv,판매점소,AAAAAAA,AAAAA,True,2026-02-06 01:38:56
Z검증용데이터.csv,판매점소,AAAAA,AAAAAAA,True,2026-02-06 01:39:26
Z검증용데이터.csv,판매점소,AAAAAAA,AAAAA,True,2026-02-06 01:40:56
Z검증용데이터.csv,판매점소,AAAAA,AAAAAAA,True,2026-02-06 01:41:26
Z검증용데이터.csv,판매점소,AAAAAAA,AAAAAA,True,2026-02-06 01:42:26
Z검증용데이터.csv,판매점소,AAAAAA,AAAAAAA,True,2026-02-06 01:42:56
Z검증용데이터.csv,판매점소,AAAAAAA,AAAAA,True,2026-02-06 01:43:26
Z검증용데이터.csv,판매점소,AAAAA,AAAAAAA,True,2026-02-06 01:43:56
Z검증용데이터.csv,판매점소,AAAAAAA,AAAAA,True,2026-02-06 01:44:26
Z검증용데이터.csv,판매점소,AAAAA,AAAAAA,True,2026-02-06 01:44:56
Z검증용데이터.csv,판매점소,AAAAAA,AAAAA,True,2026-02-06 01:45:26
Z검증용데이터.csv,판매점소,AAAAA,AAAAAAA,True,2026-02-06 01:45:56
Z검증용데이터.csv,판매점소,AAAAAAA,AAAAA,True,2026-02-06 01:46:56
Z검증용데이터.csv,판매점소,AAAAA,AAAAAAA,True,2026-02-06 01:50:26
Z검증용데이터.csv,판매점소,AAAAAAA,AAAAA,True,2026-02-06 01:50:56
Z검증용데이터.csv,판매점소,AAAAA,AAAAAAA,True,2026-02-06 01:53:56
Z검증용데이터.csv,판매점소,AAAAAAA,AAAAA,True,2026-02-06 01:55:56
Z검증용데이터.csv,판매점소,AAAAA,AAAAAAA,True,2026-02-06 01:56:26
Z검증용데이터.csv,판매점소,AAAAAAA,AAAAA,True,2026-02-06 01:56:56
Z검증용데이터.csv,판매점소,AAAAA,AAAAAAA,True,2026-02-06 01:58:26
Z검증용데이터.csv,판매점소,AAAAAAA,AAAAA,True,2026-02-06 01:59:26
Z검증용데이터.csv,판매점소,AAAAA,AAAAAAA,True,2026-02-06 02:00:26
Z검증용데이터.csv,판매점소,AAAAAAA,AAAAA,True,2026-02-06 02:01:26
Z검증용데이터.csv,판매점소,AAAAA,AAAAAA,True,2026-02-06 02:01:56
Z검증용데이터.csv,판매점소,AAAAAA,AAAAA,True,2026-02-06 02:02:26
Z검증용데이터.csv,판매점소,AAAAAAA,AAAAA,True,2026-02-06 02:06:56
Z검증용데이터.csv,판매점소,AAAAA,AAAAAAA,True,2026-02-06 02:07:26
Z검증용데이터.csv,판매점소,AAAAAAA,AAAAA,True,2026-02-06 02:07:56
Z검증용데이터.csv,판매점소,AAAAA,AAAAAAA,True,2026-02-06 02:09:56
Z검증용데이터.csv,판매점소,AAAAAAA,AAAAA,True,2026-02-06 02:10:56
Z검증용데이터.csv,판매점소,AAAAA,AAAAAAA,True,2026-02-06 02:11:56
Z검증용데이터.csv,판매점소,AAAAAAA,AAAAA,True,2026-02-06 02:13:26
Z검증용데이터.csv,판매점소,AAAAA,AAAAAAA,True,2026-02-06 02:13:56
Z검증용데이터.csv,판매점소,AAAAAAA,AAAAA,True,2026-02-06 02:14:26
Z검증용데이터.csv,판매점소,AAAAA,AAAAAAA,True,2026-02-06 02:14:56
Z검증용데이터.csv,판매점소,AAAAAAA,AAAAA,True,2026-02-06 02:15:56
Z검증용데이터.csv,판매점소,AAAAA,AAAAAAA,True,2026-02-06 02:16:26
Z검증용데이터.csv,판매점소,AAAAAAA,AAAAA,True,2026-02-06 02:16:56
Z검증용데이터.csv,판매점소,AAAAA,AAAAAAA,True,2026-02-06 02:19:26
Z검증용데이터.csv,판매점소,AAAAAAA,AAAAA,True,2026-02-06 02:21:26
Z검증용데이터.csv,판매점소,AAAAA,AAAAAAA,True,2026-02-06 02:24:26
Z검증용데이터.csv,판매점소,AAAAAAA,AAAAA,True,2026-02-06 02:25:56
Z검증용데이터.csv,판매점소,AAAAA,AAAAAAA,True,2026-02-06 02:26:26
Z검증용데이터.csv,판매점소,AAAAAAA,AAAAA,True,2026-02-06 02:26:56
Z검증용데이터.csv,판매점소,AAAAA,AAAAAAA,True,2026-02-06 02:28:26
Z검증용데이터.csv,판매점소,AAAAAAA,AAAAA,True,2026-02-06 02:29:26
Z검증용데이터.csv,판매점소,AAAAA,AAAAAAA,True,2026-02-06 02:31:26
Z검증용데이터.csv,판매점소,AAAAAAA,AAAAA,True,2026-02-06 02:31:56
Z검증용데이터.csv,판매점소,AAAAA,AAAAAAA,True,2026-02-06 02:33:26
Z검증용데이터.csv,판매점소,AAAAAAA,AAAAA,True,2026-02-06 02:34:26
Z검증용데이터.csv,판매점소,AAAAA,AAAAAAA,True,2026-02-06 02:35:26
Z검증용데이터.csv,판매점소,AAAAAAA,AAAAA,True,2026-02-06 02:35:56
Z검증용데이터.csv,판매점소,AAAAA,AAAAAAA,True,2026-02-06 02:37:26
Z검증용데이터.csv,판매점소,AAAAAAA,AAAAA,True,2026-02-06 02:37:56
Z검증용데이터.csv,판매점소,AAAAA,AAAAAAA,True,2026-02-06 02:38:26
Z검증용데이터.csv,판매점소,AAAAAAA,AAAAA,True,2026-02-06 02:39:26
Z검증용데이터.csv,판매점소,AAAAA,AAAAAAA,True,2026-02-06 02:41:26
Z검증용데이터.csv,판매점소,AAAAAAA,AAAAA,True,2026-02-06 02:41:56
Z검증용데이터.csv,판매점소,AAAAA,AAAAAA,True,2026-02-06 02:44:26
Z검증용데이터.csv,판매점소,AAAAAA,AAAAA,True,2026-02-06 02:44:56
Z검증용데이터.csv,판매점소,AAAAA,AAAAAA,True,2026-02-06 02:46:26
Z검증용데이터.csv,판매점소,AAAAAA,AAAAAAA,True,2026-02-06 02:46:56
Z검증용데이터.csv,판매점소,AAAAAAA,AAAAA,True,2026-02-06 02:47:26
Z검증용데이터.csv,판매점소,AAAAA,AAAAAAA,True,2026-02-06 02:48:26
Z검증용데이터.csv,판매점소,AAAAAAA,AAAAA,True,2026-02-06 02:48:56
Z검증용데이터.csv,판매점소,AAAAA,AAAAAAA,True,2026-02-06 02:49:26
Z검증용데이터.csv,판매점소,AAAAAAA,AAAAA,True,2026-02-06 02:50:26
Z검증용데이터.csv,판매점소,AAAAA,AAAAAAA,True,2026-02-06 02:52:26
Z검증용데이터.csv,판매점소,AAAAAAA,AAAAA,True,2026-02-06 02:52:56
Z검증용데이터.csv,판매점소,AAAAA,AAAAAA,True,2026-02-06 02:54:26
Z검증용데이터.csv,판매점소,AAAAAA,AAAAA,True,2026-02-06 02:54:56
Z검증용데이터.csv,판매점소,AAAAA,AAAAAAA,True,2026-02-06 02:55:56
Z검증용데이터.csv,판매점소,AAAAAAA,AAAAA,True,2026-02-06 02:56:56
Z검증용데이터.csv,판매점소,AAAAA,AAAAAAA,True,2026-02-06 02:57:26
Z검증용데이터.csv,판매점소,AAAAAAA,AAAAA,True,2026-02-06 02:57:56
Z검증용데이터.csv,판매점소,AAAAA,AAAAAAA,True,2026-02-06 02:58:56
Z검증용데이터.csv,판매점소,AAAAAAA,AAAAA,True,2026-02-06 02:59:26
Z검증용데이터.csv,판매점소,AAAAA,AAAAAAA,True,2026-02-06 03:00:26
Z검증용데이터.csv,판매점소,AAAAAAA,AAAAA,True,2026-02-06 03:00:56
Z검증용데이터.csv,판매점소,AAAAA,AAAAAAA,True,2026-02-06 03:01:56
Z검증용데이터.csv,판매점소,AAAAAAA,AAAAA,True,2026-02-06 03:02:26
Z검증용데이터.csv,판매점소,AAAAA,AAAAAAA,True,2026-02-06 03:05:56
Z검증용데이터.csv,판매점소,AAAAAAA,AAAAA,True,2026-02-06 03:06:26
Z검증용데이터.csv,판매점소,AAAAA,AAAAAAA,True,2026-02-06 03:06:56
Z검증용데이터.csv,판매점소,AAAAAAA,AAAAA,True,2026-02-06 03:07:56
Z검증용데이터.csv,판매점소,AAAAA,AAAAAAA,True,2026-02-06 03:08:26
Z검증용데이터.csv,판매점소,AAAAAAA,AAAAAA,True,2026-02-06 03:09:56
Z검증용데이터.csv,판매점소,AAAAAA,AAAAA,True,2026-02-06 03:10:26
Z검증용데이터.csv,판매점소,AAAAA,AAAAAA,True,2026-02-06 03:11:26
Z검증용데이터.csv,판매점소,AAAAAA,AAAAA,True,2026-02-06 03:11:56
Z검증용데이터.csv,판매점소,AAAAA,AAAAAAA,True,2026-02-06 03:13:26
Z검증용데이터.csv,판매점소,AAAAAAA,AAAAA,True,2026-02-06 03:13:56
Z검증용데이터.csv,판매점소,AAAAA,AAAAAAA,True,2026-02-06 03:14:26
Z검증용데이터.csv,판매점소,AAAAAAA,AAAAAA,True,2026-02-06 03:14:56
Z검증용데이터.csv,판매점소,AAAAAA,AAAAA,True,2026-02-06 03:15:26
Z검증용데이터.csv,판매점소,AAAAA,AAAAAAA,True,2026-02-06 03:16:26
Z검증용데이터.csv,판매점소,AAAAAAA,AAAAA,True,2026-02-06 03:18:26
Z검증용데이터.csv,판매점소,AAAAA,AAAAAAA,True,2026-02-06 03:24:56
Z검증용데이터.csv,판매점소,AAAAAAA,AAAAA,True,2026-02-06 03:25:26
Z검증용데이터.csv,판매점소,AAAAA,AAAAAAA,True,2026-02-06 03:25:56
Z검증용데이터.csv,판매점소,AAAAAAA,AAAAA,True,2026-02-06 03:27:56
Z검증용데이터.csv,판매점소,AAAAA,AAAAAAA,True,2026-02-06 03:28:56
Z검증용데이터.csv,판매점소,AAAAAAA,AAAAA,True,2026-02-06 03:29:26
Z검증용데이터.csv,판매점소,AAAAA,AAAAAAA,True,2026-02-06 03:29:56
Z검증용데이터.csv,판매점소,AAAAAAA,AAAAA,True,2026-02-06 03:30:26
Z검증용데이터.csv,판매점소,AAAAAAA,AAAAAA,True,2026-02-06 03:32:26
Z검증용데이터.csv,판매점소,AAAAAA,AAAAA,True,2026-02-06 03:32:56
Z검증용데이터.csv,판매점소,AAAAA,AAAAAAA,True,2026-02-06 03:33:56
Z검증용데이터.csv,판매점소,AAAAAAA,AAAAA,True,2026-02-06 03:34:26
Z검증용데이터.csv,판매점소,AAAAA,AAAAAAA,True,2026-02-06 03:35:56
Z검증용데이터.csv,판매점소,AAAAAAA,AAAAA,True,2026-02-06 03:36:56
Z검증용데이터.csv,판매점소,AAAAA,AAAAAAA,True,2026-02-06 03:37:26
Z검증용데이터.csv,판매점소,AAAAAAA,AAAAA,True,2026-02-06 03:37:56
Z검증용데이터.csv,판매점소,AAAAA,AAAAAAA,True,2026-02-06 03:38:56
Z검증용데이터.csv,판매점소,AAAAAAA,AAAAA,True,2026-02-06 03:40:26
Z검증용데이터.csv,판매점소,AAAAA,AAAAAAA,True,2026-02-06 03:41:26
Z검증용데이터.csv,판매점소,AAAAAAA,AAAAA,True,2026-02-06 03:42:26
Z검증용데이터.csv,판매점소,AAAAA,AAAAAAA,True,2026-02-06 03:42:56
Z검증용데이터.csv,판매점소,AAAAAAA,AAAAA,True,2026-02-06 03:43:26
Z검증용데이터.csv,판매점소,AAAAA,AAAAAAA,True,2026-02-06 03:43:56
Z검증용데이터.csv,판매점소,AAAAAAA,AAAAA,True,2026-02-06 03:44:26
Z검증용데이터.csv,판매점소,AAAAA,AAAAAAA,True,2026-02-06 03:44:56
Z검증용데이터.csv,판매점소,AAAAAAA,AAAAA,True,2026-02-06 03:45:56
Z검증용데이터.csv,판매점소,AAAAA,AAAAAAA,True,2026-02-06 03:46:26
Z검증용데이터.csv,판매점소,AAAAAAA,AAAAA,True,2026-02-06 03:46:56
Z검증용데이터.csv,판매점소,AAAAA,AAAAAAA,True,2026-02-06 03:47:56
Z검증용데이터.csv,판매점소,AAAAAAA,AAAAA,True,2026-02-06 03:48:26
Z검증용데이터.csv,판매점소,AAAAA,AAAAAAA,True,2026-02-06 03:48:56
Z검증용데이터.csv,판매점소,AAAAAAA,AAAAA,True,2026-02-06 03:49:26
Z검증용데이터.csv,판매점소,AAAAA,AAAAAAA,True,2026-02-06 03:50:56
Z검증용데이터.csv,판매점소,AAAAAAA,AAAAA,True,2026-02-06 03:51:26
Z검증용데이터.csv,판매점소,AAAAA,AAAAAAA,True,2026-02-06 03:51:56
Z검증용데이터.csv,판매점소,AAAAAAA,AAAAA,True,2026-02-06 03:52:26
Z검증용데이터.csv,판매점소,AAAAA,AAAAAAA,True,2026-02-06 03:53:56
Z검증용데이터.csv,판매점소,AAAAAAA,AAAAA,True,2026-02-06 03:54:56
Z검증용데이터.csv,판매점소,AAAAA,AAAAAA,True,2026-02-06 03:55:26
Z검증용데이터.csv,판매점소,AAAAAA,AAAAAAA,True,2026-02-06 03:55:56
Z검증용데이터.csv,판매점소,AAAAAAA,AAAAA,True,2026-02-06 03:57:56
Z검증용데이터.csv,판매점소,AAAAA,AAAAAAA,True,2026-02-06 04:00:56
Z검증용데이터.csv,판매점소,AAAAAAA,AAAAA,True,2026-02-06 04:01:26
Z검증용데이터.csv,판매점소,AAAAA,AAAAAAA,True,2026-02-06 04:02:56
Z검증용데이터.csv,판매점소,AAAAAAA,AAAAA,True,2026-02-06 04:03:56
Z검증용데이터.csv,판매점소,AAAAA,AAAAAAA,True,2026-02-06 04:04:26
Z검증용데이터.csv,판매점소,AAAAAAA,AAAAA,True,2026-02-06 04:05:26
Z검증용데이터.csv,판매점소,AAAAA,AAAAAAA,True,2026-02-06 04:06:26
Z검증용데이터.csv,판매점소,AAAAAAA,AAAAA,True,2026-02-06 04:06:56
Z검증용데이터.csv,판매점소,AAAAA,AAAAAA,True,2026-02-06 04:07:56
Z검증용데이터.csv,판매점소,AAAAAA,AAAAA,True,2026-02-06 04:08:26
Z검증용데이터.csv,판매점소,AAAAA,AAAAAAA,True,2026-02-06 04:09:26
Z검증용데이터.csv,판매점소,AAAAAAA,AAAAA,True,2026-02-06 04:09:56
Z검증용데이터.csv,판매점소,AAAAA,AAAAAAA,True,2026-02-06 04:11:56
Z검증용데이터.csv,판매점소,AAAAAAA,AAAAA,True,2026-02-06 04:12:26
Z검증용데이터.csv,판매점소,AAAAA,AAAAAA,True,2026-02-06 04:12:56
Z검증용데이터.csv,판매점소,AAAAAA,AAAAAAA,True,2026-02-06 04:13:26
Z검증용데이터.csv,판매점소,AAAAAAA,AAAAAA,True,2026-02-06 04:13:56
Z검증용데이터.csv,판매점소,AAAAAA,AAAAAAA,True,2026-02-06 04:14:26
Z검증용데이터.csv,판매점소,AAAAAAA,AAAAAA,True,2026-02-06 04:14:56
Z검증용데이터.csv,판매점소,AAAAAA,AAAAAAA,True,2026-02-06 04:15:26
Z검증용데이터.csv,판매점소,AAAAAAA,AAAAA,True,2026-02-06 04:16:26
Z검증용데이터.csv,판매점소,AAAAA,AAAAAAA,True,2026-02-06 04:17:56
Z검증용데이터.csv,판매점소,AAAAAAA,AAAAA,True,2026-02-06 04:18:56
Z검증용데이터.csv,판매점소,AAAAA,AAAAAAA,True,2026-02-06 04:19:26
Z검증용데이터.csv,판매점소,AAAAAAA,AAAAA,True,2026-02-06 04:19:56
Z검증용데이터.csv,판매점소,AAAAA,AAAAAAA,True,2026-02-06 04:22:56
Z검증용데이터.csv,판매점소,AAAAAAA,AAAAA,True,2026-02-06 04:23:56
Z검증용데이터.csv,판매점소,AAAAA,AAAAAAA,True,2026-02-06 04:26:26
Z검증용데이터.csv,판매점소,AAAAAAA,AAAAA,True,2026-02-06 04:26:56
Z검증용데이터.csv,판매점소,AAAAA,AAAAAAA,True,2026-02-06 04:27:26
Z검증용데이터.csv,판매점소,AAAAAAA,AAAAA,True,2026-02-06 04:28:56
Z검증용데이터.csv,판매점소,AAAAA,AAAAAAA,True,2026-02-06 04:29:26
Z검증용데이터.csv,판매점소,AAAAAAA,AAAAA,True,2026-02-06 04:29:56
Z검증용데이터.csv,판매점소,AAAAA,AAAAAAA,True,2026-02-06 04:32:56
Z검증용데이터.csv,판매점소,AAAAAAA,AAAAAA,True,2026-02-06 04:33:26
Z검증용데이터.csv,판매점소,AAAAAA,AAAAA,True,2026-02-06 04:33:56
Z검증용데이터.csv,판매점소,AAAAA,AAAAAAA,True,2026-02-06 04:34:26
Z검증용데이터.csv,판매점소,AAAAAAA,AAAAA,True,2026-02-06 04:35:26
Z검증용데이터.csv,판매점소,AAAAA,AAAAAA,True,2026-02-06 04:35:56
Z검증용데이터.csv,판매점소,AAAAAA,AAAAAAA,True,2026-02-06 04:36:26
Z검증용데이터.csv,판매점소,AAAAAAA,AAAAA,True,2026-02-06 04:36:56
Z검증용데이터.csv,판매점소,AAAAA,AAAAAAA,True,2026-02-06 04:37:26
Z검증용데이터.csv,판매점소,AAAAAAA,AAAAA,True,2026-02-06 04:38:26
Z검증용데이터.csv,판매점소,AAAAA,AAAAAAA,True,2026-02-06 04:39:26
Z검증용데이터.csv,판매점소,AAAAAAA,AAAAA,True,2026-02-06 04:39:56
Z검증용데이터.csv,판매점소,AAAAA,AAAAAAA,True,2026-02-06 04:43:56
Z검증용데이터.csv,판매점소,AAAAAAA,AAAAA,True,2026-02-06 04:44:26
Z검증용데이터.csv,판매점소,AAAAA,AAAAAAA,True,2026-02-06 04:45:56
Z검증용데이터.csv,판매점소,AAAAAAA,AAAAA,True,2026-02-06 04:46:56
Z검증용데이터.csv,판매점소,AAAAA,AAAAAAA,True,2026-02-06 04:47:56
Z검증용데이터.csv,판매점소,AAAAAAA,AAAAA,True,2026-02-06 04:48:26
Z검증용데이터.csv,판매점소,AAAAA,AAAAAAA,True,2026-02-06 04:48:56
Z검증용데이터.csv,판매점소,AAAAAAA,AAAAA,True,2026-02-06 04:49:26
Z검증용데이터.csv,판매점소,AAAAA,AAAAAAA,True,2026-02-06 04:50:26
Z검증용데이터.csv,판매점소,AAAAAAA,AAAAA,True,2026-02-06 04:51:26
Z검증용데이터.csv,판매점소,AAAAA,AAAAAAA,True,2026-02-06 04:52:56
Z검증용데이터.csv,판매점소,AAAAAAA,AAAAA,True,2026-02-06 04:53:56
Z검증용데이터.csv,판매점소,AAAAA,AAAAAAA,True,2026-02-06 04:54:56
Z검증용데이터.csv,판매점소,AAAAAAA,AAAAA,True,2026-02-06 04:55:26
Z검증용데이터.csv,판매점소,AAAAA,AAAAAAA,True,2026-02-06 04:56:26
Z검증용데이터.csv,판매점소,AAAAAAA,AAAAA,True,2026-02-06 04:57:26
Z검증용데이터.csv,판매점소,AAAAA,AAAAAAA,True,2026-02-06 04:58:26
Z검증용데이터.csv,판매점소,AAAAAAA,AAAAAA,True,2026-02-06 04:58:56
Z검증용데이터.csv,판매점소,AAAAAA,AAAAA,True,2026-02-06 04:59:26
Z검증용데이터.csv,수량,nn,n,True,2026-02-05 13:09:26
Z검증용데이터.csv,수량,n,nn,True,2026-02-05 13:10:26
Z검증용데이터.csv,수량,nn,n,True,2026-02-05 13:15:26
Z검증용데이터.csv,수량,n,nn,True,2026-02-05 13:15:56
Z검증용데이터.csv,수량,nn,n,True,2026-02-05 13:16:56
Z검증용데이터.csv,수량,n,nn,True,2026-02-05 13:17:26
Z검증용데이터.csv,수량,nn,n,True,2026-02-05 13:18:56
Z검증용데이터.csv,수량,n,nn,True,2026-02-05 13:19:26
Z검증용데이터.csv,수량,nn,n,True,2026-02-05 13:23:56
Z검증용데이터.csv,수량,n,nn,True,2026-02-05 13:24:26
Z검증용데이터.csv,수량,nn,n,True,2026-02-05 13:26:56
Z검증용데이터.csv,수량,n,nn,True,2026-02-05 13:27:26
Z검증용데이터.csv,수량,nn,n,True,2026-02-05 13:30:56
Z검증용데이터.csv,수량,n,nn,True,2026-02-05 13:31:56
Z검증용데이터.csv,수량,nn,n,True,2026-02-05 13:32:56
Z검증용데이터.csv,수량,n,nn,True,2026-02-05 13:33:26
Z검증용데이터.csv,수량,nn,nnn,True,2026-02-05 13:34:26
Z검증용데이터.csv,수량,nnn,nn,True,2026-02-05 13:34:56
Z검증용데이터.csv,수량,nn,n,True,2026-02-05 13:37:56
Z검증용데이터.csv,수량,n,nn,True,2026-02-05 13:38:26
Z검증용데이터.csv,수량,nn,n,True,2026-02-05 13:40:56
Z검증용데이터.csv,수량,n,nn,True,2026-02-05 13:41:26
Z검증용데이터.csv,수량,nn,n,True,2026-02-05 13:42:26
Z검증용데이터.csv,수량,n,nn,True,2026-02-05 13:42:56
Z검증용데이터.csv,수량,nn,n,True,2026-02-05 13:50:56
Z검증용데이터.csv,수량,n,nn,True,2026-02-05 13:51:56
Z검증용데이터.csv,수량,nn,n,True,2026-02-05 13:52:26
Z검증용데이터.csv,수량,n,nn,True,2026-02-05 13:52:56
Z검증용데이터.csv,수량,nn,n,True,2026-02-05 13:53:26
Z검증용데이터.csv,수량,n,nn,True,2026-02-05 13:53:56
Z검증용데이터.csv,수량,nn,n,True,2026-02-05 13:54:56
Z검증용데이터.csv,수량,n,nn,True,2026-02-05 13:55:56
Z검증용데이터.csv,수량,nn,n,True,2026-02-05 13:56:26
Z검증용데이터.csv,수량,n,nn,True,2026-02-05 13:56:56
Z검증용데이터.csv,수량,nn,n,True,2026-02-05 14:00:56
Z검증용데이터.csv,수량,n,nn,True,2026-02-05 14:01:26
Z검증용데이터.csv,수량,nn,n,True,2026-02-05 14:02:26
Z검증용데이터.csv,수량,n,nn,True,2026-02-05 14:02:56
Z검증용데이터.csv,수량,nn,n,True,2026-02-05 14:04:56
Z검증용데이터.csv,수량,n,nn,True,2026-02-05 14:05:26
Z검증용데이터.csv,수량,nn,n,True,2026-02-05 14:06:56
Z검증용데이터.csv,수량,n,nn,True,2026-02-05 14:07:56
Z검증용데이터.csv,수량,nn,n,True,2026-02-05 14:09:56
Z검증용데이터.csv,수량,n,nn,True,2026-02-05 14:10:26
Z검증용데이터.csv,수량,nn,n,True,2026-02-05 14:14:26
Z검증용데이터.csv,수량,n,nn,True,2026-02-05 14:15:26
Z검증용데이터.csv,수량,nn,n,True,2026-02-05 14:22:26
Z검증용데이터.csv,수량,n,nn,True,2026-02-05 14:22:56
Z검증용데이터.csv,수량,nn,n,True,2026-02-05 14:23:56
Z검증용데이터.csv,수량,n,nn,True,2026-02-05 14:24:26
Z검증용데이터.csv,수량,nn,n,True,2026-02-05 14:24:56
Z검증용데이터.csv,수량,n,nn,True,2026-02-05 14:25:56
Z검증용데이터.csv,수량,nn,n,True,2026-02-05 14:29:56
Z검증용데이터.csv,수량,n,nn,True,2026-02-05 14:30:26
Z검증용데이터.csv,수량,nn,n,True,2026-02-05 14:33:26
Z검증용데이터.csv,수량,n,nn,True,2026-02-05 14:33:56
Z검증용데이터.csv,수량,nn,n,True,2026-02-05 14:38:26
Z검증용데이터.csv,수량,n,nn,True,2026-02-05 14:38:56
Z검증용데이터.csv,수량,nn,n,True,2026-02-05 14:39:56
Z검증용데이터.csv,수량,n,nn,True,2026-02-05 14:40:26
Z검증용데이터.csv,수량,nn,n,True,2026-02-05 14:41:26
Z검증용데이터.csv,수량,n,nn,True,2026-02-05 14:41:56
Z검증용데이터.csv,수량,nn,n,True,2026-02-05 14:47:26
Z검증용데이터.csv,수량,n,nn,True,2026-02-05 14:48:26
Z검증용데이터.csv,수량,nn,n,True,2026-02-05 14:48:56
Z검증용데이터.csv,수량,n,nn,True,2026-02-05 14:49:26
Z검증용데이터.csv,수량,nn,n,True,2026-02-05 15:06:26
Z검증용데이터.csv,수량,n,nn,True,2026-02-05 15:07:26
Z검증용데이터.csv,수량,nn,n,True,2026-02-05 15:08:26
Z검증용데이터.csv,수량,n,nn,True,2026-02-05 15:08:56
Z검증용데이터.csv,수량,nn,n,True,2026-02-05 15:10:56
Z검증용데이터.csv,수량,n,nn,True,2026-02-05 15:11:26
Z검증용데이터.csv,수량,nn,n,True,2026-02-05 15:11:56
Z검증용데이터.csv,수량,n,nn,True,2026-02-05 15:12:26
Z검증용데이터.csv,수량,nn,n,True,2026-02-05 15:15:26
Z검증용데이터.csv,수량,n,nn,True,2026-02-05 15:15:56
Z검증용데이터.csv,수량,nn,n,True,2026-02-05 15:16:56
Z검증용데이터.csv,수량,n,nn,True,2026-02-05 15:17:26
Z검증용데이터.csv,수량,nn,n,True,2026-02-05 15:17:56
Z검증용데이터.csv,수량,n,nn,True,2026-02-05 15:18:26
Z검증용데이터.csv,수량,nn,n,True,2026-02-05 15:20:56
Z검증용데이터.csv,수량,n,nn,True,2026-02-05 15:21:26
Z검증용데이터.csv,수량,nn,n,True,2026-02-05 15:26:26
Z검증용데이터.csv,수량,n,nn,True,2026-02-05 15:26:56
Z검증용데이터.csv,수량,nn,n,True,2026-02-05 15:28:26
Z검증용데이터.csv,수량,n,nn,True,2026-02-05 15:28:56
Z검증용데이터.csv,수량,nn,n,True,2026-02-05 15:34:56
Z검증용데이터.csv,수량,n,nn,True,2026-02-05 15:35:26
Z검증용데이터.csv,수량,nn,n,True,2026-02-05 15:37:56
Z검증용데이터.csv,수량,n,nn,True,2026-02-05 15:38:26
Z검증용데이터.csv,수량,nn,n,True,2026-02-05 15:38:56
Z검증용데이터.csv,수량,n,nn,True,2026-02-05 15:39:56
Z검증용데이터.csv,수량,nn,n,True,2026-02-05 15:40:26
Z검증용데이터.csv,수량,n,nn,True,2026-02-05 15:40:56
Z검증용데이터.csv,수량,nn,nnn,True,2026-02-05 15:41:56
Z검증용데이터.csv,수량,nnn,nn,True,2026-02-05 15:42:26
Z검증용데이터.csv,수량,nn,n,True,2026-02-05 15:49:26
Z검증용데이터.csv,수량,n,nn,True,2026-02-05 15:49:56
Z검증용데이터.csv,수량,nn,n,True,2026-02-05 15:52:56
Z검증용데이터.csv,수량,n,nn,True,2026-02-05 15:53:56
Z검증용데이터.csv,수량,nn,n,True,2026-02-05 15:56:26
Z검증용데이터.csv,수량,n,nn,True,2026-02-05 15:56:56
Z검증용데이터.csv,수량,nn,n,True,2026-02-05 16:04:26
Z검증용데이터.csv,수량,n,nn,True,2026-02-05 16:04:56
Z검증용데이터.csv,수량,nn,n,True,2026-02-05 16:05:56
Z검증용데이터.csv,수량,n,nn,True,2026-02-05 16:06:26
Z검증용데이터.csv,수량,nn,n,True,2026-02-05 16:10:26
Z검증용데이터.csv,수량,n,nn,True,2026-02-05 16:11:26
Z검증용데이터.csv,수량,nn,n,True,2026-02-05 16:13:26
Z검증용데이터.csv,수량,n,nn,True,2026-02-05 16:13:56
Z검증용데이터.csv,수량,nn,n,True,2026-02-05 16:18:26
Z검증용데이터.csv,수량,n,nn,True,2026-02-05 16:18:56
Z검증용데이터.csv,수량,nn,nnn,True,2026-02-05 16:21:56
Z검증용데이터.csv,수량,nnn,nn,True,2026-02-05 16:22:26
Z검증용데이터.csv,수량,nn,n,True,2026-02-05 16:23:56
Z검증용데이터.csv,수량,n,nn,True,2026-02-05 16:24:56
Z검증용데이터.csv,수량,nn,n,True,2026-02-05 16:25:26
Z검증용데이터.csv,수량,n,nn,True,2026-02-05 16:25:56
Z검증용데이터.csv,수량,nn,n,True,2026-02-05 16:29:56
Z검증용데이터.csv,수량,n,nn,True,2026-02-05 16:30:26
Z검증용데이터.csv,수량,nn,n,True,2026-02-05 16:30:56
Z검증용데이터.csv,수량,n,nn,True,2026-02-05 16:31:26
Z검증용데이터.csv,수량,nn,n,True,2026-02-05 16:32:56
Z검증용데이터.csv,수량,n,nn,True,2026-02-05 16:34:26
Z검증용데이터.csv,수량,nn,n,True,2026-02-05 16:36:56
Z검증용데이터.csv,수량,n,nn,True,2026-02-05 16:37:26
Z검증용데이터.csv,수량,nn,n,True,2026-02-05 16:41:56
Z검증용데이터.csv,수량,n,nn,True,2026-02-05 16:42:26
Z검증용데이터.csv,수량,nn,n,True,2026-02-05 16:42:56
Z검증용데이터.csv,수량,n,nn,True,2026-02-05 16:43:26
Z검증용데이터.csv,수량,nn,n,True,2026-02-05 16:43:56
Z검증용데이터.csv,수량,n,nn,True,2026-02-05 16:44:26
Z검증용데이터.csv,수량,nn,n,True,2026-02-05 16:45:56
Z검증용데이터.csv,수량,n,nn,True,2026-02-05 16:46:26
Z검증용데이터.csv,수량,nn,n,True,2026-02-05 16:46:56
Z검증용데이터.csv,수량,n,nn,True,2026-02-05 16:47:26
Z검증용데이터.csv,수량,nn,n,True,2026-02-05 16:48:26
Z검증용데이터.csv,수량,n,nn,True,2026-02-05 16:49:26
Z검증용데이터.csv,수량,nn,n,True,2026-02-05 16:53:26
Z검증용데이터.csv,수량,n,nn,True,2026-02-05 16:53:56
Z검증용데이터.csv,수량,nn,n,True,2026-02-05 16:54:26
Z검증용데이터.csv,수량,n,nn,True,2026-02-05 16:54:56
Z검증용데이터.csv,수량,nn,n,True,2026-02-05 17:01:56
Z검증용데이터.csv,수량,n,nn,True,2026-02-05 17:02:26
Z검증용데이터.csv,수량,nn,n,True,2026-02-05 17:08:56
Z검증용데이터.csv,수량,n,nn,True,2026-02-05 17:09:26
Z검증용데이터.csv,수량,nn,n,True,2026-02-05 17:09:56
Z검증용데이터.csv,수량,n,nn,True,2026-02-05 17:10:26
Z검증용데이터.csv,수량,nn,n,True,2026-02-05 17:15:56
Z검증용데이터.csv,수량,n,nn,True,2026-02-05 17:16:26
Z검증용데이터.csv,수량,nn,n,True,2026-02-05 17:17:56
Z검증용데이터.csv,수량,n,nn,True,2026-02-05 17:18:26
Z검증용데이터.csv,수량,nn,n,True,2026-02-05 17:20:26
Z검증용데이터.csv,수량,n,nn,True,2026-02-05 17:20:56
Z검증용데이터.csv,수량,nn,nnn,True,2026-02-05 17:25:56
Z검증용데이터.csv,수량,nnn,nn,True,2026-02-05 17:26:26
Z검증용데이터.csv,수량,nn,n,True,2026-02-05 17:27:26
Z검증용데이터.csv,수량,n,nn,True,2026-02-05 17:27:56
Z검증용데이터.csv,수량,nn,n,True,2026-02-05 17:28:56
Z검증용데이터.csv,수량,n,nn,True,2026-02-05 17:29:26
Z검증용데이터.csv,수량,nn,n,True,2026-02-05 17:29:56
Z검증용데이터.csv,수량,n,nn,True,2026-02-05 17:30:26
Z검증용데이터.csv,수량,nn,nnn,True,2026-02-05 17:34:56
Z검증용데이터.csv,수량,nnn,nn,True,2026-02-05 17:35:26
Z검증용데이터.csv,수량,nn,n,True,2026-02-05 17:36:26
Z검증용데이터.csv,수량,n,nn,True,2026-02-05 17:36:56
Z검증용데이터.csv,수량,nn,n,True,2026-02-05 17:37:26
Z검증용데이터.csv,수량,n,nn,True,2026-02-05 17:37:56
Z검증용데이터.csv,수량,nn,n,True,2026-02-05 17:40:56
Z검증용데이터.csv,수량,n,nn,True,2026-02-05 17:41:26
Z검증용데이터.csv,수량,nn,n,True,2026-02-05 17:44:26
Z검증용데이터.csv,수량,n,nn,True,2026-02-05 17:44:56
Z검증용데이터.csv,수량,nn,n,True,2026-02-05 17:45:26
Z검증용데이터.csv,수량,n,nn,True,2026-02-05 17:45:56
Z검증용데이터.csv,수량,nn,n,True,2026-02-05 17:47:56
Z검증용데이터.csv,수량,n,nn,True,2026-02-05 17:48:26
Z검증용데이터.csv,수량,nn,n,True,2026-02-05 17:49:26
Z검증용데이터.csv,수량,n,nn,True,2026-02-05 17:49:56
Z검증용데이터.csv,수량,nn,n,True,2026-02-05 17:51:26
Z검증용데이터.csv,수량,n,nn,True,2026-02-05 17:51:56
Z검증용데이터.csv,수량,nn,n,True,2026-02-05 17:53:26
Z검증용데이터.csv,수량,n,nn,True,2026-02-05 17:53:56
Z검증용데이터.csv,수량,nn,n,True,2026-02-05 17:56:26
Z검증용데이터.csv,수량,n,nn,True,2026-02-05 17:56:56
Z검증용데이터.csv,수량,nn,n,True,2026-02-05 17:58:56
Z검증용데이터.csv,수량,n,nn,True,2026-02-05 17:59:26
Z검증용데이터.csv,수량,nn,n,True,2026-02-05 18:00:26
Z검증용데이터.csv,수량,n,nn,True,2026-02-05 18:00:56
Z검증용데이터.csv,수량,nn,n,True,2026-02-05 18:06:56
Z검증용데이터.csv,수량,n,nn,True,2026-02-05 18:07:26
Z검증용데이터.csv,수량,nn,n,True,2026-02-05 18:10:56
Z검증용데이터.csv,수량,n,nn,True,2026-02-05 18:11:26
Z검증용데이터.csv,수량,nn,n,True,2026-02-05 18:12:26
Z검증용데이터.csv,수량,n,nn,True,2026-02-05 18:12:56
Z검증용데이터.csv,수량,nn,n,True,2026-02-05 18:14:56
Z검증용데이터.csv,수량,n,nn,True,2026-02-05 18:15:26
Z검증용데이터.csv,수량,nn,n,True,2026-02-05 18:15:56
Z검증용데이터.csv,수량,n,nn,True,2026-02-05 18:16:26
Z검증용데이터.csv,수량,nn,n,True,2026-02-05 18:19:26
Z검증용데이터.csv,수량,n,nn,True,2026-02-05 18:20:26
Z검증용데이터.csv,수량,nn,n,True,2026-02-05 18:21:26
Z검증용데이터.csv,수량,n,nn,True,2026-02-05 18:22:56
Z검증용데이터.csv,수량,nn,nnn,True,2026-02-05 18:23:26
Z검증용데이터.csv,수량,nnn,nn,True,2026-02-05 18:23:56
Z검증용데이터.csv,수량,nn,n,True,2026-02-05 18:33:26
Z검증용데이터.csv,수량,n,nn,True,2026-02-05 18:33:56
Z검증용데이터.csv,수량,nn,n,True,2026-02-05 18:36:56
Z검증용데이터.csv,수량,n,nn,True,2026-02-05 18:38:56
Z검증용데이터.csv,수량,nn,n,True,2026-02-05 18:40:26
Z검증용데이터.csv,수량,n,nn,True,2026-02-05 18:41:26
Z검증용데이터.csv,수량,nn,n,True,2026-02-05 18:42:26
Z검증용데이터.csv,수량,n,nn,True,2026-02-05 18:43:26
Z검증용데이터.csv,수량,nn,n,True,2026-02-05 18:44:56
Z검증용데이터.csv,수량,n,nn,True,2026-02-05 18:45:26
Z검증용데이터.csv,수량,nn,n,True,2026-02-05 18:46:26
Z검증용데이터.csv,수량,n,nn,True,2026-02-05 18:47:26
Z검증용데이터.csv,수량,nn,n,True,2026-02-05 18:48:56
Z검증용데이터.csv,수량,n,nnn,True,2026-02-05 18:49:56
Z검증용데이터.csv,수량,nnn,nn,True,2026-02-05 18:50:26
Z검증용데이터.csv,수량,nn,n,True,2026-02-05 18:55:26
Z검증용데이터.csv,수량,n,nn,True,2026-02-05 18:55:56
Z검증용데이터.csv,수량,nn,n,True,2026-02-05 19:00:26
Z검증용데이터.csv,수량,n,nn,True,2026-02-05 19:00:56
Z검증용데이터.csv,수량,nn,n,True,2026-02-05 19:04:26
Z검증용데이터.csv,수량,n,nn,True,2026-02-05 19:04:56
Z검증용데이터.csv,수량,nn,n,True,2026-02-05 19:05:26
Z검증용데이터.csv,수량,n,nn,True,2026-02-05 19:05:56
Z검증용데이터.csv,수량,nn,n,True,2026-02-05 19:06:26
Z검증용데이터.csv,수량,n,nn,True,2026-02-05 19:07:26
Z검증용데이터.csv,수량,nn,n,True,2026-02-05 19:13:56
Z검증용데이터.csv,수량,n,nn,True,2026-02-05 19:15:56
Z검증용데이터.csv,수량,nn,n,True,2026-02-05 19:18:26
Z검증용데이터.csv,수량,n,nn,True,2026-02-05 19:18:56
Z검증용데이터.csv,수량,nn,n,True,2026-02-05 19:20:26
Z검증용데이터.csv,수량,n,nn,True,2026-02-05 19:22:26
Z검증용데이터.csv,수량,nn,nnn,True,2026-02-05 19:27:26
Z검증용데이터.csv,수량,nnn,nn,True,2026-02-05 19:27:56
Z검증용데이터.csv,수량,nn,n,True,2026-02-05 19:30:26
Z검증용데이터.csv,수량,n,nn,True,2026-02-05 19:30:56
Z검증용데이터.csv,수량,nn,n,True,2026-02-05 19:35:56
Z검증용데이터.csv,수량,n,nnn,True,2026-02-05 19:36:56
Z검증용데이터.csv,수량,nnn,nn,True,2026-02-05 19:37:26
Z검증용데이터.csv,수량,nn,n,True,2026-02-05 19:38:56
Z검증용데이터.csv,수량,n,nn,True,2026-02-05 19:39:26
Z검증용데이터.csv,수량,nn,n,True,2026-02-05 19:42:56
Z검증용데이터.csv,수량,n,nn,True,2026-02-05 19:43:26
Z검증용데이터.csv,수량,nn,n,True,2026-02-05 19:44:56
Z검증용데이터.csv,수량,n,nn,True,2026-02-05 19:45:56
Z검증용데이터.csv,수량,nn,n,True,2026-02-05 19:51:56
Z검증용데이터.csv,수량,n,nn,True,2026-02-05 19:52:26
Z검증용데이터.csv,수량,nn,n,True,2026-02-05 19:53:26
Z검증용데이터.csv,수량,n,nn,True,2026-02-05 19:53:56
Z검증용데이터.csv,수량,nn,n,True,2026-02-05 19:54:26
Z검증용데이터.csv,수량,n,nn,True,2026-02-05 19:54:56
Z검증용데이터.csv,수량,nn,n,True,2026-02-05 20:01:56
Z검증용데이터.csv,수량,n,nn,True,2026-02-05 20:02:26
Z검증용데이터.csv,수량,nn,n,True,2026-02-05 20:02:56
Z검증용데이터.csv,수량,n,nn,True,2026-02-05 20:03:26
Z검증용데이터.csv,수량,nn,n,True,2026-02-05 20:04:26
Z검증용데이터.csv,수량,n,nn,True,2026-02-05 20:04:56
Z검증용데이터.csv,수량,nn,n,True,2026-02-05 20:07:26
Z검증용데이터.csv,수량,n,nn,True,2026-02-05 20:07:56
Z검증용데이터.csv,수량,nn,n,True,2026-02-05 20:08:26
Z검증용데이터.csv,수량,n,nn,True,2026-02-05 20:09:56
Z검증용데이터.csv,수량,nn,n,True,2026-02-05 20:10:26
Z검증용데이터.csv,수량,n,nn,True,2026-02-05 20:10:56
Z검증용데이터.csv,수량,nn,n,True,2026-02-05 20:13:26
Z검증용데이터.csv,수량,n,nn,True,2026-02-05 20:13:56
Z검증용데이터.csv,수량,nn,n,True,2026-02-05 20:15:56
Z검증용데이터.csv,수량,n,nn,True,2026-02-05 20:16:26
Z검증용데이터.csv,수량,nn,n,True,2026-02-05 20:19:26
Z검증용데이터.csv,수량,n,nn,True,2026-02-05 20:19:56
Z검증용데이터.csv,수량,nn,n,True,2026-02-05 20:20:26
Z검증용데이터.csv,수량,n,nn,True,2026-02-05 20:20:56
Z검증용데이터.csv,수량,nn,n,True,2026-02-05 20:21:56
Z검증용데이터.csv,수량,n,nn,True,2026-02-05 20:22:26
Z검증용데이터.csv,수량,nn,nnn,True,2026-02-05 20:22:56
Z검증용데이터.csv,수량,nnn,nn,True,2026-02-05 20:23:26
Z검증용데이터.csv,수량,nn,n,True,2026-02-05 20:29:26
Z검증용데이터.csv,수량,n,nn,True,2026-02-05 20:29:56
Z검증용데이터.csv,수량,nn,n,True,2026-02-05 20:30:56
Z검증용데이터.csv,수량,n,nn,True,2026-02-05 20:31:26
Z검증용데이터.csv,수량,nn,n,True,2026-02-05 20:32:26
Z검증용데이터.csv,수량,n,nn,True,2026-02-05 20:32:56
Z검증용데이터.csv,수량,nn,n,True,2026-02-05 20:35:26
Z검증용데이터.csv,수량,n,nn,True,2026-02-05 20:36:26
Z검증용데이터.csv,수량,nn,n,True,2026-02-05 20:37:56
Z검증용데이터.csv,수량,n,nn,True,2026-02-05 20:38:26
Z검증용데이터.csv,수량,nn,n,True,2026-02-05 20:41:56
Z검증용데이터.csv,수량,n,nn,True,2026-02-05 20:42:26
Z검증용데이터.csv,수량,nn,nnn,True,2026-02-05 20:49:26
Z검증용데이터.csv,수량,nnn,nn,True,2026-02-05 20:49:56
Z검증용데이터.csv,수량,nn,n,True,2026-02-05 20:51:26
Z검증용데이터.csv,수량,n,nn,True,2026-02-05 20:52:26
Z검증용데이터.csv,수량,nn,n,True,2026-02-05 20:52:56
Z검증용데이터.csv,수량,n,nn,True,2026-02-05 20:53:26
Z검증용데이터.csv,수량,nn,n,True,2026-02-05 20:59:56
Z검증용데이터.csv,수량,n,nn,True,2026-02-05 21:00:26
Z검증용데이터.csv,수량,nn,n,True,2026-02-05 21:03:56
Z검증용데이터.csv,수량,n,nn,True,2026-02-05 21:04:26
Z검증용데이터.csv,수량,nn,n,True,2026-02-05 21:04:56
Z검증용데이터.csv,수량,n,nn,True,2026-02-05 21:05:26
Z검증용데이터.csv,수량,nn,n,True,2026-02-05 21:05:56
Z검증용데이터.csv,수량,n,nn,True,2026-02-05 21:06:56
Z검증용데이터.csv,수량,nn,n,True,2026-02-05 21:08:56
Z검증용데이터.csv,수량,n,nn,True,2026-02-05 21:09:26
Z검증용데이터.csv,수량,nn,n,True,2026-02-05 21:10:26
Z검증용데이터.csv,수량,n,nn,True,2026-02-05 21:10:56
Z검증용데이터.csv,수량,nn,n,True,2026-02-05 21:12:26
Z검증용데이터.csv,수량,n,nn,True,2026-02-05 21:12:56
Z검증용데이터.csv,수량,nn,n,True,2026-02-05 21:17:56
Z검증용데이터.csv,수량,n,nn,True,2026-02-05 21:18:26
Z검증용데이터.csv,수량,nn,n,True,2026-02-05 21:20:26
Z검증용데이터.csv,수량,n,nn,True,2026-02-05 21:21:26
Z검증용데이터.csv,수량,nn,n,True,2026-02-05 21:23:56
Z검증용데이터.csv,수량,n,nn,True,2026-02-05 21:24:26
Z검증용데이터.csv,수량,nn,n,True,2026-02-05 21:26:56
Z검증용데이터.csv,수량,n,nn,True,2026-02-05 21:27:26
Z검증용데이터.csv,수량,nn,n,True,2026-02-05 21:28:56
Z검증용데이터.csv,수량,n,nn,True,2026-02-05 21:29:26
Z검증용데이터.csv,수량,nn,n,True,2026-02-05 21:30:26
Z검증용데이터.csv,수량,n,nn,True,2026-02-05 21:30:56
Z검증용데이터.csv,수량,nn,n,True,2026-02-05 21:31:56
Z검증용데이터.csv,수량,n,nn,True,2026-02-05 21:32:26
Z검증용데이터.csv,수량,nn,n,True,2026-02-05 21:32:56
Z검증용데이터.csv,수량,n,nn,True,2026-02-05 21:33:56
Z검증용데이터.csv,수량,nn,n,True,2026-02-05 21:36:26
Z검증용데이터.csv,수량,n,nn,True,2026-02-05 21:37:26
Z검증용데이터.csv,수량,nn,n,True,2026-02-05 21:38:26
Z검증용데이터.csv,수량,n,nn,True,2026-02-05 21:38:56
Z검증용데이터.csv,수량,nn,n,True,2026-02-05 21:41:56
Z검증용데이터.csv,수량,n,nn,True,2026-02-05 21:42:26
Z검증용데이터.csv,수량,nn,n,True,2026-02-05 21:45:56
Z검증용데이터.csv,수량,n,nn,True,2026-02-05 21:46:26
Z검증용데이터.csv,수량,nn,n,True,2026-02-05 21:47:26
Z검증용데이터.csv,수량,n,nn,True,2026-02-05 21:47:56
Z검증용데이터.csv,수량,nn,n,True,2026-02-05 21:50:26
Z검증용데이터.csv,수량,n,nn,True,2026-02-05 21:50:56
Z검증용데이터.csv,수량,nn,n,True,2026-02-05 21:53:26
Z검증용데이터.csv,수량,n,nn,True,2026-02-05 21:53:56
Z검증용데이터.csv,수량,nn,n,True,2026-02-05 21:55:56
Z검증용데이터.csv,수량,n,nn,True,2026-02-05 21:56:26
Z검증용데이터.csv,수량,nn,n,True,2026-02-05 21:57:56
Z검증용데이터.csv,수량,n,nn,True,2026-02-05 21:58:26
Z검증용데이터.csv,수량,nn,n,True,2026-02-05 22:03:26
Z검증용데이터.csv,수량,n,nn,True,2026-02-05 22:03:56
Z검증용데이터.csv,수량,nn,n,True,2026-02-05 22:05:56
Z검증용데이터.csv,수량,n,nn,True,2026-02-05 22:06:26
Z검증용데이터.csv,수량,nn,nnn,True,2026-02-05 22:10:26
Z검증용데이터.csv,수량,nnn,nn,True,2026-02-05 22:10:56
Z검증용데이터.csv,수량,nn,n,True,2026-02-05 22:12:26
Z검증용데이터.csv,수량,n,nn,True,2026-02-05 22:12:56
Z검증용데이터.csv,수량,nn,n,True,2026-02-05 22:16:26
Z검증용데이터.csv,수량,n,nn,True,2026-02-05 22:16:56
Z검증용데이터.csv,수량,nn,nnn,True,2026-02-05 22:18:56
Z검증용데이터.csv,수량,nnn,nn,True,2026-02-05 22:19:56
Z검증용데이터.csv,수량,nn,n,True,2026-02-05 22:22:56
Z검증용데이터.csv,수량,n,nn,True,2026-02-05 22:23:26
Z검증용데이터.csv,수량,nn,n,True,2026-02-05 22:23:56
Z검증용데이터.csv,수량,n,nn,True,2026-02-05 22:24:56
Z검증용데이터.csv,수량,nn,n,True,2026-02-05 22:25:26
Z검증용데이터.csv,수량,n,nn,True,2026-02-05 22:25:56
Z검증용데이터.csv,수량,nn,n,True,2026-02-05 22:28:56
Z검증용데이터.csv,수량,n,nn,True,2026-02-05 22:29:26
Z검증용데이터.csv,수량,nn,n,True,2026-02-05 22:31:26
Z검증용데이터.csv,수량,n,nn,True,2026-02-05 22:31:56
Z검증용데이터.csv,수량,nn,n,True,2026-02-05 22:37:56
Z검증용데이터.csv,수량,n,nn,True,2026-02-05 22:38:26
Z검증용데이터.csv,수량,nn,n,True,2026-02-05 22:39:56
Z검증용데이터.csv,수량,n,nn,True,2026-02-05 22:40:26
Z검증용데이터.csv,수량,nn,n,True,2026-02-05 22:42:26
Z검증용데이터.csv,수량,n,nn,True,2026-02-05 22:42:56
Z검증용데이터.csv,수량,nn,n,True,2026-02-05 22:43:56
Z검증용데이터.csv,수량,n,nn,True,2026-02-05 22:44:56
Z검증용데이터.csv,수량,nn,nnn,True,2026-02-05 22:46:56
Z검증용데이터.csv,수량,nnn,nn,True,2026-02-05 22:47:26
Z검증용데이터.csv,수량,nn,n,True,2026-02-05 22:49:26
Z검증용데이터.csv,수량,n,nn,True,2026-02-05 22:49:56
Z검증용데이터.csv,수량,nn,n,True,2026-02-05 22:51:56
Z검증용데이터.csv,수량,n,nn,True,2026-02-05 22:52:56
Z검증용데이터.csv,수량,nn,n,True,2026-02-05 22:53:26
Z검증용데이터.csv,수량,n,nn,True,2026-02-05 22:53:56
Z검증용데이터.csv,수량,nn,n,True,2026-02-05 22:54:26
Z검증용데이터.csv,수량,n,nn,True,2026-02-05 22:55:56
Z검증용데이터.csv,수량,nn,nnn,True,2026-02-05 22:58:26
Z검증용데이터.csv,수량,nnn,nn,True,2026-02-05 22:58:56
Z검증용데이터.csv,수량,nn,n,True,2026-02-05 22:59:26
Z검증용데이터.csv,수량,n,nn,True,2026-02-05 23:00:26
Z검증용데이터.csv,수량,nn,n,True,2026-02-05 23:06:26
Z검증용데이터.csv,수량,n,nn,True,2026-02-05 23:06:56
Z검증용데이터.csv,수량,nn,n,True,2026-02-05 23:07:56
Z검증용데이터.csv,수량,n,nn,True,2026-02-05 23:08:26
Z검증용데이터.csv,수량,nn,n,True,2026-02-05 23:10:26
Z검증용데이터.csv,수량,n,nn,True,2026-02-05 23:10:56
Z검증용데이터.csv,수량,nn,n,True,2026-02-05 23:13:56
Z검증용데이터.csv,수량,n,nn,True,2026-02-05 23:14:26
Z검증용데이터.csv,수량,nn,n,True,2026-02-05 23:15:56
Z검증용데이터.csv,수량,n,nn,True,2026-02-05 23:16:26
Z검증용데이터.csv,수량,nn,n,True,2026-02-05 23:17:56
Z검증용데이터.csv,수량,n,nn,True,2026-02-05 23:18:26
Z검증용데이터.csv,수량,nn,n,True,2026-02-05 23:22:26
Z검증용데이터.csv,수량,n,nn,True,2026-02-05 23:22:56
Z검증용데이터.csv,수량,nn,n,True,2026-02-05 23:26:56
Z검증용데이터.csv,수량,n,nn,True,2026-02-05 23:27:26
Z검증용데이터.csv,수량,nn,nnn,True,2026-02-05 23:32:56
Z검증용데이터.csv,수량,nnn,nn,True,2026-02-05 23:33:26
Z검증용데이터.csv,수량,nn,n,True,2026-02-05 23:39:56
Z검증용데이터.csv,수량,n,nn,True,2026-02-05 23:40:26
Z검증용데이터.csv,수량,nn,n,True,2026-02-05 23:41:56
Z검증용데이터.csv,수량,n,nn,True,2026-02-05 23:42:26
Z검증용데이터.csv,수량,nn,n,True,2026-02-05 23:46:56
Z검증용데이터.csv,수량,n,nn,True,2026-02-05 23:47:56
Z검증용데이터.csv,수량,nn,n,True,2026-02-05 23:58:26
Z검증용데이터.csv,수량,n,nn,True,2026-02-05 23:58:56
Z검증용데이터.csv,수량,nn,n,True,2026-02-05 23:59:56
Z검증용데이터.csv,수량,n,nn,True,2026-02-06 00:00:26
Z검증용데이터.csv,수량,nn,nnn,True,2026-02-06 00:00:56
Z검증용데이터.csv,수량,nnn,nn,True,2026-02-06 00:01:26
Z검증용데이터.csv,수량,nn,n,True,2026-02-06 00:02:26
Z검증용데이터.csv,수량,n,nn,True,2026-02-06 00:02:56
Z검증용데이터.csv,수량,nn,n,True,2026-02-06 00:04:26
Z검증용데이터.csv,수량,n,nn,True,2026-02-06 00:04:56
Z검증용데이터.csv,수량,nn,n,True,2026-02-06 00:05:26
Z검증용데이터.csv,수량,n,nn,True,2026-02-06 00:06:26
Z검증용데이터.csv,수량,nn,n,True,2026-02-06 00:06:56
Z검증용데이터.csv,수량,n,nn,True,2026-02-06 00:07:26
Z검증용데이터.csv,수량,nn,n,True,2026-02-06 00:09:26
Z검증용데이터.csv,수량,n,nn,True,2026-02-06 00:09:56
Z검증용데이터.csv,수량,nn,nnn,True,2026-02-06 00:10:56
Z검증용데이터.csv,수량,nnn,nn,True,2026-02-06 00:11:56
Z검증용데이터.csv,수량,nn,n,True,2026-02-06 00:17:56
Z검증용데이터.csv,수량,n,nn,True,2026-02-06 00:18:26
Z검증용데이터.csv,수량,nn,n,True,2026-02-06 00:19:56
Z검증용데이터.csv,수량,n,nn,True,2026-02-06 00:20:56
Z검증용데이터.csv,수량,nn,n,True,2026-02-06 00:22:56
Z검증용데이터.csv,수량,n,nn,True,2026-02-06 00:23:26
Z검증용데이터.csv,수량,nn,n,True,2026-02-06 00:24:56
Z검증용데이터.csv,수량,n,nn,True,2026-02-06 00:25:26
Z검증용데이터.csv,수량,nn,n,True,2026-02-06 00:25:56
Z검증용데이터.csv,수량,n,nn,True,2026-02-06 00:26:26
Z검증용데이터.csv,수량,nn,n,True,2026-02-06 00:34:56
Z검증용데이터.csv,수량,n,nn,True,2026-02-06 00:35:26
Z검증용데이터.csv,수량,nn,n,True,2026-02-06 00:37:26
Z검증용데이터.csv,수량,n,nn,True,2026-02-06 00:37:56
Z검증용데이터.csv,수량,nn,n,True,2026-02-06 00:41:56
Z검증용데이터.csv,수량,n,nn,True,2026-02-06 00:42:26
Z검증용데이터.csv,수량,nn,n,True,2026-02-06 00:43:26
Z검증용데이터.csv,수량,n,nn,True,2026-02-06 00:43:56
Z검증용데이터.csv,수량,nn,n,True,2026-02-06 00:44:26
Z검증용데이터.csv,수량,n,nn,True,2026-02-06 00:44:56
Z검증용데이터.csv,수량,nn,n,True,2026-02-06 00:46:26
Z검증용데이터.csv,수량,n,nn,True,2026-02-06 00:46:56
Z검증용데이터.csv,수량,nn,n,True,2026-02-06 00:47:56
Z검증용데이터.csv,수량,n,nn,True,2026-02-06 00:48:26
Z검증용데이터.csv,수량,nn,n,True,2026-02-06 00:51:56
Z검증용데이터.csv,수량,n,nn,True,2026-02-06 00:52:26
Z검증용데이터.csv,수량,nn,n,True,2026-02-06 00:54:26
Z검증용데이터.csv,수량,n,nn,True,2026-02-06 00:55:26
Z검증용데이터.csv,수량,nn,n,True,2026-02-06 00:56:56
Z검증용데이터.csv,수량,n,nn,True,2026-02-06 00:57:26
Z검증용데이터.csv,수량,nn,n,True,2026-02-06 01:02:26
Z검증용데이터.csv,수량,n,nn,True,2026-02-06 01:03:26
Z검증용데이터.csv,수량,nn,n,True,2026-02-06 01:03:56
Z검증용데이터.csv,수량,n,nn,True,2026-02-06 01:05:26
Z검증용데이터.csv,수량,nn,n,True,2026-02-06 01:06:56
Z검증용데이터.csv,수량,n,nn,True,2026-02-06 01:07:26
Z검증용데이터.csv,수량,nn,n,True,2026-02-06 01:11:26
Z검증용데이터.csv,수량,n,nn,True,2026-02-06 01:12:26
Z검증용데이터.csv,수량,nn,n,True,2026-02-06 01:14:26
Z검증용데이터.csv,수량,n,nn,True,2026-02-06 01:14:56
Z검증용데이터.csv,수량,nn,n,True,2026-02-06 01:18:26
Z검증용데이터.csv,수량,n,nn,True,2026-02-06 01:18:56
Z검증용데이터.csv,수량,nn,n,True,2026-02-06 01:22:56
Z검증용데이터.csv,수량,n,nn,True,2026-02-06 01:23:26
Z검증용데이터.csv,수량,nn,n,True,2026-02-06 01:24:56
Z검증용데이터.csv,수량,n,nn,True,2026-02-06 01:25:26
Z검증용데이터.csv,수량,nn,n,True,2026-02-06 01:25:56
Z검증용데이터.csv,수량,n,nn,True,2026-02-06 01:26:26
Z검증용데이터.csv,수량,nn,n,True,2026-02-06 01:30:56
Z검증용데이터.csv,수량,n,nn,True,2026-02-06 01:31:26
Z검증용데이터.csv,수량,nn,n,True,2026-02-06 01:42:56
Z검증용데이터.csv,수량,n,nn,True,2026-02-06 01:43:26
Z검증용데이터.csv,수량,nn,n,True,2026-02-06 01:44:56
Z검증용데이터.csv,수량,n,nn,True,2026-02-06 01:45:26
Z검증용데이터.csv,수량,nn,n,True,2026-02-06 01:45:56
Z검증용데이터.csv,수량,n,nn,True,2026-02-06 01:46:26
Z검증용데이터.csv,수량,nn,n,True,2026-02-06 01:49:26
Z검증용데이터.csv,수량,n,nn,True,2026-02-06 01:49:56
Z검증용데이터.csv,수량,nn,n,True,2026-02-06 01:50:26
Z검증용데이터.csv,수량,n,nn,True,2026-02-06 01:51:26
Z검증용데이터.csv,수량,nn,n,True,2026-02-06 01:53:26
Z검증용데이터.csv,수량,n,nn,True,2026-02-06 01:53:56
Z검증용데이터.csv,수량,nn,n,True,2026-02-06 01:55:26
Z검증용데이터.csv,수량,n,nn,True,2026-02-06 01:55:56
Z검증용데이터.csv,수량,nn,n,True,2026-02-06 01:56:56
Z검증용데이터.csv,수량,n,nn,True,2026-02-06 01:57:26
Z검증용데이터.csv,수량,nn,n,True,2026-02-06 01:59:26
Z검증용데이터.csv,수량,n,nn,True,2026-02-06 01:59:56
Z검증용데이터.csv,수량,nn,n,True,2026-02-06 02:06:56
Z검증용데이터.csv,수량,n,nn,True,2026-02-06 02:07:26
Z검증용데이터.csv,수량,nn,n,True,2026-02-06 02:07:56
Z검증용데이터.csv,수량,n,nn,True,2026-02-06 02:08:26
Z검증용데이터.csv,수량,nn,n,True,2026-02-06 02:16:56
Z검증용데이터.csv,수량,n,nn,True,2026-02-06 02:17:26
Z검증용데이터.csv,수량,nn,n,True,2026-02-06 02:20:26
Z검증용데이터.csv,수량,n,nn,True,2026-02-06 02:20:56
Z검증용데이터.csv,수량,nn,n,True,2026-02-06 02:21:26
Z검증용데이터.csv,수량,n,nn,True,2026-02-06 02:23:26
Z검증용데이터.csv,수량,nn,n,True,2026-02-06 02:23:56
Z검증용데이터.csv,수량,n,nn,True,2026-02-06 02:24:26
Z검증용데이터.csv,수량,nn,n,True,2026-02-06 02:25:26
Z검증용데이터.csv,수량,n,nn,True,2026-02-06 02:25:56
Z검증용데이터.csv,수량,nn,n,True,2026-02-06 02:32:56
Z검증용데이터.csv,수량,n,nn,True,2026-02-06 02:33:56
Z검증용데이터.csv,수량,nn,n,True,2026-02-06 02:35:26
Z검증용데이터.csv,수량,n,nn,True,2026-02-06 02:36:26
Z검증용데이터.csv,수량,nn,n,True,2026-02-06 02:41:56
Z검증용데이터.csv,수량,n,nn,True,2026-02-06 02:42:26
Z검증용데이터.csv,수량,nn,n,True,2026-02-06 02:45:56
Z검증용데이터.csv,수량,n,nn,True,2026-02-06 02:46:26
Z검증용데이터.csv,수량,nn,n,True,2026-02-06 02:46:56
Z검증용데이터.csv,수량,n,nn,True,2026-02-06 02:47:26
Z검증용데이터.csv,수량,nn,n,True,2026-02-06 02:47:56
Z검증용데이터.csv,수량,n,nn,True,2026-02-06 02:48:26
Z검증용데이터.csv,수량,nn,n,True,2026-02-06 02:48:56
Z검증용데이터.csv,수량,n,nn,True,2026-02-06 02:49:56
Z검증용데이터.csv,수량,nn,n,True,2026-02-06 02:50:26
Z검증용데이터.csv,수량,n,nn,True,2026-02-06 02:51:26
Z검증용데이터.csv,수량,nn,n,True,2026-02-06 02:55:56
Z검증용데이터.csv,수량,n,nn,True,2026-02-06 02:56:26
Z검증용데이터.csv,수량,nn,n,True,2026-02-06 02:57:26
Z검증용데이터.csv,수량,n,nn,True,2026-02-06 02:58:26
Z검증용데이터.csv,수량,nn,n,True,2026-02-06 03:04:26
Z검증용데이터.csv,수량,n,nn,True,2026-02-06 03:05:26
Z검증용데이터.csv,수량,nn,n,True,2026-02-06 03:08:56
Z검증용데이터.csv,수량,n,nn,True,2026-02-06 03:09:26
Z검증용데이터.csv,수량,nn,n,True,2026-02-06 03:10:26
Z검증용데이터.csv,수량,n,nn,True,2026-02-06 03:11:26
Z검증용데이터.csv,수량,nn,n,True,2026-02-06 03:14:26
Z검증용데이터.csv,수량,n,nn,True,2026-02-06 03:15:26
Z검증용데이터.csv,수량,nn,n,True,2026-02-06 03:17:26
Z검증용데이터.csv,수량,n,nn,True,2026-02-06 03:17:56
Z검증용데이터.csv,수량,nn,n,True,2026-02-06 03:21:56
Z검증용데이터.csv,수량,n,nn,True,2026-02-06 03:22:26
Z검증용데이터.csv,수량,nn,n,True,2026-02-06 03:25:26
Z검증용데이터.csv,수량,n,nn,True,2026-02-06 03:25:56
Z검증용데이터.csv,수량,nn,n,True,2026-02-06 03:26:56
Z검증용데이터.csv,수량,n,nn,True,2026-02-06 03:27:26
Z검증용데이터.csv,수량,nn,n,True,2026-02-06 03:30:56
Z검증용데이터.csv,수량,n,nn,True,2026-02-06 03:31:26
Z검증용데이터.csv,수량,nn,n,True,2026-02-06 03:33:26
Z검증용데이터.csv,수량,n,nn,True,2026-02-06 03:33:56
Z검증용데이터.csv,수량,nn,nnn,True,2026-02-06 03:35:56
Z검증용데이터.csv,수량,nnn,nn,True,2026-02-06 03:36:26
Z검증용데이터.csv,수량,nn,n,True,2026-02-06 03:36:56
Z검증용데이터.csv,수량,n,nn,True,2026-02-06 03:37:26
Z검증용데이터.csv,수량,nn,n,True,2026-02-06 03:39:26
Z검증용데이터.csv,수량,n,nn,True,2026-02-06 03:39:56
Z검증용데이터.csv,수량,nn,n,True,2026-02-06 03:40:56
Z검증용데이터.csv,수량,n,nn,True,2026-02-06 03:41:26
Z검증용데이터.csv,수량,nn,n,True,2026-02-06 03:44:26
Z검증용데이터.csv,수량,n,nn,True,2026-02-06 03:44:56
Z검증용데이터.csv,수량,nn,n,True,2026-02-06 03:45:56
Z검증용데이터.csv,수량,n,nn,True,2026-02-06 03:46:26
Z검증용데이터.csv,수량,nn,n,True,2026-02-06 03:48:26
Z검증용데이터.csv,수량,n,nn,True,2026-02-06 03:48:56
Z검증용데이터.csv,수량,nn,n,True,2026-02-06 03:51:56
Z검증용데이터.csv,수량,n,nn,True,2026-02-06 03:52:26
Z검증용데이터.csv,수량,nn,n,True,2026-02-06 03:53:26
Z검증용데이터.csv,수량,n,nn,True,2026-02-06 03:53:56
Z검증용데이터.csv,수량,nn,n,True,2026-02-06 03:55:26
Z검증용데이터.csv,수량,n,nn,True,2026-02-06 03:55:56
Z검증용데이터.csv,수량,nn,n,True,2026-02-06 03:56:26
Z검증용데이터.csv,수량,n,nn,True,2026-02-06 03:57:26
Z검증용데이터.csv,수량,nn,n,True,2026-02-06 03:58:56
Z검증용데이터.csv,수량,n,nn,True,2026-02-06 03:59:26
Z검증용데이터.csv,수량,nn,n,True,2026-02-06 04:05:56
Z검증용데이터.csv,수량,n,nn,True,2026-02-06 04:06:26
Z검증용데이터.csv,수량,nn,n,True,2026-02-06 04:09:56
Z검증용데이터.csv,수량,n,nn,True,2026-02-06 04:10:26
Z검증용데이터.csv,수량,nn,n,True,2026-02-06 04:16:26
Z검증용데이터.csv,수량,n,nn,True,2026-02-06 04:16:56
Z검증용데이터.csv,수량,nn,n,True,2026-02-06 04:18:56
Z검증용데이터.csv,수량,n,nn,True,2026-02-06 04:20:26
Z검증용데이터.csv,수량,nn,n,True,2026-02-06 04:29:26
Z검증용데이터.csv,수량,n,nn,True,2026-02-06 04:30:26
Z검증용데이터.csv,수량,nn,n,True,2026-02-06 04:33:56
Z검증용데이터.csv,수량,n,nn,True,2026-02-06 04:35:26
Z검증용데이터.csv,수량,nn,n,True,2026-02-06 04:35:56
Z검증용데이터.csv,수량,n,nn,True,2026-02-06 04:36:26
Z검증용데이터.csv,수량,nn,n,True,2026-02-06 04:39:56
Z검증용데이터.csv,수량,n,nn,True,2026-02-06 04:40:56
Z검증용데이터.csv,수량,nn,n,True,2026-02-06 04:41:56
Z검증용데이터.csv,수량,n,nn,True,2026-02-06 04:42:26
Z검증용데이터.csv,수량,nn,n,True,2026-02-06 04:46:26
Z검증용데이터.csv,수량,n,nn,True,2026-02-06 04:46:56
Z검증용데이터.csv,수량,nn,n,True,2026-02-06 04:47:56
Z검증용데이터.csv,수량,n,nn,True,2026-02-06 04:48:26
Z검증용데이터.csv,수량,nn,n,True,2026-02-06 04:49:26
Z검증용데이터.csv,수량,n,nn,True,2026-02-06 04:49:56
Z검증용데이터.csv,수량,nn,n,True,2026-02-06 04:50:56
Z검증용데이터.csv,수량,n,nn,True,2026-02-06 04:51:56
Z검증용데이터.csv,수량,nn,n,True,2026-02-06 04:53:56
Z검증용데이터.csv,수량,n,nn,True,2026-02-06 04:54:26
Z검증용데이터.csv,수량,nn,n,True,2026-02-06 04:56:26
Z검증용데이터.csv,수량,n,nn,True,2026-02-06 04:57:26
Z검증용데이터.csv,수량,nn,n,True,2026-02-06 04:57:56
Z검증용데이터.csv,수량,n,nn,True,2026-02-06 04:58:26
Z검증용데이터.csv,수량,nn,nnnnnn,True,2026-02-06 04:58:56
Z검증용데이터.csv,수량,nnnnnn,nnnnn,True,2026-02-06 04:59:56
Z검증용데이터.csv,수량,nnnnn,nnnnnnn,True,2026-02-06 05:00:26
Z검증용데이터.csv,수량,nnnnnnn,nnnnnn,True,2026-02-06 05:00:56
Z검증용데이터.csv,단가,nnnn,nnn,True,2026-02-05 13:19:26
Z검증용데이터.csv,단가,nnn,nnnn,True,2026-02-05 13:20:26
Z검증용데이터.csv,단가,nnnn,nnn,True,2026-02-05 13:24:26
Z검증용데이터.csv,단가,nnn,nnnn,True,2026-02-05 13:24:56
Z검증용데이터.csv,단가,nnnn,nnn,True,2026-02-05 13:45:56
Z검증용데이터.csv,단가,nnn,nnnn,True,2026-02-05 13:46:26
Z검증용데이터.csv,단가,nnnn,nnn,True,2026-02-05 13:47:56
Z검증용데이터.csv,단가,nnn,nnnn,True,2026-02-05 13:48:26
Z검증용데이터.csv,단가,nnnn,nnn,True,2026-02-05 13:49:26
Z검증용데이터.csv,단가,nnn,nnnn,True,2026-02-05 13:49:56
Z검증용데이터.csv,단가,nnnn,nnn,True,2026-02-05 13:53:56
Z검증용데이터.csv,단가,nnn,nnnn,True,2026-02-05 13:54:26
Z검증용데이터.csv,단가,nnnn,nnn,True,2026-02-05 14:02:26
Z검증용데이터.csv,단가,nnn,nnnn,True,2026-02-05 14:02:56
Z검증용데이터.csv,단가,nnnn,nnn,True,2026-02-05 14:04:56
Z검증용데이터.csv,단가,nnn,nnnn,True,2026-02-05 14:05:26
Z검증용데이터.csv,단가,nnnn,nnn,True,2026-02-05 14:08:56
Z검증용데이터.csv,단가,nnn,nnnn,True,2026-02-05 14:09:26
Z검증용데이터.csv,단가,nnnn,nnn,True,2026-02-05 14:12:26
Z검증용데이터.csv,단가,nnn,nnnn,True,2026-02-05 14:12:56
Z검증용데이터.csv,단가,nnnn,nnn,True,2026-02-05 14:22:56
Z검증용데이터.csv,단가,nnn,nnnn,True,2026-02-05 14:23:26
Z검증용데이터.csv,단가,nnnn,nnn,True,2026-02-05 14:32:56
Z검증용데이터.csv,단가,nnn,nnnn,True,2026-02-05 14:33:26
Z검증용데이터.csv,단가,nnnn,nnn,True,2026-02-05 14:39:56
Z검증용데이터.csv,단가,nnn,nnnn,True,2026-02-05 14:40:26
Z검증용데이터.csv,단가,nnnn,nnn,True,2026-02-05 14:46:56
Z검증용데이터.csv,단가,nnn,nnnn,True,2026-02-05 14:47:26
Z검증용데이터.csv,단가,nnnn,nnn,True,2026-02-05 14:56:56
Z검증용데이터.csv,단가,nnn,nnnn,True,2026-02-05 14:57:26
Z검증용데이터.csv,단가,nnnn,nnn,True,2026-02-05 15:03:26
Z검증용데이터.csv,단가,nnn,nnnn,True,2026-02-05 15:03:56
Z검증용데이터.csv,단가,nnnn,nnn,True,2026-02-05 15:07:26
Z검증용데이터.csv,단가,nnn,nnnn,True,2026-02-05 15:08:26
Z검증용데이터.csv,단가,nnnn,nnn,True,2026-02-05 15:19:26
Z검증용데이터.csv,단가,nnn,nnnn,True,2026-02-05 15:19:56
Z검증용데이터.csv,단가,nnnn,nnn,True,2026-02-05 15:22:56
Z검증용데이터.csv,단가,nnn,nnnn,True,2026-02-05 15:23:26
Z검증용데이터.csv,단가,nnnn,nnn,True,2026-02-05 15:29:26
Z검증용데이터.csv,단가,nnn,nnnn,True,2026-02-05 15:29:56
Z검증용데이터.csv,단가,nnnn,nnn,True,2026-02-05 15:31:26
Z검증용데이터.csv,단가,nnn,nnnn,True,2026-02-05 15:31:56
Z검증용데이터.csv,단가,nnnn,nnn,True,2026-02-05 15:36:56
Z검증용데이터.csv,단가,nnn,nnnn,True,2026-02-05 15:37:26
Z검증용데이터.csv,단가,nnnn,nnn,True,2026-02-05 15:37:56
Z검증용데이터.csv,단가,nnn,nnnn,True,2026-02-05 15:38:56
Z검증용데이터.csv,단가,nnnn,nnn,True,2026-02-05 15:39:26
Z검증용데이터.csv,단가,nnn,nnnn,True,2026-02-05 15:39:56
Z검증용데이터.csv,단가,nnnn,nnn,True,2026-02-05 15:41:26
Z검증용데이터.csv,단가,nnn,nnnn,True,2026-02-05 15:41:56
Z검증용데이터.csv,단가,nnnn,nnn,True,2026-02-05 15:49:56
Z검증용데이터.csv,단가,nnn,nnnn,True,2026-02-05 15:50:56
Z검증용데이터.csv,단가,nnnn,nnn,True,2026-02-05 16:00:56
Z검증용데이터.csv,단가,nnn,nnnn,True,2026-02-05 16:01:26
Z검증용데이터.csv,단가,nnnn,nnn,True,2026-02-05 16:08:26
Z검증용데이터.csv,단가,nnn,nnnn,True,2026-02-05 16:08:56
Z검증용데이터.csv,단가,nnnn,nnn,True,2026-02-05 16:13:26
Z검증용데이터.csv,단가,nnn,nnnn,True,2026-02-05 16:13:56
Z검증용데이터.csv,단가,nnnn,nnn,True,2026-02-05 16:18:56
Z검증용데이터.csv,단가,nnn,nnnn,True,2026-02-05 16:19:26
Z검증용데이터.csv,단가,nnnn,nnn,True,2026-02-05 16:20:56
Z검증용데이터.csv,단가,nnn,nnnn,True,2026-02-05 16:21:26
Z검증용데이터.csv,단가,nnnn,nnn,True,2026-02-05 16:21:56
Z검증용데이터.csv,단가,nnn,nnnn,True,2026-02-05 16:22:26
Z검증용데이터.csv,단가,nnnn,nnn,True,2026-02-05 16:22:56
Z검증용데이터.csv,단가,nnn,nnnn,True,2026-02-05 16:23:26
Z검증용데이터.csv,단가,nnnn,nnn,True,2026-02-05 16:54:26
Z검증용데이터.csv,단가,nnn,nnnn,True,2026-02-05 16:54:56
Z검증용데이터.csv,단가,nnnn,nnn,True,2026-02-05 16:58:26
Z검증용데이터.csv,단가,nnn,nnnn,True,2026-02-05 16:58:56
Z검증용데이터.csv,단가,nnnn,nnn,True,2026-02-05 17:07:56
Z검증용데이터.csv,단가,nnn,nnnn,True,2026-02-05 17:08:56
Z검증용데이터.csv,단가,nnnn,nnn,True,2026-02-05 17:09:56
Z검증용데이터.csv,단가,nnn,nnnn,True,2026-02-05 17:10:26
Z검증용데이터.csv,단가,nnnn,nnn,True,2026-02-05 17:16:26
Z검증용데이터.csv,단가,nnn,nnnn,True,2026-02-05 17:16:56
Z검증용데이터.csv,단가,nnnn,nnn,True,2026-02-05 17:35:26
Z검증용데이터.csv,단가,nnn,nnnn,True,2026-02-05 17:35:56
Z검증용데이터.csv,단가,nnnn,nnn,True,2026-02-05 17:44:26
Z검증용데이터.csv,단가,nnn,nnnn,True,2026-02-05 17:44:56
Z검증용데이터.csv,단가,nnnn,nnn,True,2026-02-05 17:56:26
Z검증용데이터.csv,단가,nnn,nnnn,True,2026-02-05 17:56:56
Z검증용데이터.csv,단가,nnnn,nnn,True,2026-02-05 18:06:26
Z검증용데이터.csv,단가,nnn,nnnn,True,2026-02-05 18:06:56
Z검증용데이터.csv,단가,nnnn,nnn,True,2026-02-05 18:14:26
Z검증용데이터.csv,단가,nnn,nnnn,True,2026-02-05 18:14:56
Z검증용데이터.csv,단가,nnnn,nnn,True,2026-02-05 18:32:26
Z검증용데이터.csv,단가,nnn,nnnn,True,2026-02-05 18:32:56
Z검증용데이터.csv,단가,nnnn,nnn,True,2026-02-05 18:34:26
Z검증용데이터.csv,단가,nnn,nnnn,True,2026-02-05 18:34:56
Z검증용데이터.csv,단가,nnnn,nnn,True,2026-02-05 18:41:26
Z검증용데이터.csv,단가,nnn,nnnn,True,2026-02-05 18:41:56
Z검증용데이터.csv,단가,nnnn,nnn,True,2026-02-05 18:50:26
Z검증용데이터.csv,단가,nnn,nnnn,True,2026-02-05 18:50:56
Z검증용데이터.csv,단가,nnnn,nnn,True,2026-02-05 18:55:56
Z검증용데이터.csv,단가,nnn,nnnn,True,2026-02-05 18:56:26
Z검증용데이터.csv,단가,nnnn,nnn,True,2026-02-05 19:11:56
Z검증용데이터.csv,단가,nnn,nnnn,True,2026-02-05 19:12:26
Z검증용데이터.csv,단가,nnnn,nnn,True,2026-02-05 19:24:56
Z검증용데이터.csv,단가,nnn,nnnn,True,2026-02-05 19:25:26
Z검증용데이터.csv,단가,nnnn,nnn,True,2026-02-05 19:27:26
Z검증용데이터.csv,단가,nnn,nnnn,True,2026-02-05 19:27:56
Z검증용데이터.csv,단가,nnnn,nnn,True,2026-02-05 19:31:56
Z검증용데이터.csv,단가,nnn,nnnn,True,2026-02-05 19:32:26
Z검증용데이터.csv,단가,nnnn,nnn,True,2026-02-05 19:43:56
Z검증용데이터.csv,단가,nnn,nnnn,True,2026-02-05 19:44:26
Z검증용데이터.csv,단가,nnnn,nnn,True,2026-02-05 19:45:56
Z검증용데이터.csv,단가,nnn,nnnn,True,2026-02-05 19:46:26
Z검증용데이터.csv,단가,nnnn,nnn,True,2026-02-05 19:48:26
Z검증용데이터.csv,단가,nnn,nnnn,True,2026-02-05 19:48:56
Z검증용데이터.csv,단가,nnnn,nnn,True,2026-02-05 19:50:56
Z검증용데이터.csv,단가,nnn,nnnn,True,2026-02-05 19:51:26
Z검증용데이터.csv,단가,nnnn,nnn,True,2026-02-05 19:59:26
Z검증용데이터.csv,단가,nnn,nnnn,True,2026-02-05 19:59:56
Z검증용데이터.csv,단가,nnnn,nnn,True,2026-02-05 20:15:26
Z검증용데이터.csv,단가,nnn,nnnn,True,2026-02-05 20:15:56
Z검증용데이터.csv,단가,nnnn,nnn,True,2026-02-05 20:19:56
Z검증용데이터.csv,단가,nnn,nnnn,True,2026-02-05 20:20:26
Z검증용데이터.csv,단가,nnnn,nnn,True,2026-02-05 20:20:56
Z검증용데이터.csv,단가,nnn,nnnn,True,2026-02-05 20:21:26
Z검증용데이터.csv,단가,nnnn,nnn,True,2026-02-05 20:31:26
Z검증용데이터.csv,단가,nnn,nnnn,True,2026-02-05 20:31:56
Z검증용데이터.csv,단가,nnnn,nnn,True,2026-02-05 20:46:56
Z검증용데이터.csv,단가,nnn,nnnn,True,2026-02-05 20:47:26
Z검증용데이터.csv,단가,nnnn,nnn,True,2026-02-05 20:48:56
Z검증용데이터.csv,단가,nnn,nnnn,True,2026-02-05 20:49:26
Z검증용데이터.csv,단가,nnnn,nnn,True,2026-02-05 20:51:56
Z검증용데이터.csv,단가,nnn,nnnn,True,2026-02-05 20:52:26
Z검증용데이터.csv,단가,nnnn,nnn,True,2026-02-05 20:53:26
Z검증용데이터.csv,단가,nnn,nnnn,True,2026-02-05 20:53:56
Z검증용데이터.csv,단가,nnnn,nnn,True,2026-02-05 20:55:56
Z검증용데이터.csv,단가,nnn,nnnn,True,2026-02-05 20:56:26
Z검증용데이터.csv,단가,nnnn,nnn,True,2026-02-05 20:59:26
Z검증용데이터.csv,단가,nnn,nnnn,True,2026-02-05 20:59:56
Z검증용데이터.csv,단가,nnnn,nnn,True,2026-02-05 21:01:26
Z검증용데이터.csv,단가,nnn,nnnn,True,2026-02-05 21:01:56
Z검증용데이터.csv,단가,nnnn,nnn,True,2026-02-05 21:02:26
Z검증용데이터.csv,단가,nnn,nnnn,True,2026-02-05 21:02:56
Z검증용데이터.csv,단가,nnnn,nnn,True,2026-02-05 21:04:56
Z검증용데이터.csv,단가,nnn,nnnn,True,2026-02-05 21:05:26
Z검증용데이터.csv,단가,nnnn,nnn,True,2026-02-05 21:05:56
Z검증용데이터.csv,단가,nnn,nnnn,True,2026-02-05 21:06:56
Z검증용데이터.csv,단가,nnnn,nnn,True,2026-02-05 21:07:56
Z검증용데이터.csv,단가,nnn,nnnn,True,2026-02-05 21:08:26
Z검증용데이터.csv,단가,nnnn,nnn,True,2026-02-05 21:08:56
Z검증용데이터.csv,단가,nnn,nnnn,True,2026-02-05 21:09:26
Z검증용데이터.csv,단가,nnnn,nnn,True,2026-02-05 21:13:56
Z검증용데이터.csv,단가,nnn,nnnn,True,2026-02-05 21:14:26
Z검증용데이터.csv,단가,nnnn,nnn,True,2026-02-05 21:15:56
Z검증용데이터.csv,단가,nnn,nnnn,True,2026-02-05 21:16:26
Z검증용데이터.csv,단가,nnnn,nnn,True,2026-02-05 21:24:26
Z검증용데이터.csv,단가,nnn,nnnn,True,2026-02-05 21:25:26
Z검증용데이터.csv,단가,nnnn,nnn,True,2026-02-05 21:25:56
Z검증용데이터.csv,단가,nnn,nnnn,True,2026-02-05 21:26:26
Z검증용데이터.csv,단가,nnnn,nnn,True,2026-02-05 21:31:26
Z검증용데이터.csv,단가,nnn,nnnn,True,2026-02-05 21:31:56
Z검증용데이터.csv,단가,nnnn,nnn,True,2026-02-05 21:37:56
Z검증용데이터.csv,단가,nnn,nnnn,True,2026-02-05 21:38:26
Z검증용데이터.csv,단가,nnnn,nnn,True,2026-02-05 21:38:56
Z검증용데이터.csv,단가,nnn,nnnn,True,2026-02-05 21:39:56
Z검증용데이터.csv,단가,nnnn,nnn,True,2026-02-05 21:45:56
Z검증용데이터.csv,단가,nnn,nnnn,True,2026-02-05 21:46:26
Z검증용데이터.csv,단가,nnnn,nnn,True,2026-02-05 21:56:56
Z검증용데이터.csv,단가,nnn,nnnn,True,2026-02-05 21:57:26
Z검증용데이터.csv,단가,nnnn,nnn,True,2026-02-05 22:07:26
Z검증용데이터.csv,단가,nnn,nnnn,True,2026-02-05 22:07:56
Z검증용데이터.csv,단가,nnnn,nnn,True,2026-02-05 22:10:56
Z검증용데이터.csv,단가,nnn,nnnn,True,2026-02-05 22:11:26
Z검증용데이터.csv,단가,nnnn,nnn,True,2026-02-05 22:16:56
Z검증용데이터.csv,단가,nnn,nnnn,True,2026-02-05 22:17:26
Z검증용데이터.csv,단가,nnnn,nnn,True,2026-02-05 22:19:56
Z검증용데이터.csv,단가,nnn,nnnn,True,2026-02-05 22:20:26
Z검증용데이터.csv,단가,nnnn,nnn,True,2026-02-05 22:24:26
Z검증용데이터.csv,단가,nnn,nnnn,True,2026-02-05 22:24:56
Z검증용데이터.csv,단가,nnnn,nnn,True,2026-02-05 22:26:26
Z검증용데이터.csv,단가,nnn,nnnn,True,2026-02-05 22:26:56
Z검증용데이터.csv,단가,nnnn,nnn,True,2026-02-05 22:28:56
Z검증용데이터.csv,단가,nnn,nnnn,True,2026-02-05 22:29:26
Z검증용데이터.csv,단가,nnnn,nnn,True,2026-02-05 22:31:56
Z검증용데이터.csv,단가,nnn,nnnn,True,2026-02-05 22:32:56
Z검증용데이터.csv,단가,nnnn,nnn,True,2026-02-05 22:34:26
Z검증용데이터.csv,단가,nnn,nnnn,True,2026-02-05 22:34:56
Z검증용데이터.csv,단가,nnnn,nnn,True,2026-02-05 22:35:56
Z검증용데이터.csv,단가,nnn,nnnn,True,2026-02-05 22:36:26
Z검증용데이터.csv,단가,nnnn,nnn,True,2026-02-05 22:37:26
Z검증용데이터.csv,단가,nnn,nnnn,True,2026-02-05 22:37:56
Z검증용데이터.csv,단가,nnnn,nnn,True,2026-02-05 22:46:56
Z검증용데이터.csv,단가,nnn,nnnn,True,2026-02-05 22:47:26
Z검증용데이터.csv,단가,nnnn,nnn,True,2026-02-05 22:49:26
Z검증용데이터.csv,단가,nnn,nnnn,True,2026-02-05 22:49:56
Z검증용데이터.csv,단가,nnnn,nnn,True,2026-02-05 23:08:56
Z검증용데이터.csv,단가,nnn,nnnn,True,2026-02-05 23:09:26
Z검증용데이터.csv,단가,nnnn,nnn,True,2026-02-05 23:43:56
Z검증용데이터.csv,단가,nnn,nnnn,True,2026-02-05 23:44:26
Z검증용데이터.csv,단가,nnnn,nnn,True,2026-02-05 23:47:26
Z검증용데이터.csv,단가,nnn,nnnn,True,2026-02-05 23:47:56
Z검증용데이터.csv,단가,nnnn,nnn,True,2026-02-05 23:49:56
Z검증용데이터.csv,단가,nnn,nnnn,True,2026-02-05 23:50:26
Z검증용데이터.csv,단가,nnnn,nnn,True,2026-02-05 23:51:26
Z검증용데이터.csv,단가,nnn,nnnn,True,2026-02-05 23:51:56
Z검증용데이터.csv,단가,nnnn,nnn,True,2026-02-05 23:58:56
Z검증용데이터.csv,단가,nnn,nnnn,True,2026-02-05 23:59:26
Z검증용데이터.csv,단가,nnnn,nnn,True,2026-02-06 00:11:26
Z검증용데이터.csv,단가,nnn,nnnn,True,2026-02-06 00:11:56
Z검증용데이터.csv,단가,nnnn,nnn,True,2026-02-06 00:24:56
Z검증용데이터.csv,단가,nnn,nnnn,True,2026-02-06 00:25:26
Z검증용데이터.csv,단가,nnnn,nnn,True,2026-02-06 00:27:26
Z검증용데이터.csv,단가,nnn,nnnn,True,2026-02-06 00:27:56
Z검증용데이터.csv,단가,nnnn,nnn,True,2026-02-06 00:35:26
Z검증용데이터.csv,단가,nnn,nnnn,True,2026-02-06 00:35:56
Z검증용데이터.csv,단가,nnnn,nnn,True,2026-02-06 00:37:26
Z검증용데이터.csv,단가,nnn,nnnn,True,2026-02-06 00:37:56
Z검증용데이터.csv,단가,nnnn,nnn,True,2026-02-06 00:38:26
Z검증용데이터.csv,단가,nnn,nnnn,True,2026-02-06 00:38:56
Z검증용데이터.csv,단가,nnnn,nnn,True,2026-02-06 00:45:26
Z검증용데이터.csv,단가,nnn,nnnn,True,2026-02-06 00:46:56
Z검증용데이터.csv,단가,nnnn,nnn,True,2026-02-06 00:51:56
Z검증용데이터.csv,단가,nnn,nnnn,True,2026-02-06 00:52:26
Z검증용데이터.csv,단가,nnnn,nnn,True,2026-02-06 00:53:56
Z검증용데이터.csv,단가,nnn,nnnn,True,2026-02-06 00:54:26
Z검증용데이터.csv,단가,nnnn,nnn,True,2026-02-06 01:01:56
Z검증용데이터.csv,단가,nnn,nnnn,True,2026-02-06 01:02:26
Z검증용데이터.csv,단가,nnnn,nnn,True,2026-02-06 01:03:26
Z검증용데이터.csv,단가,nnn,nnnn,True,2026-02-06 01:03:56
Z검증용데이터.csv,단가,nnnn,nnn,True,2026-02-06 01:10:56
Z검증용데이터.csv,단가,nnn,nnnn,True,2026-02-06 01:11:26
Z검증용데이터.csv,단가,nnnn,nnn,True,2026-02-06 01:12:26
Z검증용데이터.csv,단가,nnn,nnnn,True,2026-02-06 01:13:26
Z검증용데이터.csv,단가,nnnn,nnn,True,2026-02-06 01:25:26
Z검증용데이터.csv,단가,nnn,nnnn,True,2026-02-06 01:25:56
Z검증용데이터.csv,단가,nnnn,nnn,True,2026-02-06 01:27:26
Z검증용데이터.csv,단가,nnn,nnnn,True,2026-02-06 01:27:56
Z검증용데이터.csv,단가,nnnn,nnn,True,2026-02-06 01:37:26
Z검증용데이터.csv,단가,nnn,nnnn,True,2026-02-06 01:37:56
Z검증용데이터.csv,단가,nnnn,nnn,True,2026-02-06 01:44:26
Z검증용데이터.csv,단가,nnn,nnnn,True,2026-02-06 01:44:56
Z검증용데이터.csv,단가,nnnn,nnn,True,2026-02-06 01:57:56
Z검증용데이터.csv,단가,nnn,nnnn,True,2026-02-06 01:58:26
Z검증용데이터.csv,단가,nnnn,nnn,True,2026-02-06 01:58:56
Z검증용데이터.csv,단가,nnn,nnnn,True,2026-02-06 01:59:26
Z검증용데이터.csv,단가,nnnn,nnn,True,2026-02-06 02:02:26
Z검증용데이터.csv,단가,nnn,nnnn,True,2026-02-06 02:02:56
Z검증용데이터.csv,단가,nnnn,nnn,True,2026-02-06 02:05:56
Z검증용데이터.csv,단가,nnn,nnnn,True,2026-02-06 02:06:26
Z검증용데이터.csv,단가,nnnn,nnn,True,2026-02-06 02:16:26
Z검증용데이터.csv,단가,nnn,nnnn,True,2026-02-06 02:16:56
Z검증용데이터.csv,단가,nnnn,nnn,True,2026-02-06 02:17:56
Z검증용데이터.csv,단가,nnn,nnnn,True,2026-02-06 02:18:26
Z검증용데이터.csv,단가,nnnn,nnn,True,2026-02-06 02:21:56
Z검증용데이터.csv,단가,nnn,nnnn,True,2026-02-06 02:22:56
Z검증용데이터.csv,단가,nnnn,nnn,True,2026-02-06 02:29:56
Z검증용데이터.csv,단가,nnn,nnnn,True,2026-02-06 02:30:26
Z검증용데이터.csv,단가,nnnn,nnn,True,2026-02-06 02:37:26
Z검증용데이터.csv,단가,nnn,nnnn,True,2026-02-06 02:37:56
Z검증용데이터.csv,단가,nnnn,nnn,True,2026-02-06 02:38:56
Z검증용데이터.csv,단가,nnn,nnnn,True,2026-02-06 02:39:26
Z검증용데이터.csv,단가,nnnn,nnn,True,2026-02-06 02:40:56
Z검증용데이터.csv,단가,nnn,nnnn,True,2026-02-06 02:42:26
Z검증용데이터.csv,단가,nnnn,nnn,True,2026-02-06 02:50:56
Z검증용데이터.csv,단가,nnn,nnnn,True,2026-02-06 02:51:26
Z검증용데이터.csv,단가,nnnn,nnn,True,2026-02-06 02:56:56
Z검증용데이터.csv,단가,nnn,nnnn,True,2026-02-06 02:57:56
Z검증용데이터.csv,단가,nnnn,nnn,True,2026-02-06 03:13:26
Z검증용데이터.csv,단가,nnn,nnnn,True,2026-02-06 03:13:56
Z검증용데이터.csv,단가,nnnn,nnn,True,2026-02-06 03:28:26
Z검증용데이터.csv,단가,nnn,nnnn,True,2026-02-06 03:28:56
Z검증용데이터.csv,단가,nnnn,nnn,True,2026-02-06 03:33:26
Z검증용데이터.csv,단가,nnn,nnnn,True,2026-02-06 03:33:56
Z검증용데이터.csv,단가,nnnn,nnn,True,2026-02-06 03:36:26
Z검증용데이터.csv,단가,nnn,nnnn,True,2026-02-06 03:36:56
Z검증용데이터.csv,단가,nnnn,nnn,True,2026-02-06 03:37:26
Z검증용데이터.csv,단가,nnn,nnnn,True,2026-02-06 03:37:56
Z검증용데이터.csv,단가,nnnn,nnn,True,2026-02-06 03:39:56
Z검증용데이터.csv,단가,nnn,nnnn,True,2026-02-06 03:40:26
Z검증용데이터.csv,단가,nnnn,nnn,True,2026-02-06 03:44:26
Z검증용데이터.csv,단가,nnn,nnnn,True,2026-02-06 03:44:56
Z검증용데이터.csv,단가,nnnn,nnn,True,2026-02-06 03:51:56
Z검증용데이터.csv,단가,nnn,nnnn,True,2026-02-06 03:52:26
Z검증용데이터.csv,단가,nnnn,nnn,True,2026-02-06 03:55:26
Z검증용데이터.csv,단가,nnn,nnnn,True,2026-02-06 03:55:56
Z검증용데이터.csv,단가,nnnn,nnn,True,2026-02-06 03:58:26
Z검증용데이터.csv,단가,nnn,nnnn,True,2026-02-06 03:59:26
Z검증용데이터.csv,단가,nnnn,nnn,True,2026-02-06 04:00:56
Z검증용데이터.csv,단가,nnn,nnnn,True,2026-02-06 04:01:26
Z검증용데이터.csv,단가,nnnn,nnn,True,2026-02-06 04:02:56
Z검증용데이터.csv,단가,nnn,nnnn,True,2026-02-06 04:04:26
Z검증용데이터.csv,단가,nnnn,nnn,True,2026-02-06 04:06:26
Z검증용데이터.csv,단가,nnn,nnnn,True,2026-02-06 04:06:56
Z검증용데이터.csv,단가,nnnn,nnn,True,2026-02-06 04:07:26
Z검증용데이터.csv,단가,nnn,nnnn,True,2026-02-06 04:07:56
Z검증용데이터.csv,단가,nnnn,nnn,True,2026-02-06 04:09:26
Z검증용데이터.csv,단가,nnn,nnnn,True,2026-02-06 04:09:56
Z검증용데이터.csv,단가,nnnn,nnn,True,2026-02-06 04:11:26
Z검증용데이터.csv,단가,nnn,nnnn,True,2026-02-06 04:11:56
Z검증용데이터.csv,단가,nnnn,nnn,True,2026-02-06 04:24:56
Z검증용데이터.csv,단가,nnn,nnnn,True,2026-02-06 04:25:26
Z검증용데이터.csv,단가,nnnn,nnn,True,2026-02-06 04:39:56
Z검증용데이터.csv,단가,nnn,nnnn,True,2026-02-06 04:40:26
Z검증용데이터.csv,단가,nnnn,nnn,True,2026-02-06 04:41:56
Z검증용데이터.csv,단가,nnn,nnnn,True,2026-02-06 04:42:26
Z검증용데이터.csv,단가,nnnn,nnn,True,2026-02-06 04:53:56
Z검증용데이터.csv,단가,nnn,nnnn,True,2026-02-06 04:54:26
Z검증용데이터.csv,단가,nnnn,nnn,True,2026-02-06 04:56:26
Z검증용데이터.csv,단가,nnn,nnnn,True,2026-02-06 04:56:56
Z검증용데이터.csv,단가,nnnn,n,True,2026-02-06 04:58:56
Z검증용데이터.csv,단가,n,nn,True,2026-02-06 05:01:26
Z검증용데이터.csv,금액,nnnn,nnn,True,2026-02-05 13:09:26
Z검증용데이터.csv,금액,nnn,nnnn,True,2026-02-05 13:09:56
Z검증용데이터.csv,금액,nnnn,nnnnn,True,2026-02-05 13:11:56
Z검증용데이터.csv,금액,nnnnn,nnnn,True,2026-02-05 13:12:26
Z검증용데이터.csv,금액,nnnn,nnn,True,2026-02-05 13:15:26
Z검증용데이터.csv,금액,nnn,nnnn,True,2026-02-05 13:15:56
Z검증용데이터.csv,금액,nnnn,nnn,True,2026-02-05 13:16:56
Z검증용데이터.csv,금액,nnn,nnnn,True,2026-02-05 13:17:26
Z검증용데이터.csv,금액,nnnn,nnn,True,2026-02-05 13:18:56
Z검증용데이터.csv,금액,nnn,nnnn,True,2026-02-05 13:19:26
Z검증용데이터.csv,금액,nnnn,nnnnn,True,2026-02-05 13:22:56
Z검증용데이터.csv,금액,nnnnn,nnnn,True,2026-02-05 13:23:26
Z검증용데이터.csv,금액,nnnn,nnn,True,2026-02-05 13:23:56
Z검증용데이터.csv,금액,nnn,nnnn,True,2026-02-05 13:24:26
Z검증용데이터.csv,금액,nnnn,nnn,True,2026-02-05 13:30:56
Z검증용데이터.csv,금액,nnn,nnnn,True,2026-02-05 13:31:56
Z검증용데이터.csv,금액,nnnn,nnnnn,True,2026-02-05 13:33:26
Z검증용데이터.csv,금액,nnnnn,nnnn,True,2026-02-05 13:33:56
Z검증용데이터.csv,금액,nnnn,nnnnn,True,2026-02-05 13:34:26
Z검증용데이터.csv,금액,nnnnn,nnnn,True,2026-02-05 13:34:56
Z검증용데이터.csv,금액,nnnn,nnn,True,2026-02-05 13:37:56
Z검증용데이터.csv,금액,nnn,nnnn,True,2026-02-05 13:38:26
Z검증용데이터.csv,금액,nnnn,nnn,True,2026-02-05 13:42:26
Z검증용데이터.csv,금액,nnn,nnnn,True,2026-02-05 13:42:56
Z검증용데이터.csv,금액,nnnn,nnnnn,True,2026-02-05 13:43:26
Z검증용데이터.csv,금액,nnnnn,nnnn,True,2026-02-05 13:43:56
Z검증용데이터.csv,금액,nnnn,nnn,True,2026-02-05 13:50:56
Z검증용데이터.csv,금액,nnn,nnnn,True,2026-02-05 13:51:56
Z검증용데이터.csv,금액,nnnn,nnn,True,2026-02-05 13:52:26
Z검증용데이터.csv,금액,nnn,nnnn,True,2026-02-05 13:52:56
Z검증용데이터.csv,금액,nnnn,nnn,True,2026-02-05 13:53:26
Z검증용데이터.csv,금액,nnn,nnnn,True,2026-02-05 13:53:56
Z검증용데이터.csv,금액,nnnn,nnn,True,2026-02-05 13:56:26
Z검증용데이터.csv,금액,nnn,nnnn,True,2026-02-05 13:56:56
Z검증용데이터.csv,금액,nnnn,nnnnn,True,2026-02-05 14:00:26
Z검증용데이터.csv,금액,nnnnn,nnn,True,2026-02-05 14:00:56
Z검증용데이터.csv,금액,nnn,nnnn,True,2026-02-05 14:01:26
Z검증용데이터.csv,금액,nnnn,nnn,True,2026-02-05 14:02:26
Z검증용데이터.csv,금액,nnn,nnnn,True,2026-02-05 14:02:56
Z검증용데이터.csv,금액,nnnn,nnn,True,2026-02-05 14:04:56
Z검증용데이터.csv,금액,nnn,nnnnn,True,2026-02-05 14:05:26
Z검증용데이터.csv,금액,nnnnn,nnnn,True,2026-02-05 14:05:56
Z검증용데이터.csv,금액,nnnn,nnn,True,2026-02-05 14:06:56
Z검증용데이터.csv,금액,nnn,nnnn,True,2026-02-05 14:07:26
Z검증용데이터.csv,금액,nnnn,nnnnn,True,2026-02-05 14:20:56
Z검증용데이터.csv,금액,nnnnn,nnnn,True,2026-02-05 14:21:26
Z검증용데이터.csv,금액,nnnn,nnn,True,2026-02-05 14:22:26
Z검증용데이터.csv,금액,nnn,nnnn,True,2026-02-05 14:22:56
Z검증용데이터.csv,금액,nnnn,nnnnn,True,2026-02-05 14:23:26
Z검증용데이터.csv,금액,nnnnn,nnnn,True,2026-02-05 14:23:56
Z검증용데이터.csv,금액,nnnn,nnn,True,2026-02-05 14:24:56
Z검증용데이터.csv,금액,nnn,nnnn,True,2026-02-05 14:25:26
Z검증용데이터.csv,금액,nnnn,nnnnn,True,2026-02-05 14:29:26
Z검증용데이터.csv,금액,nnnnn,nnnn,True,2026-02-05 14:29:56
Z검증용데이터.csv,금액,nnnn,nnnnn,True,2026-02-05 14:33:56
Z검증용데이터.csv,금액,nnnnn,nnnn,True,2026-02-05 14:34:26
Z검증용데이터.csv,금액,nnnn,nnnnn,True,2026-02-05 14:35:56
Z검증용데이터.csv,금액,nnnnn,nnnn,True,2026-02-05 14:36:56
Z검증용데이터.csv,금액,nnnn,nnn,True,2026-02-05 14:39:56
Z검증용데이터.csv,금액,nnn,nnnn,True,2026-02-05 14:40:26
Z검증용데이터.csv,금액,nnnn,nnn,True,2026-02-05 14:41:26
Z검증용데이터.csv,금액,nnn,nnnn,True,2026-02-05 14:41:56
Z검증용데이터.csv,금액,nnnn,nnnnn,True,2026-02-05 14:43:56
Z검증용데이터.csv,금액,nnnnn,nnnn,True,2026-02-05 14:44:56
Z검증용데이터.csv,금액,nnnn,nnnnn,True,2026-02-05 14:56:26
Z검증용데이터.csv,금액,nnnnn,nnnn,True,2026-02-05 14:56:56
Z검증용데이터.csv,금액,nnnn,nnnnn,True,2026-02-05 14:58:56
Z검증용데이터.csv,금액,nnnnn,nnnn,True,2026-02-05 14:59:26
Z검증용데이터.csv,금액,nnnn,nnnnn,True,2026-02-05 15:02:56
Z검증용데이터.csv,금액,nnnnn,nnnn,True,2026-02-05 15:03:26
Z검증용데이터.csv,금액,nnnn,nnnnn,True,2026-02-05 15:05:26
Z검증용데이터.csv,금액,nnnnn,nnnn,True,2026-02-05 15:05:56
Z검증용데이터.csv,금액,nnnn,nnn,True,2026-02-05 15:06:26
Z검증용데이터.csv,금액,nnn,nnnn,True,2026-02-05 15:06:56
Z검증용데이터.csv,금액,nnnn,nnn,True,2026-02-05 15:07:56
Z검증용데이터.csv,금액,nnn,nnnnn,True,2026-02-05 15:08:56
Z검증용데이터.csv,금액,nnnnn,nnnn,True,2026-02-05 15:09:26
Z검증용데이터.csv,금액,nnnn,nnn,True,2026-02-05 15:10:56
Z검증용데이터.csv,금액,nnn,nnnn,True,2026-02-05 15:11:26
Z검증용데이터.csv,금액,nnnn,nnn,True,2026-02-05 15:11:56
Z검증용데이터.csv,금액,nnn,nnnn,True,2026-02-05 15:12:26
Z검증용데이터.csv,금액,nnnn,nnnnn,True,2026-02-05 15:13:56
Z검증용데이터.csv,금액,nnnnn,nnnn,True,2026-02-05 15:14:26
Z검증용데이터.csv,금액,nnnn,nnnnn,True,2026-02-05 15:14:56
Z검증용데이터.csv,금액,nnnnn,nnnn,True,2026-02-05 15:15:26
Z검증용데이터.csv,금액,nnnn,nnn,True,2026-02-05 15:16:56
Z검증용데이터.csv,금액,nnn,nnnn,True,2026-02-05 15:17:26
Z검증용데이터.csv,금액,nnnn,nnn,True,2026-02-05 15:17:56
Z검증용데이터.csv,금액,nnn,nnnn,True,2026-02-05 15:18:26
Z검증용데이터.csv,금액,nnnn,nnnnn,True,2026-02-05 15:24:56
Z검증용데이터.csv,금액,nnnnn,nnnn,True,2026-02-05 15:25:26
Z검증용데이터.csv,금액,nnnn,nnnnn,True,2026-02-05 15:31:56
Z검증용데이터.csv,금액,nnnnn,nnnn,True,2026-02-05 15:32:56
Z검증용데이터.csv,금액,nnnn,nnn,True,2026-02-05 15:34:56
Z검증용데이터.csv,금액,nnn,nnnn,True,2026-02-05 15:35:26
Z검증용데이터.csv,금액,nnnn,nnn,True,2026-02-05 15:37:56
Z검증용데이터.csv,금액,nnn,nnnn,True,2026-02-05 15:38:26
Z검증용데이터.csv,금액,nnnn,nnn,True,2026-02-05 15:38:56
Z검증용데이터.csv,금액,nnn,nnnn,True,2026-02-05 15:39:56
Z검증용데이터.csv,금액,nnnn,nnn,True,2026-02-05 15:40:26
Z검증용데이터.csv,금액,nnn,nnnn,True,2026-02-05 15:40:56
Z검증용데이터.csv,금액,nnnn,nnnnn,True,2026-02-05 15:41:56
Z검증용데이터.csv,금액,nnnnn,nnnn,True,2026-02-05 15:42:26
Z검증용데이터.csv,금액,nnnn,nnnnn,True,2026-02-05 15:43:26
Z검증용데이터.csv,금액,nnnnn,nnnn,True,2026-02-05 15:43:56
Z검증용데이터.csv,금액,nnnn,nnn,True,2026-02-05 15:49:26
Z검증용데이터.csv,금액,nnn,nnnn,True,2026-02-05 15:49:56
Z검증용데이터.csv,금액,nnnn,nnn,True,2026-02-05 15:52:56
Z검증용데이터.csv,금액,nnn,nnnn,True,2026-02-05 15:53:26
Z검증용데이터.csv,금액,nnnn,nnnnn,True,2026-02-05 15:55:26
Z검증용데이터.csv,금액,nnnnn,nnnn,True,2026-02-05 15:55:56
Z검증용데이터.csv,금액,nnnn,nnn,True,2026-02-05 15:56:26
Z검증용데이터.csv,금액,nnn,nnnn,True,2026-02-05 15:56:56
Z검증용데이터.csv,금액,nnnn,nnnnn,True,2026-02-05 15:58:56
Z검증용데이터.csv,금액,nnnnn,nnnn,True,2026-02-05 15:59:26
Z검증용데이터.csv,금액,nnnn,nnnnn,True,2026-02-05 16:07:56
Z검증용데이터.csv,금액,nnnnn,nnnn,True,2026-02-05 16:08:26
Z검증용데이터.csv,금액,nnnn,nnnnn,True,2026-02-05 16:11:56
Z검증용데이터.csv,금액,nnnnn,nnnn,True,2026-02-05 16:12:26
Z검증용데이터.csv,금액,nnnn,nnn,True,2026-02-05 16:13:26
Z검증용데이터.csv,금액,nnn,nnnn,True,2026-02-05 16:13:56
Z검증용데이터.csv,금액,nnnn,nnnnn,True,2026-02-05 16:16:26
Z검증용데이터.csv,금액,nnnnn,nnnn,True,2026-02-05 16:16:56
Z검증용데이터.csv,금액,nnnn,nnnnn,True,2026-02-05 16:20:26
Z검증용데이터.csv,금액,nnnnn,nnnn,True,2026-02-05 16:20:56
Z검증용데이터.csv,금액,nnnn,nnnnn,True,2026-02-05 16:21:56
Z검증용데이터.csv,금액,nnnnn,nnnn,True,2026-02-05 16:22:26
Z검증용데이터.csv,금액,nnnn,nnn,True,2026-02-05 16:24:26
Z검증용데이터.csv,금액,nnn,nnnn,True,2026-02-05 16:24:56
Z검증용데이터.csv,금액,nnnn,nnn,True,2026-02-05 16:29:56
Z검증용데이터.csv,금액,nnn,nnnn,True,2026-02-05 16:30:26
Z검증용데이터.csv,금액,nnnn,nnn,True,2026-02-05 16:30:56
Z검증용데이터.csv,금액,nnn,nnnn,True,2026-02-05 16:31:26
Z검증용데이터.csv,금액,nnnn,nnn,True,2026-02-05 16:33:26
Z검증용데이터.csv,금액,nnn,nnnn,True,2026-02-05 16:33:56
Z검증용데이터.csv,금액,nnnn,nnnnn,True,2026-02-05 16:35:56
Z검증용데이터.csv,금액,nnnnn,nnnn,True,2026-02-05 16:36:26
Z검증용데이터.csv,금액,nnnn,nnn,True,2026-02-05 16:36:56
Z검증용데이터.csv,금액,nnn,nnnn,True,2026-02-05 16:37:26
Z검증용데이터.csv,금액,nnnn,nnn,True,2026-02-05 16:42:56
Z검증용데이터.csv,금액,nnn,nnnn,True,2026-02-05 16:43:26
Z검증용데이터.csv,금액,nnnn,nnnnn,True,2026-02-05 16:47:56
Z검증용데이터.csv,금액,nnnnn,nnnn,True,2026-02-05 16:48:26
Z검증용데이터.csv,금액,nnnn,nnnnn,True,2026-02-05 16:51:56
Z검증용데이터.csv,금액,nnnnn,nnnn,True,2026-02-05 16:52:26
Z검증용데이터.csv,금액,nnnn,nnn,True,2026-02-05 16:54:26
Z검증용데이터.csv,금액,nnn,nnnn,True,2026-02-05 16:54:56
Z검증용데이터.csv,금액,nnnn,nnnnn,True,2026-02-05 16:55:26
Z검증용데이터.csv,금액,nnnnn,nnnn,True,2026-02-05 16:55:56
Z검증용데이터.csv,금액,nnnn,nnn,True,2026-02-05 17:01:56
Z검증용데이터.csv,금액,nnn,nnnn,True,2026-02-05 17:02:26
Z검증용데이터.csv,금액,nnnn,nnn,True,2026-02-05 17:08:56
Z검증용데이터.csv,금액,nnn,nnnn,True,2026-02-05 17:09:26
Z검증용데이터.csv,금액,nnnn,nnn,True,2026-02-05 17:09:56
Z검증용데이터.csv,금액,nnn,nnnn,True,2026-02-05 17:10:26
Z검증용데이터.csv,금액,nnnn,nnnnn,True,2026-02-05 17:11:26
Z검증용데이터.csv,금액,nnnnn,nnnn,True,2026-02-05 17:11:56
Z검증용데이터.csv,금액,nnnn,nnn,True,2026-02-05 17:16:26
Z검증용데이터.csv,금액,nnn,nnnnn,True,2026-02-05 17:16:56
Z검증용데이터.csv,금액,nnnnn,nnnn,True,2026-02-05 17:17:26
Z검증용데이터.csv,금액,nnnn,nnn,True,2026-02-05 17:17:56
Z검증용데이터.csv,금액,nnn,nnnn,True,2026-02-05 17:18:26
Z검증용데이터.csv,금액,nnnn,nnnnn,True,2026-02-05 17:19:26
Z검증용데이터.csv,금액,nnnnn,nnnn,True,2026-02-05 17:19:56
Z검증용데이터.csv,금액,nnnn,nnnnn,True,2026-02-05 17:25:26
Z검증용데이터.csv,금액,nnnnn,nnnn,True,2026-02-05 17:26:26
Z검증용데이터.csv,금액,nnnn,nnn,True,2026-02-05 17:29:56
Z검증용데이터.csv,금액,nnn,nnnnn,True,2026-02-05 17:30:26
Z검증용데이터.csv,금액,nnnnn,nnnn,True,2026-02-05 17:30:56
Z검증용데이터.csv,금액,nnnn,nnnnn,True,2026-02-05 17:32:26
Z검증용데이터.csv,금액,nnnnn,nnnn,True,2026-02-05 17:32:56
Z검증용데이터.csv,금액,nnnn,nnnnn,True,2026-02-05 17:34:56
Z검증용데이터.csv,금액,nnnnn,nnnn,True,2026-02-05 17:35:26
Z검증용데이터.csv,금액,nnnn,nnnnn,True,2026-02-05 17:39:26
Z검증용데이터.csv,금액,nnnnn,nnnn,True,2026-02-05 17:40:26
Z검증용데이터.csv,금액,nnnn,nnn,True,2026-02-05 17:44:26
Z검증용데이터.csv,금액,nnn,nnnn,True,2026-02-05 17:44:56
Z검증용데이터.csv,금액,nnnn,nnn,True,2026-02-05 17:47:56
Z검증용데이터.csv,금액,nnn,nnnn,True,2026-02-05 17:48:26
Z검증용데이터.csv,금액,nnnn,nnn,True,2026-02-05 17:49:26
Z검증용데이터.csv,금액,nnn,nnnn,True,2026-02-05 17:49:56
Z검증용데이터.csv,금액,nnnn,nnn,True,2026-02-05 17:56:26
Z검증용데이터.csv,금액,nnn,nnnn,True,2026-02-05 17:56:56
Z검증용데이터.csv,금액,nnnn,nnnnn,True,2026-02-05 17:57:26
Z검증용데이터.csv,금액,nnnnn,nnnn,True,2026-02-05 17:57:56
Z검증용데이터.csv,금액,nnnn,nnnnn,True,2026-02-05 17:58:26
Z검증용데이터.csv,금액,nnnnn,nnnn,True,2026-02-05 17:58:56
Z검증용데이터.csv,금액,nnnn,nnnnn,True,2026-02-05 17:59:26
Z검증용데이터.csv,금액,nnnnn,nnnn,True,2026-02-05 17:59:56
Z검증용데이터.csv,금액,nnnn,nnn,True,2026-02-05 18:00:26
Z검증용데이터.csv,금액,nnn,nnnn,True,2026-02-05 18:00:56
Z검증용데이터.csv,금액,nnnn,nnn,True,2026-02-05 18:06:56
Z검증용데이터.csv,금액,nnn,nnnn,True,2026-02-05 18:07:26
Z검증용데이터.csv,금액,nnnn,nnnnn,True,2026-02-05 18:08:26
Z검증용데이터.csv,금액,nnnnn,nnnn,True,2026-02-05 18:08:56
Z검증용데이터.csv,금액,nnnn,nnn,True,2026-02-05 18:10:56
Z검증용데이터.csv,금액,nnn,nnnn,True,2026-02-05 18:11:26
Z검증용데이터.csv,금액,nnnn,nnn,True,2026-02-05 18:12:26
Z검증용데이터.csv,금액,nnn,nnnn,True,2026-02-05 18:12:56
Z검증용데이터.csv,금액,nnnn,nnn,True,2026-02-05 18:14:56
Z검증용데이터.csv,금액,nnn,nnnn,True,2026-02-05 18:15:26
Z검증용데이터.csv,금액,nnnn,nnnnn,True,2026-02-05 18:16:56
Z검증용데이터.csv,금액,nnnnn,nnnn,True,2026-02-05 18:17:26
Z검증용데이터.csv,금액,nnnn,nnn,True,2026-02-05 18:19:56
Z검증용데이터.csv,금액,nnn,nnnn,True,2026-02-05 18:20:26
Z검증용데이터.csv,금액,nnnn,nnn,True,2026-02-05 18:21:56
Z검증용데이터.csv,금액,nnn,nnnn,True,2026-02-05 18:22:26
Z검증용데이터.csv,금액,nnnn,nnnnn,True,2026-02-05 18:23:26
Z검증용데이터.csv,금액,nnnnn,nnnn,True,2026-02-05 18:23:56
Z검증용데이터.csv,금액,nnnn,nnnnn,True,2026-02-05 18:29:26
Z검증용데이터.csv,금액,nnnnn,nnnn,True,2026-02-05 18:29:56
Z검증용데이터.csv,금액,nnnn,nnnnn,True,2026-02-05 18:31:26
Z검증용데이터.csv,금액,nnnnn,nnnn,True,2026-02-05 18:31:56
Z검증용데이터.csv,금액,nnnn,nnnnn,True,2026-02-05 18:34:56
Z검증용데이터.csv,금액,nnnnn,nnnn,True,2026-02-05 18:35:26
Z검증용데이터.csv,금액,nnnn,nnn,True,2026-02-05 18:36:56
Z검증용데이터.csv,금액,nnn,nnnn,True,2026-02-05 18:37:26
Z검증용데이터.csv,금액,nnnn,nnnnn,True,2026-02-05 18:39:56
Z검증용데이터.csv,금액,nnnnn,nnnn,True,2026-02-05 18:40:26
Z검증용데이터.csv,금액,nnnn,nnn,True,2026-02-05 18:42:26
Z검증용데이터.csv,금액,nnn,nnnn,True,2026-02-05 18:43:26
Z검증용데이터.csv,금액,nnnn,nnn,True,2026-02-05 18:46:56
Z검증용데이터.csv,금액,nnn,nnnn,True,2026-02-05 18:47:26
Z검증용데이터.csv,금액,nnnn,nnn,True,2026-02-05 18:48:56
Z검증용데이터.csv,금액,nnn,nnnnn,True,2026-02-05 18:49:56
Z검증용데이터.csv,금액,nnnnn,nnnn,True,2026-02-05 18:50:26
Z검증용데이터.csv,금액,nnnn,nnn,True,2026-02-05 18:55:26
Z검증용데이터.csv,금액,nnn,nnnn,True,2026-02-05 18:55:56
Z검증용데이터.csv,금액,nnnn,nnn,True,2026-02-05 19:00:26
Z검증용데이터.csv,금액,nnn,nnnn,True,2026-02-05 19:00:56
Z검증용데이터.csv,금액,nnnn,nnn,True,2026-02-05 19:04:26
Z검증용데이터.csv,금액,nnn,nnnnn,True,2026-02-05 19:04:56
Z검증용데이터.csv,금액,nnnnn,nnn,True,2026-02-05 19:05:26
Z검증용데이터.csv,금액,nnn,nnnn,True,2026-02-05 19:05:56
Z검증용데이터.csv,금액,nnnn,nnn,True,2026-02-05 19:06:26
Z검증용데이터.csv,금액,nnn,nnnn,True,2026-02-05 19:06:56
Z검증용데이터.csv,금액,nnnn,nnnnn,True,2026-02-05 19:09:56
Z검증용데이터.csv,금액,nnnnn,nnnn,True,2026-02-05 19:10:26
Z검증용데이터.csv,금액,nnnn,nnnnn,True,2026-02-05 19:10:56
Z검증용데이터.csv,금액,nnnnn,nnnn,True,2026-02-05 19:11:26
Z검증용데이터.csv,금액,nnnn,nnnnn,True,2026-02-05 19:15:56
Z검증용데이터.csv,금액,nnnnn,nnnn,True,2026-02-05 19:16:26
Z검증용데이터.csv,금액,nnnn,nnn,True,2026-02-05 19:18:26
Z검증용데이터.csv,금액,nnn,nnnn,True,2026-02-05 19:18:56
Z검증용데이터.csv,금액,nnnn,nnn,True,2026-02-05 19:20:56
Z검증용데이터.csv,금액,nnn,nnnn,True,2026-02-05 19:21:26
Z검증용데이터.csv,금액,nnnn,nnn,True,2026-02-05 19:21:56
Z검증용데이터.csv,금액,nnn,nnnn,True,2026-02-05 19:22:26
Z검증용데이터.csv,금액,nnnn,nnnnn,True,2026-02-05 19:25:56
Z검증용데이터.csv,금액,nnnnn,nnnn,True,2026-02-05 19:26:26
Z검증용데이터.csv,금액,nnnn,nnnnn,True,2026-02-05 19:27:26
Z검증용데이터.csv,금액,nnnnn,nnnn,True,2026-02-05 19:27:56
Z검증용데이터.csv,금액,nnnn,nnnnn,True,2026-02-05 19:28:26
Z검증용데이터.csv,금액,nnnnn,nnnn,True,2026-02-05 19:29:26
Z검증용데이터.csv,금액,nnnn,nnn,True,2026-02-05 19:30:26
Z검증용데이터.csv,금액,nnn,nnnn,True,2026-02-05 19:30:56
Z검증용데이터.csv,금액,nnnn,nnnnn,True,2026-02-05 19:34:56
Z검증용데이터.csv,금액,nnnnn,nnnn,True,2026-02-05 19:35:26
Z검증용데이터.csv,금액,nnnn,nnn,True,2026-02-05 19:36:26
Z검증용데이터.csv,금액,nnn,nnnnn,True,2026-02-05 19:36:56
Z검증용데이터.csv,금액,nnnnn,nnnn,True,2026-02-05 19:37:26
Z검증용데이터.csv,금액,nnnn,nnn,True,2026-02-05 19:38:56
Z검증용데이터.csv,금액,nnn,nnnn,True,2026-02-05 19:39:26
Z검증용데이터.csv,금액,nnnn,nnn,True,2026-02-05 19:42:56
Z검증용데이터.csv,금액,nnn,nnnn,True,2026-02-05 19:43:26
Z검증용데이터.csv,금액,nnnn,nnn,True,2026-02-05 19:45:26
Z검증용데이터.csv,금액,nnn,nnnn,True,2026-02-05 19:45:56
Z검증용데이터.csv,금액,nnnn,nnn,True,2026-02-05 19:48:26
Z검증용데이터.csv,금액,nnn,nnnn,True,2026-02-05 19:48:56
Z검증용데이터.csv,금액,nnnn,nnn,True,2026-02-05 19:51:56
Z검증용데이터.csv,금액,nnn,nnnn,True,2026-02-05 19:52:26
Z검증용데이터.csv,금액,nnnn,nnn,True,2026-02-05 19:53:26
Z검증용데이터.csv,금액,nnn,nnnn,True,2026-02-05 19:53:56
Z검증용데이터.csv,금액,nnnn,nnn,True,2026-02-05 19:54:26
Z검증용데이터.csv,금액,nnn,nnnn,True,2026-02-05 19:54:56
Z검증용데이터.csv,금액,nnnn,nnn,True,2026-02-05 20:02:56
Z검증용데이터.csv,금액,nnn,nnnn,True,2026-02-05 20:03:26
Z검증용데이터.csv,금액,nnnn,nnn,True,2026-02-05 20:08:26
Z검증용데이터.csv,금액,nnn,nnnn,True,2026-02-05 20:09:26
Z검증용데이터.csv,금액,nnnn,nnnnn,True,2026-02-05 20:11:56
Z검증용데이터.csv,금액,nnnnn,nnnn,True,2026-02-05 20:12:56
Z검증용데이터.csv,금액,nnnn,nnn,True,2026-02-05 20:13:26
Z검증용데이터.csv,금액,nnn,nnnn,True,2026-02-05 20:13:56
Z검증용데이터.csv,금액,nnnn,nnn,True,2026-02-05 20:15:56
Z검증용데이터.csv,금액,nnn,nnnn,True,2026-02-05 20:16:26
Z검증용데이터.csv,금액,nnnn,nnnnn,True,2026-02-05 20:18:56
Z검증용데이터.csv,금액,nnnnn,nnn,True,2026-02-05 20:19:26
Z검증용데이터.csv,금액,nnn,nnnn,True,2026-02-05 20:19:56
Z검증용데이터.csv,금액,nnnn,nnn,True,2026-02-05 20:20:26
Z검증용데이터.csv,금액,nnn,nnnn,True,2026-02-05 20:21:26
Z검증용데이터.csv,금액,nnnn,nnn,True,2026-02-05 20:21:56
Z검증용데이터.csv,금액,nnn,nnnn,True,2026-02-05 20:22:26
Z검증용데이터.csv,금액,nnnn,nnnnn,True,2026-02-05 20:22:56
Z검증용데이터.csv,금액,nnnnn,nnnn,True,2026-02-05 20:23:56
Z검증용데이터.csv,금액,nnnn,nnnnn,True,2026-02-05 20:30:26
Z검증용데이터.csv,금액,nnnnn,nnn,True,2026-02-05 20:30:56
Z검증용데이터.csv,금액,nnn,nnnn,True,2026-02-05 20:31:26
Z검증용데이터.csv,금액,nnnn,nnn,True,2026-02-05 20:32:26
Z검증용데이터.csv,금액,nnn,nnnn,True,2026-02-05 20:32:56
Z검증용데이터.csv,금액,nnnn,nnn,True,2026-02-05 20:35:26
Z검증용데이터.csv,금액,nnn,nnnnn,True,2026-02-05 20:36:26
Z검증용데이터.csv,금액,nnnnn,nnnn,True,2026-02-05 20:36:56
Z검증용데이터.csv,금액,nnnn,nnn,True,2026-02-05 20:37:56
Z검증용데이터.csv,금액,nnn,nnnn,True,2026-02-05 20:38:26
Z검증용데이터.csv,금액,nnnn,nnnnn,True,2026-02-05 20:39:56
Z검증용데이터.csv,금액,nnnnn,nnnn,True,2026-02-05 20:40:26
Z검증용데이터.csv,금액,nnnn,nnnnn,True,2026-02-05 20:46:26
Z검증용데이터.csv,금액,nnnnn,nnnn,True,2026-02-05 20:46:56
Z검증용데이터.csv,금액,nnnn,nnnnn,True,2026-02-05 20:49:26
Z검증용데이터.csv,금액,nnnnn,nnnn,True,2026-02-05 20:49:56
Z검증용데이터.csv,금액,nnnn,nnnnn,True,2026-02-05 20:50:56
Z검증용데이터.csv,금액,nnnnn,nnn,True,2026-02-05 20:51:26
Z검증용데이터.csv,금액,nnn,nnnn,True,2026-02-05 20:52:26
Z검증용데이터.csv,금액,nnnn,nnnnn,True,2026-02-05 20:57:26
Z검증용데이터.csv,금액,nnnnn,nnnn,True,2026-02-05 20:58:26
Z검증용데이터.csv,금액,nnnn,nnn,True,2026-02-05 21:04:56
Z검증용데이터.csv,금액,nnn,nnnn,True,2026-02-05 21:05:26
Z검증용데이터.csv,금액,nnnn,nnn,True,2026-02-05 21:05:56
Z검증용데이터.csv,금액,nnn,nnnn,True,2026-02-05 21:06:56
Z검증용데이터.csv,금액,nnnn,nnn,True,2026-02-05 21:08:56
Z검증용데이터.csv,금액,nnn,nnnn,True,2026-02-05 21:09:26
Z검증용데이터.csv,금액,nnnn,nnn,True,2026-02-05 21:20:56
Z검증용데이터.csv,금액,nnn,nnnn,True,2026-02-05 21:21:26
Z검증용데이터.csv,금액,nnnn,nnnnn,True,2026-02-05 21:21:56
Z검증용데이터.csv,금액,nnnnn,nnnn,True,2026-02-05 21:22:26
Z검증용데이터.csv,금액,nnnn,nnn,True,2026-02-05 21:23:56
Z검증용데이터.csv,금액,nnn,nnnn,True,2026-02-05 21:24:26
Z검증용데이터.csv,금액,nnnn,nnn,True,2026-02-05 21:26:56
Z검증용데이터.csv,금액,nnn,nnnn,True,2026-02-05 21:27:26
Z검증용데이터.csv,금액,nnnn,nnn,True,2026-02-05 21:28:56
Z검증용데이터.csv,금액,nnn,nnnn,True,2026-02-05 21:29:26
Z검증용데이터.csv,금액,nnnn,nnn,True,2026-02-05 21:30:26
Z검증용데이터.csv,금액,nnn,nnnnn,True,2026-02-05 21:30:56
Z검증용데이터.csv,금액,nnnnn,nnnn,True,2026-02-05 21:31:26
Z검증용데이터.csv,금액,nnnn,nnnnn,True,2026-02-05 21:32:26
Z검증용데이터.csv,금액,nnnnn,nnn,True,2026-02-05 21:32:56
Z검증용데이터.csv,금액,nnn,nnnn,True,2026-02-05 21:33:56
Z검증용데이터.csv,금액,nnnn,nnn,True,2026-02-05 21:36:26
Z검증용데이터.csv,금액,nnn,nnnn,True,2026-02-05 21:36:56
Z검증용데이터.csv,금액,nnnn,nnn,True,2026-02-05 21:38:56
Z검증용데이터.csv,금액,nnn,nnnn,True,2026-02-05 21:39:26
Z검증용데이터.csv,금액,nnnn,nnnnn,True,2026-02-05 21:44:26
Z검증용데이터.csv,금액,nnnnn,nnnn,True,2026-02-05 21:44:56
Z검증용데이터.csv,금액,nnnn,nnn,True,2026-02-05 21:45:56
Z검증용데이터.csv,금액,nnn,nnnnn,True,2026-02-05 21:46:26
Z검증용데이터.csv,금액,nnnnn,nnnn,True,2026-02-05 21:46:56
Z검증용데이터.csv,금액,nnnn,nnn,True,2026-02-05 21:47:26
Z검증용데이터.csv,금액,nnn,nnnn,True,2026-02-05 21:47:56
Z검증용데이터.csv,금액,nnnn,nnnnn,True,2026-02-05 21:52:56
Z검증용데이터.csv,금액,nnnnn,nnn,True,2026-02-05 21:53:26
Z검증용데이터.csv,금액,nnn,nnnn,True,2026-02-05 21:53:56
Z검증용데이터.csv,금액,nnnn,nnnnn,True,2026-02-05 21:54:26
Z검증용데이터.csv,금액,nnnnn,nnnn,True,2026-02-05 21:54:56
Z검증용데이터.csv,금액,nnnn,nnn,True,2026-02-05 21:55:56
Z검증용데이터.csv,금액,nnn,nnnn,True,2026-02-05 21:56:26
Z검증용데이터.csv,금액,nnnn,nnn,True,2026-02-05 21:57:56
Z검증용데이터.csv,금액,nnn,nnnn,True,2026-02-05 21:58:26
Z검증용데이터.csv,금액,nnnn,nnnnn,True,2026-02-05 22:01:56
Z검증용데이터.csv,금액,nnnnn,nnnn,True,2026-02-05 22:02:26
Z검증용데이터.csv,금액,nnnn,nnn,True,2026-02-05 22:05:56
Z검증용데이터.csv,금액,nnn,nnnn,True,2026-02-05 22:06:26
Z검증용데이터.csv,금액,nnnn,nnnnn,True,2026-02-05 22:10:26
Z검증용데이터.csv,금액,nnnnn,nnnn,True,2026-02-05 22:10:56
Z검증용데이터.csv,금액,nnnn,nnn,True,2026-02-05 22:12:26
Z검증용데이터.csv,금액,nnn,nnnnn,True,2026-02-05 22:12:56
Z검증용데이터.csv,금액,nnnnn,nnnn,True,2026-02-05 22:13:26
Z검증용데이터.csv,금액,nnnn,nnnnn,True,2026-02-05 22:18:56
Z검증용데이터.csv,금액,nnnnn,nnnn,True,2026-02-05 22:19:56
Z검증용데이터.csv,금액,nnnn,nnnnn,True,2026-02-05 22:20:26
Z검증용데이터.csv,금액,nnnnn,nnnn,True,2026-02-05 22:20:56
Z검증용데이터.csv,금액,nnnn,nnn,True,2026-02-05 22:23:56
Z검증용데이터.csv,금액,nnn,nnnn,True,2026-02-05 22:24:56
Z검증용데이터.csv,금액,nnnn,nnnnn,True,2026-02-05 22:25:56
Z검증용데이터.csv,금액,nnnnn,nnnn,True,2026-02-05 22:26:26
Z검증용데이터.csv,금액,nnnn,nnn,True,2026-02-05 22:28:56
Z검증용데이터.csv,금액,nnn,nnnn,True,2026-02-05 22:29:26
Z검증용데이터.csv,금액,nnnn,nnn,True,2026-02-05 22:31:56
Z검증용데이터.csv,금액,nnn,nnnn,True,2026-02-05 22:32:26
Z검증용데이터.csv,금액,nnnn,nnnnn,True,2026-02-05 22:36:56
Z검증용데이터.csv,금액,nnnnn,nnnn,True,2026-02-05 22:37:26
Z검증용데이터.csv,금액,nnnn,nnn,True,2026-02-05 22:37:56
Z검증용데이터.csv,금액,nnn,nnnn,True,2026-02-05 22:38:26
Z검증용데이터.csv,금액,nnnn,nnn,True,2026-02-05 22:39:56
Z검증용데이터.csv,금액,nnn,nnnn,True,2026-02-05 22:40:26
Z검증용데이터.csv,금액,nnnn,nnnnn,True,2026-02-05 22:43:26
Z검증용데이터.csv,금액,nnnnn,nnn,True,2026-02-05 22:43:56
Z검증용데이터.csv,금액,nnn,nnnn,True,2026-02-05 22:44:26
Z검증용데이터.csv,금액,nnnn,nnnnn,True,2026-02-05 22:46:56
Z검증용데이터.csv,금액,nnnnn,nnnn,True,2026-02-05 22:47:26
Z검증용데이터.csv,금액,nnnn,nnn,True,2026-02-05 22:49:26
Z검증용데이터.csv,금액,nnn,nnnn,True,2026-02-05 22:49:56
Z검증용데이터.csv,금액,nnnn,nnn,True,2026-02-05 22:51:56
Z검증용데이터.csv,금액,nnn,nnnn,True,2026-02-05 22:52:26
Z검증용데이터.csv,금액,nnnn,nnn,True,2026-02-05 22:53:26
Z검증용데이터.csv,금액,nnn,nnnn,True,2026-02-05 22:53:56
Z검증용데이터.csv,금액,nnnn,nnn,True,2026-02-05 22:54:56
Z검증용데이터.csv,금액,nnn,nnnn,True,2026-02-05 22:55:26
Z검증용데이터.csv,금액,nnnn,nnnnn,True,2026-02-05 22:58:26
Z검증용데이터.csv,금액,nnnnn,nnnn,True,2026-02-05 22:58:56
Z검증용데이터.csv,금액,nnnn,nnn,True,2026-02-05 22:59:26
Z검증용데이터.csv,금액,nnn,nnnn,True,2026-02-05 23:00:26
Z검증용데이터.csv,금액,nnnn,nnnnn,True,2026-02-05 23:03:26
Z검증용데이터.csv,금액,nnnnn,nnnn,True,2026-02-05 23:03:56
Z검증용데이터.csv,금액,nnnn,nnnnn,True,2026-02-05 23:04:26
Z검증용데이터.csv,금액,nnnnn,nnnn,True,2026-02-05 23:04:56
Z검증용데이터.csv,금액,nnnn,nnn,True,2026-02-05 23:06:26
Z검증용데이터.csv,금액,nnn,nnnn,True,2026-02-05 23:06:56
Z검증용데이터.csv,금액,nnnn,nnn,True,2026-02-05 23:07:56
Z검증용데이터.csv,금액,nnn,nnnn,True,2026-02-05 23:08:26
Z검증용데이터.csv,금액,nnnn,nnnnn,True,2026-02-05 23:11:56
Z검증용데이터.csv,금액,nnnnn,nnnn,True,2026-02-05 23:12:56
Z검증용데이터.csv,금액,nnnn,nnnnn,True,2026-02-05 23:19:26
Z검증용데이터.csv,금액,nnnnn,nnnn,True,2026-02-05 23:19:56
Z검증용데이터.csv,금액,nnnn,nnn,True,2026-02-05 23:22:26
Z검증용데이터.csv,금액,nnn,nnnn,True,2026-02-05 23:22:56
Z검증용데이터.csv,금액,nnnn,nnnnn,True,2026-02-05 23:25:56
Z검증용데이터.csv,금액,nnnnn,nnnn,True,2026-02-05 23:26:26
Z검증용데이터.csv,금액,nnnn,nnnnn,True,2026-02-05 23:27:56
Z검증용데이터.csv,금액,nnnnn,nnnn,True,2026-02-05 23:28:26
Z검증용데이터.csv,금액,nnnn,nnnnn,True,2026-02-05 23:29:56
Z검증용데이터.csv,금액,nnnnn,nnnn,True,2026-02-05 23:30:56
Z검증용데이터.csv,금액,nnnn,nnnnn,True,2026-02-05 23:32:56
Z검증용데이터.csv,금액,nnnnn,nnnn,True,2026-02-05 23:33:26
Z검증용데이터.csv,금액,nnnn,nnnnn,True,2026-02-05 23:35:56
Z검증용데이터.csv,금액,nnnnn,nnnn,True,2026-02-05 23:36:26
Z검증용데이터.csv,금액,nnnn,nnnnn,True,2026-02-05 23:36:56
Z검증용데이터.csv,금액,nnnnn,nnnn,True,2026-02-05 23:37:26
Z검증용데이터.csv,금액,nnnn,nnnnn,True,2026-02-05 23:38:26
Z검증용데이터.csv,금액,nnnnn,nnnn,True,2026-02-05 23:39:56
Z검증용데이터.csv,금액,nnnn,nnn,True,2026-02-05 23:47:26
Z검증용데이터.csv,금액,nnn,nnnnn,True,2026-02-05 23:47:56
Z검증용데이터.csv,금액,nnnnn,nnnn,True,2026-02-05 23:48:26
Z검증용데이터.csv,금액,nnnn,nnnnn,True,2026-02-05 23:48:56
Z검증용데이터.csv,금액,nnnnn,nnnn,True,2026-02-05 23:49:26
Z검증용데이터.csv,금액,nnnn,nnnnn,True,2026-02-05 23:51:56
Z검증용데이터.csv,금액,nnnnn,nnnn,True,2026-02-05 23:52:56
Z검증용데이터.csv,금액,nnnn,nnnnn,True,2026-02-05 23:54:26
Z검증용데이터.csv,금액,nnnnn,nnnn,True,2026-02-05 23:54:56
Z검증용데이터.csv,금액,nnnn,nnnnn,True,2026-02-05 23:55:26
Z검증용데이터.csv,금액,nnnnn,nnnn,True,2026-02-05 23:56:26
Z검증용데이터.csv,금액,nnnn,nnnnn,True,2026-02-05 23:56:56
Z검증용데이터.csv,금액,nnnnn,nnnn,True,2026-02-05 23:57:26
Z검증용데이터.csv,금액,nnnn,nnn,True,2026-02-05 23:58:26
Z검증용데이터.csv,금액,nnn,nnnn,True,2026-02-05 23:58:56
Z검증용데이터.csv,금액,nnnn,nnn,True,2026-02-05 23:59:56
Z검증용데이터.csv,금액,nnn,nnnn,True,2026-02-06 00:00:26
Z검증용데이터.csv,금액,nnnn,nnnnn,True,2026-02-06 00:00:56
Z검증용데이터.csv,금액,nnnnn,nnnn,True,2026-02-06 00:01:56
Z검증용데이터.csv,금액,nnnn,nnn,True,2026-02-06 00:05:26
Z검증용데이터.csv,금액,nnn,nnnn,True,2026-02-06 00:06:26
Z검증용데이터.csv,금액,nnnn,nnn,True,2026-02-06 00:06:56
Z검증용데이터.csv,금액,nnn,nnnn,True,2026-02-06 00:07:26
Z검증용데이터.csv,금액,nnnn,nnn,True,2026-02-06 00:09:26
Z검증용데이터.csv,금액,nnn,nnnnn,True,2026-02-06 00:09:56
Z검증용데이터.csv,금액,nnnnn,nnnn,True,2026-02-06 00:10:26
Z검증용데이터.csv,금액,nnnn,nnnnn,True,2026-02-06 00:10:56
Z검증용데이터.csv,금액,nnnnn,nnnn,True,2026-02-06 00:11:26
Z검증용데이터.csv,금액,nnnn,nnnnn,True,2026-02-06 00:15:56
Z검증용데이터.csv,금액,nnnnn,nnnn,True,2026-02-06 00:16:26
Z검증용데이터.csv,금액,nnnn,nnnnn,True,2026-02-06 00:18:56
Z검증용데이터.csv,금액,nnnnn,nnnn,True,2026-02-06 00:19:26
Z검증용데이터.csv,금액,nnnn,nnn,True,2026-02-06 00:19:56
Z검증용데이터.csv,금액,nnn,nnnn,True,2026-02-06 00:20:56
Z검증용데이터.csv,금액,nnnn,nnn,True,2026-02-06 00:24:56
Z검증용데이터.csv,금액,nnn,nnnn,True,2026-02-06 00:25:26
Z검증용데이터.csv,금액,nnnn,nnn,True,2026-02-06 00:25:56
Z검증용데이터.csv,금액,nnn,nnnn,True,2026-02-06 00:26:26
Z검증용데이터.csv,금액,nnnn,nnnnn,True,2026-02-06 00:28:26
Z검증용데이터.csv,금액,nnnnn,nnnn,True,2026-02-06 00:28:56
Z검증용데이터.csv,금액,nnnn,nnnnn,True,2026-02-06 00:31:26
Z검증용데이터.csv,금액,nnnnn,nnnn,True,2026-02-06 00:31:56
Z검증용데이터.csv,금액,nnnn,nnn,True,2026-02-06 00:34:56
Z검증용데이터.csv,금액,nnn,nnnn,True,2026-02-06 00:35:26
Z검증용데이터.csv,금액,nnnn,nnn,True,2026-02-06 00:37:26
Z검증용데이터.csv,금액,nnn,nnnn,True,2026-02-06 00:37:56
Z검증용데이터.csv,금액,nnnn,nnn,True,2026-02-06 00:41:56
Z검증용데이터.csv,금액,nnn,nnnn,True,2026-02-06 00:42:26
Z검증용데이터.csv,금액,nnnn,nnnnn,True,2026-02-06 00:42:56
Z검증용데이터.csv,금액,nnnnn,nnnn,True,2026-02-06 00:43:26
Z검증용데이터.csv,금액,nnnn,nnn,True,2026-02-06 00:46:26
Z검증용데이터.csv,금액,nnn,nnnn,True,2026-02-06 00:46:56
Z검증용데이터.csv,금액,nnnn,nnnnn,True,2026-02-06 00:48:56
Z검증용데이터.csv,금액,nnnnn,nnnn,True,2026-02-06 00:49:26
Z검증용데이터.csv,금액,nnnn,nnn,True,2026-02-06 00:51:56
Z검증용데이터.csv,금액,nnn,nnnn,True,2026-02-06 00:52:26
Z검증용데이터.csv,금액,nnnn,nnn,True,2026-02-06 00:54:56
Z검증용데이터.csv,금액,nnn,nnnn,True,2026-02-06 00:55:26
Z검증용데이터.csv,금액,nnnn,nnn,True,2026-02-06 00:56:56
Z검증용데이터.csv,금액,nnn,nnnnn,True,2026-02-06 00:57:26
Z검증용데이터.csv,금액,nnnnn,nnnn,True,2026-02-06 00:57:56
Z검증용데이터.csv,금액,nnnn,nnnnn,True,2026-02-06 01:00:26
Z검증용데이터.csv,금액,nnnnn,nnnn,True,2026-02-06 01:00:56
Z검증용데이터.csv,금액,nnnn,nnnnn,True,2026-02-06 01:01:26
Z검증용데이터.csv,금액,nnnnn,nnnn,True,2026-02-06 01:01:56
Z검증용데이터.csv,금액,nnnn,nnn,True,2026-02-06 01:04:56
Z검증용데이터.csv,금액,nnn,nnnn,True,2026-02-06 01:05:26
Z검증용데이터.csv,금액,nnnn,nnn,True,2026-02-06 01:06:56
Z검증용데이터.csv,금액,nnn,nnnn,True,2026-02-06 01:07:26
Z검증용데이터.csv,금액,nnnn,nnnnn,True,2026-02-06 01:09:26
Z검증용데이터.csv,금액,nnnnn,nnnn,True,2026-02-06 01:09:56
Z검증용데이터.csv,금액,nnnn,nnn,True,2026-02-06 01:11:26
Z검증용데이터.csv,금액,nnn,nnnn,True,2026-02-06 01:11:56
Z검증용데이터.csv,금액,nnnn,nnn,True,2026-02-06 01:12:56
Z검증용데이터.csv,금액,nnn,nnnnn,True,2026-02-06 01:13:26
Z검증용데이터.csv,금액,nnnnn,nnnn,True,2026-02-06 01:13:56
Z검증용데이터.csv,금액,nnnn,nnn,True,2026-02-06 01:14:26
Z검증용데이터.csv,금액,nnn,nnnn,True,2026-02-06 01:14:56
Z검증용데이터.csv,금액,nnnn,nnn,True,2026-02-06 01:18:26
Z검증용데이터.csv,금액,nnn,nnnn,True,2026-02-06 01:18:56
Z검증용데이터.csv,금액,nnnn,nnnnn,True,2026-02-06 01:19:26
Z검증용데이터.csv,금액,nnnnn,nnnn,True,2026-02-06 01:19:56
Z검증용데이터.csv,금액,nnnn,nnn,True,2026-02-06 01:24:56
Z검증용데이터.csv,금액,nnn,nnnn,True,2026-02-06 01:25:26
Z검증용데이터.csv,금액,nnnn,nnn,True,2026-02-06 01:25:56
Z검증용데이터.csv,금액,nnn,nnnn,True,2026-02-06 01:26:26
Z검증용데이터.csv,금액,nnnn,nnnnn,True,2026-02-06 01:29:26
Z검증용데이터.csv,금액,nnnnn,nnnn,True,2026-02-06 01:30:26
Z검증용데이터.csv,금액,nnnn,nnnnn,True,2026-02-06 01:35:56
Z검증용데이터.csv,금액,nnnnn,nnnn,True,2026-02-06 01:36:26
Z검증용데이터.csv,금액,nnnn,nnn,True,2026-02-06 01:44:56
Z검증용데이터.csv,금액,nnn,nnnnn,True,2026-02-06 01:45:26
Z검증용데이터.csv,금액,nnnnn,nnn,True,2026-02-06 01:45:56
Z검증용데이터.csv,금액,nnn,nnnn,True,2026-02-06 01:46:26
Z검증용데이터.csv,금액,nnnn,nnnnn,True,2026-02-06 01:47:56
Z검증용데이터.csv,금액,nnnnn,nnnn,True,2026-02-06 01:48:26
Z검증용데이터.csv,금액,nnnn,nnn,True,2026-02-06 01:49:26
Z검증용데이터.csv,금액,nnn,nnnn,True,2026-02-06 01:49:56
Z검증용데이터.csv,금액,nnnn,nnn,True,2026-02-06 01:58:56
Z검증용데이터.csv,금액,nnn,nnnn,True,2026-02-06 01:59:56
Z검증용데이터.csv,금액,nnnn,nnn,True,2026-02-06 02:06:56
Z검증용데이터.csv,금액,nnn,nnnn,True,2026-02-06 02:07:26
Z검증용데이터.csv,금액,nnnn,nnnnn,True,2026-02-06 02:10:56
Z검증용데이터.csv,금액,nnnnn,nnnn,True,2026-02-06 02:11:26
Z검증용데이터.csv,금액,nnnn,nnnnn,True,2026-02-06 02:13:26
Z검증용데이터.csv,금액,nnnnn,nnnn,True,2026-02-06 02:13:56
Z검증용데이터.csv,금액,nnnn,nnn,True,2026-02-06 02:17:56
Z검증용데이터.csv,금액,nnn,nnnn,True,2026-02-06 02:18:26
Z검증용데이터.csv,금액,nnnn,nnn,True,2026-02-06 02:21:26
Z검증용데이터.csv,금액,nnn,nnnn,True,2026-02-06 02:22:56
Z검증용데이터.csv,금액,nnnn,nnn,True,2026-02-06 02:23:56
Z검증용데이터.csv,금액,nnn,nnnn,True,2026-02-06 02:24:26
Z검증용데이터.csv,금액,nnnn,nnnnn,True,2026-02-06 02:26:26
Z검증용데이터.csv,금액,nnnnn,nnnn,True,2026-02-06 02:26:56
Z검증용데이터.csv,금액,nnnn,nnnnn,True,2026-02-06 02:27:26
Z검증용데이터.csv,금액,nnnnn,nnnn,True,2026-02-06 02:27:56
Z검증용데이터.csv,금액,nnnn,nnn,True,2026-02-06 02:29:56
Z검증용데이터.csv,금액,nnn,nnnn,True,2026-02-06 02:30:26
Z검증용데이터.csv,금액,nnnn,nnn,True,2026-02-06 02:32:56
Z검증용데이터.csv,금액,nnn,nnnn,True,2026-02-06 02:33:26
Z검증용데이터.csv,금액,nnnn,nnn,True,2026-02-06 02:35:56
Z검증용데이터.csv,금액,nnn,nnnn,True,2026-02-06 02:36:26
Z검증용데이터.csv,금액,nnnn,nnnnn,True,2026-02-06 02:38:26
Z검증용데이터.csv,금액,nnnnn,nnnn,True,2026-02-06 02:38:56
Z검증용데이터.csv,금액,nnnn,nnn,True,2026-02-06 02:41:56
Z검증용데이터.csv,금액,nnn,nnnn,True,2026-02-06 02:42:26
Z검증용데이터.csv,금액,nnnn,nnn,True,2026-02-06 02:46:56
Z검증용데이터.csv,금액,nnn,nnnn,True,2026-02-06 02:47:26
Z검증용데이터.csv,금액,nnnn,nnn,True,2026-02-06 02:47:56
Z검증용데이터.csv,금액,nnn,nnnn,True,2026-02-06 02:48:26
Z검증용데이터.csv,금액,nnnn,nnn,True,2026-02-06 02:48:56
Z검증용데이터.csv,금액,nnn,nnnn,True,2026-02-06 02:49:26
Z검증용데이터.csv,금액,nnnn,nnn,True,2026-02-06 02:50:26
Z검증용데이터.csv,금액,nnn,nnnn,True,2026-02-06 02:51:26
Z검증용데이터.csv,금액,nnnn,nnnnn,True,2026-02-06 02:52:26
Z검증용데이터.csv,금액,nnnnn,nnnn,True,2026-02-06 02:52:56
Z검증용데이터.csv,금액,nnnn,nnnnn,True,2026-02-06 02:54:26
Z검증용데이터.csv,금액,nnnnn,nnnn,True,2026-02-06 02:54:56
Z검증용데이터.csv,금액,nnnn,nnn,True,2026-02-06 02:57:26
Z검증용데이터.csv,금액,nnn,nnnn,True,2026-02-06 02:57:56
Z검증용데이터.csv,금액,nnnn,nnnnn,True,2026-02-06 02:59:26
Z검증용데이터.csv,금액,nnnnn,nnnn,True,2026-02-06 02:59:56
Z검증용데이터.csv,금액,nnnn,nnnnn,True,2026-02-06 03:00:26
Z검증용데이터.csv,금액,nnnnn,nnnn,True,2026-02-06 03:00:56
Z검증용데이터.csv,금액,nnnn,nnnnn,True,2026-02-06 03:12:26
Z검증용데이터.csv,금액,nnnnn,nnnn,True,2026-02-06 03:12:56
Z검증용데이터.csv,금액,nnnn,nnnnn,True,2026-02-06 03:15:26
Z검증용데이터.csv,금액,nnnnn,nnnn,True,2026-02-06 03:15:56
Z검증용데이터.csv,금액,nnnn,nnnnn,True,2026-02-06 03:16:56
Z검증용데이터.csv,금액,nnnnn,nnnn,True,2026-02-06 03:17:26
Z검증용데이터.csv,금액,nnnn,nnnnn,True,2026-02-06 03:19:26
Z검증용데이터.csv,금액,nnnnn,nnnn,True,2026-02-06 03:19:56
Z검증용데이터.csv,금액,nnnn,nnnnn,True,2026-02-06 03:21:26
Z검증용데이터.csv,금액,nnnnn,nnnn,True,2026-02-06 03:21:56
Z검증용데이터.csv,금액,nnnn,nnn,True,2026-02-06 03:25:26
Z검증용데이터.csv,금액,nnn,nnnn,True,2026-02-06 03:25:56
Z검증용데이터.csv,금액,nnnn,nnn,True,2026-02-06 03:28:26
Z검증용데이터.csv,금액,nnn,nnnn,True,2026-02-06 03:28:56
Z검증용데이터.csv,금액,nnnn,nnnnn,True,2026-02-06 03:29:26
Z검증용데이터.csv,금액,nnnnn,nnnn,True,2026-02-06 03:30:56
Z검증용데이터.csv,금액,nnnn,nnnnn,True,2026-02-06 03:31:26
Z검증용데이터.csv,금액,nnnnn,nnnn,True,2026-02-06 03:31:56
Z검증용데이터.csv,금액,nnnn,nnn,True,2026-02-06 03:33:26
Z검증용데이터.csv,금액,nnn,nnnn,True,2026-02-06 03:33:56
Z검증용데이터.csv,금액,nnnn,nnnnn,True,2026-02-06 03:35:56
Z검증용데이터.csv,금액,nnnnn,nnnn,True,2026-02-06 03:36:26
Z검증용데이터.csv,금액,nnnn,nnn,True,2026-02-06 03:39:26
Z검증용데이터.csv,금액,nnn,nnnn,True,2026-02-06 03:39:56
Z검증용데이터.csv,금액,nnnn,nnn,True,2026-02-06 03:40:56
Z검증용데이터.csv,금액,nnn,nnnnn,True,2026-02-06 03:41:26
Z검증용데이터.csv,금액,nnnnn,nnnn,True,2026-02-06 03:41:56
Z검증용데이터.csv,금액,nnnn,nnnnn,True,2026-02-06 03:43:56
Z검증용데이터.csv,금액,nnnnn,nnn,True,2026-02-06 03:44:26
Z검증용데이터.csv,금액,nnn,nnnn,True,2026-02-06 03:44:56
Z검증용데이터.csv,금액,nnnn,nnnnn,True,2026-02-06 03:46:26
Z검증용데이터.csv,금액,nnnnn,nnnn,True,2026-02-06 03:47:26
Z검증용데이터.csv,금액,nnnn,nnnnn,True,2026-02-06 03:50:56
Z검증용데이터.csv,금액,nnnnn,nnnn,True,2026-02-06 03:51:26
Z검증용데이터.csv,금액,nnnn,nnn,True,2026-02-06 03:51:56
Z검증용데이터.csv,금액,nnn,nnnn,True,2026-02-06 03:52:26
Z검증용데이터.csv,금액,nnnn,nnn,True,2026-02-06 03:53:26
Z검증용데이터.csv,금액,nnn,nnnn,True,2026-02-06 03:53:56
Z검증용데이터.csv,금액,nnnn,nnn,True,2026-02-06 03:55:26
Z검증용데이터.csv,금액,nnn,nnnn,True,2026-02-06 03:55:56
Z검증용데이터.csv,금액,nnnn,nnn,True,2026-02-06 03:56:26
Z검증용데이터.csv,금액,nnn,nnnn,True,2026-02-06 03:56:56
Z검증용데이터.csv,금액,nnnn,nnn,True,2026-02-06 03:58:56
Z검증용데이터.csv,금액,nnn,nnnn,True,2026-02-06 03:59:26
Z검증용데이터.csv,금액,nnnn,nnn,True,2026-02-06 04:03:56
Z검증용데이터.csv,금액,nnn,nnnn,True,2026-02-06 04:04:26
Z검증용데이터.csv,금액,nnnn,nnnnn,True,2026-02-06 04:04:56
Z검증용데이터.csv,금액,nnnnn,nnnn,True,2026-02-06 04:05:26
Z검증용데이터.csv,금액,nnnn,nnn,True,2026-02-06 04:09:56
Z검증용데이터.csv,금액,nnn,nnnn,True,2026-02-06 04:10:26
Z검증용데이터.csv,금액,nnnn,nnn,True,2026-02-06 04:16:26
Z검증용데이터.csv,금액,nnn,nnnn,True,2026-02-06 04:16:56
Z검증용데이터.csv,금액,nnnn,nnn,True,2026-02-06 04:18:56
Z검증용데이터.csv,금액,nnn,nnnn,True,2026-02-06 04:19:26
Z검증용데이터.csv,금액,nnnn,nnnnn,True,2026-02-06 04:21:26
Z검증용데이터.csv,금액,nnnnn,nnnn,True,2026-02-06 04:21:56
Z검증용데이터.csv,금액,nnnn,nnnnn,True,2026-02-06 04:28:56
Z검증용데이터.csv,금액,nnnnn,nnnn,True,2026-02-06 04:29:26
Z검증용데이터.csv,금액,nnnn,nnn,True,2026-02-06 04:29:56
Z검증용데이터.csv,금액,nnn,nnnn,True,2026-02-06 04:30:26
Z검증용데이터.csv,금액,nnnn,nnnnn,True,2026-02-06 04:31:56
Z검증용데이터.csv,금액,nnnnn,nnnn,True,2026-02-06 04:32:26
Z검증용데이터.csv,금액,nnnn,nnn,True,2026-02-06 04:33:56
Z검증용데이터.csv,금액,nnn,nnnn,True,2026-02-06 04:34:56
Z검증용데이터.csv,금액,nnnn,nnn,True,2026-02-06 04:35:56
Z검증용데이터.csv,금액,nnn,nnnn,True,2026-02-06 04:36:26
Z검증용데이터.csv,금액,nnnn,nnnnn,True,2026-02-06 04:38:26
Z검증용데이터.csv,금액,nnnnn,nnnn,True,2026-02-06 04:38:56
Z검증용데이터.csv,금액,nnnn,nnn,True,2026-02-06 04:39:56
Z검증용데이터.csv,금액,nnn,nnnn,True,2026-02-06 04:40:26
Z검증용데이터.csv,금액,nnnn,nnn,True,2026-02-06 04:41:56
Z검증용데이터.csv,금액,nnn,nnnn,True,2026-02-06 04:42:26
Z검증용데이터.csv,금액,nnnn,nnnnn,True,2026-02-06 04:43:56
Z검증용데이터.csv,금액,nnnnn,nnnn,True,2026-02-06 04:44:26
Z검증용데이터.csv,금액,nnnn,nnn,True,2026-02-06 04:53:56
Z검증용데이터.csv,금액,nnn,nnnn,True,2026-02-06 04:54:26
Z검증용데이터.csv,금액,nnnn,nnn,True,2026-02-06 04:56:26
Z검증용데이터.csv,금액,nnn,nnnn,True,2026-02-06 04:56:56
Z검증용데이터.csv,금액,nnnn,nnn,True,2026-02-06 04:59:56
Z검증용데이터.csv,금액,nnn,nnnn,True,2026-02-06 05:00:26
Z사용자.csv,권한코드,n,A,True,2026-02-05 13:50:56
Z사용자.csv,권한코드,A,n,True,2026-02-05 13:51:26
Z사용자.csv,권한코드,n,A,True,2026-02-05 14:43:26
Z사용자.csv,권한코드,A,n,True,2026-02-05 14:43:56
Z사용자.csv,권한코드,n,A,True,2026-02-05 15:05:56
Z사용자.csv,권한코드,A,n,True,2026-02-05 15:06:26
Z사용자.csv,권한코드,n,A,True,2026-02-05 15:44:26
Z사용자.csv,권한코드,A,n,True,2026-02-05 15:44:56
Z사용자.csv,권한코드,n,A,True,2026-02-05 17:18:26
Z사용자.csv,권한코드,A,n,True,2026-02-05 17:18:56
Z사용자.csv,권한코드,n,A,True,2026-02-05 17:21:26
Z사용자.csv,권한코드,A,n,True,2026-02-05 17:21:56
Z사용자.csv,권한코드,n,A,True,2026-02-05 17:47:56
Z사용자.csv,권한코드,A,n,True,2026-02-05 17:48:26
Z사용자.csv,권한코드,n,A,True,2026-02-05 18:00:26
Z사용자.csv,권한코드,A,n,True,2026-02-05 18:00:56
Z사용자.csv,권한코드,n,A,True,2026-02-05 19:07:26
Z사용자.csv,권한코드,A,n,True,2026-02-05 19:07:56
Z사용자.csv,권한코드,n,A,True,2026-02-05 19:09:56
Z사용자.csv,권한코드,A,n,True,2026-02-05 19:10:26
Z사용자.csv,권한코드,n,A,True,2026-02-05 23:36:56
Z사용자.csv,권한코드,A,n,True,2026-02-05 23:37:26
Z사용자.csv,권한코드,n,A,True,2026-02-06 06:58:56
Z사용자.csv,권한코드,A,n,True,2026-02-06 06:59:26
Z코드변동성예제.csv,코드,nnnnnn,Annnnn,True,2026-02-05 13:16:56
Z코드변동성예제.csv,코드,Annnnn,AAnnnnn,True,2026-02-05 14:11:56
